{"Q": {"0,1": -0.884459909026214, "0,10": -0.09856628814413382, "0,11": -1.1776869991544632, "0,12": -0.6798497659772149, "0,2": -0.7364063575495439, "0,3": -1.1304285237528386, "0,4": 1.4507056525019117, "0,5": 0.393089908618506, "0,6": -0.9154467050390447, "0,7": 1.828411969442667, "0,8": 1.7671201265123648, "0,9": 1.8154409576550639, "1,10": -1.7553026565784564, "1,11": -0.5799669184962251, "1,12": -1.5786317085817534, "1,2": 1.8059682207193162, "1,3": -0.3955245769919222, "1,4": 1.8284893127291562, "1,5": -1.1420700686830685, "1,6": 0.2500372191318303, "1,7": 0.08408403267704401, "1,8": -0.813050529212425, "1,9": -0.9036494636303196, "10,11": -0.7004281109198578, "10,12": 0.39129834300433286, "11,12": -0.12440148003510476, "2,10": 0.11108996897709478, "2,11": -1.3426459007544258, "2,12": 0.42218626489353417, "2,3": -1.9544643128305954, "2,4": 0.15990231342793093, "2,5": -1.6149054833002299, "2,6": 0.597656521777111, "2,7": 0.42879802544184376, "2,8": 0.7763485149441864, "2,9": -1.2939827088988962, "3,10": 0.515489045071901, "3,11": 0.44843279814933057, "3,12": 1.5331656421097741, "3,4": -0.4822567990534581, "3,5": -1.6509437572015706, "3,6": 1.8881611403177785, "3,7": -1.2598120368438392, "3,8": -1.0991484089131869, "3,9": 0.9000015740592056, "4,10": 1.200856831220837, "4,11": -1.672543129060156, "4,12": -0.8462557465193026, "4,5": 0.6119262436625696, "4,6": 0.7843171907410911, "4,7": 0.17778003297059897, "4,8": 1.6826793024389395, "4,9": 0.05552322409656574, "5,10": 0.6397560184365685, "5,11": 0.7994246928716606, "5,12": -0.29038268629605213, "5,6": 0.5870662312311086, "5,7": 0.46875681607443953, "5,8": 0.9497430158620475, "5,9": -0.5761567487134149, "6,10": -0.17717479187487006, "6,11": 0.19253373679347519, "6,12": 0.3023363868687867, "6,7": -0.3338807437261604, "6,8": 1.8675919991669088, "6,9": -1.1438113784054207, "7,10": 0.5860332838566595, "7,11": 1.1426466492173541, "7,12": 0.554088888815389, "7,8": -1.0616935830740504, "7,9": -1.2667419206952784, "8,10": 1.6134041005711728, "8,11": 1.2689708164809974, "8,12": 1.3039598583544878, "8,9": -0.09721575634483326, "9,10": -0.11840222057275662, "9,11": -0.5153494863340375, "9,12": 1.8980563836208404}, "bias": {"0": 0.6506531938699136, "1": 0.7480574701121636, "10": -0.004632611683579091, "11": -0.6469711009859678, "12": 0.3220855731865462, "2": -0.7212202445927534, "3": -0.7143995781982644, "4": 0.31589306815104634, "5": 0.2419042033206027, "6": 0.2184226978126429, "7": -0.3719446627671279, "8": -0.17952050531685626, "9": 0.2854817846634945}}