{"Q": {"0,1": -1.2087893494338333, "0,10": 1.1974400721337388, "0,11": 1.4414473503478589, "0,12": -0.15695129273864827, "0,2": 0.4863589915862465, "0,3": 1.6142744213438989, "0,4": -1.3113205785577948, "0,5": 0.6360801292399967, "0,6": -0.4052609011778596, "0,7": 1.5324866787642408, "0,8": -1.6770708712567948, "0,9": 0.7271515157445676, "1,10": 0.23670475716407857, "1,11": -0.12169987866443455, "1,12": -0.49277353303772164, "1,2": 0.8529935343849533, "1,3": -1.1934998906431171, "1,4": -1.9324898667955859, "1,5": -1.8673676103205157, "1,6": -1.3830035923400676, "1,7": 1.9084284473378337, "1,8": 1.185649380437583, "1,9": -0.5914750939484983, "10,11": 1.670391879301587, "10,12": 1.8659191062956895, "11,12": 0.9770539706700245, "2,10": -0.732240459801385, "2,11": 1.5218896657207739, "2,12": -1.2489107390688932, "2,3": -0.12456229412523756, "2,4": -1.9830315191202428, "2,5": -1.4858167328390164, "2,6": -0.8363102963569808, "2,7": 1.731893441891689, "2,8": -0.4956477996308708, "2,9": 1.7326888043116635, "3,10": 1.0452592922496842, "3,11": 1.009194061960812, "3,12": -0.6388128858618263, "3,4": -0.9752623666094058, "3,5": -1.2836603272180382, "3,6": -0.4108619561464506, "3,7": -1.9924163983019487, "3,8": -1.2993527465444985, "3,9": -1.4099890182894468, "4,10": 1.4925197305799967, "4,11": 1.5052828963692475, "4,12": 1.7555606213577724, "4,5": 0.38556478296653784, "4,6": -1.5177978447920095, "4,7": 0.907030928288076, "4,8": 0.25333996846749374, "4,9": -0.5728251241458908, "5,10": -1.5491473726828482, "5,11": -0.4678485079529513, "5,12": -1.8466187822280329, "5,6": -0.9362202799360362, "5,7": -0.2882982843842443, "5,8": -1.4769394165766432, "5,9": -1.0018894985145192, "6,10": 1.3025214113780335, "6,11": 0.34563670992031215, "6,12": 0.7648066023790783, "6,7": 0.535224919966717, "6,8": -0.04690980103631759, "6,9": 0.26075287005727477, "7,10": 0.7633844247473482, "7,11": 1.6628200671495583, "7,12": -0.33455018675479353, "7,8": -0.7271847508680449, "7,9": 1.0806134372690201, "8,10": 1.7243642542095436, "8,11": -0.8090508599523156, "8,12": -1.2424390596176065, "8,9": -0.6199402580641924, "9,10": -0.049083692154936465, "9,11": -1.5811857799956965, "9,12": -1.5790906430668383}, "bias": {"0": 0.6706463643323612, "1": -0.8383004570123371, "10": 0.6406006331978944, "11": -0.6232297530680575, "12": 0.6059284773328424, "2": -0.48424401865599287, "3": -0.30679593267425753, "4": -0.2759451410176037, "5": -0.9935570740210766, "6": 0.7129835849750954, "7": 0.15018264750218546, "8": 0.3858850302014478, "9": -0.07207722362337554}}