{"Q": {"0,1": 1.0575413763206987, "0,2": 0.821594346347156, "0,3": 1.782347288621752, "0,4": 1.2273639792701445, "0,5": -1.7497871412800432, "0,6": 0.32377086620964457, "0,7": 1.0886873012437857, "1,2": -0.9206333702725793, "1,3": -1.5198339756378654, "1,4": -0.024645427832724387, "1,5": -1.629031471657067, "1,6": 1.8915636456737785, "1,7": 1.0800871519986068, "2,3": 1.2527704782346412, "2,4": -1.9321059711615711, "2,5": -0.41212281909146675, "2,6": -1.225335227715167, "2,7": -1.7523960958229097, "3,4": 0.8440039334278451, "3,5": 0.9046755049231257, "3,6": 1.183058035315708, "3,7": 1.4380827970202468, "4,5": 1.4547080879395584, "4,6": 0.16759308160800135, "4,7": -1.8869971125121063, "5,6": 0.5145991277447419, "5,7": 1.9731251689223042, "6,7": -1.0123812891743524}, "bias": {"0": -0.2883095452122235, "1": 0.2542244586280915, "2": -0.28320307807446143, "3": 0.7958932081126653, "4": 0.6783991696379703, "5": -0.44851668349313445, "6": -0.8941101639921742, "7": -0.5704670449682328}}