{"Q": {"0,1": -1.356845890340435, "0,10": 1.5034111643295636, "0,11": -0.9763777194351064, "0,12": 1.9842307474016865, "0,13": 0.8536607644268908, "0,14": 0.1649687284403809, "0,2": 1.1712368245963791, "0,3": 0.24900755990988133, "0,4": -1.567917888237866, "0,5": 1.0589168776621647, "0,6": 0.37155706273583666, "0,7": 0.31747768049606107, "0,8": 1.4042513387971867, "0,9": -1.5866111573381345, "1,10": -1.0842613872413795, "1,11": 0.1743259992468551, "1,12": -1.7506913735513319, "1,13": 1.7467883402647493, "1,14": -1.7964654826280229, "1,2": -0.5849079060336493, "1,3": -1.5037070184161636, "1,4": 1.9500342526469354, "1,5": 0.9635345846616938, "1,6": -0.3653978397187747, "1,7": 0.11373715899766879, "1,8": -1.4496630481407902, "1,9": 0.12199095597786513, "10,11": -1.8969996282890782, "10,12": 1.8899403100472045, "10,13": -0.5764460912142946, "10,14": -0.207896601213998, "11,12": 0.477394903822705, "11,13": -0.46813782625660316, "11,14": 1.09985745560954, "12,13": -0.09183520689708047, "12,14": 0.4889201106655814, "13,14": 1.4913473729141837, "2,10": -1.7719763572092901, "2,11": 1.0509135242483674, "2,12": -0.22060093313691587, "2,13": -1.5374265975689085, "2,14": 0.09396324606278572, "2,3": 0.021193988931475616, "2,4": -1.214558707800399, "2,5": 1.8275801426018226, "2,6": 1.3246371320916999, "2,7": -1.2202737141524702, "2,8": -0.22403963698602114, "2,9": 0.9082099891237831, "3,10": -1.6926719499794216, "3,11": -1.429122006584183, "3,12": -1.7342744883225376, "3,13": 1.3064465216109769, "3,14": 0.6584990011986425, "3,4": -0.7410521571304929, "3,5": 1.011597750476923, "3,6": -1.1303201976278792, "3,7": -0.9223815466077152, "3,8": -1.8678935784047308, "3,9": -0.15216228964013423, "4,10": 1.2854569491452223, "4,11": -1.8527499110658385, "4,12": -0.519310086717216, "4,13": 1.7642105230652763, "4,14": 0.4678338323725191, "4,5": -1.8241919829210351, "4,6": 1.5819448660697648, "4,7": -0.624704928294288, "4,8": -1.7171569513150544, "4,9": -0.6732050615070757, "5,10": -1.8409725914233537, "5,11": -1.365356017148851, "5,12": 1.9103322366054787, "5,13": 0.05767157100688358, "5,14": -0.5604106612826594, "5,6": 1.1491937279832958, "5,7": -0.15690707233981982, "5,8": -0.13373190966834514, "5,9": -0.4729991593059917, "6,10": 1.4319302742699986, "6,11": 1.4894767439465908, "6,12": -1.3018052198147312, "6,13": -0.11738712510583449, "6,14": 1.576558187170522, "6,7": 0.16183698496757826, "6,8": 1.9087983907768504, "6,9": 1.9048723384415207, "7,10": -0.3656452102169081, "7,11": 0.19553236660554507, "7,12": -1.7632944511550552, "7,13": -0.3193893982683478, "7,14": 1.8352919284764893, "7,8": -1.4364640808915476, "7,9": 0.3066592840538185, "8,10": 0.046210348610526975, "8,11": 0.6907864895411033, "8,12": -0.006486566248783188, "8,13": 1.1264593517886903, "8,14": -1.3636157555508284, "8,9": -0.2554937917743838, "9,10": -0.24778756706902305, "9,11": -0.8998095144967597, "9,12": -1.6478670539281608, "9,13": 1.034530517987962, "9,14": 1.8321349728612857}, "bias": {"0": 0.5191968303622589, "1": 0.7020126382504237, "10": -0.13337067077923326, "11": 0.8214214467701322, "12": 0.27819728720346437, "13": -0.4699305742276294, "14": -0.08916434425840891, "2": 0.7530045206756741, "3": 0.26145653192042806, "4": -0.5783151367845614, "5": 0.5007457360253829, "6": 0.9753345391368504, "7": 0.8903907023232871, "8": 0.909360596138316, "9": -0.2582747013848148}}