{"Q": {"0,1": -1.377490085755289, "0,10": 0.12312195472360665, "0,11": 0.548521275360971, "0,12": 1.1010402475289216, "0,13": 1.6239332089148202, "0,14": -0.7877863712478392, "0,2": -0.22721205179781245, "0,3": 0.8391837614077504, "0,4": -1.5541848515267498, "0,5": -1.4102827920498653, "0,6": -1.4251633028603656, "0,7": 1.4572086273526001, "0,8": -0.8979868490302563, "0,9": -1.179050150783242, "1,10": -1.0445801141125068, "1,11": 0.6200942072285982, "1,12": -1.9605837160695554, "1,13": -1.7201220889519218, "1,14": -1.576454622193126, "1,2": 1.1061282342232879, "1,3": -1.1434351607437994, "1,4": -0.1848165541640081, "1,5": -0.4550749392331639, "1,6": -1.4329786406466418, "1,7": -0.08773983346256742, "1,8": -0.4011941061894131, "1,9": 1.9229678544923918, "10,11": -0.8106842993021148, "10,12": 0.19162172869860905, "10,13": 0.14573809670618454, "10,14": -1.154125171570009, "11,12": 1.8628978500180837, "11,13": -0.3791071184043151, "11,14": -0.382750316072892, "12,13": -1.4756784590405814, "12,14": -1.7700992556769672, "13,14": 0.480942980572308, "2,10": -1.3983096787684377, "2,11": 0.0885636104491585, "2,12": -1.5965705317813752, "2,13": -0.8592346245083546, "2,14": -0.049262032276557566, "2,3": 1.6487324526992309, "2,4": 0.5164473018163163, "2,5": -1.3246790794130048, "2,6": 1.043581431035956, "2,7": -1.403584735583142, "2,8": -1.4523300403395423, "2,9": 1.3398892407341156, "3,10": 0.8617801947380515, "3,11": 0.09677156032662637, "3,12": 1.8964914261374473, "3,13": 1.7065989123626153, "3,14": 0.26209026269988245, "3,4": 1.7023013134211151, "3,5": 0.9847958062253346, "3,6": 0.9445641291627727, "3,7": 1.818791280660427, "3,8": -1.5551660540665124, "3,9": 1.880787192060489, "4,10": -0.9423896254521118, "4,11": -1.3110427956174182, "4,12": -1.429108928592882, "4,13": -0.9856705233259406, "4,14": 1.0344312128164894, "4,5": -1.941763714522029, "4,6": 1.6155546017869127, "4,7": 1.9833608592807512, "4,8": -1.5367811344992228, "4,9": -1.7184750493914964, "5,10": 0.050490602632868864, "5,11": 1.1348573608364503, "5,12": -1.6915198138072474, "5,13": 0.1828235287544584, "5,14": 0.435738334795543, "5,6": -0.43082296464036185, "5,7": 1.3075834078585835, "5,8": -1.007126387035799, "5,9": 1.119590854977102, "6,10": 0.030057240019432108, "6,11": 0.7707789807021421, "6,12": 1.0118834372577608, "6,13": 1.487215738132079, "6,14": -0.4356550928752019, "6,7": -0.3430692903922963, "6,8": 1.9784130311939019, "6,9": 1.4482870689339489, "7,10": 1.9711715268434342, "7,11": 0.8595769528228523, "7,12": 0.7760377012513291, "7,13": 0.39716946482377136, "7,14": -0.8902320751882442, "7,8": -1.5676152444382678, "7,9": -1.9162989759890938, "8,10": -1.0608022397074763, "8,11": -0.7156950817898018, "8,12": -1.5566355146396686, "8,13": -0.5119267158625309, "8,14": 0.9208091278072708, "8,9": -0.931432215272006, "9,10": 1.1776803383003016, "9,11": -0.04959076509014304, "9,12": -1.7030532581264302, "9,13": -1.5657463850357516, "9,14": 0.2070464943546244}, "bias": {"0": -0.8698463495302546, "1": 0.632107197567829, "10": 0.43029583547774863, "11": -0.9019225757318314, "12": -0.6223961857112779, "13": 0.5183090666375467, "14": -0.7541789354567401, "2": 0.3434189814484554, "3": 0.15937147602603496, "4": -0.7212344362478558, "5": 0.5156607329687508, "6": 0.8704805022928019, "7": 0.6768366233964405, "8": 0.9654727733803312, "9": 0.719738390421826}}