{"Q": {"0,1": 1.5801733074421596, "0,10": 0.12569051423031175, "0,11": 1.6387666793215785, "0,12": -1.744515655773315, "0,2": 0.24292728880748582, "0,3": -1.7921168047013811, "0,4": -1.3291181498003457, "0,5": -1.889674872648512, "0,6": 1.017921367920224, "0,7": -0.4346593676333379, "0,8": -0.8190708438216756, "0,9": 0.6014783667795198, "1,10": -1.4208246866125926, "1,11": 0.08315999724992285, "1,12": -0.10078585606416635, "1,2": 0.3254544186838153, "1,3": 0.9443008354919771, "1,4": -1.282525276279121, "1,5": -1.1717993082991094, "1,6": 1.2102660835794001, "1,7": 0.45602273631888046, "1,8": -0.48640976609955144, "1,9": -1.5344163841519034, "10,11": -1.7517626863578775, "10,12": -0.8923513363838773, "11,12": -0.28979599963310454, "2,10": -1.8965076616090495, "2,11": 0.5945364659263972, "2,12": 1.269537954512554, "2,3": -0.330076299403117, "2,4": 0.16697934511731738, "2,5": 0.7597605008405046, "2,6": 0.6327951982646436, "2,7": -1.0988812537214625, "2,8": 0.9812466218879061, "2,9": -0.6031077354646683, "3,10": 1.2381470808148216, "3,11": 1.601577667128213, "3,12": 0.09205048009950323, "3,4": -1.3190738625429765, "3,5": 1.6216021705743264, "3,6": -1.3465257347751631, "3,7": -1.2646257385348103, "3,8": 0.5694012105465731, "3,9": -0.3236548283922991, "4,10": 1.8726451519659433, "4,11": -0.6365379971884519, "4,12": 1.470938320668865, "4,5": -0.8999695396865333, "4,6": -0.5553147892470549, "4,7": -1.0423072463831917, "4,8": -0.7035042715283657, "4,9": -1.7149972676075458, "5,10": 1.528020716531865, "5,11": -0.3187272112539996, "5,12": -0.74197341189686, "5,6": -1.9863234402623746, "5,7": 1.286558776531976, "5,8": -0.10665891074912892, "5,9": 1.5471003024925016, "6,10": -0.4553617176250393, "6,11": 1.6597372613153558, "6,12": -1.4850975588519222, "6,7": 1.8009224392310377, "6,8": -1.0989258237651875, "6,9": 0.5525411458350549, "7,10": 1.6482399573868984, "7,11": -0.7348472328785767, "7,12": 0.031082325207747008, "7,8": 1.521919966663794, "7,9": 1.2838914862510435, "8,10": -1.8003639693748044, "8,11": 0.20241496065689146, "8,12": -0.3494862656882609, "8,9": 0.8762239182763207, "9,10": -1.677920924500396, "9,11": 0.02267057359126845, "9,12": 0.25791247905628545}, "bias": {"0": -0.08305073611296687, "1": 0.3006051193014876, "10": 0.8326899693788123, "11": 0.0858051648589142, "12": 0.32997615216810394, "2": 0.47832666904589116, "3": -0.10384727934519233, "4": 0.1274602412813477, "5": -0.3520883386754905, "6": -0.3562781923402407, "7": 0.6542848145944666, "8": 0.9518201065255167, "9": -0.3618983353321281}}