{"Q": {"0,1": -0.5320989904737807, "0,2": 0.5516089940940243, "0,3": -1.0161071114022957, "0,4": 1.4813895400722519, "0,5": 1.5675893274490438, "0,6": -1.9904263543255052, "0,7": 0.3752868197591601, "0,8": 0.6652828458671443, "1,2": -0.6996823236450731, "1,3": -1.8985682787545093, "1,4": 0.4852057617146084, "1,5": 0.132447552592438, "1,6": 0.23161951064006603, "1,7": -1.7876262682680637, "1,8": 1.9215503867378843, "2,3": -0.06622557568450782, "2,4": -0.7980601322051477, "2,5": -1.103343369711197, "2,6": 1.4340409877777076, "2,7": 1.4235087103927286, "2,8": -0.25421311799641577, "3,4": 1.2677373965237915, "3,5": -1.8314957189698085, "3,6": -1.1458308592444162, "3,7": -0.8170109046209024, "3,8": 0.12179538951740199, "4,5": -1.4444913388343816, "4,6": 0.8217160250245241, "4,7": -1.463634265539619, "4,8": -1.2398827289758225, "5,6": 0.17856517711534892, "5,7": 1.35499196189835, "5,8": -0.39489425215398155, "6,7": -1.0207569908792862, "6,8": 0.5466117557108032, "7,8": 0.41133049468150773}, "bias": {"0": -0.21542293564716464, "1": -0.35519448995765557, "2": 0.5571851872820186, "3": 0.20760334923329116, "4": 0.6218055003317366, "5": -0.24958177605223208, "6": -0.6138035615140551, "7": 0.8215412279194334, "8": -0.4175158851901284}}