{"Q": {"0,1": -0.7359741551037517, "0,10": 0.5332455910486322, "0,11": 1.9791588043949853, "0,12": 1.715428284726534, "0,13": 0.8138054701756112, "0,14": -0.9545823247256107, "0,15": 1.501427409917289, "0,2": -0.612317334905482, "0,3": -0.5039892378582045, "0,4": 1.3096926962892104, "0,5": -1.554733045274614, "0,6": 0.5750220796339489, "0,7": -0.37977402233571445, "0,8": -0.5212536936408809, "0,9": -1.5122987297198867, "1,10": -1.0927937499342502, "1,11": -0.7402418023483426, "1,12": -0.9127463651883132, "1,13": -0.7044239157676961, "1,14": 0.6384952319581498, "1,15": 0.2990891296854148, "1,2": -0.7756987217561657, "1,3": -1.0542479870767516, "1,4": -1.4004249213315005, "1,5": 1.2562681258138442, "1,6": -1.0583825888861904, "1,7": 1.816668109274738, "1,8": 1.563810439438948, "1,9": 0.6236002896876673, "10,11": 0.0030562766855299905, "10,12": 1.2260375925677511, "10,13": -1.0797611855158546, "10,14": 0.07759000937297378, "10,15": 1.2126288112130652, "11,12": 1.186711279707751, "11,13": -1.7447096299175806, "11,14": -1.0432422935057102, "11,15": 0.10650264215095939, "12,13": 0.7526156868683169, "12,14": -1.0847856116077028, "12,15": -0.8737121566711474, "13,14": 0.8710453779049545, "13,15": -1.0814652582415745, "14,15": -1.5263758684847626, "2,10": 0.40229738393348136, "2,11": -0.7314614321402715, "2,12": 0.9775661400833493, "2,13": -0.15102182862117308, "2,14": -0.609510258251631, "2,15": -1.8267461144586994, "2,3": -1.936852660478146, "2,4": 1.599320196838577, "2,5": 1.2998463043530655, "2,6": 0.05234982605422456, "2,7": 0.8817731060703631, "2,8": 0.322000617663309, "2,9": -1.9805328306106236, "3,10": -0.7167618942485987, "3,11": 0.8207996280166285, "3,12": 0.5863536480408209, "3,13": 0.024019432028817622, "3,14": -0.6065097136671498, "3,15": 0.8485417457056976, "3,4": 0.15393635100466563, "3,5": -0.9996965272913609, "3,6": 0.17412907357910878, "3,7": 0.12457153652839237, "3,8": 1.0565220713588137, "3,9": 1.9818417941944961, "4,10": 0.1248807829429106, "4,11": -1.7136141298506606, "4,12": -1.5576001370544477, "4,13": 1.1353769930845683, "4,14": -1.41712885547966, "4,15": -0.6351852924689068, "4,5": 0.9984289118773289, "4,6": 1.4201613863064702, "4,7": -0.6693890686755264, "4,8": 0.1719172519096599, "4,9": 0.6913218135058341, "5,10": -0.8526686486961785, "5,11": 1.9007328528434186, "5,12": 1.7422266088739264, "5,13": -0.5238502892679509, "5,14": 1.157734585998417, "5,15": -1.2131282209451784, "5,6": 1.3114206376726156, "5,7": -0.054993274190666686, "5,8": 0.22207892225859727, "5,9": 1.4613015965169627, "6,10": 1.035616671781609, "6,11": -0.6793653152614656, "6,12": 1.2544605579278056, "6,13": 0.9612359778646375, "6,14": 1.2528151732882766, "6,15": 0.4371898875173672, "6,7": 0.5087411200149958, "6,8": 0.10299567650823915, "6,9": 0.6017991486188858, "7,10": 1.2476236480439922, "7,11": -1.1092881150376162, "7,12": -1.2425983525454107, "7,13": 1.7001519127523248, "7,14": -1.1584543826750635, "7,15": 1.7586136095640765, "7,8": -1.9694793655885783, "7,9": -1.3479546999287715, "8,10": -0.245753986788793, "8,11": 0.790957930042111, "8,12": -0.9152642185200519, "8,13": -0.34029917201649607, "8,14": 1.9888892940490783, "8,15": -1.529620149570032, "8,9": -0.6171843278176907, "9,10": 0.3878732620425982, "9,11": -0.8134918396740436, "9,12": 1.5485959419075277, "9,13": 0.1467806561132705, "9,14": -0.6814009113328297, "9,15": -1.951399435725801}, "bias": {"0": -0.9588686587241328, "1": 0.8111189930096994, "10": -0.6222325395323431, "11": -0.6528234990748651, "12": 0.10817964653230039, "13": -0.4235032047450227, "14": 0.5036150278482299, "15": 0.7824389275544188, "2": -0.8138563448221314, "3": 0.3328402134385098, "4": 0.1384951464714903, "5": 0.8735137781239848, "6": 0.6387836605560808, "7": -0.02322721102304892, "8": 0.1006889488063778, "9": -0.4824898199126173}}