{"Q": {"0,1": 1.3801099962012242, "0,10": 1.2107588938917027, "0,11": 1.5445395716530785, "0,12": -0.8706837697383287, "0,13": 1.782372689724891, "0,14": -0.3525093353383011, "0,15": 1.4005517434842378, "0,16": -1.6655556396423652, "0,17": 0.792785028085786, "0,2": 1.0559763773549578, "0,3": 0.4186320134852468, "0,4": 1.9578451274707915, "0,5": 0.03260289856769294, "0,6": 1.8942965025283973, "0,7": -1.0424513289232582, "0,8": 1.9076136433434003, "0,9": 1.1348178125479382, "1,10": 0.23570040765963363, "1,11": -0.8513913447208479, "1,12": -1.8172735676448846, "1,13": -0.5233519977183261, "1,14": -1.8778311843239988, "1,15": 1.7161449387909395, "1,16": 1.444000134453689, "1,17": -0.16103545587798074, "1,2": -0.928734756427517, "1,3": 0.3135163346358345, "1,4": 1.1917799360259451, "1,5": -0.4151743356411064, "1,6": 1.9547620449545882, "1,7": -1.397217133706386, "1,8": -0.9299072132322359, "1,9": 0.49690394633506907, "10,11": 0.7649840805273476, "10,12": -1.0063039714285242, "10,13": 1.3994302630633433, "10,14": 0.4376235694269974, "10,15": 0.28528721560170256, "10,16": -0.4775739729925861, "10,17": 1.362471304918385, "11,12": 1.5103033888161832, "11,13": -0.6792090865286022, "11,14": -1.5075528892796957, "11,15": 0.48201343083982273, "11,16": 1.1800316904059573, "11,17": -0.7726923815350357, "12,13": -0.12254997460079275, "12,14": -1.8174245374698152, "12,15": 0.13806249290570394, "12,16": 0.9407319212028389, "12,17": 1.4789373942026498, "13,14": -1.9937337903799301, "13,15": 1.488642094390578, "13,16": 0.5973336615376073, "13,17": 1.3349228995192695, "14,15": -1.3773212576783873, "14,16": 1.6419855990426133, "14,17": 1.7602867928826473, "15,16": -1.4517981713183783, "15,17": -0.4965524511563162, "16,17": 0.7660841603375119, "2,10": 0.5781550464121947, "2,11": -1.3826506716069025, "2,12": -0.5728387962817436, "2,13": -0.12343078180062728, "2,14": -0.23931055897313103, "2,15": -1.9160448545498094, "2,16": -0.6674182418941279, "2,17": -0.19302470509220182, "2,3": 1.0301799481202467, "2,4": -0.9727089016618602, "2,5": 0.8413055511273879, "2,6": 0.47911995511294414, "2,7": -1.1510237741866542, "2,8": -1.067204329977626, "2,9": 1.7207016563725306, "3,10": 0.25853206544780427, "3,11": -1.1685410070072657, "3,12": -1.522199908732445, "3,13": -0.43389940596326104, "3,14": -1.1090705699672347, "3,15": 1.7951666237497297, "3,16": 1.4067370090995897, "3,17": -1.187092571447037, "3,4": 0.12494274967564722, "3,5": 0.16368396740496527, "3,6": -0.9593802200730877, "3,7": 1.4485942826678349, "3,8": 0.8254066186762556, "3,9": 1.0905865350591846, "4,10": 1.787012087186509, "4,11": 1.3410601750688662, "4,12": -0.3837420174675894, "4,13": -0.13157394517203835, "4,14": 0.5042607876300194, "4,15": 0.25525756520263077, "4,16": 0.05843332525432787, "4,17": -1.2263610349310041, "4,5": -0.3626599261168515, "4,6": 1.2895917417813552, "4,7": -1.3442999248015437, "4,8": 0.5510027465407221, "4,9": 0.861931526981556, "5,10": -1.3120027484968313, "5,11": -0.30843321497745046, "5,12": -1.7627050219917866, "5,13": 1.1890129702818508, "5,14": 0.08644303393288855, "5,15": 1.6079836137886079, "5,16": -1.237563556269841, "5,17": -1.5353484847615477, "5,6": -1.2620354749850633, "5,7": 0.8365939957772484, "5,8": 0.007391831178355179, "5,9": -1.3222495386569748, "6,10": 1.9124113325621783, "6,11": -1.1617758134989558, "6,12": 1.970406948908595, "6,13": -0.024470834113372142, "6,14": 0.7175535567559317, "6,15": -1.0055744782883758, "6,16": 0.5995909328224585, "6,17": -0.29819591290939895, "6,7": 0.3247449015011643, "6,8": -1.3058438274478417, "6,9": -1.9846381765874628, "7,10": -1.6050023244890625, "7,11": 1.8499730079455814, "7,12": -1.965730089408238, "7,13": 1.5171071832398364, "7,14": -1.8163526916797625, "7,15": -0.8684365254737605, "7,16": -0.09333293414105448, "7,17": 0.6470598512618033, "7,8": -0.9678462416344313, "7,9": -1.7835344108550357, "8,10": 1.1049875932717246, "8,11": 1.7555715075666942, "8,12": -1.3284023158317457, "8,13": -0.09454967489245947, "8,14": -1.8723637093236611, "8,15": -0.21811061242170293, "8,16": -1.9690430766532723, "8,17": 1.1878221983634258, "8,9": -0.10184762468602182, "9,10": 1.029168698643446, "9,11": 1.1943601196419498, "9,12": 1.0931783232764767, "9,13": -0.41766806051195005, "9,14": -1.2420786576306626, "9,15": -1.8621765284746234, "9,16": 0.06326490818674424, "9,17": 0.2293002617228641}, "bias": {"0": -0.3760565929346815, "1": 0.5560767338352737, "10": 0.4773904767867263, "11": -0.7794872708205096, "12": 0.033637399121168254, "13": 0.0017837263143336557, "14": -0.9796913244500063, "15": -0.9329659617961845, "16": -0.4055734523327992, "17": 0.6734525026238731, "2": -0.8044136001315587, "3": 0.05457570645892784, "4": -0.22643095520720724, "5": 0.6068378021706733, "6": -0.61154766395353, "7": -0.18103262766396866, "8": -0.3633625158176108, "9": 0.9354403659823372}}