{"Q": {"0,1": 0.11947178489486188, "0,10": -1.2861185760435, "0,11": -1.3102050442251008, "0,12": -1.8545983361112324, "0,13": -0.19773224022290492, "0,14": -0.5275307282624855, "0,15": 1.6276665341767003, "0,16": 1.135707357739265, "0,17": 1.7217909053056677, "0,18": -1.9440582013926564, "0,2": 1.357917562215471, "0,3": -1.3626954221291205, "0,4": 0.6616673051018709, "0,5": -0.2072746793218947, "0,6": -1.2990215006914472, "0,7": -1.256323973321046, "0,8": -0.6301816639917948, "0,9": -0.13534745075011578, "1,10": -1.482908299418686, "1,11": 1.0282630797397885, "1,12": -0.4529229749167798, "1,13": -1.788909671665027, "1,14": -0.8196790228080801, "1,15": -1.2471789078161692, "1,16": -1.0811349892103768, "1,17": -0.883757933120763, "1,18": 1.3287939461594456, "1,2": 1.8349006553798444, "1,3": 1.718633140923096, "1,4": -1.464409166066897, "1,5": 1.5162059125057747, "1,6": 1.1631139290681944, "1,7": -0.5742594588273096, "1,8": -1.0786638527444175, "1,9": 1.839529456712393, "10,11": -1.8436294430207183, "10,12": -1.5933913179918693, "10,13": -0.3055313354431983, "10,14": 1.0547342716102186, "10,15": -1.3613511054025018, "10,16": 1.4822710557256862, "10,17": 0.2064315827005383, "10,18": 1.6468818737329851, "11,12": 0.03898776108495294, "11,13": 1.1238775210604794, "11,14": 0.8469284781706432, "11,15": -1.612207189558068, "11,16": 1.4652891678513562, "11,17": -0.8336271236158459, "11,18": -1.047788540658253, "12,13": -1.561327148474668, "12,14": -0.031818149940740614, "12,15": 1.2512072632129105, "12,16": 0.34282334048707774, "12,17": -1.8591151816273, "12,18": 1.8965476712414158, "13,14": -0.5488004443680001, "13,15": -0.9033436974980256, "13,16": 0.9712291284688774, "13,17": -0.9558319709140077, "13,18": -0.056187341948677805, "14,15": -0.1471338664644417, "14,16": 0.18440238219028604, "14,17": -0.7011253561695843, "14,18": 1.4128323836472494, "15,16": -1.792310000392181, "15,17": 0.3274338901306528, "15,18": -1.6907654833362948, "16,17": -1.8627206939574021, "16,18": 0.9622205331024554, "17,18": -0.5419339564068464, "2,10": -1.7882941277579114, "2,11": 0.9536978081315501, "2,12": -1.27446814526684, "2,13": -1.7113539892431313, "2,14": 0.26165541847253504, "2,15": 1.289967755937378, "2,16": -0.5077590475685234, "2,17": -0.023268467496150524, "2,18": 0.6790370650579081, "2,3": -0.032518310468844014, "2,4": -0.5286866477454559, "2,5": 0.6220922352815079, "2,6": -0.7116019734608363, "2,7": -0.7482050667784481, "2,8": 1.147272169037731, "2,9": -1.4530130609824994, "3,10": -1.5945755630425942, "3,11": -1.480902083159485, "3,12": -0.5906402736410126, "3,13": 1.6638979506752873, "3,14": 1.9394911856043056, "3,15": 0.5196648427784294, "3,16": 0.7831179322717943, "3,17": 0.5231304384756164, "3,18": 0.07993477008909666, "3,4": 1.7951543845398477, "3,5": -0.38082124148969676, "3,6": 1.34796766186258, "3,7": -0.5815315620675592, "3,8": 1.9342742954705532, "3,9": 1.6640958685171117, "4,10": -0.6591893367096522, "4,11": 1.0139053163047245, "4,12": 0.9216928989883315, "4,13": -1.556141694323991, "4,14": -0.9649261741745496, "4,15": 1.9245940178818683, "4,16": -1.3713335922243521, "4,17": -1.224368405521333, "4,18": 0.864127578672762, "4,5": 1.5113107878949754, "4,6": -1.9642933710385, "4,7": 1.5063215963295549, "4,8": 1.0990831918610953, "4,9": -1.9977541070458509, "5,10": -0.7499551618443396, "5,11": 0.06779475003911584, "5,12": -0.28114659732631164, "5,13": 0.18142324812444732, "5,14": 0.2642238094784757, "5,15": 1.1138190077468852, "5,16": 0.8317097092578187, "5,17": -1.1069476914135308, "5,18": 1.9972783639772453, "5,6": 1.0135274517086246, "5,7": -1.418885810506623, "5,8": -0.6417540368217707, "5,9": 1.7767912496779497, "6,10": 1.6721366167170335, "6,11": 0.5464903484182262, "6,12": -0.6850168856832286, "6,13": -0.34004873424407345, "6,14": -1.7991973463098665, "6,15": -0.31239756322975376, "6,16": -1.9853763861263563, "6,17": 0.2798619017559494, "6,18": -0.8242060221768623, "6,7": -1.7861242061031763, "6,8": 1.8078948193984834, "6,9": 0.42624754883969107, "7,10": -1.7568751399455427, "7,11": -1.0308318074121146, "7,12": -1.970695191057549, "7,13": 1.5741233687730665, "7,14": -1.9106475389008541, "7,15": -1.4472871572298813, "7,16": 0.4654062053175805, "7,17": 1.1298515267936393, "7,18": 1.4676091048155824, "7,8": -0.6932365220531729, "7,9": 0.8453073830793278, "8,10": 0.18919165447293285, "8,11": 0.1847111429181596, "8,12": -0.3119698906874895, "8,13": -0.5845189366506398, "8,14": -0.7160061292988833, "8,15": -1.5066533526811638, "8,16": 1.8855859384389113, "8,17": -1.034403050704483, "8,18": -1.905934221578673, "8,9": -0.04380204366735185, "9,10": -0.7947631372959796, "9,11": 1.5892756933895806, "9,12": 1.0195480642071097, "9,13": 0.681843322797747, "9,14": 1.2735206706578381, "9,15": -1.7981605955262325, "9,16": 1.5045093923470145, "9,17": 0.08503730113348196, "9,18": 1.3431769731998693}, "bias": {"0": 0.11046961609253736, "1": 0.9374141793390143, "10": -0.6996526050913949, "11": 0.6651918911479997, "12": -0.5735233875069896, "13": -0.2363622289487648, "14": 0.7020018822523031, "15": 0.6089707763658032, "16": 0.7673399963406273, "17": 0.20275886130012144, "18": -0.3560064516043977, "2": 0.49739103371939986, "3": 0.9019147226846866, "4": -0.9249706690762924, "5": -0.25662962863678573, "6": 0.1344215144016967, "7": -0.9118203163253797, "8": 0.04986783134634076, "9": 0.9528857561150319}}