{"Q": {"0,1": -0.7606126383602816, "0,10": -1.5451741380081807, "0,11": -1.0607009526780562, "0,12": 0.1456342783499296, "0,13": -1.3589092458746639, "0,14": 0.7715287074072208, "0,15": -1.2393452158436968, "0,16": 1.3627109961916406, "0,17": -0.1593605117347976, "0,18": -0.9568015064168609, "0,2": -1.5650424752986232, "0,3": -1.217677874930486, "0,4": 1.4864106551752734, "0,5": 1.5818499906722434, "0,6": -1.959717375489757, "0,7": 0.9473979128602976, "0,8": 1.65204797010592, "0,9": 1.9652824038390206, "1,10": 0.9294904140817684, "1,11": 0.18145626743986965, "1,12": -1.0387065256633687, "1,13": 1.0976628584334072, "1,14": -1.9235918514975738, "1,15": -1.2405509786381108, "1,16": -1.8657440661360676, "1,17": -1.238515431221571, "1,18": -0.8454868159610505, "1,2": 1.394486286006424, "1,3": -0.4412674691197007, "1,4": 1.9246625051679258, "1,5": 1.6800595403954666, "1,6": 0.29456185298237436, "1,7": -0.7358627944249543, "1,8": 1.04630491940279, "1,9": -1.8394174198581688, "10,11": 1.3398770525218109, "10,12": 0.3000929498364471, "10,13": -1.7606686220197085, "10,14": -0.9389797993265847, "10,15": 0.35133349455154406, "10,16": -0.513429798440014, "10,17": 1.8217221042214105, "10,18": 1.3956328278548424, "11,12": -1.2575987288581216, "11,13": 1.8850970459129877, "11,14": 1.6213963371404319, "11,15": -1.9465704357699187, "11,16": 1.5480018805938234, "11,17": 1.5241784432026657, "11,18": 1.3220182472320063, "12,13": 1.536171375181342, "12,14": -1.333590129834533, "12,15": -1.5741654699453855, "12,16": -0.6090635781581497, "12,17": -0.14320566363604792, "12,18": 1.964419532117586, "13,14": -0.5624426346572284, "13,15": -1.1757297211759523, "13,16": -0.6726505173483779, "13,17": -1.1849124961338657, "13,18": -0.7736674952572482, "14,15": 1.2367921471828578, "14,16": -1.0440771978900552, "14,17": -0.3720743140627296, "14,18": 0.7278673118766155, "15,16": 0.935280476502454, "15,17": 1.5865429816630243, "15,18": 0.9646769311188175, "16,17": 1.8575032493851342, "16,18": -0.33859490029867967, "17,18": 1.1398368534996344, "2,10": 1.3527349673159854, "2,11": -0.8878895387216246, "2,12": -0.44253981967220524, "2,13": -0.6825844861700907, "2,14": -0.9119262810651061, "2,15": -1.635673397906051, "2,16": 1.0146140076746248, "2,17": 1.0052989846268057, "2,18": -1.927006304324538, "2,3": 1.5910154352375971, "2,4": 0.979712798116041, "2,5": 1.5521527121974508, "2,6": 0.8561039919962807, "2,7": -0.1617293159329538, "2,8": -1.4664229678943794, "2,9": -0.7577462359589866, "3,10": -0.4562184115781589, "3,11": -0.03801389808200328, "3,12": -1.067068525903252, "3,13": -1.1800454286861322, "3,14": -1.3695702680107624, "3,15": 1.084655886525614, "3,16": -1.0260701169921678, "3,17": 0.4269672645688214, "3,18": -1.4867373018714867, "3,4": 0.744149365179219, "3,5": 0.23540133593141999, "3,6": 0.12863227838347102, "3,7": -1.2422038128557165, "3,8": 0.9843964810637544, "3,9": 0.6565386343694599, "4,10": 0.24140934446256868, "4,11": -0.28864398956796755, "4,12": 0.8952528454423136, "4,13": -1.2940468427640148, "4,14": 0.44824855572484257, "4,15": 1.9476431711343611, "4,16": 0.48693316830668243, "4,17": 1.321827481659505, "4,18": -1.1644050424182795, "4,5": -1.2323564624169059, "4,6": -1.888022251990988, "4,7": 0.38090926686697024, "4,8": 0.14373267069049023, "4,9": 0.18066926201786826, "5,10": -0.24346514847244416, "5,11": -0.5814478461504562, "5,12": -0.6870119909648391, "5,13": -0.36590348055161703, "5,14": 0.9420841395467394, "5,15": 0.7325355819882553, "5,16": 1.212688445873579, "5,17": -0.8013673959374876, "5,18": 0.5360130999148858, "5,6": -1.530176767460639, "5,7": 1.9577348732090751, "5,8": 1.6720552229646843, "5,9": -0.049647520007237045, "6,10": -0.8826919911587447, "6,11": -1.3612765505781086, "6,12": -1.7580435295325718, "6,13": 1.7999940481495944, "6,14": -0.6613582605089432, "6,15": 1.8799272765860904, "6,16": -1.354203921534121, "6,17": -1.2703443656568814, "6,18": 1.7881508337663528, "6,7": -0.22072288068715062, "6,8": 1.7082396463898069, "6,9": 0.2670018375893677, "7,10": 1.3416440393459297, "7,11": 0.4666755449338793, "7,12": 1.919678776082355, "7,13": -1.2660155759280736, "7,14": -0.023001169265596033, "7,15": 1.3970487370382179, "7,16": 0.6240040067141313, "7,17": 0.5593878283721909, "7,18": -0.14344132838552115, "7,8": 0.13131890098533594, "7,9": 1.194386821280975, "8,10": 1.4350646063865042, "8,11": 1.3171626713819968, "8,12": -0.29604519539883833, "8,13": -0.9410813561574165, "8,14": 1.5942306042604786, "8,15": -1.9642089280690076, "8,16": 1.8138055040837275, "8,17": -1.2896339810768764, "8,18": 1.851961479147917, "8,9": 1.7383818845367602, "9,10": -1.638847758741278, "9,11": -1.51234337635869, "9,12": -0.13914807991527445, "9,13": 1.768215737341079, "9,14": -1.243596753237362, "9,15": -1.8594898220501737, "9,16": 0.5078890574275983, "9,17": -0.5088040784962704, "9,18": 0.6714707692071755}, "bias": {"0": 0.8541364296744516, "1": 0.853452255224344, "10": -0.5417140291866371, "11": -0.6511181270890718, "12": 0.11695661991620776, "13": 0.9110590443845792, "14": 0.13989544901562345, "15": -0.6836330796916643, "16": -0.26285243035896455, "17": 0.5166215328364352, "18": -0.15051393359743837, "2": -0.15952572747485716, "3": 0.6722064047376426, "4": -0.9436787817510583, "5": 0.5921414160420011, "6": -0.2674609194050288, "7": 0.42611170195276915, "8": 0.4053848616219691, "9": 0.28110038594010045}}