{"Q": {"0,1": 0.7311553404284368, "0,10": 1.1148063982380085, "0,11": 1.26673043680473, "0,12": 1.8287067614762447, "0,13": -1.9438693759864614, "0,2": 1.8048973282531824, "0,3": 0.7768985914958448, "0,4": 0.574962706881907, "0,5": -0.02031949019408641, "0,6": -1.2877005300841446, "0,7": -0.5583423128897937, "0,8": 0.26672096378278365, "0,9": 1.2146124445349122, "1,10": -0.7374174491023537, "1,11": 0.7920005802042427, "1,12": -1.2606669251208609, "1,13": -1.3344371619848805, "1,2": 0.12001667817946071, "1,3": -1.378066084028803, "1,4": 0.4409016973498767, "1,5": 1.9764607575191349, "1,6": 0.5426224969511662, "1,7": 0.18535391398086265, "1,8": -1.5053969699133214, "1,9": 1.8575144039032039, "10,11": 1.986968898823691, "10,12": 1.761249978244464, "10,13": -1.7148826832887911, "11,12": 0.2910603369396987, "11,13": -1.9568226513670939, "12,13": 1.4269030947915713, "2,10": 0.09838268994294896, "2,11": -0.8266944605203559, "2,12": -1.1454382668075707, "2,13": 0.1361361400380452, "2,3": -1.1105173793357226, "2,4": -0.09441427771193256, "2,5": -0.47963483924896, "2,6": 1.6690181971761007, "2,7": 0.34158381529030457, "2,8": 0.8011839863704386, "2,9": -0.17699991268862547, "3,10": -0.5205651193413181, "3,11": -1.376136525157055, "3,12": -0.3688647053244267, "3,13": -0.5512895199414274, "3,4": -0.27906938289456384, "3,5": 1.4297533699605416, "3,6": 0.3424747873571592, "3,7": -0.7854936824875645, "3,8": -1.0911001160738358, "3,9": 0.9531513615453768, "4,10": 1.5430173455652225, "4,11": 0.9603912279560465, "4,12": 1.704088467741847, "4,13": -1.0631301977768857, "4,5": 0.1428380573562933, "4,6": -0.6746964395009853, "4,7": 0.3567081867642865, "4,8": 1.434573937581376, "4,9": 1.9018719008137341, "5,10": -1.5423841151731286, "5,11": 0.5642200732701164, "5,12": -1.0771577693642627, "5,13": -0.027894246568660463, "5,6": 1.9888027528830068, "5,7": 1.31671731508983, "5,8": 0.24468758391949308, "5,9": 1.4099162273544361, "6,10": -0.48550703357323144, "6,11": 0.1443030761499462, "6,12": 1.5570807121241281, "6,13": -1.436306934909068, "6,7": 1.773533812343139, "6,8": -0.3643166526877408, "6,9": -0.09623414995556479, "7,10": 0.2207524198119466, "7,11": -0.6168079020696946, "7,12": -0.7913218587557052, "7,13": -1.3497948332774121, "7,8": 0.4935295988860555, "7,9": 0.6168791392305222, "8,10": 1.2997943157728642, "8,11": 0.06090112491081179, "8,12": 1.2527847898379791, "8,13": 0.0927865992364425, "8,9": -0.3741527752147382, "9,10": 0.6650150131980919, "9,11": -1.0969447759044182, "9,12": -1.4392188639239456, "9,13": 0.6639229292303277}, "bias": {"0": -0.31741308658659473, "1": -0.3092266280860021, "10": 0.5415224303829282, "11": -0.0193107740252092, "12": -0.3761869793727659, "13": 0.08777198446560752, "2": -0.6128904741124277, "3": 0.4515976289581234, "4": -0.9137365974017007, "5": -0.633267147390921, "6": -0.47176754517991637, "7": -0.5068782230994064, "8": -0.07852193998052392, "9": -0.4406124753421874}}