{"Q": {"0,1": -1.2939279482043142, "0,2": -1.9799381727456624, "0,3": -0.224573992052024, "0,4": -0.6621193592268404, "0,5": 0.24035008276298475, "0,6": -1.2162226908693912, "0,7": 0.43915505043161174, "0,8": 0.9553304830765752, "1,2": 1.9764216000191221, "1,3": -1.4819203004733468, "1,4": -1.5775180897378696, "1,5": -0.8496175331925087, "1,6": 1.548439621297772, "1,7": 1.2305279484155869, "1,8": -1.1125099203578546, "2,3": -1.4754027348659844, "2,4": -0.606037130743053, "2,5": 1.173050284563658, "2,6": 1.2208861699080629, "2,7": -0.5647942681235643, "2,8": 1.8966656107601416, "3,4": 1.736693509019183, "3,5": -0.7381051820343703, "3,6": 0.25355595016724397, "3,7": 0.4426769283115237, "3,8": -0.021441309369558237, "4,5": -1.4752907091440584, "4,6": -1.5877820654239456, "4,7": 1.820079059525101, "4,8": -1.8393503510206837, "5,6": 0.8290776958792119, "5,7": -1.0138121209437014, "5,8": -0.5215897645218881, "6,7": -1.5963829577603694, "6,8": 1.349240293471163, "7,8": 0.610258739709844}, "bias": {"0": -0.9593543286255826, "1": -0.9649186543660433, "2": -0.6345066059060229, "3": 0.1226064427101905, "4": 0.015002335203395889, "5": 0.6568402771860642, "6": 0.957710361138743, "7": 0.07549175643291717, "8": 0.601542838112709}}