{"Q": {"0,1": 0.6166672516653144, "0,10": -1.5723451686360677, "0,2": -0.001950938918489964, "0,3": -1.2365239361097076, "0,4": 0.8402859993897565, "0,5": -0.9268004020907776, "0,6": 0.7209737395276306, "0,7": 0.1120962225699027, "0,8": 1.4224078018753845, "0,9": -1.519413987038344, "1,10": 1.007762843311471, "1,2": -1.9469476988508974, "1,3": 1.3833292221393063, "1,4": -1.197669831316349, "1,5": -0.6195672249987232, "1,6": 0.01603692137351098, "1,7": -0.5961020869826159, "1,8": -0.4202511519877965, "1,9": 0.9118674368766406, "2,10": -0.7402995290043353, "2,3": -0.06652001119751239, "2,4": -1.3592486850414107, "2,5": 1.1544128207036413, "2,6": -1.0831440311463094, "2,7": 0.20332226687173405, "2,8": -1.2965844873104815, "2,9": 0.17286273589513357, "3,10": 0.7468057986312626, "3,4": 0.6590056417466585, "3,5": -0.007079778251682711, "3,6": -1.0336571451855505, "3,7": 0.41432243292740933, "3,8": -0.3688482719515953, "3,9": 1.532583699195778, "4,10": 1.4494296774941708, "4,5": -0.1393573144000242, "4,6": 0.028851261137451623, "4,7": -1.4669353572090555, "4,8": 1.5433766639818463, "4,9": 1.0561951213849357, "5,10": -0.5857475750321024, "5,6": -0.8421612018012055, "5,7": 0.15169238149906272, "5,8": -1.2507055524150932, "5,9": -0.6017926147703769, "6,10": 0.9295147125704304, "6,7": -1.3159050614188033, "6,8": -1.6512913739321315, "6,9": 1.0662326981692551, "7,10": -1.825417749810462, "7,8": 0.8378094365194722, "7,9": -1.4622153658811299, "8,10": -0.577676729578743, "8,9": -1.715436384968645, "9,10": -0.061556081836491305}, "bias": {"0": 0.0841569417794441, "1": 0.3345890824467532, "10": 0.406805533695088, "2": -0.5672447312760838, "3": -0.8359753023329088, "4": 0.31107942763323204, "5": 0.007478330382998166, "6": -0.9510112293280955, "7": 0.6975652328655719, "8": -0.17343303643147823, "9": -0.5322308994614322}}