{"Q": {"0,1": 1.3217462554775303, "0,10": 1.5058684566372165, "0,11": 1.7663916168571916, "0,12": -0.8905358419588865, "0,13": -1.5516441788594904, "0,14": -1.9836402976448624, "0,15": -0.8689330175569574, "0,16": 0.30927627595804497, "0,17": 0.16740626418072813, "0,18": -0.6036595369191256, "0,19": -0.034547811913358206, "0,2": 1.8882550981873343, "0,3": 0.4991531978508328, "0,4": -0.1751248512704997, "0,5": 1.0444925373065526, "0,6": -1.3915738560180233, "0,7": 1.1349903520717537, "0,8": 0.2748572606263271, "0,9": 1.4716943715966408, "1,10": -0.05965543019633657, "1,11": -1.828255867990761, "1,12": 0.48964324406221094, "1,13": 0.9483833939871884, "1,14": 1.7927138977865522, "1,15": -0.9407365707374642, "1,16": -1.3554166668902514, "1,17": -1.2212064787903327, "1,18": -1.8043863398601472, "1,19": 0.7921609602214135, "1,2": 0.7681061716178332, "1,3": 0.20334642753244436, "1,4": -1.6781747577072337, "1,5": -0.8846587686378249, "1,6": 0.5095067612913424, "1,7": 1.4546469400630602, "1,8": 0.3222660068891572, "1,9": -1.6084187636129266, "10,11": -0.3502116362853518, "10,12": 1.9082916493773254, "10,13": -0.8360551790347954, "10,14": 1.3683027788987339, "10,15": -1.675659495995908, "10,16": -1.1087607212579016, "10,17": 1.3717433021756484, "10,18": 0.9258771087487845, "10,19": -0.1195652811982173, "11,12": -1.7928063635474731, "11,13": 0.017768291649320478, "11,14": 0.18483588648913196, "11,15": -1.023427238292907, "11,16": 0.8696608869167859, "11,17": -1.5248120742199318, "11,18": -0.8024133635497779, "11,19": 0.5986538385053986, "12,13": 0.7557778979476133, "12,14": 0.9151121102618127, "12,15": -1.4695077800618446, "12,16": 0.692737082512545, "12,17": 1.318733274777518, "12,18": 0.4152095942297236, "12,19": 1.3607350344195046, "13,14": -0.3341489260874959, "13,15": -0.9910493675499503, "13,16": 0.4651630194273295, "13,17": -0.9097521131724648, "13,18": -1.006589011731149, "13,19": 1.9103305978318028, "14,15": -0.3845648058546307, "14,16": -0.5029756168871384, "14,17": 1.4751078310011274, "14,18": -0.08466527077273156, "14,19": -0.7820165258444733, "15,16": 1.3499351973185219, "15,17": 0.49116137223076617, "15,18": 0.5995159914524675, "15,19": -0.5958858539785812, "16,17": -1.069590669007054, "16,18": -0.7285987716017135, "16,19": -0.41387531635917485, "17,18": -1.448999139741912, "17,19": 1.044046393692569, "18,19": -1.1461668147463069, "2,10": 1.8183149334568904, "2,11": 0.028943756581080837, "2,12": 1.9985914563889997, "2,13": -1.750867432081776, "2,14": 0.6393547136700284, "2,15": 0.11203926006085796, "2,16": 1.938719762165737, "2,17": 0.6826628921414022, "2,18": -0.9001881474510722, "2,19": 0.4762269220390323, "2,3": -0.6128086668837005, "2,4": -1.4525065129482146, "2,5": 0.9999716482040766, "2,6": -0.6905743834957039, "2,7": -1.8311615757430246, "2,8": 1.9870873593959133, "2,9": -0.24498904459259174, "3,10": 0.18777209292213337, "3,11": 1.5505247643498565, "3,12": -1.1029378401394765, "3,13": -1.7536269659912311, "3,14": 1.9155837971155174, "3,15": 0.03247907897265678, "3,16": 1.1103342950784851, "3,17": 0.5880881888295995, "3,18": -1.8650323322352818, "3,19": -0.7436117399320805, "3,4": 0.8881266133788435, "3,5": 1.33339459043165, "3,6": -0.13997288106594263, "3,7": 0.23602372343730282, "3,8": 0.8165822711014012, "3,9": 0.5081494073467749, "4,10": -0.48548154232504803, "4,11": 1.500110986982408, "4,12": 1.9973088817247269, "4,13": -1.495378588266413, "4,14": -1.7524997103520659, "4,15": 1.7644483892651892, "4,16": 1.1592288315071366, "4,17": 0.6663201699322192, "4,18": 0.12193539029189981, "4,19": -1.5432888305148573, "4,5": 1.4704728030666057, "4,6": -0.33790168577632684, "4,7": -1.3866557163075184, "4,8": -1.805220313110317, "4,9": 0.7516553732120399, "5,10": 1.8943939216654284, "5,11": 0.9410926352705462, "5,12": 0.4129780327488488, "5,13": -0.547211241334757, "5,14": 1.9161092487456086, "5,15": -0.04742085010443997, "5,16": -1.0535594654099736, "5,17": -1.4949466925132668, "5,18": -1.1503674279500662, "5,19": -0.06611875461442107, "5,6": 0.5009283408048586, "5,7": -1.1832419327028405, "5,8": -0.16430637697642325, "5,9": -0.7036802942155749, "6,10": 0.32997515048568404, "6,11": -0.06520902181808053, "6,12": -1.7536939358861425, "6,13": -1.4399895335705923, "6,14": -0.6732806376903935, "6,15": 0.05538317700519757, "6,16": 1.2209145359903166, "6,17": -1.1950475071268571, "6,18": -1.2703800875953686, "6,19": 0.8943865687961878, "6,7": -1.2375722216077967, "6,8": -0.010140755149593783, "6,9": -1.181647006821136, "7,10": -0.2137325193235573, "7,11": -0.37017320614181504, "7,12": 1.9781005458433443, "7,13": -0.31791102272011384, "7,14": -0.174065112809064, "7,15": -0.9442877929862998, "7,16": 0.1764999077322118, "7,17": 0.16287615731416993, "7,18": -0.20928638412782874, "7,19": 0.6233517766328229, "7,8": -1.4554593668112035, "7,9": 0.47373388053361865, "8,10": 0.46046410936810656, "8,11": 1.6191003234940706, "8,12": -1.6765148807760424, "8,13": -1.9128951564284824, "8,14": -1.06103159459178, "8,15": -1.9213199606225766, "8,16": 1.0137673573419401, "8,17": -1.4385352496021482, "8,18": -0.8394316976162779, "8,19": -0.42420237634522895, "8,9": -0.8363572582437682, "9,10": -0.3265029759497424, "9,11": 1.450703196247614, "9,12": 0.6507589739749533, "9,13": 1.4073875704864447, "9,14": 1.1892570886882226, "9,15": -1.5878572256642136, "9,16": 0.8127498997777782, "9,17": -1.7126110680309719, "9,18": -0.4983123873953752, "9,19": -0.2847262963859021}, "bias": {"0": 0.8417226972705705, "1": 0.06684333047437763, "10": -0.8040288934266808, "11": -0.7556037404058829, "12": 0.06683253128238587, "13": -0.6946661340252129, "14": 0.4475416998945825, "15": 0.03406716628096662, "16": 0.44321957055999683, "17": -0.10344051018934697, "18": -0.6636833380014369, "19": -0.46092609170986143, "2": -0.0012179249804389336, "3": 0.025582887071021743, "4": -0.021696924498853187, "5": -0.5221164372386453, "6": 0.1209452036450529, "7": -0.3251471920543272, "8": -0.5867167696722895, "9": -0.9972157679843583}}