{"Q": {"0,1": 1.5985062762994353, "0,10": 0.706351203198595, "0,11": 1.0101244637090456, "0,12": 0.8302493705997667, "0,13": -1.0657103986885512, "0,14": 0.9489639876173634, "0,15": 0.6439275938273732, "0,16": -0.25657975645691566, "0,17": -1.3986897925561714, "0,2": -1.7902514987675695, "0,3": -1.1326775286260884, "0,4": -0.4788206979370955, "0,5": -1.8786351727128379, "0,6": 1.4369271044776681, "0,7": -0.9554945081244832, "0,8": -1.2375961747004065, "0,9": 0.1553766444432121, "1,10": -1.7065578822589393, "1,11": -1.4109263901416118, "1,12": 0.45398638461981244, "1,13": -0.21025786560498405, "1,14": 1.6959932155733108, "1,15": -0.8070071955005869, "1,16": 1.196115618290189, "1,17": -1.4693065105588303, "1,2": -1.7744229876950453, "1,3": -0.18735526025210447, "1,4": -1.086445851701432, "1,5": -1.7674998791875391, "1,6": -1.131500902707046, "1,7": -1.9760367578860873, "1,8": -0.9262566439909321, "1,9": -1.4122523400902978, "10,11": 0.7418069949720851, "10,12": -1.73136010190023, "10,13": -1.586993442307071, "10,14": 1.3480104727365814, "10,15": -0.25623617010994426, "10,16": 0.2879642484533611, "10,17": -1.0397604509277847, "11,12": 1.7194580873622134, "11,13": -1.5295630472989314, "11,14": 0.7171725574000587, "11,15": 0.9130756566354736, "11,16": 1.1035981340413983, "11,17": -1.5792419171944183, "12,13": -1.0020716223025832, "12,14": -1.4776673565032223, "12,15": -1.4944087844472702, "12,16": -1.9994257080076099, "12,17": 0.8181912761679597, "13,14": -0.7321107245880105, "13,15": -0.2005845186764601, "13,16": -0.8939950171372684, "13,17": 0.5001681290044488, "14,15": -1.0372483412180085, "14,16": 1.3780725454214764, "14,17": 0.8407383907841495, "15,16": 0.7837723014889462, "15,17": -0.14814514067671158, "16,17": 1.0679591746965134, "2,10": -1.7170383389427046, "2,11": -1.4792005789462643, "2,12": -1.6179415956517622, "2,13": 1.6280881214413236, "2,14": -0.8838084808213633, "2,15": 1.24618377995899, "2,16": -0.11224456427359275, "2,17": 1.544611354156881, "2,3": 0.3212568192306926, "2,4": -1.3242729106919722, "2,5": -1.395705236851677, "2,6": -1.0419405053883408, "2,7": -1.288048500736454, "2,8": 0.6356036025560905, "2,9": 0.4934261226411478, "3,10": 1.6108741352666334, "3,11": -1.295347349026168, "3,12": -0.04113812923120008, "3,13": 0.05853869412825352, "3,14": 1.2352616724407315, "3,15": -0.2090788827723027, "3,16": -1.5078615054098377, "3,17": 1.4948199795422688, "3,4": 0.6537288734792153, "3,5": -1.9612728305836948, "3,6": 0.14197806121931134, "3,7": 1.0129302998598275, "3,8": -0.5466623649087858, "3,9": -0.48473879677988085, "4,10": 0.3234658226632292, "4,11": 1.3713063729723567, "4,12": 1.4807821915896913, "4,13": -0.7993018845816642, "4,14": -0.08820987668157043, "4,15": 0.7702044200574094, "4,16": -0.4379917335710122, "4,17": -0.8904716535080661, "4,5": 1.181692937424284, "4,6": 0.9317258616325268, "4,7": -1.9779231108564095, "4,8": 0.5475146477587094, "4,9": 1.3107468309810208, "5,10": -0.565080751163832, "5,11": 1.7560573375107342, "5,12": -0.6931009920117295, "5,13": -1.057713189377794, "5,14": 0.9787453602552789, "5,15": -1.717642164655099, "5,16": -1.3365454984131944, "5,17": -0.8754415013058976, "5,6": 0.7309493692288966, "5,7": 1.1024275313177458, "5,8": 0.9463440174110844, "5,9": -0.3584282035402282, "6,10": 0.32668756621105066, "6,11": 0.1973368899586294, "6,12": 1.4094430524747383, "6,13": 0.6948616105967793, "6,14": 1.3377639138441006, "6,15": -1.9536571295314462, "6,16": 0.22444005674885892, "6,17": 1.7445493644321126, "6,7": -0.01075793129675029, "6,8": 0.32071682135230173, "6,9": -1.0138401666830559, "7,10": -0.3686492025347743, "7,11": 1.2658017102308845, "7,12": -1.0662765773141536, "7,13": 1.314875473698852, "7,14": 1.0233100418839984, "7,15": 1.3141556992606036, "7,16": -0.27751345507391045, "7,17": 0.12477585355025944, "7,8": 1.8922764217103971, "7,9": -1.9122789651253882, "8,10": 1.345823640440185, "8,11": 0.19482917374379216, "8,12": -0.4719088506586586, "8,13": -0.96974619245966, "8,14": -0.8246171321464693, "8,15": 0.06402308644040877, "8,16": -0.10658259211372156, "8,17": -1.8108442114060965, "8,9": -0.9676225162906684, "9,10": -0.10059459032079454, "9,11": 1.7443677526318697, "9,12": 1.0764919949553264, "9,13": 1.2116981310711603, "9,14": -0.9445744301463233, "9,15": 1.6484622285572308, "9,16": 1.665780120051282, "9,17": 1.0172923596363632}, "bias": {"0": 0.9869624759308266, "1": 0.21507920964812932, "10": -0.2176749090565715, "11": 0.882984676027945, "12": 0.5442312450825406, "13": 0.7494368334657395, "14": 0.5824598410670276, "15": -0.770312117835728, "16": -0.8413986130288409, "17": 0.4174581220551763, "2": 0.29316243281419196, "3": 0.8395618470400359, "4": 0.7168307162264531, "5": 0.2530222060542837, "6": 0.6428243857923728, "7": -0.8111452963927588, "8": 0.7877392463506547, "9": 0.979078612159686}}