{"Q": {"0,1": 1.5810339993357245, "0,10": -1.5145250435316475, "0,11": -0.6955491983502347, "0,12": -0.07421978340657054, "0,13": 0.4567347187340114, "0,2": 0.9897916840893703, "0,3": -0.32300818891306715, "0,4": -0.6206501747471518, "0,5": 1.9296216982632042, "0,6": -1.7773830584675494, "0,7": 1.0059889612388813, "0,8": 1.5388049622343392, "0,9": 1.1607809830218412, "1,10": -0.604357138266514, "1,11": -0.6828731258118705, "1,12": -1.048048219577098, "1,13": -0.8345607761464322, "1,2": 1.8918714901861837, "1,3": 1.6377068432984458, "1,4": -1.9624370727563405, "1,5": -1.7620983605048397, "1,6": -1.0470385179690442, "1,7": -1.450278840213782, "1,8": -0.8678284392726665, "1,9": -1.6762818300854518, "10,11": -1.8946606800323078, "10,12": 1.3156515307552983, "10,13": 0.8548924443767003, "11,12": -1.8974721375808343, "11,13": 0.19093113769917602, "12,13": -1.4497758836875456, "2,10": -0.3747502124580109, "2,11": 1.848123578795482, "2,12": 1.6510716616252932, "2,13": -0.1178722796702183, "2,3": 0.493846321035011, "2,4": -0.14088787989832507, "2,5": 0.5778835095837178, "2,6": 0.3384839270124833, "2,7": -0.12446903759403849, "2,8": 1.4952338920248187, "2,9": 1.1781561372852858, "3,10": 0.39361874734515334, "3,11": 1.5976606910421176, "3,12": -1.887401118233274, "3,13": 1.6192991516344266, "3,4": 0.5200906939168477, "3,5": 0.4400753426483548, "3,6": -1.348055408539362, "3,7": -1.5545964811495234, "3,8": 0.057350094114936745, "3,9": -1.1311696339962043, "4,10": 0.04714884427061161, "4,11": -1.6533826258152278, "4,12": -1.426906907649816, "4,13": -1.8696837514366562, "4,5": -0.33070115483615004, "4,6": -0.7386507213118585, "4,7": 0.8811606453510761, "4,8": 1.8505649017626076, "4,9": 0.12298693191101373, "5,10": -1.3844165745813295, "5,11": 0.7175615888671341, "5,12": -1.3605058401517445, "5,13": -0.5150668963861507, "5,6": -0.2915239467354005, "5,7": 1.6948187040331568, "5,8": 0.6509926437155324, "5,9": -1.9632608532341789, "6,10": -1.6661881656618478, "6,11": -1.9960395769267767, "6,12": -0.38296625712558585, "6,13": 0.7973241832787012, "6,7": 0.5074726317805891, "6,8": -1.5350894745269348, "6,9": 0.5767478797317094, "7,10": 0.7882390204954306, "7,11": 1.0717751946862268, "7,12": 1.5938569965570664, "7,13": 0.5671400467209762, "7,8": -1.0302211101249887, "7,9": 0.7439002436830067, "8,10": -1.903797393038717, "8,11": 1.209286877396094, "8,12": 1.72041167359549, "8,13": -0.0522170413626708, "8,9": 1.4444171120798046, "9,10": -1.6776947228637291, "9,11": 1.381276514486077, "9,12": 1.1836164378124003, "9,13": -0.7870188804758511}, "bias": {"0": -0.644710167782599, "1": 0.18730109421650498, "10": -0.2907130476369031, "11": 0.14077043826408842, "12": -0.5154921753352939, "13": 0.3468949572152722, "2": -0.9571364728951695, "3": -0.055430850345651095, "4": -0.10726259957215567, "5": -0.7068577443804622, "6": 0.8640986967227846, "7": -0.6456519702443282, "8": 0.9605176571615563, "9": 0.8095822628712985}}