{"Q": {"0,1": 1.4605659828970388, "0,10": 0.21020249926503576, "0,11": 0.1897254190031381, "0,12": -0.2922714948964966, "0,13": 0.941713957571999, "0,14": 1.8542346090410513, "0,15": -1.6091882922843013, "0,2": -1.7680523356590712, "0,3": 0.31509003806890057, "0,4": 0.8280430930012068, "0,5": 1.8741534755276685, "0,6": -1.9119282437057805, "0,7": 0.37690141449964276, "0,8": 1.3631431491358894, "0,9": 1.6161234854512885, "1,10": -0.43193724402626854, "1,11": -0.5722755689604333, "1,12": 0.7923373400676734, "1,13": -0.11985972891425822, "1,14": 0.9716094666573802, "1,15": -0.13274962057545192, "1,2": -0.03988051827748551, "1,3": 1.000429117173903, "1,4": -1.503721296617714, "1,5": 1.354100190269107, "1,6": 0.8140401924445713, "1,7": 1.0078487420902538, "1,8": 1.7087979270358233, "1,9": 0.2823328615693166, "10,11": -0.6338345936035896, "10,12": 1.784736335996266, "10,13": 1.64110239677732, "10,14": 0.6424947612345351, "10,15": 1.8967736362732301, "11,12": -0.0563585327217786, "11,13": 1.4151213886520062, "11,14": -1.2494004142040893, "11,15": 0.8387947422945419, "12,13": 1.8941597229313776, "12,14": 0.8477172204059351, "12,15": -1.567892542558492, "13,14": 1.781901165868645, "13,15": 1.2567024156344178, "14,15": -1.920912861120195, "2,10": -0.8975576719264229, "2,11": 0.025336804020591686, "2,12": 1.541879453991942, "2,13": -1.1543058665175212, "2,14": -1.2242528211325236, "2,15": -0.8971694674152011, "2,3": -0.3856504363948474, "2,4": -0.3882003542952197, "2,5": -0.7331343985531569, "2,6": 1.5844059295319952, "2,7": 1.8381481608813455, "2,8": -1.4281323467047162, "2,9": 1.984750109557858, "3,10": -0.14200416101263924, "3,11": -0.8022856702558356, "3,12": -1.6736490486383735, "3,13": -0.4001322936732916, "3,14": -0.6022093896958163, "3,15": -1.7442675461555877, "3,4": -0.5178901893913497, "3,5": -1.5020698108105002, "3,6": -0.4728372593055039, "3,7": -1.1347502111005374, "3,8": 1.3507246080795552, "3,9": 1.8295386363684458, "4,10": -0.21258562537151438, "4,11": -0.3269907665726146, "4,12": 0.8234462178111301, "4,13": -0.8610765043091861, "4,14": 0.001735385313532678, "4,15": -0.0637731801905228, "4,5": -1.1593694133273265, "4,6": 0.8432752351260406, "4,7": -1.2688372247593418, "4,8": 1.3060673368500324, "4,9": 1.9963091702022804, "5,10": -1.9305713347796303, "5,11": 0.0574083656639659, "5,12": -0.1882866625194337, "5,13": 1.7111018012765444, "5,14": -1.7045060270382488, "5,15": -1.7720566568591125, "5,6": 0.6563899440679668, "5,7": 1.821313064662414, "5,8": -1.179897718802776, "5,9": -1.7948075003940218, "6,10": -1.3870341370750698, "6,11": 1.5154236236416168, "6,12": 0.2266768507969137, "6,13": 1.5981241442235579, "6,14": -0.05691006670186116, "6,15": -1.0990640072717492, "6,7": -1.5624522180828353, "6,8": 1.2795457206590495, "6,9": 0.13229201662729562, "7,10": 1.4443100460368954, "7,11": -1.3908232846314852, "7,12": 0.4539390662116669, "7,13": 0.3164045464109351, "7,14": 1.833807464218534, "7,15": -0.22370652789560275, "7,8": 1.388428328682565, "7,9": 0.11932981574258639, "8,10": 0.13000324944152464, "8,11": -1.5127066038894266, "8,12": 0.49648623502032674, "8,13": 0.4812382729249247, "8,14": 1.676797528193628, "8,15": -1.1242629594618188, "8,9": -0.8858378224241146, "9,10": 0.41823507751422007, "9,11": -1.5865678018200207, "9,12": 0.44982950746880546, "9,13": 1.7085302396271294, "9,14": 0.4323343426683377, "9,15": -1.8143161620295043}, "bias": {"0": 0.9214604314478707, "1": -0.32275539978478407, "10": 0.5910196865356718, "11": 0.1585649477831692, "12": -0.16083273681246335, "13": 0.39228620992113883, "14": -0.8884730586339056, "15": -0.11945729460314825, "2": 0.4011269240925128, "3": 0.44933147607187873, "4": -0.15292670772971584, "5": 0.9095093958624465, "6": -0.0800690771852639, "7": 0.3947632773481531, "8": 0.9937397030739292, "9": 0.8732005088160391}}