{"Q": {"0,1": 0.06998874549541512, "0,10": 1.6518078742212832, "0,11": -1.6358634876920557, "0,12": 0.9937051149388454, "0,13": -1.2236108336186304, "0,14": 0.819679729858851, "0,2": 0.5248903052629266, "0,3": -0.14480084117660708, "0,4": 1.020837390439342, "0,5": 0.9068004632698692, "0,6": -0.11829405601507803, "0,7": -1.6292639322098723, "0,8": -0.5048511908687696, "0,9": 1.4824044587617595, "1,10": -1.524151986969506, "1,11": 1.5097626790510859, "1,12": 1.747215904933519, "1,13": 0.9982641235875152, "1,14": 1.6891674550544238, "1,2": 0.4218770318190157, "1,3": 0.32017567195269514, "1,4": -0.27742989784058336, "1,5": -0.876639436925009, "1,6": 0.5112250380303669, "1,7": -1.0809978078982407, "1,8": -0.8996963245633331, "1,9": -0.34649964088808316, "10,11": -1.0012460242285397, "10,12": 0.4608713431524101, "10,13": 0.12508203091752135, "10,14": 1.2199721458020463, "11,12": -1.1307005192681778, "11,13": 1.5185119104422, "11,14": 1.3072618036838284, "12,13": -0.866054294638384, "12,14": -1.6307215904387338, "13,14": -1.5038276068063587, "2,10": -1.1830072365701336, "2,11": 1.0148861209440034, "2,12": 1.6047125998996639, "2,13": -1.5901246794747608, "2,14": 1.817546423693996, "2,3": -1.2723109930407333, "2,4": -1.7548760924639293, "2,5": 1.5536481937975504, "2,6": 0.3040120849422916, "2,7": -1.0076215390552785, "2,8": -1.4544500032627754, "2,9": 0.724928702118234, "3,10": -0.5470117557237506, "3,11": -0.3692412448123803, "3,12": -0.4403201055350765, "3,13": -0.18965991729231924, "3,14": -0.05755991624375634, "3,4": -0.11734090230385252, "3,5": 1.407119595698557, "3,6": -1.1083666966229426, "3,7": -0.003269492877674196, "3,8": 0.20645437226497299, "3,9": -0.5789257852735545, "4,10": -0.6966826624121127, "4,11": -0.8232520625119242, "4,12": -0.5763039165969941, "4,13": -0.20663270660346678, "4,14": 0.3577454639398523, "4,5": 0.6786137551691103, "4,6": -1.494633196295867, "4,7": -0.6642704387150062, "4,8": -1.9632270715575308, "4,9": 0.43722550748801137, "5,10": 1.3037952062024267, "5,11": -1.773003169587862, "5,12": 1.6314877524706777, "5,13": 0.6355583426129439, "5,14": 0.8701854288639863, "5,6": 1.2061205388877028, "5,7": 1.1807829553248523, "5,8": 0.4623245641774396, "5,9": 1.996254949380313, "6,10": 0.5742271480940624, "6,11": 1.4840539228225138, "6,12": -0.6146083729704621, "6,13": 1.791678700171488, "6,14": 0.8030100434392273, "6,7": -0.2584813642166557, "6,8": 1.6217769265975859, "6,9": 0.4728386838652723, "7,10": 1.9765738545895433, "7,11": 1.2306548173654872, "7,12": 0.6527491846037532, "7,13": 0.3795993202098811, "7,14": 1.2366243519975466, "7,8": 1.7314232730588257, "7,9": -1.064199342523637, "8,10": -1.4064334562103151, "8,11": 1.269583772351087, "8,12": 0.014833808463714071, "8,13": 1.1894529395719298, "8,14": -1.729995373395738, "8,9": 0.19584958175293243, "9,10": 1.8094488331885996, "9,11": -0.6179105443418411, "9,12": -0.2544466222669204, "9,13": -1.1114729475858907, "9,14": 1.322318685050334}, "bias": {"0": 0.9683590772904216, "1": 0.9587666745533543, "10": 0.2192225664712697, "11": 0.4945039148145427, "12": 0.8683907589242796, "13": 0.38923356821957467, "14": -0.5604826664152709, "2": -0.7379973254472563, "3": 0.6361471591125407, "4": 0.09691715525114919, "5": -0.319382689141533, "6": -0.3900960422140203, "7": -0.6936181306221796, "8": -0.3064861797525271, "9": 0.3522769105738017}}