{"Q": {"0,1": -0.4594597264586904, "0,2": 0.2432519475909638, "0,3": 1.709876630519196, "0,4": 0.33684787933543525, "0,5": 1.9419545188159457, "0,6": 1.099651668711871, "0,7": 0.5550717156333578, "0,8": 0.06166259899768711, "1,2": -0.5552732500693414, "1,3": 1.4487366292638533, "1,4": 0.36829591396711736, "1,5": 1.828145408674927, "1,6": -1.0096613039570044, "1,7": 1.4238295287820408, "1,8": -1.2794542332919243, "2,3": 0.2201022342104424, "2,4": -0.45050511232020796, "2,5": -0.13413454826685856, "2,6": -0.2530401673874967, "2,7": -1.8362141271150083, "2,8": 0.17716388745550526, "3,4": -1.3674948699945073, "3,5": 0.883823677899457, "3,6": 0.291666201387478, "3,7": 1.7410815077233623, "3,8": -1.1117864467399419, "4,5": -1.7972080580481964, "4,6": -1.3637020657138677, "4,7": 1.6538695269550043, "4,8": 0.5395995223726979, "5,6": -1.9605962335719127, "5,7": 1.4968567007890927, "5,8": -0.49186242105191313, "6,7": 0.9590227032142731, "6,8": 0.8998970295156292, "7,8": 1.8572763474453446}, "bias": {"0": -0.5418808689743542, "1": -0.8646631605122312, "2": -0.34398212895361135, "3": 0.11871876777754076, "4": -0.06885471835278034, "5": -0.8354830258378401, "6": 0.021131062907939313, "7": 0.18935017117736308, "8": 0.44150826255920705}}