{"Q": {"0,1": 0.9605028846117563, "0,10": 1.078039053184003, "0,11": -0.35236221700511994, "0,12": 1.245969835842982, "0,13": -0.17824762805149197, "0,14": -0.16392211616881225, "0,15": -0.8682396223600772, "0,16": 1.1834802891164822, "0,17": 1.1852218780702657, "0,18": -1.8159044988263062, "0,2": -1.304580273728936, "0,3": -0.16100408339134376, "0,4": -0.7614651649677406, "0,5": -0.17659590564718464, "0,6": 0.9248028374418609, "0,7": 0.4161795536903883, "0,8": 1.0802673072102045, "0,9": -0.13658469532014905, "1,10": 1.7659805171021419, "1,11": -1.633367267565517, "1,12": 1.3636529673573765, "1,13": 1.3104889407000733, "1,14": 1.0729599406152395, "1,15": 0.9373417914737403, "1,16": 1.368002769179554, "1,17": -1.592602252363588, "1,18": -1.3378192101835698, "1,2": -1.1731376979461179, "1,3": 1.0287231552807148, "1,4": -1.4373977277619474, "1,5": -1.4254302472644569, "1,6": -1.6285515455365691, "1,7": 0.7844238247133539, "1,8": -0.2955429222395005, "1,9": -1.3583145681999378, "10,11": -0.7921328255620885, "10,12": 1.452225270408805, "10,13": -0.4622644819388415, "10,14": -0.9557425685566012, "10,15": 0.588270049444561, "10,16": 0.06097213522014533, "10,17": -1.6963195655467938, "10,18": 1.4530271615021748, "11,12": 1.7959936924485436, "11,13": -0.03274200670670169, "11,14": 0.5426571487191816, "11,15": 0.9505716222393628, "11,16": 0.4846463809212427, "11,17": -1.5051888759773262, "11,18": 0.5053495866200919, "12,13": -0.49213448449162467, "12,14": -0.022897431141070346, "12,15": -1.1839072490464262, "12,16": 0.23925524053627845, "12,17": 0.636654447957588, "12,18": 0.9075820467251008, "13,14": 0.5199210800767471, "13,15": 1.6595077637135085, "13,16": 0.318038259817095, "13,17": 1.9564234301380488, "13,18": 0.8474307605127369, "14,15": 1.1803275560879607, "14,16": -0.6806880040242835, "14,17": 0.3740309236053809, "14,18": 1.9461605588474056, "15,16": 0.39565305108232396, "15,17": 0.6809557558066901, "15,18": 0.6004867662576925, "16,17": -1.8211989943018745, "16,18": 1.131190215165839, "17,18": -1.012504659043442, "2,10": 1.6791159250996297, "2,11": 1.1614390019727558, "2,12": 0.7699078210906856, "2,13": 1.4461244729699971, "2,14": -1.0419793688666155, "2,15": 0.26114278081913334, "2,16": 1.555006449418526, "2,17": 0.7477177952607663, "2,18": -0.07196072939306974, "2,3": 1.5284739148861672, "2,4": -0.398539919353726, "2,5": 1.8080922654306328, "2,6": -1.9152447774633514, "2,7": -1.812247499378838, "2,8": -0.2488859466806539, "2,9": 0.7336130936591911, "3,10": -0.6833207789083007, "3,11": 1.613353258993366, "3,12": 0.7700809701908411, "3,13": 0.42624862166253763, "3,14": -0.005121460389056143, "3,15": 1.4761382790281, "3,16": 1.7904825951145842, "3,17": 0.45895303529509635, "3,18": -1.7329350478438923, "3,4": 0.56176272833001, "3,5": -0.973647367998697, "3,6": -0.17571794429437482, "3,7": -0.3228735005425607, "3,8": -1.149354476182006, "3,9": 0.22160024898823938, "4,10": -1.5349329319213627, "4,11": 0.10682139286821091, "4,12": -0.5733185187831111, "4,13": 0.4715201212444504, "4,14": 1.3894055980766202, "4,15": -1.186646074819441, "4,16": 1.4958527417124543, "4,17": 0.36729213580514575, "4,18": -0.7339077661353768, "4,5": 1.590240702298357, "4,6": -0.8309235328084954, "4,7": 0.7933657405148802, "4,8": -0.40828393545991215, "4,9": 0.5536205946307557, "5,10": 0.42056992754693656, "5,11": -1.7690740260849953, "5,12": -0.34591866266518334, "5,13": 0.07181848765384302, "5,14": 1.9310031885586607, "5,15": 0.10881957485842486, "5,16": 0.9092931923434975, "5,17": 1.903319820114607, "5,18": -1.0486000948467136, "5,6": 0.8767924213702725, "5,7": 0.5678809680018881, "5,8": -1.0605992218517528, "5,9": -0.7784916911300384, "6,10": 1.5217718685056836, "6,11": -1.4705030945514874, "6,12": 1.8781409619371296, "6,13": 0.08280165435024234, "6,14": 0.6105976875581001, "6,15": -0.8936444564076407, "6,16": 0.24354855071089565, "6,17": -0.5431395537472796, "6,18": 1.251663727925171, "6,7": 0.16417923838267567, "6,8": 1.256967446021013, "6,9": 1.5987906154193472, "7,10": -0.30644539226411993, "7,11": -0.5107874982689453, "7,12": -1.7197524170813305, "7,13": 1.6916870092105398, "7,14": 0.899680462144155, "7,15": -1.6588358858956154, "7,16": -1.4234692597651932, "7,17": -0.7099390818854374, "7,18": 1.7694026188580643, "7,8": 0.5583702795926637, "7,9": -1.371438829495867, "8,10": -0.5129827014703174, "8,11": 0.8070789170293033, "8,12": 1.0144786838471074, "8,13": -1.5603604871168706, "8,14": 0.9610690357263647, "8,15": 1.9469864487706565, "8,16": -0.7181571226165842, "8,17": 1.856181723731528, "8,18": -0.22711925475455308, "8,9": 1.657280988479077, "9,10": 1.5041433956712567, "9,11": -0.7689654021635794, "9,12": -0.8757169414050532, "9,13": -0.9859860196491215, "9,14": 1.3484518122477165, "9,15": -0.10193897322496825, "9,16": 1.3120599629575551, "9,17": -0.33262795921638677, "9,18": -0.8924771496677746}, "bias": {"0": -0.3091579040717942, "1": -0.47884705529527016, "10": -0.24722532025019195, "11": -0.3515786847540938, "12": 0.01925596963416565, "13": 0.4123632321708621, "14": 0.4756340219684225, "15": 0.7125940250392662, "16": 0.5427266388245064, "17": 0.8764267272927895, "18": 0.8402917090849893, "2": 0.41045871165344083, "3": 0.5084603277177526, "4": 0.4515129585946549, "5": -0.49019735715966095, "6": -0.264848675647136, "7": -0.5353430664583059, "8": 0.28127490188975623, "9": -0.7828576901787028}}