{"Q": {"0,1": 0.55156438266844, "0,2": -1.1569307852129511, "0,3": 1.090807377768717, "0,4": 0.6204968341657131, "0,5": 0.17797996329080412, "0,6": 0.9403285977981435, "0,7": 1.4724033758991464, "0,8": -1.4306035824874654, "0,9": 1.3137318290984066, "1,2": 1.215130373148967, "1,3": 1.6056896266197946, "1,4": 0.2472693309326801, "1,5": -1.2491991206704203, "1,6": 1.5566545169890045, "1,7": 0.9633804641598727, "1,8": -1.5528822630735846, "1,9": 1.5018112356135278, "2,3": 0.6750724980524754, "2,4": -0.9938897946402165, "2,5": 1.5156549831787434, "2,6": -1.7445181805078902, "2,7": -0.31482439015369046, "2,8": -1.5253085197428762, "2,9": 1.377428534691524, "3,4": 1.651645522346635, "3,5": -0.5978234318856601, "3,6": -1.561134421039477, "3,7": 1.2084934595774413, "3,8": 0.741603387225624, "3,9": 0.7122478497956322, "4,5": -0.931136176170825, "4,6": 1.7307148308486222, "4,7": -1.7002548710835694, "4,8": 0.9959033390817673, "4,9": -1.8843777041579601, "5,6": -0.9178838123500563, "5,7": 1.5937196041638244, "5,8": 1.9039541993309932, "5,9": 0.9175352733668802, "6,7": 1.0281921819986368, "6,8": -0.6314804139476857, "6,9": 1.7488106666714924, "7,8": 0.1021207188570461, "7,9": -1.3511077345082305, "8,9": 0.23218680172121697}, "bias": {"0": -0.08198895396747186, "1": 0.8892902088948296, "2": 0.41418884228897634, "3": -0.6432125122294785, "4": 0.9831087012276585, "5": -0.9061951899133835, "6": 0.36127569044679353, "7": -0.5856513413039997, "8": -0.5621804256176164, "9": 0.15123387232796826}}