{"Q": {"0,1": 0.3684309808488897, "0,10": 0.6708706480076283, "0,11": -0.3241208918029934, "0,12": 1.840539101653019, "0,13": 0.6963775077990757, "0,14": 1.061180858603524, "0,15": 0.2753959229550742, "0,16": 0.9009812910505808, "0,17": -0.0065688115345721165, "0,2": 1.8110521321263473, "0,3": 1.1316680486530926, "0,4": -1.7396584591142532, "0,5": -0.9336575318402822, "0,6": 0.43251667661588034, "0,7": -1.1796479969427294, "0,8": 1.8589659677168604, "0,9": -1.556194161309778, "1,10": -1.3301516368493003, "1,11": 1.901501744048975, "1,12": 0.017166483371228836, "1,13": -1.0291764365950047, "1,14": -0.9560128984452225, "1,15": -1.596541770719352, "1,16": -0.6868942775201554, "1,17": 0.6958714286376035, "1,2": -1.220922971058334, "1,3": -0.7460261552160765, "1,4": -1.2868494025144313, "1,5": -1.539744348586284, "1,6": 1.1545493229115444, "1,7": -1.2640985669347597, "1,8": -0.46825445181819036, "1,9": 0.5175403126495444, "10,11": 0.8678862402603609, "10,12": -0.788862233597325, "10,13": -1.7826543895523286, "10,14": 0.8455647306489595, "10,15": 0.49013793992536403, "10,16": 0.39385962902640825, "10,17": -0.7632432816710519, "11,12": -0.8087032357474366, "11,13": -0.9556673700186655, "11,14": -1.7436709017972816, "11,15": 0.19347100435105746, "11,16": 1.9977397645335744, "11,17": -0.1572798372633426, "12,13": 1.9493638092607974, "12,14": 1.7064467488334074, "12,15": 1.6170890001345293, "12,16": 1.5999992480002434, "12,17": 0.6110044547991285, "13,14": 1.7681060243768396, "13,15": -1.11015155405837, "13,16": -0.653031770367805, "13,17": -0.49358935691711947, "14,15": 1.8426475596226952, "14,16": 1.5342922345257222, "14,17": 1.866836520355148, "15,16": 0.04801151206194154, "15,17": 0.6229178391188075, "16,17": -1.8646526345035093, "2,10": -0.7612387078246146, "2,11": -1.971051244517433, "2,12": -1.6360414585968224, "2,13": -0.39297021838483337, "2,14": 1.186774479612498, "2,15": -0.7778436499442103, "2,16": -1.3046549508498204, "2,17": 0.33805606789909426, "2,3": -0.41443481696614803, "2,4": -1.6557029757796835, "2,5": 0.2769851253326623, "2,6": -0.3237118912836836, "2,7": -1.1315091729349347, "2,8": 1.1212213620296083, "2,9": 0.6541129288746697, "3,10": -1.0358136180937416, "3,11": 0.35035993381241193, "3,12": 0.24530921463102517, "3,13": -1.8720904974879269, "3,14": -0.7666348394596625, "3,15": 0.525256891996706, "3,16": -1.180948041431432, "3,17": 0.1173726941414559, "3,4": 1.3073000688346612, "3,5": -0.36236723089416234, "3,6": -1.676115655180959, "3,7": -0.8251497495234288, "3,8": 1.3028052095396512, "3,9": 1.0743399537773017, "4,10": 0.9036879792082111, "4,11": 1.1386092298278685, "4,12": 1.2314299083252664, "4,13": 1.2850542835475367, "4,14": -1.2271163628271173, "4,15": -0.22898558641873556, "4,16": 0.7712146669868223, "4,17": 1.2329790290082028, "4,5": -0.18934721071242366, "4,6": -0.8751340132085863, "4,7": -0.7669225407833431, "4,8": 0.7042791710275074, "4,9": -1.0440579844399407, "5,10": -1.8647433770333848, "5,11": 0.6458449630489964, "5,12": -1.0218579477441039, "5,13": 1.3357086684542563, "5,14": 0.0025111821977947812, "5,15": 1.9934205244023313, "5,16": 0.7284732849055575, "5,17": -1.4518671016544324, "5,6": 0.07637364386887091, "5,7": -0.5192949997765619, "5,8": -1.7154230499377952, "5,9": -0.8088836981559102, "6,10": 0.11736130254553512, "6,11": -0.5029742917220692, "6,12": -0.2402463443534013, "6,13": -1.3573369232979857, "6,14": 1.9874134643688186, "6,15": 1.9344402275913666, "6,16": 1.0143755007978568, "6,17": -0.43679996732973336, "6,7": 1.8111389029732572, "6,8": -0.7874980492150678, "6,9": -1.6148202465322874, "7,10": -0.49223457660870995, "7,11": 0.7131877247727676, "7,12": 1.2651341766157498, "7,13": 1.9784626293269358, "7,14": 0.1671301316063043, "7,15": 0.18366992094943102, "7,16": -0.9906805310487949, "7,17": 0.22090030662226878, "7,8": 0.04566238750861551, "7,9": -1.135240638375437, "8,10": -1.8176134484586544, "8,11": -0.7081134795143385, "8,12": 1.8359511962027901, "8,13": -0.044263228579491276, "8,14": -1.7985868123478288, "8,15": 0.9690264892146616, "8,16": -1.8111303965483314, "8,17": -1.2644152428453332, "8,9": 1.55075996083047, "9,10": -1.191197338581611, "9,11": -0.2090788501626637, "9,12": 1.7979848212006568, "9,13": -0.24088128532582775, "9,14": -1.5254246555688113, "9,15": -1.5805236183256919, "9,16": 0.675977525158447, "9,17": 0.7431031924453126}, "bias": {"0": 0.7563151900645924, "1": -0.23165417556919898, "10": 0.6810693191812804, "11": -0.6106070358501121, "12": 0.148801684162438, "13": 0.28813880342337317, "14": 0.8567651730017347, "15": -0.7444141229829286, "16": -0.7104011195738491, "17": 0.5443308637754862, "2": -0.08335853986612696, "3": 0.8996819838444752, "4": 0.3497014300412584, "5": -0.030689084472215633, "6": 0.8084662279229151, "7": -0.0076904465569274105, "8": -0.7394766076795207, "9": -0.9226576521999212}}