{"Q": {"0,1": -1.4838042006915466, "0,10": 1.7876348049459558, "0,11": 1.3469546257493161, "0,12": 1.108200128805461, "0,2": -0.7620620865017242, "0,3": 1.2369576461170189, "0,4": -1.8183110727835077, "0,5": -0.5711693581234747, "0,6": 1.5923902763533464, "0,7": 0.6953571896098873, "0,8": 1.4375414369350445, "0,9": 0.8807857551919933, "1,10": 1.39654567315525, "1,11": 1.4166872544535876, "1,12": 0.8475403814246589, "1,2": 1.1164596082318137, "1,3": 1.4418728556975253, "1,4": -1.726518568565706, "1,5": 0.44914631324588683, "1,6": 1.068813264299219, "1,7": 1.8466182303526715, "1,8": 1.888428489600516, "1,9": -1.5253288343629636, "10,11": 0.5396684526516058, "10,12": 1.407303884069167, "11,12": 0.908943246036658, "2,10": 0.40602277294488154, "2,11": -1.753540951879455, "2,12": -1.8008665198027742, "2,3": 0.4141652436426022, "2,4": 0.024282394960801312, "2,5": 0.3612241431081977, "2,6": -1.4005337302038425, "2,7": -0.5588358909286755, "2,8": 1.5833803480689976, "2,9": -0.39861722455602466, "3,10": -0.6333943107510351, "3,11": 1.1392842252354178, "3,12": 0.09980173181819518, "3,4": -1.0140435258775855, "3,5": 0.19393922798023455, "3,6": -1.2460082923957025, "3,7": 1.9988424719196076, "3,8": 1.9179898365069699, "3,9": -1.9675230860278528, "4,10": -0.49579611609305596, "4,11": -1.3971055187971007, "4,12": 0.5910617455174143, "4,5": 0.9467327674275339, "4,6": -1.605766063764555, "4,7": -0.40525649641658434, "4,8": -0.4165570717398084, "4,9": 1.7267197379834842, "5,10": -1.32069305877279, "5,11": -0.11464371665203066, "5,12": -0.09026091415251125, "5,6": -0.2364780716439001, "5,7": -0.3087110044814154, "5,8": 1.565998302794462, "5,9": -0.47509602740496515, "6,10": 0.3254868012670942, "6,11": -1.5760298276212943, "6,12": -1.7899189939938305, "6,7": -1.9377410834448088, "6,8": -0.7975602608504646, "6,9": -0.07356002193565647, "7,10": 1.4277001065662605, "7,11": -1.0682150577301632, "7,12": -0.5042167005762876, "7,8": -0.845193334109605, "7,9": 1.1457756886928285, "8,10": -1.2472222839697964, "8,11": -0.22510783252838928, "8,12": 0.522624551560074, "8,9": 1.7149433187569434, "9,10": -0.48108081041642814, "9,11": 1.5345265421407754, "9,12": -0.21091327083512645}, "bias": {"0": -0.5585649761319904, "1": 0.5725612928117889, "10": -0.9460130916922822, "11": 0.2672870018987492, "12": 0.12199842299668995, "2": 0.5231929252513272, "3": 0.8068706102337089, "4": 0.9299627492459734, "5": -0.6939470172432756, "6": -0.09504829116190927, "7": -0.39228433068132484, "8": 0.8081997662623268, "9": -0.3933640106624625}}