{"Q": {"0,1": 1.030597433815947, "0,10": 0.5983238900888388, "0,11": 0.0053523784086140225, "0,12": 0.5357722039809225, "0,13": 0.17188416853212152, "0,2": -1.402053532768385, "0,3": 1.1604984646769267, "0,4": 0.7302706707500475, "0,5": -0.01593761667495519, "0,6": -1.9875859269588108, "0,7": -0.011974714686075583, "0,8": -1.2367020036859344, "0,9": -0.7320603456797175, "1,10": -1.705776828850845, "1,11": -1.6647823664861874, "1,12": -1.0439282559994587, "1,13": -1.7972985217158692, "1,2": -1.7428971757728613, "1,3": -1.8387357504287696, "1,4": -0.5396081506272399, "1,5": -0.9867230006433978, "1,6": -1.681104072876527, "1,7": 1.1611077710199225, "1,8": 1.0664246265795851, "1,9": 0.37149405143046543, "10,11": -1.5078000796016142, "10,12": -0.5796281771177609, "10,13": 1.6212005856622551, "11,12": -1.329321309862208, "11,13": 0.7875121907639597, "12,13": 0.5809406104161043, "2,10": -0.1428243602673427, "2,11": -1.9097740202735203, "2,12": -1.9037266050894743, "2,13": -0.37949415185449853, "2,3": 1.1178123391663837, "2,4": 0.28655939896307503, "2,5": 1.778467911549511, "2,6": -0.9108472177472344, "2,7": -1.2244769972961111, "2,8": 0.1007137184905722, "2,9": 1.8118724664199446, "3,10": -1.0683003533670092, "3,11": -0.8408780076191471, "3,12": 1.971071601388128, "3,13": 0.7683755276928133, "3,4": -1.8518364566486998, "3,5": 1.6022727264187102, "3,6": 0.7861784219275574, "3,7": -1.6694311597308542, "3,8": 0.20234784498329672, "3,9": -0.7486854454165215, "4,10": 1.710893563640815, "4,11": 1.4804163824735257, "4,12": 0.7028881611549846, "4,13": 0.5838840984210378, "4,5": 1.5758237030593132, "4,6": -1.2787180651656613, "4,7": -0.6092796217570116, "4,8": -1.6628199106626491, "4,9": 1.4949380277759907, "5,10": 0.37841647627179764, "5,11": 0.7152401196086227, "5,12": 0.9867949200154986, "5,13": -1.4368910727743165, "5,6": 1.5651313698479594, "5,7": 1.011085388420189, "5,8": -0.2391534266847306, "5,9": 1.7509334262448002, "6,10": -1.9674486155617545, "6,11": 0.9899466881043346, "6,12": -1.3588672044557262, "6,13": -1.5150956108554872, "6,7": -1.4208240577590558, "6,8": -0.48140000130161553, "6,9": 0.3562345712078123, "7,10": 1.5531618585885627, "7,11": -1.405982502367522, "7,12": -0.7297061558834628, "7,13": 1.144466775840173, "7,8": 1.4355218906358296, "7,9": -1.9926717113584336, "8,10": -0.8059112020184984, "8,11": -1.7542556670612481, "8,12": -1.2087760052994692, "8,13": -0.8754116182764768, "8,9": -1.78865653246174, "9,10": 0.673373749218388, "9,11": 1.8682031894900137, "9,12": 1.7014844418177644, "9,13": 0.5864739170686315}, "bias": {"0": -0.8887122755759105, "1": 0.9247189575694454, "10": 0.3603471365642643, "11": 0.3649202242806173, "12": -0.26602585115008415, "13": 0.5521328074496679, "2": 0.6270400418537159, "3": -0.08200120867406913, "4": 0.9682285363443635, "5": -0.12247559046451917, "6": 0.048502801118214034, "7": 0.7633868301433886, "8": -0.8181600570197121, "9": -0.4480661270895976}}