{"Q": {"0,1": -0.8294766238405962, "0,10": -0.4699719676119658, "0,2": 1.7968388645358124, "0,3": -1.4138479912850745, "0,4": -0.8507341228820087, "0,5": 1.7786178657340947, "0,6": 0.6555382410054835, "0,7": -0.31209728249471524, "0,8": 1.1070280781876418, "0,9": -0.919669776055855, "1,10": -1.2791661403341341, "1,2": 0.11445401752385731, "1,3": 1.255913774340006, "1,4": -1.6117342860805977, "1,5": 1.6899206772728905, "1,6": 0.7015428083884374, "1,7": -0.44466173950488175, "1,8": -1.540983657864686, "1,9": -1.121051221156534, "2,10": 0.42705494752784867, "2,3": 0.315906411389685, "2,4": -0.6340400602530663, "2,5": -0.5760205948901893, "2,6": 0.7837280901055061, "2,7": -0.5779512382822065, "2,8": 1.6483975714971386, "2,9": -0.01339417973881929, "3,10": -1.6116296907660583, "3,4": 1.041067227428806, "3,5": -1.4586222305838459, "3,6": 1.1779707529451455, "3,7": 0.025772687323167176, "3,8": 0.735291231412381, "3,9": 1.334283363512959, "4,10": -1.160506142896784, "4,5": 1.3090038134996989, "4,6": -0.1283969883077658, "4,7": -1.2226801698267242, "4,8": -1.474342356336019, "4,9": -1.4794706128444814, "5,10": 0.373403610270846, "5,6": 0.5960490544477159, "5,7": -0.9429001738781642, "5,8": 0.04950607823266706, "5,9": 0.9269860738334597, "6,10": -1.362560498768564, "6,7": -0.895141505397373, "6,8": -0.7901217839770096, "6,9": -0.5037401331979403, "7,10": -1.447508821614929, "7,8": -1.5834503659256671, "7,9": -1.496654213199383, "8,10": 0.4104543089797028, "8,9": 0.807238832507291, "9,10": -0.1773894976203203}, "bias": {"0": -0.7132172273502668, "1": -0.60385704673608, "10": 0.8323192352456363, "2": -0.10318843700545366, "3": 0.2934649484124907, "4": -0.9539262747450385, "5": 0.46907050963801833, "6": 0.3704711509274605, "7": -0.5169630895398227, "8": -0.7240205574969147, "9": 0.7879908020106887}}