{"Q": {"0,1": 1.7910764966852901, "0,10": -1.762909252515485, "0,11": -0.6202986387156209, "0,12": 0.26060668605415005, "0,13": 0.7305987811874104, "0,2": 1.0316909837261892, "0,3": 1.1039263206185481, "0,4": 0.0835116630278554, "0,5": 1.1517009589516363, "0,6": -1.140003975951481, "0,7": 0.28917281591628585, "0,8": 1.2831417022654712, "0,9": 1.7348836806203, "1,10": -1.3297078177450148, "1,11": -0.25645521267743066, "1,12": -1.2597597541304144, "1,13": -1.1949280892075556, "1,2": 0.7957091241901781, "1,3": 1.5126735282064216, "1,4": 0.3486477925291003, "1,5": -1.9799070837705548, "1,6": 1.1789087713925235, "1,7": -0.9061525081485464, "1,8": 0.3381344908759547, "1,9": 0.8429470367519034, "10,11": 0.1454162110476731, "10,12": -1.676659096217045, "10,13": 1.2185718813719388, "11,12": 0.5569213818909229, "11,13": 1.4962436404385548, "12,13": 0.9578866559824233, "2,10": 1.4174646701277114, "2,11": 1.77734960035832, "2,12": -0.16472028144740847, "2,13": -0.7968325564774279, "2,3": -1.0437282479469614, "2,4": -0.946021102084087, "2,5": -1.6524952735008247, "2,6": 0.4149581314769022, "2,7": 1.0995470335462332, "2,8": -1.4247449684053062, "2,9": 1.5002960748412404, "3,10": 1.1387837305162725, "3,11": 0.18838522832153082, "3,12": -0.9742031971918261, "3,13": -0.25800016190764596, "3,4": -0.6375956732629984, "3,5": 0.6448478576787826, "3,6": -0.628718120254701, "3,7": 1.3829256806217693, "3,8": -1.9985097366558442, "3,9": -0.8119867958539198, "4,10": 1.985603825500268, "4,11": -0.7174216746542821, "4,12": 0.4702927596456803, "4,13": 0.8596365724629509, "4,5": 0.587374251456704, "4,6": -1.1271853915328105, "4,7": 0.44542460389037464, "4,8": -0.05347923931284848, "4,9": 1.5838488966128201, "5,10": -0.03774837344476989, "5,11": -0.02929389157445028, "5,12": 1.9097928827293584, "5,13": -1.3000513923321058, "5,6": -1.1877001570665873, "5,7": -0.8095702987189375, "5,8": -0.39970806602354436, "5,9": 0.24218107350562734, "6,10": -0.7082350355686136, "6,11": 1.3193641037022075, "6,12": -1.848562243198217, "6,13": 1.008664710698247, "6,7": 0.4682560217310603, "6,8": -1.635058922011083, "6,9": 1.8442024879114896, "7,10": -0.9821503709576098, "7,11": 0.9319854561725083, "7,12": -0.08021994394991117, "7,13": 0.5137467203649311, "7,8": -1.2394278318569931, "7,9": 0.1491999395962056, "8,10": 0.9726914389022494, "8,11": 1.8133062873328112, "8,12": 0.03434282188840321, "8,13": 1.7533611316015354, "8,9": 1.3431769343888322, "9,10": 0.5351821294777119, "9,11": 0.9386954997481927, "9,12": -1.7075644913276702, "9,13": -0.7179235075331629}, "bias": {"0": 0.10817139346934712, "1": -0.5918574856485981, "10": 0.3193892415223605, "11": -0.31542158123964015, "12": 0.5240445618006184, "13": 0.2510858572579546, "2": -0.338217840077242, "3": 0.7783157349010499, "4": 0.3419106549975359, "5": -0.7921720224064297, "6": -0.584929293758012, "7": -0.9860718211836772, "8": 0.8688595695726373, "9": -0.25640839497277934}}