{"Q": {"0,1": 1.1695828249181526, "0,10": -1.8995630751618129, "0,11": -0.058891148418672046, "0,12": 1.3293512107658048, "0,2": 1.0429137207173076, "0,3": 0.6432095565514757, "0,4": 0.7577673117964432, "0,5": 1.9521755634510556, "0,6": -1.3032136117333653, "0,7": 1.2956656431142335, "0,8": -0.20069592449679785, "0,9": 0.9054082223283104, "1,10": 1.5628479974788019, "1,11": -0.04224175604364877, "1,12": 1.92566104026458, "1,2": -1.547307421961524, "1,3": 1.5445028053349672, "1,4": 0.8969845112109693, "1,5": 1.1554765432997995, "1,6": -0.9053763319986499, "1,7": 1.1181388523669225, "1,8": -1.70356167050556, "1,9": -0.8315692652579831, "10,11": -0.8207761011771337, "10,12": -0.75585718934573, "11,12": -0.01067792903957887, "2,10": 0.5646084986545405, "2,11": -0.7530898800396204, "2,12": -0.4906631777035684, "2,3": 1.3765992550740345, "2,4": -1.9852476329601463, "2,5": 0.8017018097418345, "2,6": -1.6296744979263722, "2,7": 1.4973600076799793, "2,8": -0.3629985945378884, "2,9": 0.5252138020964785, "3,10": 0.5770251307663488, "3,11": -1.5411545082145572, "3,12": -0.14236364367197885, "3,4": 0.9599957515784721, "3,5": 1.1300745420974736, "3,6": -0.984654392687693, "3,7": 1.876918950006854, "3,8": -0.890872012744254, "3,9": 0.35242578617630116, "4,10": -1.1225698912335424, "4,11": 1.4825979241363223, "4,12": 1.8261800662953895, "4,5": 0.4926595423346827, "4,6": 1.2350249496247292, "4,7": -1.2172583030804005, "4,8": 1.4141839935776468, "4,9": 0.4228422071211555, "5,10": 1.0950600229206247, "5,11": -0.6570871243462784, "5,12": 1.8919192246795649, "5,6": 0.3574441542165707, "5,7": 0.7550152017159824, "5,8": -1.3272976201475912, "5,9": -0.7696777956041476, "6,10": -1.2680205731330112, "6,11": -1.386044077747084, "6,12": -0.2940361879071598, "6,7": -0.276768289746153, "6,8": -0.15271096533656658, "6,9": -1.6678620923780687, "7,10": -1.8014822660969787, "7,11": -0.39635494879931255, "7,12": 1.9601169893401216, "7,8": -0.4675706862751663, "7,9": 1.457023618516959, "8,10": -1.4534379991491795, "8,11": 0.7478164864857457, "8,12": 0.7610838632594223, "8,9": -1.8959767595581494, "9,10": -1.1374600552182486, "9,11": -1.7869046404100986, "9,12": 1.9616013061534847}, "bias": {"0": -0.4580438951802499, "1": 0.831054532511629, "10": -0.1269203742651901, "11": -0.05987233951040327, "12": 0.511143511121225, "2": -0.5740579010342186, "3": 0.013104707541367722, "4": -0.24491907622370346, "5": -0.252946823440781, "6": -0.2098089433534085, "7": -0.9731333006200791, "8": -0.6655764348093294, "9": -0.2824197218920106}}