{"Q": {"0,1": 1.6829774289942967, "0,10": -0.39867873540752763, "0,11": -1.9540419843938537, "0,12": 0.14892045905297202, "0,13": 0.5481995523038043, "0,14": 1.9702024691646587, "0,15": -1.0420783965092943, "0,16": 1.2072455818864842, "0,17": -1.3900467248260457, "0,2": -0.8737140046794778, "0,3": -0.18583952881330923, "0,4": -1.3586914145947646, "0,5": -1.521288722226076, "0,6": -1.5954634757382955, "0,7": 1.4437848163390594, "0,8": 0.7126994440240781, "0,9": -0.7977558468689216, "1,10": 1.6907155678193941, "1,11": -1.9652094406671603, "1,12": 0.39699230207513914, "1,13": -1.0727637725668933, "1,14": -1.5595461030635875, "1,15": 1.1325917232425722, "1,16": -1.9564238864063532, "1,17": 1.0377725084147955, "1,2": 0.8525984842361751, "1,3": -0.23186734322700842, "1,4": 0.7930167473170315, "1,5": 1.929520257022081, "1,6": -0.6011563017451818, "1,7": 1.6083977903648745, "1,8": 1.2230352971257332, "1,9": 0.5553738543617546, "10,11": 1.120275088442579, "10,12": -1.1150066834768193, "10,13": 1.4950560819083738, "10,14": -0.8732271760520409, "10,15": -0.5126711117432579, "10,16": -0.3245764457045044, "10,17": 0.8431489923469275, "11,12": 0.40451418952608886, "11,13": 1.115882179334558, "11,14": 0.20035040414538274, "11,15": -0.8933554425537098, "11,16": -1.009753675485356, "11,17": 0.9106304402286769, "12,13": -1.167951864415378, "12,14": 0.4040973822029321, "12,15": 1.6934518997608605, "12,16": 1.1806557389439933, "12,17": 1.3657042225577292, "13,14": -1.1233151039731184, "13,15": -1.995507922639658, "13,16": -0.3099377472038771, "13,17": -0.7155142188281087, "14,15": -1.9671987085938993, "14,16": -0.47514674637811005, "14,17": -1.3062309374472139, "15,16": 0.2753438808308779, "15,17": 1.7925198244597178, "16,17": -0.9006843154107522, "2,10": 1.9697972888749309, "2,11": 0.522964234660745, "2,12": 1.9016195946217267, "2,13": 0.3733834048483744, "2,14": 0.6828695599290544, "2,15": -1.9616784102108094, "2,16": -1.1159619759344581, "2,17": 0.7423331492863201, "2,3": -0.5527356418479257, "2,4": -0.14105145178871936, "2,5": -0.8579859133792955, "2,6": 1.7129878861845151, "2,7": -0.7191999215333573, "2,8": 0.3104250092463192, "2,9": 1.1944946016019085, "3,10": 1.6035749772715366, "3,11": -1.744853403784159, "3,12": -0.7774147548877086, "3,13": -1.4732738187039622, "3,14": -1.0337761122930553, "3,15": -1.2225496301772218, "3,16": 1.3761149523700982, "3,17": 0.481401474380021, "3,4": -0.4351678888267476, "3,5": -1.1888015092031186, "3,6": -1.801892756054992, "3,7": -1.9214049015533572, "3,8": 1.2927708797030362, "3,9": -1.6934990273378463, "4,10": -0.6281028340780939, "4,11": -1.5316550607584234, "4,12": 0.2936636453821335, "4,13": -1.208871460558698, "4,14": 0.41602191392699783, "4,15": 0.07626338684783951, "4,16": 1.8799628782004714, "4,17": 0.3829436286797123, "4,5": -0.5410833362387413, "4,6": -1.0340436795942765, "4,7": -1.2532234764732633, "4,8": -1.3638103953808787, "4,9": 1.1386111242959394, "5,10": -1.5193700323645736, "5,11": 0.3474347767118635, "5,12": -0.14543099387390335, "5,13": -1.9703314884280148, "5,14": 1.3555265972765826, "5,15": -0.4253905868062535, "5,16": 1.5961697783046178, "5,17": 0.30037926655896374, "5,6": -1.0198822950815791, "5,7": -1.4331108702674311, "5,8": 1.5143172978670147, "5,9": -0.7658495751251064, "6,10": -1.2899355347835346, "6,11": -0.8293217384634479, "6,12": -1.6570849973595467, "6,13": -0.9392081867397026, "6,14": 0.808298047033539, "6,15": 0.5725663653152768, "6,16": -0.2584853143269261, "6,17": -1.146294862604678, "6,7": 0.2201810119847658, "6,8": -1.0422724350576145, "6,9": 0.6705684867802271, "7,10": 1.5151511472121082, "7,11": -0.09801371283909477, "7,12": -1.7135981412700274, "7,13": -0.43680649290938867, "7,14": -0.9633404923320481, "7,15": 0.05039495327997434, "7,16": -1.7718098628042545, "7,17": 1.200614200688491, "7,8": 0.16044204939672513, "7,9": -1.171693534872825, "8,10": 0.9109929775416026, "8,11": -0.5288746758563518, "8,12": 0.6039172214241297, "8,13": 0.09734389756232797, "8,14": 0.17185773897594236, "8,15": 0.547682281160494, "8,16": 1.2541546950723124, "8,17": -1.4924782597221635, "8,9": -0.49689222260081367, "9,10": -1.4463630786786852, "9,11": -1.6839059677356931, "9,12": 0.5969064794673127, "9,13": 0.7607392504430579, "9,14": 0.8370089984937588, "9,15": 1.6309381823857318, "9,16": 0.4765080898678056, "9,17": -0.785832874408595}, "bias": {"0": 0.30643077785112127, "1": 0.959350310058221, "10": 0.22665169543965247, "11": 0.13151926085425258, "12": -0.2942260314751113, "13": -0.7285275564856069, "14": 0.2056450431774286, "15": 0.9514962913568743, "16": 0.954835305369002, "17": -0.3756817484726924, "2": 0.11771960657404512, "3": -0.7496788211801753, "4": 0.6398086469775177, "5": 0.9738101759741671, "6": 0.13011961480307965, "7": 0.46832875570109955, "8": 0.9986824116299235, "9": 0.04849783921889905}}