{"Q": {"0,1": 1.6459660677404586, "0,2": 0.06640909467494716, "0,3": 0.5402691402929314, "0,4": 1.8088344960183402, "0,5": -1.3434909243558035, "0,6": -0.1883671701806473, "0,7": 1.7289599514817366, "1,2": -1.2129510007274074, "1,3": 1.0896436556487368, "1,4": -0.6290681003856875, "1,5": -1.5246610609508875, "1,6": -0.4318035779018299, "1,7": 0.7116275296099013, "2,3": -0.4068316682422046, "2,4": 0.4984475630978733, "2,5": 1.0877145170780396, "2,6": 0.6562980937644478, "2,7": 1.3597219052129375, "3,4": 1.2447427751097768, "3,5": -1.5411174170456667, "3,6": 1.4181172854050712, "3,7": -1.1130711624002978, "4,5": 1.6746913737019584, "4,6": 1.8669713845405091, "4,7": 0.8472317512424161, "5,6": 1.595738870699046, "5,7": 0.24212343504433553, "6,7": 1.92184807901931}, "bias": {"0": -0.12400123234085081, "1": 0.37369959767686933, "2": -0.19555096389682425, "3": 0.8527202014467501, "4": -0.2934743284261856, "5": 0.06969701704940778, "6": 0.656819944397468, "7": -0.9003691418893578}}