{"Q": {"0,1": -0.133907250400505, "0,2": -0.6859848462025586, "0,3": 1.700157449377682, "0,4": -1.1964769571631613, "0,5": 1.8301219802293938, "0,6": 0.31329245801559047, "0,7": -1.0693286642771516, "0,8": -0.9318948792537673, "0,9": 1.339654695157941, "1,2": -1.3581847840227654, "1,3": 1.779883251258064, "1,4": 0.11849595768562615, "1,5": 0.5922313850840233, "1,6": 0.06467880533349213, "1,7": 0.09523040708540886, "1,8": 1.8066917069552573, "1,9": -1.949532491279066, "2,3": -0.7256950916655738, "2,4": -1.0184005073005453, "2,5": 1.1663870050768104, "2,6": 1.0850689618124578, "2,7": 1.2645007482243242, "2,8": -1.2475351585646681, "2,9": 1.9594428220770785, "3,4": 0.512760557319941, "3,5": -1.2915333870540633, "3,6": -1.395320280330783, "3,7": 1.8196006358058323, "3,8": -1.4141115587271296, "3,9": -0.9704163337498253, "4,5": 1.2595975594335074, "4,6": 1.8121997733302146, "4,7": -0.8657021466995269, "4,8": 0.562426282002118, "4,9": -0.46058151007407977, "5,6": 0.12498368193203913, "5,7": -1.8071036357646246, "5,8": -0.5386995669708763, "5,9": -0.9264386404398808, "6,7": 0.532875785863876, "6,8": -0.5483773535337177, "6,9": 1.0565130923725818, "7,8": 1.4507105358400882, "7,9": 0.15952916192777522, "8,9": -0.14879533704869674}, "bias": {"0": 0.6848483272045649, "1": -0.6969844238745695, "2": -0.7756058130689165, "3": -0.3018870816123249, "4": 0.8659441114867579, "5": 0.56107506202758, "6": -0.1825785665745947, "7": -0.5377334164945355, "8": 0.13688930199912397, "9": 0.7059023017313266}}