{"Q": {"0,1": -1.170136585983367, "0,2": 1.8900896811467, "0,3": -0.5437172391194611, "0,4": -1.8272763476940188, "0,5": 0.1093445597811904, "0,6": 0.20277971759373692, "0,7": 1.5017863442462165, "1,2": 0.7810338892847031, "1,3": -1.6805150832747655, "1,4": 0.242988634691641, "1,5": -1.0009750608492722, "1,6": -0.7390091514915844, "1,7": -0.888596996473713, "2,3": 0.5512983062338126, "2,4": -0.9581656327639814, "2,5": -0.07327084801463934, "2,6": 0.6981570800467125, "2,7": 1.351817862360103, "3,4": -1.8046722325828166, "3,5": 1.6438804978394366, "3,6": -1.0734907909853, "3,7": -0.6594790534260824, "4,5": 0.9324102041772662, "4,6": -0.8362085179984562, "4,7": -0.028117015329052197, "5,6": -1.169041647952279, "5,7": 0.6584220835353167, "6,7": -0.44591483992391945}, "bias": {"0": -0.553638833136473, "1": -0.28865380359396275, "2": 0.6398486625052122, "3": -0.8564682703559674, "4": -0.20059677228353778, "5": 0.5986753349431773, "6": 0.6824573141547294, "7": 0.03989298805087027}}