{"Q": {"0,1": 0.9560773591011062, "0,10": -0.612924999837074, "0,11": -0.8643991446470358, "0,12": 0.5927163300399285, "0,13": -0.7983363362016997, "0,14": 0.6474282763371364, "0,15": -1.9799087386756478, "0,2": 1.299692755342539, "0,3": 0.04671867734453361, "0,4": -0.1325962522292139, "0,5": -1.1934768697527391, "0,6": 0.8907410682777677, "0,7": 1.7423803912629938, "0,8": -1.0115637326422595, "0,9": 1.6869343023921441, "1,10": 0.9841691462310656, "1,11": 0.3383364917683127, "1,12": -0.8081460820221875, "1,13": -0.795840540631306, "1,14": 0.6035033453147096, "1,15": 1.0769235581430316, "1,2": -0.10875988121975055, "1,3": -0.4552538434137485, "1,4": -1.0366480322718687, "1,5": 1.8653752743032088, "1,6": -1.2751768757052702, "1,7": -1.262214685504401, "1,8": 1.7439817804344964, "1,9": -1.1877730768423844, "10,11": -1.5602014645139843, "10,12": -0.3151339528823227, "10,13": -1.0811015591220463, "10,14": 1.1755098713889898, "10,15": -1.2852986190594735, "11,12": -0.4521342330097933, "11,13": -0.8262182577964143, "11,14": 0.580239536456125, "11,15": 0.4653664551708765, "12,13": 0.01667341225705643, "12,14": 1.6473158122679856, "12,15": -1.8835657920436746, "13,14": 1.9117380283787764, "13,15": -0.7846030830506749, "14,15": 1.9580237737171826, "2,10": -1.6715293938164208, "2,11": -0.7700021037199996, "2,12": 1.5931495515698204, "2,13": 0.6072516983458054, "2,14": 0.3730292120312617, "2,15": -0.20043551110086444, "2,3": -1.9085362919133684, "2,4": 1.352243555207727, "2,5": 0.1225287899330989, "2,6": 1.5392866158669687, "2,7": -1.4210191513368406, "2,8": -1.8593531003191623, "2,9": 1.5132225820967258, "3,10": 0.0028474298515521745, "3,11": -0.5159524862518445, "3,12": -1.6998540355724732, "3,13": -0.8726306631947764, "3,14": -1.929698751049084, "3,15": -0.12515997290670144, "3,4": 1.136411325745914, "3,5": -1.337611931599997, "3,6": -0.42512880622869664, "3,7": 0.6145487213179868, "3,8": -1.1013214009726267, "3,9": -1.137147438977392, "4,10": -1.019136746332281, "4,11": 0.6748796231904826, "4,12": -1.0511531195067763, "4,13": -1.7794856460660053, "4,14": 1.782870143826372, "4,15": 0.40613465775598856, "4,5": 0.6178296482296655, "4,6": 0.26305483830185095, "4,7": -1.5867132296921085, "4,8": -1.299672218316866, "4,9": -1.953782379285327, "5,10": -1.0365444704480482, "5,11": 1.2605377050362496, "5,12": -0.9514554617953155, "5,13": -1.7500018073851495, "5,14": 0.03244532007667367, "5,15": -1.6875020585552143, "5,6": -0.5156932170781867, "5,7": -0.6816507482345986, "5,8": 1.086119688406499, "5,9": -0.9983038474068424, "6,10": -0.12029023420864693, "6,11": 1.4551415282479092, "6,12": 0.3449506316387456, "6,13": 1.3398020054786972, "6,14": -1.9730380247757853, "6,15": 1.464424205143457, "6,7": -1.2667368516891688, "6,8": -1.869842545906435, "6,9": -1.1460975330101286, "7,10": -0.7059557335521576, "7,11": -1.239410393773916, "7,12": 0.45855353938579846, "7,13": 0.5087607527497293, "7,14": 1.577747620390097, "7,15": 0.3487880705688493, "7,8": 0.05387687169351896, "7,9": -1.2289485332167978, "8,10": 1.1584820328806544, "8,11": -0.33830835179900376, "8,12": -0.3615282969500204, "8,13": 0.44139162219563, "8,14": 0.029131931517512033, "8,15": 0.53500126428471, "8,9": -1.6169833349753509, "9,10": -1.8296964852038986, "9,11": 1.1722956422641468, "9,12": 0.29443161004787255, "9,13": 0.31918432951348485, "9,14": 0.15626099640180513, "9,15": -1.827906571725702}, "bias": {"0": 0.3699730030582873, "1": -0.2976929451517498, "10": -0.4247084652196038, "11": 0.4693057507340437, "12": 0.7832438935695589, "13": -0.6419871782638435, "14": -0.29338813516919404, "15": -0.7456975029633097, "2": -0.3381221964037826, "3": 0.39998708016106654, "4": -0.9064737039601414, "5": -0.6980225774168483, "6": -0.3172192193671619, "7": -0.33123919550375613, "8": -0.8639835904263675, "9": -0.6040096388327378}}