{"Q": {"0,1": 1.5123973427093764, "0,10": -0.9275188652330795, "0,11": 0.8221514870780409, "0,12": 0.9051229399485412, "0,13": 0.36410911916399025, "0,14": 0.8647290902836482, "0,15": -1.3683104402147626, "0,16": 0.09519697990520504, "0,17": -0.4678919813175151, "0,18": -1.5468608360102727, "0,19": 1.0181926127342988, "0,2": 1.473297324319089, "0,3": 0.0918639660425069, "0,4": 1.260529391832069, "0,5": -0.9112272464283819, "0,6": 1.6046792679507247, "0,7": 1.0035233321157087, "0,8": -1.2419957368254826, "0,9": 0.12332029571831216, "1,10": -0.3679256822537469, "1,11": 1.0930597072160868, "1,12": -0.6959804236233058, "1,13": -1.478687057691889, "1,14": 0.6422016898413911, "1,15": 1.3603841474197371, "1,16": -1.8729235630779755, "1,17": -0.7306929507656821, "1,18": 0.6802429295639469, "1,19": 0.3549590425346092, "1,2": -1.1366458812955784, "1,3": -1.4585095973668265, "1,4": -0.19573370566709247, "1,5": -1.407700216088252, "1,6": -1.3494641271897532, "1,7": -1.5029505320239243, "1,8": 1.5500819330901088, "1,9": 0.8887319988657678, "10,11": -1.9875591215734132, "10,12": -0.5516997236707764, "10,13": 1.0203103108261886, "10,14": -0.5648998547962023, "10,15": 0.13985344017695223, "10,16": -1.9139904943319794, "10,17": 1.8070561927890725, "10,18": -0.5561232857432135, "10,19": -0.44291339249474504, "11,12": 0.45945923197898964, "11,13": -1.456219678433233, "11,14": 1.3149305354698155, "11,15": -1.7282141686429684, "11,16": 0.9887898877158636, "11,17": -0.18709632925610276, "11,18": 0.7276102723365248, "11,19": 0.684993671421934, "12,13": -0.2035898445714932, "12,14": -1.0032620475464133, "12,15": -0.6966387558394249, "12,16": 1.2964725088990647, "12,17": -0.5320914672701038, "12,18": 0.3838871450346142, "12,19": -0.3773805909910064, "13,14": -1.1019701973087415, "13,15": -0.3183120451229695, "13,16": -0.03961918332667613, "13,17": -0.5898390070231594, "13,18": -0.848152041615247, "13,19": -1.5425662020049415, "14,15": 0.5189977732711952, "14,16": -1.3816192331897055, "14,17": -0.6645047545487084, "14,18": -1.8221525464940327, "14,19": 0.42333389661238785, "15,16": 1.3028455954622058, "15,17": 1.9562203459350682, "15,18": 1.7160976649666644, "15,19": 1.2724210807831242, "16,17": -0.6691538639029249, "16,18": -0.6952575895115602, "16,19": 0.4819018926422922, "17,18": 1.4675042101865272, "17,19": 1.692258200819476, "18,19": -1.3387402669436703, "2,10": -1.6110358999880274, "2,11": 0.3981085643361708, "2,12": -1.2779552313130664, "2,13": -0.09643352371183056, "2,14": 1.048125027543768, "2,15": 0.5788919909470205, "2,16": -1.6822024370925073, "2,17": -1.6898200762670559, "2,18": 1.9661892929843008, "2,19": -1.6866158518163132, "2,3": -0.047157840995621036, "2,4": 1.1079117480611886, "2,5": -1.287358447200234, "2,6": 0.5644855907452468, "2,7": -0.7980312910835847, "2,8": 1.2947880643309664, "2,9": 1.749471285663986, "3,10": -0.18930277635082993, "3,11": -0.23371059255273918, "3,12": 1.0188869633988844, "3,13": 0.4535116333449709, "3,14": -1.5978407926410254, "3,15": -0.4219447366337694, "3,16": 0.17225029783493984, "3,17": -1.3717257292422373, "3,18": -0.42481212932380386, "3,19": -0.0865469809248447, "3,4": 0.8980067862069809, "3,5": 1.1210361628330014, "3,6": 1.9920612749958186, "3,7": 1.145350154856048, "3,8": -1.8048657157661179, "3,9": 0.6300384154946972, "4,10": -1.6522247561929446, "4,11": 1.1454589671792497, "4,12": 0.5141725541738289, "4,13": -1.450873638686669, "4,14": -1.3658942726111785, "4,15": 0.9608741208339207, "4,16": 1.0467057169625797, "4,17": 1.9238675069749247, "4,18": 0.7703492848625677, "4,19": -0.4678063029292949, "4,5": 1.9979726378686284, "4,6": -0.6400000207655365, "4,7": 1.5167155156643513, "4,8": -0.7776880115955285, "4,9": 0.9919067216144755, "5,10": 1.2824479341356838, "5,11": 0.7459762764119326, "5,12": 0.9227361817296797, "5,13": -0.2572792563883448, "5,14": 1.0789050050571496, "5,15": 1.545875191264403, "5,16": 0.18038250593111949, "5,17": -0.9899738193257526, "5,18": 0.9912142755910778, "5,19": 0.9404233085037812, "5,6": -0.8206637315814778, "5,7": -1.1354847526013718, "5,8": -1.8667355922318434, "5,9": 1.2200982861104825, "6,10": 0.5166959740782957, "6,11": 1.677053904322222, "6,12": -0.6818235906156045, "6,13": 0.7930908193641071, "6,14": 0.9844951058191174, "6,15": -1.3592294110579939, "6,16": -1.150959672660901, "6,17": -0.8453296427891743, "6,18": -0.11336375138400667, "6,19": 1.9130612059937744, "6,7": -0.7777940118765261, "6,8": 0.19632232525671434, "6,9": 0.5176685977767135, "7,10": 0.21956377456338494, "7,11": -1.5743381198499957, "7,12": -1.9326373899998743, "7,13": 1.6548803728707666, "7,14": -1.2266317696169255, "7,15": -0.8352440231848828, "7,16": -1.67973884490595, "7,17": 1.1428838652630335, "7,18": -1.380998806786235, "7,19": 1.340191238815554, "7,8": -1.1941857816137387, "7,9": -0.03219877752395828, "8,10": 0.7992686029870422, "8,11": 1.3930100772720895, "8,12": 0.8566505042009958, "8,13": -1.6331655602112831, "8,14": 0.37133648093266514, "8,15": 1.0243099794353108, "8,16": 0.6860153109086995, "8,17": -0.5062671203619216, "8,18": 0.547928642569997, "8,19": -1.2575897895570614, "8,9": -1.5594231234589815, "9,10": 0.35503185231857826, "9,11": -1.3987796334558324, "9,12": 0.5396927687519519, "9,13": -0.7014584289903163, "9,14": -1.6083079201378854, "9,15": 1.3286562000172442, "9,16": -1.663995065606441, "9,17": -1.5315882847585693, "9,18": 1.3839522931538388, "9,19": -0.9792116298749765}, "bias": {"0": -0.25820624623095445, "1": -0.20784765641947334, "10": 0.9995931421981223, "11": 0.7893539666611817, "12": -0.294764860974996, "13": 0.4044296195241788, "14": 0.2640642316785802, "15": 0.5696353173136803, "16": 0.21889241639688084, "17": -0.4432604114373351, "18": 0.9256629695302525, "19": 0.3535514201584222, "2": -0.2761203124594316, "3": -0.41156042649892277, "4": 0.7943135931508545, "5": 0.3173142208308437, "6": -0.9625088787657579, "7": -0.6359724899857777, "8": -0.193730726021224, "9": -0.024034605799512887}}