{"Q": {"0,1": 1.335766688097646, "0,10": -0.6211148772286501, "0,11": 0.9892669370705689, "0,12": 1.0952830348631704, "0,13": 1.7858686499356073, "0,14": 0.18910772529064923, "0,15": 0.5821416893507889, "0,16": 0.6112470337327438, "0,17": 0.05401553021842531, "0,2": -0.5174953206378992, "0,3": -1.9692543952484085, "0,4": 1.7321620712582142, "0,5": 1.1422655434195836, "0,6": -0.580592542667957, "0,7": -1.97617412405608, "0,8": -0.8807402310314205, "0,9": 0.2227718883952967, "1,10": 1.0435362294264343, "1,11": 0.3784178828605871, "1,12": 1.0339478747542494, "1,13": -0.6704127748211546, "1,14": 0.27254169904334313, "1,15": 1.019096088935218, "1,16": -0.24456944946620984, "1,17": 0.5269702971649619, "1,2": -1.2759756413240213, "1,3": 1.2868955361780223, "1,4": -1.748831836683816, "1,5": 0.16190266565937517, "1,6": -1.291133650313256, "1,7": -0.38500292309041306, "1,8": -1.798679629207883, "1,9": -0.6817487557991297, "10,11": 1.1321132281292616, "10,12": -0.6382663833978537, "10,13": 0.8309617621584873, "10,14": 1.2620484289941851, "10,15": -0.8595886807955866, "10,16": -0.10188106971638211, "10,17": -0.8260913770032063, "11,12": 1.9046999170059098, "11,13": -1.1991391525548556, "11,14": -1.1644084266366814, "11,15": 1.053219885242306, "11,16": -1.1007145953689306, "11,17": -0.3915416642357581, "12,13": -0.4536439348567143, "12,14": 1.6058153962435875, "12,15": -0.26906650045270064, "12,16": 0.8557889414633162, "12,17": 1.6915177172465303, "13,14": 0.2186769422790582, "13,15": 0.013827209053524303, "13,16": 0.5362061799035289, "13,17": 1.047100245393609, "14,15": -1.9330250918071457, "14,16": -1.0996803008546578, "14,17": -1.546391431873448, "15,16": -1.348468411370109, "15,17": 1.8387865464774333, "16,17": -1.0401278821617779, "2,10": 0.8781353260973264, "2,11": 0.029098496686536635, "2,12": -0.2500005080801526, "2,13": 0.2662394352551605, "2,14": -0.24415996281546715, "2,15": 0.4635560625184918, "2,16": 1.9212836265259372, "2,17": 1.6266550891955847, "2,3": 0.11750137604469435, "2,4": -0.9226222441776568, "2,5": 1.2757207838958795, "2,6": 0.7032088266277041, "2,7": 0.7956230171534391, "2,8": -1.5264231025367119, "2,9": 1.1248013786049746, "3,10": -0.7149441545805981, "3,11": -0.12469957765747308, "3,12": 0.09987962818088914, "3,13": -0.8128449310478221, "3,14": -1.5071767435619572, "3,15": 0.7329729804892446, "3,16": -1.3475899106979243, "3,17": 0.4245331079723629, "3,4": 0.10753126670562096, "3,5": -1.5672148668742971, "3,6": -0.35176153175831404, "3,7": -0.48204290777921743, "3,8": -0.9777502165580598, "3,9": -0.8959159385387316, "4,10": 1.5304311207348191, "4,11": 0.995790600071869, "4,12": 0.2083622865708743, "4,13": -0.5115809849214612, "4,14": -1.5473138989109825, "4,15": -0.3047908038108842, "4,16": -1.7586952852015911, "4,17": -1.9214379999287172, "4,5": 1.5669775978127185, "4,6": 1.528905196343417, "4,7": 0.43911362570392765, "4,8": 0.9530024958609871, "4,9": -1.608359648290953, "5,10": 1.977381467129903, "5,11": 0.1859890596949363, "5,12": 0.18163410853042627, "5,13": 0.8299867098954685, "5,14": -0.10744967075805612, "5,15": -0.6943546748210183, "5,16": 1.1945812837615395, "5,17": -1.8292165754754959, "5,6": 1.2062136808193284, "5,7": -0.9455943465699335, "5,8": -1.7637001801027634, "5,9": -1.8782130473655259, "6,10": 1.8375835071933624, "6,11": 0.6576976065092461, "6,12": -1.7342378397738223, "6,13": 1.8087851878708117, "6,14": -0.16520892586390268, "6,15": -1.5828852019823314, "6,16": 1.5466584653736133, "6,17": 1.645964380962552, "6,7": -1.5897408316926138, "6,8": 0.7259950154113559, "6,9": 0.18154640444559478, "7,10": 1.3032789395459026, "7,11": 1.4778903223526028, "7,12": -1.712752017744637, "7,13": -0.3934816531248404, "7,14": 1.7363972821116258, "7,15": 1.9195092055539735, "7,16": 1.0262533948313095, "7,17": -1.8194912500695417, "7,8": -1.7457557601076403, "7,9": -0.5175663691800505, "8,10": -0.5603243631401162, "8,11": 0.7996496178877734, "8,12": -0.31881930143631143, "8,13": 1.2982863012997776, "8,14": -1.690173136704626, "8,15": 0.13895862212583232, "8,16": 1.329952261911914, "8,17": 1.7061075743273215, "8,9": 1.0745102131648183, "9,10": 0.4891609384357234, "9,11": -1.9076599064342088, "9,12": 1.6789472958519234, "9,13": 1.4753161708276794, "9,14": 1.744948443424574, "9,15": -0.24062450710081285, "9,16": -1.5078875142289165, "9,17": 1.9812814368713005}, "bias": {"0": 0.5981686921703608, "1": 0.6121233008059928, "10": 0.10433219142078554, "11": 0.11225057280654371, "12": -0.744334316447866, "13": -0.0773337523382065, "14": 0.4558220621374134, "15": 0.25810454630482726, "16": 0.8040558593783655, "17": 0.8284018362304677, "2": 0.07924473469976245, "3": -0.9876281815782078, "4": -0.7346753770115126, "5": -0.7975933990406845, "6": -0.3465046228781872, "7": 0.05068036514840446, "8": 0.9205428588590452, "9": -0.6201506331672995}}