{"Q": {"0,1": -1.8671203739578455, "0,2": 0.33888649092620104, "0,3": -0.9075652302298463, "0,4": -1.7818710018244293, "0,5": -0.11336158684233899, "0,6": 0.3674115147414394, "0,7": 0.9303212751216332, "0,8": 1.3547777662209888, "0,9": -0.5775779757102262, "1,2": 1.1910500706944918, "1,3": 0.4058210597221539, "1,4": 0.527308680651128, "1,5": 0.014504157602418744, "1,6": 0.547142243340283, "1,7": 1.1077786211480345, "1,8": -0.7928337072046752, "1,9": -0.9012906550251492, "2,3": 1.8681857563933302, "2,4": -0.029148775552305217, "2,5": 0.24731736579962416, "2,6": 1.100465645199562, "2,7": -1.5992485168317172, "2,8": -1.2900875220351793, "2,9": 0.5803604054317373, "3,4": 1.6820244802965463, "3,5": -1.8680985371015573, "3,6": 1.066541619997082, "3,7": -1.7656782176260806, "3,8": 0.6885719252654225, "3,9": 0.5769411451218924, "4,5": -0.950265922510741, "4,6": 1.6339672481659009, "4,7": -1.6593740997030215, "4,8": -1.2324787569441735, "4,9": 0.9403127778204086, "5,6": -0.5105457873967354, "5,7": 1.3051191444372505, "5,8": 1.6596771440883762, "5,9": -0.7950006270116128, "6,7": 0.11703198875781196, "6,8": 1.4954653260946307, "6,9": -1.255251599375494, "7,8": 1.109340467931065, "7,9": -0.8844651417199199, "8,9": -0.26343276183187836}, "bias": {"0": -0.17158390808659507, "1": 0.2871666101164019, "2": -0.22221988403549764, "3": 0.1084337977814458, "4": 0.6420908030622452, "5": -0.19528250030948047, "6": 0.4898816236132011, "7": 0.7695394872459742, "8": -0.4101933367689108, "9": 0.776166173083576}}