{"Q": {"0,1": 1.126521177113776, "0,10": -1.045149793569565, "0,11": -0.4194915878181331, "0,12": 0.22164420958517406, "0,13": 1.719098188950515, "0,14": -0.91920915780927, "0,2": 0.1641708310846699, "0,3": 0.42310531358418535, "0,4": -0.7669658124614891, "0,5": -1.9775063470974183, "0,6": 0.7777834615278554, "0,7": 0.5567941966690935, "0,8": 1.3925172555987615, "0,9": -0.9366591281225998, "1,10": 1.867171760401185, "1,11": -1.6330669511802265, "1,12": -1.2486599788008341, "1,13": 0.828002119845026, "1,14": -0.6775867048335784, "1,2": -1.1691142575587676, "1,3": -1.2566674637513593, "1,4": -1.6330761963622162, "1,5": -0.8876265452462149, "1,6": -1.1341214453239883, "1,7": 1.6967739883765582, "1,8": -0.5053775248074799, "1,9": 0.445181845517431, "10,11": -1.5695637748884201, "10,12": 0.48050395077139507, "10,13": -1.6115957410561088, "10,14": -0.2874777242069215, "11,12": 0.17015857420754488, "11,13": 0.4802039154577611, "11,14": -0.29345747607988715, "12,13": -1.7040597323038091, "12,14": -0.6420240266436612, "13,14": 0.6520855521654898, "2,10": -1.0999522535402577, "2,11": 0.26164448323502887, "2,12": -0.15689237542215118, "2,13": 0.5998872080058635, "2,14": -1.095398749521768, "2,3": 1.1704111654507763, "2,4": 1.0439991137221605, "2,5": -0.9283859237538583, "2,6": 0.8732022006820221, "2,7": 1.3038650942573469, "2,8": 0.11469722168422081, "2,9": 1.8940242115007435, "3,10": 0.44937630037022736, "3,11": 0.4993696869660069, "3,12": -0.7923258187135507, "3,13": -0.19604028092564674, "3,14": 0.34530290096387306, "3,4": 1.9063846677816239, "3,5": 0.9331869780486342, "3,6": -1.6855877030571533, "3,7": -1.7189525816984057, "3,8": -1.2358642896355074, "3,9": -1.937040631993288, "4,10": 0.1316349242083632, "4,11": 1.808240831774972, "4,12": 1.4360886274770324, "4,13": -0.05096124035584948, "4,14": 0.83714816180904, "4,5": 1.9252181129890151, "4,6": -1.4040638211865657, "4,7": 1.4131892677226268, "4,8": -0.29196253253819204, "4,9": 0.8221222535654307, "5,10": -0.5200483500147035, "5,11": 0.9935871098136864, "5,12": -0.3499210186496331, "5,13": 0.845331074904268, "5,14": 0.1634765098067983, "5,6": 0.7477111771549572, "5,7": 0.16576905824545607, "5,8": -0.20199454206063772, "5,9": 1.6613768282227372, "6,10": 1.362588908247202, "6,11": 1.6473589976508154, "6,12": -0.8633126495170704, "6,13": -0.08330101439339721, "6,14": 1.5186515864083079, "6,7": 1.4865991040552369, "6,8": -1.157224937812669, "6,9": -0.22810588737656223, "7,10": -1.4898784245993548, "7,11": 0.70276932663826, "7,12": -1.4868949460782965, "7,13": 0.06112916174796723, "7,14": 1.223922156820993, "7,8": -0.4778471441370167, "7,9": 1.9067237110243185, "8,10": -1.0576883882264987, "8,11": -0.15865824421342678, "8,12": 0.7859657536903275, "8,13": -0.5801138178879972, "8,14": 1.8869080975526193, "8,9": 1.8753025229631684, "9,10": 1.7125655740857058, "9,11": -1.2485216620286321, "9,12": 0.6904505448968177, "9,13": -0.9062609390499308, "9,14": -1.8231262240956836}, "bias": {"0": 0.733383754328008, "1": -0.07535953643173854, "10": 0.41148527378593225, "11": 0.4212976274340048, "12": 0.1539253695263798, "13": 0.14450093310352763, "14": 0.08198317688483914, "2": 0.8937813587545458, "3": 0.6706847456499534, "4": -0.6267601551404227, "5": 0.9449496051662518, "6": -0.034237609447394846, "7": 0.269080514180424, "8": -0.7251044621902674, "9": 0.7554762019453263}}