{"Q": {"0,1": -1.7939120193038676, "0,2": 1.8473526677563932, "0,3": 0.9969877279946568, "0,4": 0.5206318493949689, "0,5": -1.7399266339085888, "0,6": -0.25902003174483346, "0,7": 0.9041321609053723, "0,8": 0.7000874289658339, "1,2": 0.1001657101668334, "1,3": -1.408767116628026, "1,4": -0.13615213194745568, "1,5": 0.6562377937547756, "1,6": 0.8777184928783872, "1,7": 1.3082176361039708, "1,8": 1.552152827595878, "2,3": 1.2546482837275006, "2,4": 0.11165105225231287, "2,5": -0.8696576868883876, "2,6": -1.907189860712005, "2,7": -1.5838631650024229, "2,8": 0.12904793978623452, "3,4": -0.29576532080541185, "3,5": 0.5131427731014595, "3,6": -0.9984399704593492, "3,7": -0.30177226496900245, "3,8": -0.4873958190608785, "4,5": 0.4624263569681877, "4,6": -0.6795826846955482, "4,7": -1.6757469803182716, "4,8": -1.8826233559362673, "5,6": 1.3309562277930405, "5,7": 1.1645443384186476, "5,8": -1.486856311139757, "6,7": -0.9002136982924336, "6,8": -0.28830010477162205, "7,8": -0.5917842667237823}, "bias": {"0": 0.8334202268944784, "1": -0.8149810531818062, "2": -0.9410126353299966, "3": -0.14036628624103153, "4": 0.6252891062722121, "5": -0.23232986985816373, "6": 0.9356849683365005, "7": -0.8987697224388247, "8": 0.24344139883421034}}