{"Q": {"0,1": -1.3683569892659024, "0,10": 0.23935699304051905, "0,11": -1.7399049716651511, "0,12": 1.828782943913796, "0,13": 0.35343087648939475, "0,14": -1.7786023373703475, "0,15": -1.6120714894888315, "0,16": -1.1912506878839553, "0,17": 1.4273175685848618, "0,18": 0.8355575879498316, "0,2": -1.2203135934474214, "0,3": -1.8134478649926913, "0,4": -0.40659274431465287, "0,5": -0.9417614481978158, "0,6": -0.3395110518310669, "0,7": 0.09860497380490152, "0,8": -0.5357079499947233, "0,9": 1.066311797471538, "1,10": -1.2521003080098794, "1,11": 1.5249683115954755, "1,12": 0.9861745812400025, "1,13": -0.9941113736988623, "1,14": 0.9417242606951466, "1,15": -0.6003410985336735, "1,16": 0.19624181781909478, "1,17": 0.9917165750154662, "1,18": -1.6509348810587374, "1,2": 0.8762009817646139, "1,3": 0.057376071853089794, "1,4": -0.6417310593630146, "1,5": 0.08390969359401312, "1,6": -0.3805132479161353, "1,7": -0.17998315515411, "1,8": 1.754060622240189, "1,9": -0.9897080487299443, "10,11": -0.28720701551533834, "10,12": -1.8576971561438667, "10,13": -0.8149969057266286, "10,14": -1.6011157798067392, "10,15": -0.3998003097534055, "10,16": -0.7717792716846441, "10,17": -1.7072219946646752, "10,18": -0.2368054975443905, "11,12": -0.01105878331720822, "11,13": -0.1804883859361639, "11,14": -1.9267305990388608, "11,15": 1.904650290379684, "11,16": -1.8583601705497017, "11,17": -0.11380835018189073, "11,18": -0.34876530099135694, "12,13": 1.2581107337985107, "12,14": 1.7520199580803952, "12,15": -0.1419038154978649, "12,16": -1.5136763871077656, "12,17": -1.1723636634376078, "12,18": -1.2293011389252064, "13,14": 0.5844822624613735, "13,15": -1.4271072726870644, "13,16": -1.381382718883986, "13,17": -0.5825943417991062, "13,18": -0.8101756024227815, "14,15": 0.5627595968945762, "14,16": 1.809096883839178, "14,17": -1.2329383290130962, "14,18": -1.0115763900733525, "15,16": 1.7613269178598299, "15,17": 0.5460618963434958, "15,18": 0.09903959426753994, "16,17": -0.9037515740742341, "16,18": -0.5268039033285334, "17,18": -1.1770386419897028, "2,10": -1.8434823284162638, "2,11": -0.5415862474369231, "2,12": 0.742489693625279, "2,13": 0.003922913091816138, "2,14": -0.32876652364175785, "2,15": 0.5459232483796885, "2,16": -0.976375042864174, "2,17": 1.6661807094292453, "2,18": -0.5965465356542596, "2,3": 0.3855869622023067, "2,4": -1.3009478533784224, "2,5": 1.7289042654917393, "2,6": -0.013998820097519182, "2,7": -1.4968310841115602, "2,8": -1.763253905592924, "2,9": -0.20103866135333037, "3,10": -0.594632694551338, "3,11": -1.629557396611672, "3,12": -0.1376932875030228, "3,13": 0.3287060058325286, "3,14": -1.0581043026102814, "3,15": -0.8561255188536454, "3,16": -1.2091132112735479, "3,17": 0.6041563211286811, "3,18": 1.9352325821213627, "3,4": -1.6431941446883815, "3,5": -1.4283106230066691, "3,6": -1.103038107894342, "3,7": -1.5180888949097704, "3,8": 1.2858778450057935, "3,9": -1.4947426623560292, "4,10": -0.5014128558285171, "4,11": -0.3863430629175757, "4,12": 0.15239248529280713, "4,13": 0.7912490155981091, "4,14": -0.44103352285209185, "4,15": -0.20418525686053846, "4,16": 0.6539505573255835, "4,17": -1.9619643600457297, "4,18": 1.7908013463475667, "4,5": -0.32861161027711283, "4,6": 1.5633497528423468, "4,7": -0.09712102144559465, "4,8": 1.532535858219748, "4,9": -1.285453106762028, "5,10": -1.0988368167472689, "5,11": 1.1436276734986985, "5,12": -0.7406866169554753, "5,13": 0.25857527459256735, "5,14": -1.3155468821014695, "5,15": -0.627293226850898, "5,16": -0.29505969254342723, "5,17": -1.1599220799699146, "5,18": 0.14628576903941948, "5,6": 1.619613719619315, "5,7": -1.6066573463513754, "5,8": -1.9407415588729306, "5,9": 1.4072180153474503, "6,10": -1.9697778774299657, "6,11": 0.8407439394756944, "6,12": 0.7137174320511921, "6,13": -0.7000053408633686, "6,14": 1.6236549861357163, "6,15": -0.14744947848376944, "6,16": 1.6181635942833101, "6,17": 0.3186948600473891, "6,18": 0.6745762590060469, "6,7": 0.9904552012443135, "6,8": 1.8132377036611724, "6,9": 1.5192622561196951, "7,10": 1.4938200710208842, "7,11": -1.1283729865640022, "7,12": 1.4832797900448575, "7,13": -0.6325981845423994, "7,14": -1.339463998293132, "7,15": 1.985770900388296, "7,16": -1.3625906567848398, "7,17": 1.3052280311315667, "7,18": 0.5301510577396669, "7,8": -0.22819830752155124, "7,9": 0.32119945826515117, "8,10": -0.5316571905599154, "8,11": -0.2136493818561256, "8,12": -1.890335747377255, "8,13": 0.8835845605407777, "8,14": -1.789537737832557, "8,15": 0.09357275602282611, "8,16": 0.23782726235641194, "8,17": 1.2955320120368956, "8,18": -1.4268340642515271, "8,9": -0.24177767907170544, "9,10": 1.2322191546383285, "9,11": 0.8269427893956243, "9,12": -1.9936653862092588, "9,13": -1.3763814509993835, "9,14": -0.7347381551115326, "9,15": 1.5362981567945528, "9,16": -1.5612320255979824, "9,17": -0.19363434350412456, "9,18": -0.8902982563625303}, "bias": {"0": -0.8398750982391017, "1": -0.08767216614297668, "10": 0.23258231475478452, "11": 0.4637034707099399, "12": -0.5318490960643001, "13": -0.7484231613827967, "14": 0.42799678098769234, "15": 0.5192317977749004, "16": -0.7098011601337011, "17": 0.30883415370191036, "18": -0.29798819964976553, "2": -0.7250775649155599, "3": 0.11953306168632483, "4": 0.6386540785384851, "5": -0.057795501516551884, "6": 0.7229575312193453, "7": 0.5970194658824868, "8": 0.6946144162876429, "9": -0.03552518988430653}}