{"Q": {"0,1": 0.40911513135649624, "0,2": -1.1565721409003182, "0,3": 1.3644780346099754, "0,4": -1.0264057530884432, "0,5": -0.640203050151845, "0,6": 1.3583052788543255, "0,7": -1.8359582164567865, "1,2": -1.8327156958372939, "1,3": 0.9018030017863325, "1,4": -1.371836863724631, "1,5": 1.1696731878016142, "1,6": 1.8984542236998334, "1,7": -0.2867676580312173, "2,3": -0.8673471549448695, "2,4": 0.6334822888554803, "2,5": 0.1920966871393368, "2,6": -1.8642216372275087, "2,7": -1.8539586058509183, "3,4": -1.7915222304141247, "3,5": -1.7602647036974868, "3,6": 1.7153325564622648, "3,7": 0.9069154301021114, "4,5": 0.8084481900138201, "4,6": 1.43765494751792, "4,7": -1.8727986145634339, "5,6": -1.8383792586995953, "5,7": 1.956588043469317, "6,7": -0.48648780742329967}, "bias": {"0": 0.9800336816054938, "1": 0.8004335671938825, "2": 0.9725443512720133, "3": -0.1706769097654317, "4": -0.4974111572744393, "5": -0.5232990989031734, "6": -0.9289731077553358, "7": 0.6836740467941989}}