{"Q": {"0,1": -1.107652634844695, "0,2": -0.9607008751946586, "0,3": 0.8658631217488275, "0,4": -0.24157681275439602, "0,5": -1.8414992311317775, "0,6": 1.5811144783421995, "0,7": 1.4257687829884316, "0,8": -1.9997250998123968, "1,2": 1.1074478355592632, "1,3": 1.223038158217558, "1,4": 0.843859984628506, "1,5": 1.4261015731080233, "1,6": 1.2926139412372182, "1,7": -0.1882742243265163, "1,8": -1.9014233579095787, "2,3": 0.9096008732948904, "2,4": 1.3564395578069832, "2,5": 1.3986108833186282, "2,6": -0.3976612215077524, "2,7": -0.3627747906133081, "2,8": 0.41071219540184245, "3,4": 0.5426466445255862, "3,5": -1.883180490301747, "3,6": 0.7645001673354277, "3,7": 1.6920676577467044, "3,8": 0.5324855091881218, "4,5": 1.147418043363297, "4,6": -0.5388955002572122, "4,7": 0.08103487773440499, "4,8": 1.1500118376545663, "5,6": -1.1206706072480008, "5,7": -0.9959153319882601, "5,8": -1.9699976988427639, "6,7": 1.3429023294425475, "6,8": -0.30619627275074324, "7,8": 1.9684908125990255}, "bias": {"0": 0.12837835541543008, "1": -0.17021931819734393, "2": 0.9644150875482973, "3": 0.36822442131335587, "4": -0.23988914549081186, "5": -0.2962824878233057, "6": -0.058606039638742446, "7": 0.9163267616595547, "8": -0.06866590498443292}}