{"Q": {"0,1": -0.7311437171975887, "0,10": -0.47946663532856837, "0,11": -1.6849573751655695, "0,12": -1.7871701878590245, "0,13": 1.305219678509371, "0,14": 1.9077914136821668, "0,15": 0.12402395005025202, "0,16": 0.41585806737979736, "0,2": -1.6363070255006056, "0,3": 1.6288627624554053, "0,4": 1.0572213627547296, "0,5": 0.06150145335889601, "0,6": -0.09863561426861889, "0,7": 0.06127614259682845, "0,8": 0.14549204686978934, "0,9": 1.7882947724088631, "1,10": -0.42265134866190923, "1,11": -0.26531786782412947, "1,12": 0.6441403319148988, "1,13": 1.5226602655885197, "1,14": 0.04821577780838293, "1,15": -1.910705654136771, "1,16": -1.6098135042752628, "1,2": 0.1447088643034795, "1,3": -0.37094719440609003, "1,4": -0.38099106333470223, "1,5": 0.8378464575791669, "1,6": -0.044113960235760974, "1,7": 0.8738052668916074, "1,8": -0.9176154101941538, "1,9": -1.527769255122271, "10,11": -1.4320221579289858, "10,12": 1.7690838875837422, "10,13": -0.4696805134544859, "10,14": -1.3393993149671468, "10,15": -1.6247149369002094, "10,16": -0.42969150474230133, "11,12": 0.3196634789648267, "11,13": 0.5509352530413576, "11,14": -0.40689422294323707, "11,15": -1.597008999002381, "11,16": -1.2148438882589732, "12,13": 0.5172179555372445, "12,14": 0.7830799367105481, "12,15": -1.3289288965861945, "12,16": 0.5066815818283383, "13,14": -1.452882650086523, "13,15": -0.8888605538418073, "13,16": 1.0675916353378465, "14,15": 0.6063682585849279, "14,16": 1.4544968914986076, "15,16": -0.8636533171842888, "2,10": 0.8852159046277568, "2,11": 0.8363680121981418, "2,12": -1.7351903106764026, "2,13": -0.27852051742956885, "2,14": -1.704316488692816, "2,15": -0.9128446834440007, "2,16": -1.8371738559713422, "2,3": 0.6650846323017063, "2,4": 1.0524828771615704, "2,5": -0.47429426977235156, "2,6": -0.7230463396091884, "2,7": 0.6939434748833362, "2,8": 0.6100700584214853, "2,9": 1.6676522795651154, "3,10": 0.9189199890265534, "3,11": -0.19969267798802903, "3,12": -0.6968867118931201, "3,13": 1.8178758531817443, "3,14": -0.820032694485767, "3,15": -1.0707912773137958, "3,16": -0.23282936583099323, "3,4": -1.9385719578548088, "3,5": 1.757156514390089, "3,6": 0.3528790708369738, "3,7": 1.163099861563266, "3,8": -0.33007905680988703, "3,9": 0.2572349369422038, "4,10": -0.7850744131101228, "4,11": 0.8372422594306452, "4,12": 1.2590308157740675, "4,13": -0.4313749068740975, "4,14": 1.540172855746036, "4,15": 1.2233668643520166, "4,16": 1.7415141774871374, "4,5": -0.6661785338438388, "4,6": -0.503189385225923, "4,7": -0.49777765841956567, "4,8": -0.07395867948301449, "4,9": -1.084166913710931, "5,10": -1.2842215886841988, "5,11": -0.030398251064218673, "5,12": -1.9941685540948213, "5,13": 0.3617214984124044, "5,14": -0.16565564418163348, "5,15": 0.5920691546046322, "5,16": -0.10297370174211729, "5,6": -0.8151509807792499, "5,7": 1.2223087649308515, "5,8": 1.74031213547749, "5,9": -1.6607010882163982, "6,10": 1.0685923362641057, "6,11": 0.9501374924538579, "6,12": 0.598347111495388, "6,13": -1.180140322460208, "6,14": 0.8169484578753421, "6,15": -1.0262635228531543, "6,16": 0.9023592138965997, "6,7": 1.0597336329700369, "6,8": 0.44720978395146416, "6,9": -0.8971860085704848, "7,10": 0.003130408059310863, "7,11": 0.8534701825432363, "7,12": -0.38723064813783914, "7,13": -0.11226951429562426, "7,14": 1.7872665393284586, "7,15": -0.77214217833304, "7,16": -0.17352747653882838, "7,8": -0.15755424213589864, "7,9": 1.1587251483451584, "8,10": 1.4694591023565038, "8,11": -0.19775933466984297, "8,12": -1.5569735769538173, "8,13": 1.8784178791706823, "8,14": -0.3556648610892621, "8,15": 0.4996833014741213, "8,16": -0.2915650741893234, "8,9": -0.5373381697119397, "9,10": 1.0774417438636585, "9,11": -1.0206303035323314, "9,12": -0.27109258347218645, "9,13": 1.6267442546349273, "9,14": -0.3774616599081777, "9,15": -0.3337613963462416, "9,16": -1.310355854699968}, "bias": {"0": -0.020507717849098217, "1": -0.8130586468589243, "10": 0.6881771701739139, "11": 0.6602099442475922, "12": -0.7063326192731931, "13": -0.6161921281848324, "14": 0.1859441478927717, "15": 0.34284352930541684, "16": 0.846842430935195, "2": 0.9974699470328237, "3": 0.2583917580885253, "4": 0.7960722306539867, "5": 0.8031112732465875, "6": 0.8506948951741153, "7": -0.7412821694409242, "8": -0.19384201790630762, "9": -0.07045515565881222}}