{"Q": {"0,1": 1.495886566847616, "0,10": -0.9604364234860832, "0,11": -1.5919874576152884, "0,12": 1.6137643378737754, "0,13": -0.5195307395057838, "0,14": 1.0686807168484171, "0,15": 1.002359095321824, "0,16": -0.23129624784980374, "0,17": 0.6461764738674711, "0,18": 1.8188442404825587, "0,19": -0.9880049454033628, "0,2": -1.130511121852082, "0,3": 0.3197631118901616, "0,4": -1.274746196784423, "0,5": -1.9505755842406565, "0,6": -1.3279090107925584, "0,7": 1.2145651749678095, "0,8": 1.7574790989956108, "0,9": -0.3927085889488229, "1,10": -0.4923208666623671, "1,11": 1.8190551361458254, "1,12": -0.7168001505372605, "1,13": -1.9515726418761101, "1,14": 1.3151944604554506, "1,15": 1.938157422373357, "1,16": -0.49381321645242693, "1,17": 0.750009920712952, "1,18": -0.11063172977057256, "1,19": -0.011655496778817387, "1,2": -0.49954828465849044, "1,3": 0.15338265345381652, "1,4": 0.4931177015069226, "1,5": 0.011329308071696076, "1,6": -0.6586858248175971, "1,7": 1.5262829979269665, "1,8": 0.5993431519869121, "1,9": 0.9975091829392952, "10,11": 0.5335298581789312, "10,12": -0.027445828707030717, "10,13": -1.008827655354021, "10,14": 0.5982504273977658, "10,15": -1.9556443262220524, "10,16": 0.6937598850997979, "10,17": -1.2833231303881134, "10,18": -1.8021593177398212, "10,19": -0.4963037147658347, "11,12": 1.8680427001172197, "11,13": 1.3895795805524482, "11,14": -0.2948333139114978, "11,15": 0.03603362111257713, "11,16": 0.4188563837421442, "11,17": -1.765013267537006, "11,18": 0.9447224433772115, "11,19": 0.9022148319995824, "12,13": 1.4536004587352735, "12,14": -0.580687232926917, "12,15": -0.429722713295956, "12,16": 0.5893831784455896, "12,17": 1.0865429183831132, "12,18": -1.000511680988292, "12,19": 0.280704205749827, "13,14": -0.8218047166313776, "13,15": 1.2869525686055319, "13,16": 1.5641699058098926, "13,17": -0.6155086654456134, "13,18": 1.8851832899585967, "13,19": -0.6933770719106773, "14,15": 0.4924570728610842, "14,16": -0.5502139644669874, "14,17": 1.9837043178190399, "14,18": -1.7721519267588701, "14,19": -1.732796480490772, "15,16": -0.47243056014309426, "15,17": -1.3124929626821569, "15,18": -1.3544579931071188, "15,19": -0.7153352253745004, "16,17": 0.5095380883460017, "16,18": 1.5691569804860497, "16,19": -1.005310550571647, "17,18": 0.8002156938581959, "17,19": -0.6402643379146649, "18,19": 0.309608478275774, "2,10": 1.550616829198808, "2,11": 0.20387882198174312, "2,12": 1.7576899409675018, "2,13": -0.3376633289448576, "2,14": 0.021669093377869153, "2,15": 1.3363318847326546, "2,16": 1.4882794596384068, "2,17": 1.8072799683848033, "2,18": 0.8830454984436882, "2,19": 1.0601837909029799, "2,3": 0.0025319508780206057, "2,4": -0.5035100648109059, "2,5": -1.7670068839318303, "2,6": -1.5985297419291333, "2,7": -0.8296970807130117, "2,8": 1.569861388807802, "2,9": 1.7140415499752026, "3,10": -0.928395949744711, "3,11": -1.4885161584830517, "3,12": -0.6513621467621071, "3,13": -1.4240230246849825, "3,14": 1.6296154756632344, "3,15": 1.5591762045137982, "3,16": -0.17404641115193575, "3,17": 0.14697571969221013, "3,18": -0.5529279447847464, "3,19": 1.8441481193089064, "3,4": -1.7461513414560006, "3,5": -0.7320154545751989, "3,6": 0.23889146260632543, "3,7": -0.019378096531320388, "3,8": 0.15562055568472344, "3,9": 0.868024483175414, "4,10": 1.0296812815983616, "4,11": -1.4674481437492775, "4,12": 1.6086982073514209, "4,13": 0.43524569274327485, "4,14": -1.4137881885654502, "4,15": -0.7120061928643411, "4,16": 0.7687869694108742, "4,17": -1.9549755945270282, "4,18": -0.4574235627091401, "4,19": 1.1235753051068258, "4,5": -0.7745633614083576, "4,6": -0.8610177566678199, "4,7": -1.526435461314395, "4,8": -1.8329194032070908, "4,9": 0.3049044238429346, "5,10": -1.8042619848584498, "5,11": -0.6891157413071829, "5,12": 0.27409483829678916, "5,13": 1.2676729610485715, "5,14": 0.007593005011384157, "5,15": -1.656212251180357, "5,16": -1.3299089726464417, "5,17": -0.13099568987702703, "5,18": -0.43276585489592234, "5,19": -1.2976718780999956, "5,6": 1.3079129010143387, "5,7": -1.7891889418569717, "5,8": 1.7205485447202378, "5,9": 0.40948418200490844, "6,10": 0.21213945884436303, "6,11": 0.04213738006144441, "6,12": -0.5497973780752683, "6,13": -0.7925255873431256, "6,14": -1.6921707733848304, "6,15": 0.8574030918244206, "6,16": 0.36900189066166744, "6,17": 1.8694060895856377, "6,18": 0.43032151895740034, "6,19": 0.5889726302364555, "6,7": -1.7490534914942146, "6,8": 0.760722221814226, "6,9": -0.35521733733416294, "7,10": -1.4388839043756114, "7,11": 1.8635919575628934, "7,12": 0.05921561146211429, "7,13": 0.7957063451323969, "7,14": 0.16172909016461867, "7,15": 1.4444964572253456, "7,16": 1.1795890176139618, "7,17": 0.8618547004229806, "7,18": -1.4427595565723976, "7,19": -0.14491538512819435, "7,8": 0.5068895220535441, "7,9": -0.6036984348649419, "8,10": -0.7962680408697591, "8,11": -0.14320513330138152, "8,12": 0.589903731188353, "8,13": 1.799103651987024, "8,14": -1.6931657031589609, "8,15": -1.861287143182317, "8,16": -1.3328241629697715, "8,17": -0.783315019268835, "8,18": -1.4627218559587556, "8,19": -1.8690876086054966, "8,9": -0.09778112581948317, "9,10": 1.1415626028192594, "9,11": 1.1385082515915994, "9,12": -0.020165505998285038, "9,13": -1.3647114018323596, "9,14": 0.45145387540320936, "9,15": 0.4298205840804923, "9,16": -0.04509039500263334, "9,17": -1.404291460290203, "9,18": 0.4538737983755059, "9,19": -1.6551034785197234}, "bias": {"0": -0.07399326992962174, "1": 0.8189897245058444, "10": -0.9328816058221205, "11": 0.7976759812810954, "12": -0.5587173591341801, "13": 0.27657510914128314, "14": -0.605323199304949, "15": 0.8725385988119454, "16": 0.229560368934971, "17": 0.2562682696228318, "18": 0.7482991737386835, "19": 0.3276831832168592, "2": -0.8460340430364994, "3": -0.46762507845191026, "4": 0.14011178467155982, "5": 0.29590225449552165, "6": -0.5415600479089333, "7": -0.4924524294095518, "8": 0.3678808293185598, "9": -0.20277235810926508}}