{"Q": {"0,1": 1.0157580880671522, "0,2": 0.7910145131132684, "0,3": -0.8101798612569513, "0,4": -0.979115127035207, "0,5": -1.4619479167511003, "0,6": -1.654365462502391, "0,7": -1.2307714166118973, "0,8": 1.6332119062577939, "1,2": 1.456112431944692, "1,3": -0.40571015358358675, "1,4": 1.8117212480589062, "1,5": 1.799586468736924, "1,6": -0.4723062435150416, "1,7": 1.6672780120172512, "1,8": -1.2009967877111198, "2,3": 0.34215558682485625, "2,4": 1.6618024081472234, "2,5": -0.611591906002134, "2,6": -1.7587823502851765, "2,7": 1.937139042690856, "2,8": 1.695487951002372, "3,4": 0.02593317364730341, "3,5": -0.9104688019495906, "3,6": 1.5431509603174458, "3,7": -1.275846209619199, "3,8": 0.4749964476554993, "4,5": -0.13860935162169907, "4,6": 1.1162996088329318, "4,7": 0.08509802656953491, "4,8": -0.04314973755936791, "5,6": -0.5586244974633376, "5,7": 0.17011763674291425, "5,8": 1.1234675951029334, "6,7": -0.36720487517744393, "6,8": -0.7047721132479969, "7,8": 1.146354265730401}, "bias": {"0": 0.23729889471615073, "1": -0.7578953165820681, "2": 0.42292341778816533, "3": 0.3265025904601091, "4": -0.2709941215492344, "5": -0.5448655654349974, "6": 0.44185355303727647, "7": 0.3685372921937933, "8": -0.778897373286217}}