{"Q": {"0,1": 0.6883314373117253, "0,10": 1.799654633639029, "0,11": -0.38385290118430193, "0,12": 1.155568164383154, "0,13": -1.5619873790568626, "0,14": 1.102156123339931, "0,15": 0.35260632485767696, "0,2": 1.3929807444864744, "0,3": 0.32671818768987304, "0,4": -1.602406242665643, "0,5": -1.5107319217154958, "0,6": -0.19078691370970002, "0,7": 0.41110617759974133, "0,8": 1.6567266610837073, "0,9": -0.8963857723674886, "1,10": -0.2255216775015243, "1,11": 1.735130703967442, "1,12": 1.1631802953266401, "1,13": -0.008392225546053567, "1,14": 0.7130815912826107, "1,15": -0.7540447706508941, "1,2": -0.8472662752910627, "1,3": -1.1172192899399582, "1,4": 1.6708543839532268, "1,5": 1.6673204468862628, "1,6": -1.2891443607413011, "1,7": -0.6591396557861322, "1,8": -1.4246829176810576, "1,9": 0.23431155922574343, "10,11": 0.24337946703625146, "10,12": -0.762740849435672, "10,13": -0.1293433056188138, "10,14": -0.4589637242443758, "10,15": 1.0853828676609547, "11,12": -0.3917947902959451, "11,13": 0.7319116355075033, "11,14": -0.05367975453160723, "11,15": -1.4042775378074506, "12,13": 1.580654517440137, "12,14": -0.39026574147934534, "12,15": 1.9483110465333482, "13,14": 0.24803583784967742, "13,15": -0.7931055638881284, "14,15": -0.877425948161588, "2,10": 1.675351203860632, "2,11": -0.3233911613295546, "2,12": -1.860934092556001, "2,13": -1.8622661385782835, "2,14": -0.8497276489075292, "2,15": -1.2481878537324915, "2,3": 0.08188772904644237, "2,4": -0.1425138840938791, "2,5": 1.4962036854172136, "2,6": -0.8007979522956825, "2,7": 1.2160492726559187, "2,8": 1.6560266191101896, "2,9": -0.42254582198532287, "3,10": 1.1250545412076116, "3,11": 1.8816932051248245, "3,12": 1.504630460987857, "3,13": 1.0857002979588577, "3,14": 0.12558107348827496, "3,15": 0.8667653738674095, "3,4": 1.1332094684663705, "3,5": 1.1137616379649855, "3,6": 1.303689103258034, "3,7": 1.6168047752083963, "3,8": -1.926793634865628, "3,9": 0.9248136196729249, "4,10": -0.8686682088875219, "4,11": 0.5760489563998479, "4,12": 1.9348904477091966, "4,13": -1.6657931664300665, "4,14": -0.7738491225074058, "4,15": 0.37466040489790675, "4,5": 1.6678640834185625, "4,6": 1.4616704400076932, "4,7": -1.9875120548055567, "4,8": 1.851480531530028, "4,9": 0.4436773957922817, "5,10": 1.630278523406743, "5,11": 1.598783892095474, "5,12": 1.3601253537495555, "5,13": 0.9415437350645108, "5,14": 0.12333078579552037, "5,15": -0.11414775840720326, "5,6": 1.8033603075273992, "5,7": -0.388557196904844, "5,8": -0.2786950957711922, "5,9": -0.943531397655692, "6,10": 1.4692862293764648, "6,11": 1.626353267602124, "6,12": 1.8492696054422795, "6,13": -0.640832880524767, "6,14": 0.7916709006629552, "6,15": -0.2827603089348987, "6,7": 0.13019184665056205, "6,8": -1.8054207451650979, "6,9": -1.8449527509183654, "7,10": 0.6156651289189274, "7,11": 0.3385898925035873, "7,12": -1.1884937351203573, "7,13": -1.9417585856302653, "7,14": -1.140519808758567, "7,15": -1.823934665541051, "7,8": 1.998674745746988, "7,9": 0.5319612726648639, "8,10": -0.6675049497212506, "8,11": -0.39818154041971443, "8,12": -1.4885063296778287, "8,13": -1.5165796261621285, "8,14": -1.3021573910786026, "8,15": -1.400188135581736, "8,9": -1.8722911982589183, "9,10": -0.04464220260649476, "9,11": -0.1437045234796197, "9,12": 1.8463234912833846, "9,13": -1.7155586927128974, "9,14": 1.4365513456904413, "9,15": -0.7668381858280537}, "bias": {"0": -0.9417688419322776, "1": -0.35450829104608284, "10": 0.896445722767055, "11": -0.7252652452432113, "12": 0.8775259746810928, "13": -0.44919914542316386, "14": 0.7612381316074817, "15": -0.01054712801797808, "2": 0.9202095221060078, "3": -0.6526277127522446, "4": 0.3774416020983342, "5": 0.3935289239007125, "6": 0.36923681841250455, "7": 0.9751889609572915, "8": -0.5000505964580901, "9": -0.00759975745626984}}