{"Q": {"0,1": 0.5871975676648677, "0,10": -0.24074433289848507, "0,11": 1.587486842511121, "0,12": 0.1490263333582975, "0,13": 0.24976307486375582, "0,14": 0.6932085252401614, "0,15": 1.695568729625545, "0,16": 0.344153462113558, "0,17": 0.12467825188989812, "0,18": -1.259038268289678, "0,19": 1.9334100769704228, "0,2": 1.8094589806301298, "0,3": 1.7210892479572175, "0,4": -1.6113173922424413, "0,5": 0.14816135811488929, "0,6": -0.8288662110573219, "0,7": 0.7702653363904317, "0,8": 0.5748366592533074, "0,9": 1.6692131477959307, "1,10": -1.0606347869435746, "1,11": -0.9337749158660111, "1,12": -0.05655947260680616, "1,13": 0.8450157384917141, "1,14": 0.9382943516166948, "1,15": 0.40207854351110406, "1,16": 0.23705453366918627, "1,17": 0.14974859126896556, "1,18": -0.5837322828597618, "1,19": 1.5711436794738298, "1,2": 0.16212126843736474, "1,3": 0.715151259575288, "1,4": -0.8286747690370477, "1,5": -0.06251939953167351, "1,6": 1.2698676073345787, "1,7": 0.6934159807307263, "1,8": 1.3252936207344383, "1,9": 1.940061665878582, "10,11": -0.21677875785043765, "10,12": 1.1630160467928565, "10,13": -1.0629325512099044, "10,14": -1.6026127278269442, "10,15": -0.864508562243504, "10,16": 0.9288405386694083, "10,17": -0.7534980619536875, "10,18": 0.9459912278115881, "10,19": -1.9670089719644732, "11,12": -0.1230977784798668, "11,13": 1.340955190818963, "11,14": -0.9562984473273599, "11,15": 0.38920210520660126, "11,16": -1.3341129502048559, "11,17": 1.3003243072517652, "11,18": -0.4490790646903431, "11,19": -0.5001119067474682, "12,13": 0.693024489638606, "12,14": -1.4602238688118034, "12,15": 1.3519067721251488, "12,16": 1.2607868305842733, "12,17": -1.5050945864582785, "12,18": 1.5009876093787362, "12,19": -0.9849952525411942, "13,14": -1.3637252062721283, "13,15": -0.2993908187850356, "13,16": -1.5213316982667382, "13,17": 0.712920913310664, "13,18": 1.9323291364661679, "13,19": 0.48988265102323725, "14,15": -0.7365756887069304, "14,16": 0.5272351800837995, "14,17": 0.8667510880185554, "14,18": -0.9243527584371849, "14,19": -0.0019191213555158626, "15,16": 0.805340374760168, "15,17": -0.4033406917995017, "15,18": -1.1553898754850076, "15,19": -0.7742097847566725, "16,17": 0.9252240955907434, "16,18": 0.3549672734507925, "16,19": 0.7556662748903054, "17,18": -0.990909846220486, "17,19": 0.020487024193008185, "18,19": -1.4491930288014663, "2,10": 1.528191620419828, "2,11": 0.9665361526248759, "2,12": 1.7562476045125326, "2,13": 0.5385890750129061, "2,14": 1.5377485312413897, "2,15": -0.6367738567458714, "2,16": -1.734462348946411, "2,17": -0.5334888419807067, "2,18": 1.3324317870859397, "2,19": 1.2968318215877583, "2,3": -0.9835926482403949, "2,4": 0.5514176715782115, "2,5": -0.7841544056152197, "2,6": 0.5295670161818413, "2,7": 0.5756381540373932, "2,8": 1.723768392658489, "2,9": -1.5447521592156455, "3,10": 0.7671595496299073, "3,11": -1.3800491865537152, "3,12": 1.0286523480459575, "3,13": -0.01026435294691952, "3,14": 1.9207805619872746, "3,15": 1.8426411507106075, "3,16": -0.6211484024961407, "3,17": -1.7601389893791555, "3,18": -0.04537135932726599, "3,19": 1.6804954766059779, "3,4": -1.0196566894959695, "3,5": -0.3113104214865037, "3,6": 1.0155104094190528, "3,7": -1.5422449797661884, "3,8": 1.6808953818978933, "3,9": -0.4289879887667474, "4,10": -0.5053213838319328, "4,11": -1.3426147160755626, "4,12": 1.5255893186401819, "4,13": -0.30453102863195225, "4,14": 0.7702763246394664, "4,15": 1.4837001967329715, "4,16": -0.8432194131590003, "4,17": -1.6850798612836968, "4,18": 1.739182695609561, "4,19": 1.0826678087031434, "4,5": 0.6211706625373803, "4,6": 0.7923882151060249, "4,7": 1.4980926588919772, "4,8": 0.43284142165411454, "4,9": 0.22628000497115108, "5,10": 0.5086269036830551, "5,11": 1.7650288886162246, "5,12": -0.7025431466374865, "5,13": -1.0467043782015528, "5,14": -1.62659421076004, "5,15": 0.13804401735626737, "5,16": 0.46975806070852855, "5,17": -0.6542499511017192, "5,18": -1.436836694599977, "5,19": 1.4653020061895825, "5,6": -0.4210909108949141, "5,7": 0.7807543013522515, "5,8": -0.3344447371009158, "5,9": 1.0911640407441099, "6,10": 0.24701809481283687, "6,11": -1.0542655968626646, "6,12": 1.7326965167639323, "6,13": 0.01645292725240255, "6,14": 0.46518536129347776, "6,15": -1.5967056836065452, "6,16": 1.6225294151154213, "6,17": 0.7417270598065051, "6,18": 0.5116942212409819, "6,19": -1.8764120791748984, "6,7": 1.5074487342493992, "6,8": -1.5237124993055584, "6,9": -0.6749453441119999, "7,10": -0.9835838041328073, "7,11": 1.7959090251021759, "7,12": -0.11810253414247374, "7,13": -0.3627631600504113, "7,14": 0.9233573930236996, "7,15": -1.6782437478977772, "7,16": -1.6870367490255052, "7,17": 1.2551596837220038, "7,18": 1.11074276796997, "7,19": -0.8129690786184276, "7,8": -1.1386074065652423, "7,9": -0.36055570587238117, "8,10": -0.8027884297351591, "8,11": -1.7940711075490823, "8,12": -1.706488341172327, "8,13": -1.771079419670306, "8,14": -1.1967944036361415, "8,15": -1.4140296688889231, "8,16": -1.13965885982629, "8,17": -0.5350157786489924, "8,18": -0.13949605821530842, "8,19": -1.3479367009528067, "8,9": 0.9886638955089886, "9,10": 0.05050793562420397, "9,11": -1.9922454257587265, "9,12": 1.8875952463993935, "9,13": 1.5789270612920001, "9,14": -0.8679948579313206, "9,15": -1.5182603686873395, "9,16": -0.5439937936889052, "9,17": 1.0321694066875562, "9,18": 0.12869446456819578, "9,19": 1.7140848304741114}, "bias": {"0": -0.09695011648636598, "1": -0.860903412768474, "10": 0.441112168342938, "11": -0.20220930629639766, "12": -0.5015482356743866, "13": -0.0012914156124510523, "14": -0.5446467054676034, "15": 0.39319078918584527, "16": -0.9358318283010583, "17": -0.6390173414115485, "18": 0.9574600252410204, "19": -0.041560187087153144, "2": -0.7509273383611199, "3": 0.2936449710126996, "4": -0.9708850533283784, "5": 0.30250111387511747, "6": -0.6205613534127252, "7": 0.8962590737960872, "8": -0.13140044715757027, "9": -0.06478928140646678}}