{"Q": {"0,1": 0.4419689730061718, "0,2": -0.7912902102351023, "0,3": -0.7648197543167128, "0,4": -1.0393336265180766, "0,5": -0.13789080558039624, "0,6": 1.8422983321227688, "0,7": -0.7722395130655757, "0,8": -0.8579583066200129, "1,2": -1.5719628012834925, "1,3": -1.8056061672452195, "1,4": -1.9010638568847567, "1,5": 1.029918049326644, "1,6": -0.5961521481662917, "1,7": 0.45854347969201115, "1,8": -0.39022620215845416, "2,3": 0.08087329536519272, "2,4": -1.7209701772726564, "2,5": 1.5501660627421496, "2,6": 0.6758833093919598, "2,7": 0.5725615234611077, "2,8": -0.48942837386746696, "3,4": 0.7878745952352846, "3,5": -0.6702578012552105, "3,6": 0.19746393234891846, "3,7": 0.37778441099614835, "3,8": 0.6107211917381394, "4,5": -0.48866178868418686, "4,6": 1.1094159302730393, "4,7": -1.1113075838324176, "4,8": -1.6863361244947992, "5,6": 1.284868785661116, "5,7": -1.1158187978802268, "5,8": -1.4219084496947572, "6,7": -1.8345803696080583, "6,8": 0.11628528398629934, "7,8": 0.047232670144038646}, "bias": {"0": -0.9191320323349117, "1": -0.9808547877196419, "2": -0.017025050197488456, "3": 0.6553073640200013, "4": -0.6975715061869707, "5": 0.7824005035896917, "6": -0.7876526331287828, "7": 0.06597390414822968, "8": -0.5198869142115927}}