{"Q": {"0,1": -1.2290641684932768, "0,2": 1.7104549514322853, "0,3": 0.17394120940375357, "0,4": -0.9990973949061543, "0,5": 0.8917570498694398, "0,6": 0.05613729318030236, "0,7": 0.23601051188800026, "0,8": 0.5035741700949128, "0,9": -0.6818533779036327, "1,2": 0.562573283027354, "1,3": 1.3195353413665867, "1,4": 0.19756933620795936, "1,5": -0.8573452244964104, "1,6": 1.904956808706355, "1,7": -1.5455011399452738, "1,8": 0.4438973357925171, "1,9": -1.1696034142351843, "2,3": -1.9386761702799244, "2,4": 0.8147282500233866, "2,5": 0.14527277845876885, "2,6": -0.4920125051243258, "2,7": 0.32655988507093037, "2,8": -1.669683220046093, "2,9": 1.8457149802413575, "3,4": -1.599833726589238, "3,5": 0.8807638390991057, "3,6": 0.9802950675980004, "3,7": 0.05611566126165535, "3,8": 0.7305896579945257, "3,9": 1.4620506562905602, "4,5": 0.5902503239800887, "4,6": -1.1135246778622934, "4,7": 0.682052503793896, "4,8": 0.47662857466046926, "4,9": 0.9086109743097577, "5,6": 1.96932025844735, "5,7": 0.3779636458225313, "5,8": -0.47316476197548063, "5,9": -0.4144647354699833, "6,7": 1.337247239612446, "6,8": -0.9490047209731372, "6,9": -1.6076619782399657, "7,8": -1.7016762305738729, "7,9": 1.0186836780267554, "8,9": 1.1961840861725843}, "bias": {"0": 0.21522411463619195, "1": 0.26637013748718874, "2": 0.23402970757700103, "3": 0.12098178459727404, "4": 0.04561985364584897, "5": 0.5617507069317438, "6": 0.31453836517667555, "7": -0.8826646201143338, "8": -0.009735961187335995, "9": -0.09859142235712737}}