{"Q": {"0,1": -1.7731937634989419, "0,10": 0.29683929295366385, "0,11": 1.9107048930488442, "0,12": -0.7950915823177711, "0,13": 1.7791550086433023, "0,14": -1.219549803870175, "0,2": -0.6884999650554811, "0,3": -1.540085413803339, "0,4": 0.8742564331517282, "0,5": 0.7998202640069141, "0,6": 1.557721918405187, "0,7": 1.9054366403151044, "0,8": 1.4399121379865623, "0,9": -0.47652089830759126, "1,10": 1.6265435856866586, "1,11": 0.2625401546006967, "1,12": -0.5082503286301732, "1,13": 1.1259283505711717, "1,14": 0.33868708661218827, "1,2": -0.47511937845458574, "1,3": 1.9809141164753372, "1,4": 0.33093895214784963, "1,5": 0.3293130547143295, "1,6": 1.3244338422340838, "1,7": -1.489363958407055, "1,8": 1.851692448835958, "1,9": 1.432880015498407, "10,11": -1.5531485880232698, "10,12": -0.3775292025213277, "10,13": 0.08985592610046567, "10,14": 1.2053377002122536, "11,12": -0.9934596119303367, "11,13": 0.5235023326379578, "11,14": -0.12094897726155818, "12,13": 1.0395906636322634, "12,14": -1.263446280371057, "13,14": 1.5652900249472315, "2,10": 0.49560982706706014, "2,11": 1.2069008717912229, "2,12": 1.9798609220437573, "2,13": 0.08847209702013803, "2,14": 0.6546198298400308, "2,3": 0.6453282929751976, "2,4": -0.5165011426417143, "2,5": 1.9653137704432448, "2,6": -0.1447499221895412, "2,7": -1.731793123488044, "2,8": -0.9819149797592126, "2,9": -1.7252746948094524, "3,10": -0.8485727968038428, "3,11": 0.5760309617741282, "3,12": 0.432264624535009, "3,13": 1.535741069822803, "3,14": 1.5375876671545328, "3,4": -0.9275114768504555, "3,5": 0.325920038043761, "3,6": -1.5033566057342345, "3,7": -1.403949582058948, "3,8": 0.8465289410004924, "3,9": -1.1095542796760132, "4,10": 0.6802482728588992, "4,11": -0.09969002004097538, "4,12": 0.24494566058133005, "4,13": 1.0396586027201522, "4,14": -1.3016879810740756, "4,5": 1.649918905589936, "4,6": -0.1182134369927268, "4,7": 1.311192909768733, "4,8": 1.6728853803676667, "4,9": -0.993093055725434, "5,10": -0.4738911770335874, "5,11": 0.5930660153679415, "5,12": 0.4785840769324059, "5,13": 1.1863298937188906, "5,14": -1.2733678304267873, "5,6": 0.35892280276732835, "5,7": 0.10232897612485203, "5,8": -0.3759981812424922, "5,9": 1.7476059235430021, "6,10": 1.8410093755559545, "6,11": 0.34861838742202034, "6,12": -0.7826879851582631, "6,13": 1.9872000522447548, "6,14": -1.8104529600177464, "6,7": 0.8696120363839039, "6,8": 0.4428767670480869, "6,9": -0.2698964108521862, "7,10": 1.4432971199896825, "7,11": 1.357341378831018, "7,12": -1.0563373316284896, "7,13": 1.3445848086035208, "7,14": 0.6147327301803873, "7,8": -0.06379505817545938, "7,9": 0.9839197699990874, "8,10": 0.57539273203396, "8,11": 1.0618803448189889, "8,12": 0.4063117585514462, "8,13": 0.9727285822225022, "8,14": 0.09266911439945558, "8,9": -1.9354594259850848, "9,10": -1.5695988763241133, "9,11": 1.6694579214821812, "9,12": -1.787304338931543, "9,13": 1.5885345656089456, "9,14": 0.7125198269603206}, "bias": {"0": -0.02440806775996296, "1": 0.4885289532624282, "10": -0.8873464515835963, "11": -0.6159398927604944, "12": -0.2229489060790617, "13": -0.47069174994766216, "14": 0.7461901818924948, "2": 0.6870288021282975, "3": -0.8501587936850021, "4": 0.7585732787274095, "5": -0.2234538001380968, "6": -0.3913530470286679, "7": -0.9232521236121503, "8": -0.33550769267950886, "9": -0.7769854322374996}}