{"Q": {"0,1": -1.0340308442539414, "0,2": -0.06738256903903217, "0,3": 1.5467595083277903, "0,4": 0.7083021144634789, "0,5": 0.7456842707617053, "0,6": -0.42033412202149023, "0,7": 1.3660056390327613, "0,8": -0.8240392359306012, "1,2": 0.09873092782583459, "1,3": -0.8035294988592758, "1,4": 1.5962544234726357, "1,5": -1.6455417849020177, "1,6": 0.7791025136354426, "1,7": 0.675190050723399, "1,8": 0.21826247668037357, "2,3": 1.9475262199124153, "2,4": -0.6850465349696555, "2,5": 0.5299967087995108, "2,6": 1.2151259407892545, "2,7": 0.30228321343615994, "2,8": 1.5753295740627853, "3,4": 0.15468940982941337, "3,5": -1.9719975806439183, "3,6": 1.664311954226687, "3,7": -0.05699932230571969, "3,8": 1.3814556980793902, "4,5": 0.4647437637909575, "4,6": -0.5402008916530394, "4,7": -1.6495519835479677, "4,8": -1.9205433747603489, "5,6": 1.8354527516485284, "5,7": 0.12461504784375377, "5,8": -1.0132493733650958, "6,7": -1.413812561989714, "6,8": 1.3889221131578813, "7,8": 1.360776193446009}, "bias": {"0": -0.03558675843225645, "1": 0.996727444841615, "2": 0.863314800598155, "3": 0.37160191524179864, "4": 0.4812761419087104, "5": -0.9744789080284311, "6": -0.38899947456508466, "7": 0.012816317894064566, "8": -0.8702269694522276}}