{"Q": {"0,1": 0.4868840792326372, "0,10": -0.8741943797679563, "0,11": -1.6980665074955654, "0,12": 1.0508560385293344, "0,13": -0.3274074835269025, "0,14": 0.5694327146158615, "0,15": -0.5780151263566315, "0,16": 0.7710730178626899, "0,17": -1.1266764909996643, "0,18": -0.406020005568124, "0,2": -0.6343127864580498, "0,3": -0.9934271503841638, "0,4": -0.28544224174818256, "0,5": -1.3076455403276261, "0,6": 0.8058694264455588, "0,7": 1.158477643467445, "0,8": 0.7303256361902557, "0,9": -0.07279793087533681, "1,10": 1.1223300942840688, "1,11": -1.9564279594252643, "1,12": 1.282192586060059, "1,13": -1.629757802609324, "1,14": 1.4423006941585843, "1,15": -0.9099786100915801, "1,16": -1.8879506864378768, "1,17": 1.4438220855187955, "1,18": 0.957374688170435, "1,2": -1.5585264997568786, "1,3": 1.2569418062910875, "1,4": 0.32525292345094137, "1,5": -1.3074484092456204, "1,6": -1.934286046258658, "1,7": -0.9424625094289794, "1,8": -1.6376042002947169, "1,9": -1.8144589778836786, "10,11": 1.1213989701293783, "10,12": -1.439421801919233, "10,13": -0.18539882732602875, "10,14": -0.1224916250970276, "10,15": -0.30711525342882373, "10,16": -0.47411131171351295, "10,17": -0.010593612869397084, "10,18": 1.23782077461826, "11,12": 0.7811590535375057, "11,13": 0.7638887019732259, "11,14": -1.6072545573472716, "11,15": -1.2112622472218808, "11,16": 0.08418346815224664, "11,17": 1.6410317577352052, "11,18": -0.4066368951035475, "12,13": 1.9388085840982856, "12,14": 1.176824185063368, "12,15": -0.9279138921523251, "12,16": -1.2921961311607584, "12,17": -0.36725365531406684, "12,18": -0.47095449843713055, "13,14": 1.0990353506164063, "13,15": 1.9648498982619378, "13,16": -0.052506068722570465, "13,17": -0.7282191928284916, "13,18": 0.41485184916497, "14,15": -0.41571434760134274, "14,16": 1.234312680255663, "14,17": 0.44950584084893164, "14,18": -1.7342827487214025, "15,16": 0.22698580181123917, "15,17": -1.9711749757399195, "15,18": -0.6153561459040731, "16,17": 1.4733625082527566, "16,18": -1.1525632195035418, "17,18": 0.032564496643435525, "2,10": -1.7453338468139092, "2,11": 0.06063486159936282, "2,12": -0.7098259679847918, "2,13": -0.45505934944388926, "2,14": 0.3371319519595062, "2,15": 1.564532834365317, "2,16": -0.33282476707308906, "2,17": 0.36673496626338364, "2,18": 0.6983148095315226, "2,3": -0.7304618879970373, "2,4": -1.5085576744512816, "2,5": 1.6969867945648422, "2,6": -0.39352893297710434, "2,7": 1.3852558340440235, "2,8": 0.46919980915764237, "2,9": 1.3908990810262463, "3,10": -1.7576970610175877, "3,11": 0.48049031582040325, "3,12": 1.5637065501944543, "3,13": -0.6864274672871793, "3,14": -0.16793912323038773, "3,15": -1.7288805805968597, "3,16": 0.69702774544717, "3,17": 0.6897847003381572, "3,18": 1.6719074921462105, "3,4": 1.1873601689644175, "3,5": -0.15837069269245108, "3,6": 0.946383248238345, "3,7": 1.6986748048256683, "3,8": 0.6321653989473028, "3,9": 0.2637011932904558, "4,10": -1.2028064337473752, "4,11": 1.1163579419806724, "4,12": 1.7960859839140344, "4,13": -0.3250213981620753, "4,14": -1.3586244622826928, "4,15": -1.688986328124312, "4,16": 1.8874892015197493, "4,17": -0.8057855727628436, "4,18": -1.2804205594212372, "4,5": 0.6949558855217632, "4,6": 0.18664114529556652, "4,7": 0.6847139340438506, "4,8": -1.793504395858188, "4,9": 1.4276235323700628, "5,10": 1.5523916669733437, "5,11": -0.13886581453660263, "5,12": -0.9117817570427231, "5,13": -1.97637594996425, "5,14": 0.48045643189156584, "5,15": 0.31145335845897915, "5,16": -1.3588376048102364, "5,17": 1.0537333434925777, "5,18": -0.3691106054554858, "5,6": -0.9204608550411613, "5,7": 0.4916974599727375, "5,8": -1.2045625668466489, "5,9": 1.8394691863468555, "6,10": 1.8717332293687297, "6,11": 1.630597998265861, "6,12": -0.6152838907476359, "6,13": 0.19873229552927185, "6,14": 0.1977507504448175, "6,15": 1.2366305951692573, "6,16": -0.2909963603745003, "6,17": 1.435365554317221, "6,18": 0.8556018517306465, "6,7": -1.769558707444801, "6,8": -1.627954461091524, "6,9": 0.9686796129300101, "7,10": 0.4399696580228203, "7,11": -1.8647896008181748, "7,12": 0.41121651745436383, "7,13": 0.606669905853765, "7,14": 1.9402639936094936, "7,15": -0.9569108400700501, "7,16": 1.2236158800996235, "7,17": 1.6058128443164192, "7,18": -1.0369297441926748, "7,8": 0.39363537278022775, "7,9": 0.03399230076738524, "8,10": 0.8809727436867005, "8,11": -0.9140897526663472, "8,12": 1.9010206591574703, "8,13": -0.16000449930041283, "8,14": -0.47363415663727837, "8,15": -0.9632144436916459, "8,16": -0.7161072408946989, "8,17": 0.43635002547878354, "8,18": -0.5929445638325257, "8,9": 1.5955346798645724, "9,10": -0.7970870834143704, "9,11": -1.3266545782704173, "9,12": 0.650825140436118, "9,13": 1.1091898220817131, "9,14": -1.536083000386109, "9,15": 1.420340646774712, "9,16": 0.5151924299799662, "9,17": -0.3967795624364223, "9,18": -0.3366635172915289}, "bias": {"0": 0.3925851180811586, "1": 0.6809414362417234, "10": -0.5343423007515502, "11": 0.8459463367377877, "12": 0.3893119943815475, "13": -0.35137343819484546, "14": -0.12701061701571348, "15": -0.5296676152635109, "16": 0.6579721839814847, "17": 0.0962242780231124, "18": -0.4243231538832011, "2": 0.47435144421971454, "3": 0.377530031212459, "4": -0.6636698825138319, "5": -0.6185516765571102, "6": 0.1548107495215083, "7": -0.7091956978488538, "8": -0.5868414358441196, "9": 0.26477277649809117}}