{"Q": {"0,1": -0.6171818870383246, "0,2": -1.094631068373749, "0,3": 0.8782386395353545, "0,4": 1.195263374631343, "0,5": 0.6048809990163715, "0,6": -1.162360737443771, "0,7": 0.8309486228909986, "1,2": -0.5920122934335494, "1,3": -1.8463624705718327, "1,4": 0.09489313402446653, "1,5": -1.2120936081938365, "1,6": -0.300786082852011, "1,7": -0.34475016512429235, "2,3": 1.5752556819159245, "2,4": -0.29400404372662603, "2,5": -1.155743224997436, "2,6": -1.38210247555353, "2,7": -0.7377296967500291, "3,4": -1.5393090607258944, "3,5": -0.13734496082031056, "3,6": -0.5171761830120256, "3,7": -1.435119477140128, "4,5": -0.7794313074983186, "4,6": 0.07316006529235741, "4,7": 1.5846171225384644, "5,6": 1.0193395084215537, "5,7": -1.0291632233754617, "6,7": -1.5305863864368563}, "bias": {"0": -0.3879236640328769, "1": 0.9031577680404261, "2": -0.6502668521040389, "3": 0.40583653636314576, "4": 0.9825504799947533, "5": 0.37963491205761746, "6": -0.47278160874684994, "7": -0.9300384969787119}}