{"Q": {"0,1": -1.6225272177207772, "0,10": -1.2186975010091907, "0,11": 1.521074167263182, "0,12": 0.09671706120089274, "0,13": -0.09907982168029816, "0,14": 1.1832015309687267, "0,15": -0.46504315113531325, "0,16": 0.02376036186967534, "0,17": 0.6759432349101036, "0,2": -0.5223387277022304, "0,3": -0.4044671363037371, "0,4": 0.5311328684457499, "0,5": -0.7884761108268448, "0,6": -0.8206608662174331, "0,7": -0.645981804013112, "0,8": -1.2372159913911398, "0,9": -1.7271925247034923, "1,10": -1.8193683151717361, "1,11": -1.6315946618489363, "1,12": 0.464158731675282, "1,13": -1.9016161756209424, "1,14": -0.19232143280899994, "1,15": -0.14395583153661518, "1,16": 1.782868012238227, "1,17": -0.7905502155673099, "1,2": 1.510573079804319, "1,3": 0.5602455291617985, "1,4": 1.697587576896817, "1,5": -0.4727605385802951, "1,6": 0.6886839444064852, "1,7": -1.8183075280745138, "1,8": -1.403852816310669, "1,9": 1.8139682476485706, "10,11": -1.1440835796581088, "10,12": -0.1849625719669663, "10,13": 1.4326741758999333, "10,14": 1.3989689379434842, "10,15": -1.0827572278852862, "10,16": -1.0802164916783124, "10,17": 1.5588705174639212, "11,12": 0.09810367988049684, "11,13": 0.3200998981214771, "11,14": 0.7660380962114406, "11,15": -1.4787920186838805, "11,16": -1.077286212720602, "11,17": 0.7661186392508035, "12,13": 0.8273430378760098, "12,14": -1.4414056828704331, "12,15": -1.7454246869532533, "12,16": 1.0512272315661324, "12,17": -1.9578333923262785, "13,14": 0.0920144899559956, "13,15": 1.3323434024683585, "13,16": 0.2883185755463864, "13,17": -0.8879672380588222, "14,15": -1.9856702651427756, "14,16": 1.0262140331765246, "14,17": -1.8921511650104943, "15,16": -0.3255121325441621, "15,17": 1.1658192085198387, "16,17": -1.7184039032932321, "2,10": 1.2607386391248654, "2,11": -1.5009486888244048, "2,12": 0.8967061590362295, "2,13": 1.7170978717365677, "2,14": -0.8136092490379223, "2,15": 0.5510046459952833, "2,16": -1.772067938936892, "2,17": -0.8975954646134552, "2,3": 1.817253826801612, "2,4": 0.015197815579768292, "2,5": -0.9858999670729882, "2,6": 0.5493674961965676, "2,7": 1.529207132514971, "2,8": -1.351244368450144, "2,9": -0.6099843285767572, "3,10": 1.6023958635770041, "3,11": 1.7977195432615423, "3,12": 0.9042165273386518, "3,13": -0.9471774992986282, "3,14": 1.3690892230467662, "3,15": 0.9748709159033369, "3,16": -1.1834633548680555, "3,17": -0.7779768400858944, "3,4": 0.3022101346481598, "3,5": -0.1376079754625401, "3,6": 0.48600461814168616, "3,7": -1.3854035815067922, "3,8": -0.46765177574906414, "3,9": 1.939464044366622, "4,10": 0.31224744260194814, "4,11": -0.7669142859488907, "4,12": -1.1953700128330853, "4,13": -0.4695612333217887, "4,14": 0.28566410575623324, "4,15": -0.723837189674883, "4,16": 0.39390376905769875, "4,17": -1.4605469432283558, "4,5": -0.10873181290279321, "4,6": -0.8116414576168176, "4,7": 1.1051859880355392, "4,8": -1.6376869607758633, "4,9": 0.5977138154895965, "5,10": 1.9346079017540125, "5,11": 1.1827361907646754, "5,12": 0.31336997713867687, "5,13": -0.7629084493727691, "5,14": -0.6521093628193593, "5,15": -0.035389754834725284, "5,16": 0.5085489854157443, "5,17": -1.3903420399020496, "5,6": -1.8369358075819733, "5,7": 1.0602788048731395, "5,8": 1.683373421798223, "5,9": 1.577536045654187, "6,10": -0.13498299713208306, "6,11": -0.9543795598518967, "6,12": -0.8900807783783624, "6,13": 0.027361619208774446, "6,14": -0.6796871001925582, "6,15": 0.06270039907194613, "6,16": 1.0861991344019666, "6,17": -1.6855730907065851, "6,7": -1.4402592647177825, "6,8": -0.8766323880519384, "6,9": -0.07619601981638224, "7,10": -1.8282742144766049, "7,11": 1.5583749218816432, "7,12": -1.2984837522911055, "7,13": 0.3509890230637236, "7,14": 0.7575195360968037, "7,15": 1.8494080951406038, "7,16": -0.31437047617344316, "7,17": 1.0124250473704905, "7,8": 0.0754275156586175, "7,9": 0.0765171708255239, "8,10": -1.1210928774178721, "8,11": 0.2194671140240847, "8,12": -1.0851559260803545, "8,13": 0.3223297537326002, "8,14": -1.5422967435862431, "8,15": 0.30672633374815783, "8,16": -0.3352923928271325, "8,17": -1.6539348621766194, "8,9": -1.2529121868956175, "9,10": 1.8795441029695157, "9,11": -1.1507258479559734, "9,12": 1.8954536775511586, "9,13": -0.849701487666219, "9,14": -0.3108997714249253, "9,15": 0.6379868572583862, "9,16": -0.3550544569468834, "9,17": -1.8421148334756916}, "bias": {"0": 0.9514173114823201, "1": 0.2949785377373664, "10": 0.2444400115441434, "11": -0.44846931380950417, "12": -0.16980092823950255, "13": -0.2378764059339542, "14": 0.7944344144906021, "15": -0.6642343873185566, "16": -0.4410004918084709, "17": -0.15485124433459285, "2": -0.6604539510318774, "3": 0.17815104935430992, "4": -0.7760144598058585, "5": 0.3608967034651207, "6": -0.28144993563823273, "7": 0.14174217899667907, "8": 0.746724230718895, "9": 0.7687548260488308}}