{"Q": {"0,1": -0.2001109743595606, "0,2": -0.12333466342133992, "0,3": -0.8845561079066115, "0,4": -1.7360665531574537, "0,5": 1.1998725819188079, "0,6": 1.0644567938599176, "0,7": -0.5857533457302342, "1,2": 1.7518544113828973, "1,3": -0.04317431114803094, "1,4": -1.0597003461131913, "1,5": -0.18863653556460092, "1,6": 0.5236221741911273, "1,7": -0.06904730289033312, "2,3": 1.624848707291768, "2,4": 1.0077648781359931, "2,5": -1.2293168334874194, "2,6": -0.49088600522296133, "2,7": 1.4919047897925735, "3,4": 1.3759895067892134, "3,5": -0.4722895235393052, "3,6": -0.2715533072826837, "3,7": 0.3253401378789884, "4,5": -1.3960314256405897, "4,6": 0.12258134202699189, "4,7": 1.4838949426492682, "5,6": 0.10474615459407133, "5,7": 1.9353946151564525, "6,7": -1.6499110069735536}, "bias": {"0": -0.3608496271596118, "1": 0.6692661670141793, "2": 0.1726969300799519, "3": 0.16157717466536314, "4": 0.15479020512502673, "5": -0.9942114966671345, "6": -0.12115933051401995, "7": -0.20216326216342706}}