{"Q": {"0,1": -1.3542113530208075, "0,10": 0.9864143933823835, "0,11": 0.37004759761568096, "0,12": 0.7738550696739561, "0,13": 1.7420133748000324, "0,2": 1.7970096195571852, "0,3": 1.7934410733660568, "0,4": 0.15153461669639334, "0,5": 0.46922137034832856, "0,6": 1.969792545761675, "0,7": -1.7392525196472328, "0,8": 0.38031142698951914, "0,9": -1.6436758741233897, "1,10": 1.5189188492867025, "1,11": 0.20960285777794274, "1,12": -0.4674601318405762, "1,13": 1.362086975931915, "1,2": -1.6961072763628051, "1,3": 1.0568096821967088, "1,4": 1.487076547960699, "1,5": -1.6581501999188935, "1,6": 1.4048852820281974, "1,7": -1.9484579554725623, "1,8": -0.35597205702566503, "1,9": 0.9665604372950063, "10,11": -0.6667768347575476, "10,12": 0.42974560246184224, "10,13": -0.03752781645908776, "11,12": -0.3991344654455191, "11,13": 0.3185020829640828, "12,13": -0.29533558132751736, "2,10": -0.5163739516741312, "2,11": -0.09811152325717876, "2,12": -1.8335551849838172, "2,13": -1.079533036873745, "2,3": 0.9779567494678805, "2,4": 0.9199519458363938, "2,5": 1.129261023236145, "2,6": 1.6732262905800916, "2,7": 0.8142316454713519, "2,8": 1.5707183075159792, "2,9": 1.0147880723309441, "3,10": 1.7592497639735822, "3,11": -1.0843001336513662, "3,12": 0.8743965550623805, "3,13": 0.48256200526308923, "3,4": -1.0502726122014896, "3,5": -1.1229220625985241, "3,6": 0.7700343186084102, "3,7": -0.6370090812618074, "3,8": -1.9625305802400401, "3,9": -0.01881352427281202, "4,10": -1.1846451282567254, "4,11": -0.7647597036181821, "4,12": 0.042175999062718184, "4,13": -1.9690225658892437, "4,5": -0.43144438665780704, "4,6": -0.2755697135728692, "4,7": -0.06600814215368889, "4,8": 0.30739061982742966, "4,9": -0.8868549708686357, "5,10": -0.4659793992605912, "5,11": 1.7580499095149733, "5,12": -1.1215332862454233, "5,13": -1.2250357379648102, "5,6": 1.9788070993655666, "5,7": -0.28483350354170867, "5,8": -0.72386417825125, "5,9": 0.4524732039907349, "6,10": 1.3005020469996778, "6,11": -1.6857243055037272, "6,12": 1.0169355324564462, "6,13": -0.07335604391625772, "6,7": 0.40631313198900454, "6,8": 1.7371934565674367, "6,9": -0.14575101484311226, "7,10": 1.3693916022517536, "7,11": 1.9797788269236523, "7,12": -1.7705572234458478, "7,13": -0.83227137287163, "7,8": -1.3830684893635095, "7,9": 0.42364366052197155, "8,10": 0.6580529712700747, "8,11": -0.6245397730235163, "8,12": -0.7122615845461548, "8,13": -0.12396506401964658, "8,9": 0.12048349548554915, "9,10": -1.3043226919856283, "9,11": 0.4270363449336907, "9,12": -0.005055039336825384, "9,13": -0.43327184209201963}, "bias": {"0": 0.7871030175801457, "1": 0.1899160965635207, "10": 0.9889753274905206, "11": -0.3347477651878423, "12": -0.7653020211877644, "13": -0.8995285424954027, "2": 0.9969374584240269, "3": 0.06441532136263062, "4": 0.9100892546769086, "5": 0.9687769246895408, "6": 0.19912834203017238, "7": -0.32024459276935024, "8": -0.14278870469150262, "9": -0.6264157916062711}}