{"Q": {"0,1": 1.4775885115534146, "0,10": 0.8647581280131131, "0,11": -0.5793007528898286, "0,12": 1.78541418094852, "0,2": 1.1867534750834703, "0,3": -0.6307785448854153, "0,4": 1.3896137911844115, "0,5": -1.2813522815900722, "0,6": 0.5439440400191384, "0,7": 0.18043956718745013, "0,8": -0.12139045771283685, "0,9": -1.8838096887869034, "1,10": 1.8288867487638307, "1,11": -1.0499163700976544, "1,12": 1.389895273420434, "1,2": 1.5417840171132329, "1,3": -1.281427393278237, "1,4": -1.2843892269199406, "1,5": 0.2636574418024331, "1,6": 0.1285977792028925, "1,7": -1.7551985904632779, "1,8": -0.6201977309407187, "1,9": 0.7712779081914167, "10,11": 0.8946595162715725, "10,12": 0.6708650571250763, "11,12": -1.3550607238576338, "2,10": -1.3766241266055799, "2,11": -1.752115924558948, "2,12": 1.6667237594349373, "2,3": 1.6573896820247964, "2,4": -1.0609743736126886, "2,5": -0.16506700960187315, "2,6": 1.8942716490469373, "2,7": -1.4727241391779153, "2,8": 1.1301766026019235, "2,9": 0.1322186807358361, "3,10": -0.15187201222241553, "3,11": -1.489871556966929, "3,12": 1.1859851248035342, "3,4": 0.011721719220783022, "3,5": 1.6700952475833781, "3,6": -0.5922635384886243, "3,7": 0.6927203177929635, "3,8": -1.8746962417824653, "3,9": 1.4646390782434238, "4,10": -1.4034151236209773, "4,11": -1.9641323025190816, "4,12": -0.162669044017004, "4,5": 0.5404350467315195, "4,6": -1.8600023427585062, "4,7": 0.5901643857874563, "4,8": 1.2132008519548583, "4,9": -1.7647376421259193, "5,10": 1.7752690703480374, "5,11": -0.7703629023199738, "5,12": 1.1815763918041982, "5,6": -1.0584688511572722, "5,7": 0.40204447086849093, "5,8": -0.6322558924095443, "5,9": -0.0021233130177709114, "6,10": 1.914115187154359, "6,11": -1.6613765638917104, "6,12": 1.9172999456748823, "6,7": -0.5307122382768763, "6,8": -0.7877502875038704, "6,9": -0.044556031339620716, "7,10": -1.52400612539024, "7,11": 0.49570703942818684, "7,12": 0.9421425635870788, "7,8": 0.09773560950700766, "7,9": -0.7762367248929212, "8,10": 0.08855983522475475, "8,11": -0.30422727569389396, "8,12": -0.7235849590436345, "8,9": 1.0609507006562597, "9,10": -1.481454205592501, "9,11": -1.449436232722959, "9,12": -1.4407054310875322}, "bias": {"0": -0.5885673294908655, "1": -0.43300325027059716, "10": -0.3826180373612631, "11": -0.5375049543524621, "12": 0.08966460387594521, "2": 0.8279942147176564, "3": -0.598258243700919, "4": -0.2881667739333098, "5": -0.49316390533372356, "6": -0.62180196115377, "7": 0.5545425654576537, "8": 0.4484177766927635, "9": -0.14228109091212038}}