{"Q": {"0,1": 1.6827608670594394, "0,10": 0.7380649921776485, "0,11": 0.5305297480033739, "0,12": 1.366642448928101, "0,2": 0.940357955050604, "0,3": -1.3297714092663284, "0,4": -1.4185302046139903, "0,5": -0.6253028809974341, "0,6": -1.2098030900267975, "0,7": 0.3625850510652655, "0,8": -1.7544274059004183, "0,9": -0.2557332248313986, "1,10": 0.4006500939142663, "1,11": 0.12587044993938123, "1,12": 0.23241825088930712, "1,2": 1.4240533531042523, "1,3": 1.4899990720760212, "1,4": -1.9683031891408662, "1,5": 0.10415088189072019, "1,6": -0.1788879097195868, "1,7": -0.014920937599262274, "1,8": 1.8300001401791026, "1,9": 0.7101092537317588, "10,11": 0.4559004846339376, "10,12": -1.3508134672233507, "11,12": -1.2950466887407277, "2,10": -0.10611441180573378, "2,11": -1.5264014692649481, "2,12": 0.5814194257395515, "2,3": 0.25903548350309524, "2,4": 0.7829838624664958, "2,5": -0.7969895065016406, "2,6": -0.22676824004259544, "2,7": -1.7087154103328492, "2,8": -0.029039910742423736, "2,9": -0.6420223361848127, "3,10": 0.5824398938447501, "3,11": 1.7495622694744504, "3,12": -0.9177047452536296, "3,4": -1.7861222678566206, "3,5": 0.45874454242403084, "3,6": -0.1264113580084314, "3,7": 1.9817625597045017, "3,8": -1.8377628537332833, "3,9": 0.5233729207764104, "4,10": -0.025180990392835945, "4,11": -1.507324807907466, "4,12": 1.1377532753635786, "4,5": 1.9007830481783174, "4,6": -1.3851272793911007, "4,7": 0.4734125002842857, "4,8": 0.07531696874433313, "4,9": 1.8834291192810282, "5,10": -0.06555763884760157, "5,11": -0.49858213920835315, "5,12": 0.9714670602089552, "5,6": 0.83567092030572, "5,7": 0.9098347839491838, "5,8": 0.006820090539898516, "5,9": -0.4224398457881513, "6,10": -0.08203471425706299, "6,11": 0.5544559896410401, "6,12": 1.9264348980240564, "6,7": -0.2929805562085037, "6,8": -0.7186075286852787, "6,9": 1.7045588707525505, "7,10": -1.0335380455916923, "7,11": -0.33512362830505493, "7,12": -1.6913875457830048, "7,8": -1.4021983601706007, "7,9": 1.5799003918758485, "8,10": 0.7608177409441024, "8,11": -0.9504229551745578, "8,12": -0.5049877602764954, "8,9": -1.5607861352712074, "9,10": 0.9003437252274265, "9,11": -0.9908516776037959, "9,12": 1.075301013765138}, "bias": {"0": -0.4156962469194707, "1": -0.5361541040100113, "10": 0.49899251206427553, "11": -0.8018517163798748, "12": 0.009180693929988992, "2": 0.9369174248088068, "3": 0.08450300497336904, "4": -0.9834319277729144, "5": -0.6072511499874218, "6": 0.18770892023146102, "7": -0.3335775918836139, "8": -0.7685244803342925, "9": 0.08145810611613302}}