{"Q": {"0,1": -0.5422024502751377, "0,2": 0.5702331260983104, "0,3": -1.1589733970182388, "0,4": -0.04454763000922313, "0,5": -1.8757940744605377, "0,6": -1.8337312890479103, "0,7": 0.3738125032530095, "0,8": 1.103948732698702, "1,2": 0.872948890473467, "1,3": 1.5489089361975479, "1,4": -1.2596189830525812, "1,5": 0.4194512610925303, "1,6": 0.47161119573356736, "1,7": 0.3663076538094878, "1,8": -0.5011021925624823, "2,3": -0.7144760902858152, "2,4": 0.4730659756454876, "2,5": 0.9784978115634018, "2,6": -1.4565361559585739, "2,7": 1.806600405716912, "2,8": 0.19053960716231888, "3,4": -0.8167043960424079, "3,5": -0.8179400773747632, "3,6": -1.4443492352231404, "3,7": -0.04924849907544093, "3,8": -1.2365524830579373, "4,5": 0.6902380141507383, "4,6": 0.7259983987314098, "4,7": -1.5331695594202714, "4,8": -0.7251738819863709, "5,6": 0.05012147398338396, "5,7": -1.1856202195859051, "5,8": 0.8680925770800583, "6,7": -1.4820674051775726, "6,8": -0.713722501925834, "7,8": -1.914871617787608}, "bias": {"0": 0.6493354916475593, "1": 0.5882519744328538, "2": 0.82559146443023, "3": 0.13113377184832586, "4": -0.9375719317759073, "5": 0.09998382069268108, "6": 0.277447632953594, "7": -0.5464771522888476, "8": 0.43267870229448535}}