{"Q": {"0,1": 1.95199228940279, "0,10": -1.4149260922886735, "0,2": 0.7605463256336833, "0,3": 1.8530770091297226, "0,4": 0.5762012166851735, "0,5": -0.22730919699084895, "0,6": 0.2117320535174505, "0,7": -1.1635827463987707, "0,8": -1.788515132924903, "0,9": -1.5749418871813035, "1,10": -0.458519720957395, "1,2": -1.987306822427898, "1,3": 1.595670865911957, "1,4": -1.5134242713965982, "1,5": 1.5727140772329693, "1,6": -0.6707882467693755, "1,7": -1.5782583533251375, "1,8": 1.5556494280989246, "1,9": 1.3969016018265354, "2,10": 1.187430980846436, "2,3": 0.6699049772838248, "2,4": 1.4597674488131438, "2,5": 1.1686892610452952, "2,6": 1.1804025905273314, "2,7": -0.36378845862522846, "2,8": -0.18698672906349856, "2,9": 1.5811455531186147, "3,10": 1.1847699914760952, "3,4": -1.953229964694858, "3,5": 0.5520741611729747, "3,6": 1.1456720148316064, "3,7": 0.7143154656536823, "3,8": -0.9525269120015238, "3,9": 0.13451820639709178, "4,10": 0.16354677528030637, "4,5": 1.6167031952028048, "4,6": 0.9586940308000091, "4,7": -0.1264863808518948, "4,8": -1.3708222775206735, "4,9": -1.0350283184955966, "5,10": -0.48308466478801604, "5,6": -1.5395353808662358, "5,7": -0.3996470396901781, "5,8": 0.11390199777796894, "5,9": 0.8323978720610907, "6,10": -0.6749796440276472, "6,7": 0.776842661793339, "6,8": -0.14966558734207602, "6,9": 0.6976749514234402, "7,10": 1.2468137351348743, "7,8": -0.5211796507448545, "7,9": 0.9768894923185267, "8,10": 1.1361952894884881, "8,9": 0.9635647157664939, "9,10": 1.7457403969099272}, "bias": {"0": 0.6117955183505095, "1": -0.6342512655711867, "10": -0.9384831888621317, "2": -0.5236389635861598, "3": -0.4054000344004476, "4": 0.1625667836998259, "5": -0.17248982160779236, "6": 0.46336025395315317, "7": -0.6534182017915002, "8": 0.26515547780958304, "9": -0.34101413836392025}}