{"Q": {"0,1": -0.1588507912439896, "0,10": -1.1764688083036638, "0,11": -0.36665545274045774, "0,12": -0.8641747082689046, "0,13": 0.4499447270783734, "0,14": 1.349246324126415, "0,2": -0.6298107075421329, "0,3": -0.43436532428040353, "0,4": 0.5910820847159295, "0,5": -1.321325230320797, "0,6": -1.2660611742182706, "0,7": 0.7467849862865634, "0,8": 1.4199052332498496, "0,9": -1.421423194709233, "1,10": 1.2189083193251409, "1,11": 1.151613502305103, "1,12": 0.5457549814650298, "1,13": -0.1268704224026127, "1,14": -1.343922614887421, "1,2": -1.6316087109573463, "1,3": -0.16124372536169984, "1,4": -0.005595898901930685, "1,5": -1.8018940326411896, "1,6": -0.27008489290248416, "1,7": 0.8757291211174274, "1,8": 1.377205456135894, "1,9": -1.8948308612145133, "10,11": -0.6973169810164075, "10,12": -0.644320812283095, "10,13": 1.548483115653862, "10,14": 1.1112756838584246, "11,12": -0.7981687805428255, "11,13": -1.1056148209504402, "11,14": -1.9967077216627116, "12,13": -1.6447641179160244, "12,14": 0.8984562539813856, "13,14": -0.14275023829829836, "2,10": -1.0099926520913356, "2,11": -0.9348208743179236, "2,12": -1.997344867011381, "2,13": -1.0000292500525814, "2,14": 0.48195277155458527, "2,3": -1.2211046326094954, "2,4": 1.2824325641004184, "2,5": 1.3431567836586917, "2,6": -0.8633522506084703, "2,7": -0.7138239481864947, "2,8": -0.7088034803282239, "2,9": -0.4153515392340994, "3,10": 0.8053326253633997, "3,11": 1.5148219250557693, "3,12": -0.2403148304633529, "3,13": 0.5499768728492889, "3,14": -1.1795682301691168, "3,4": -1.8157001025274133, "3,5": -0.7893668377480574, "3,6": 0.5042385867916144, "3,7": 1.6386632374087777, "3,8": -1.1339682000646047, "3,9": -1.5388216032502986, "4,10": 1.2587634935962964, "4,11": -1.3584779856262466, "4,12": 0.4914452503894382, "4,13": -0.11335576682854143, "4,14": 1.1302766620120326, "4,5": -0.10496453299099784, "4,6": 1.3192050950906933, "4,7": 0.21515698193830657, "4,8": -1.7204053057559032, "4,9": -1.6252327807134659, "5,10": -1.8535714733581523, "5,11": 0.8813099809306002, "5,12": 1.3493422581805183, "5,13": 0.6617189789524129, "5,14": -1.843740542597856, "5,6": -1.7318675323472599, "5,7": -0.4222789011853769, "5,8": -0.41357084604181216, "5,9": -1.93433630208837, "6,10": 0.4902157918005323, "6,11": -0.018050378995356553, "6,12": 0.43011276961576383, "6,13": -1.1657004033766625, "6,14": 1.6833868113330226, "6,7": 0.2578436891923732, "6,8": 0.43687450900977076, "6,9": 1.558972710371513, "7,10": -0.2025745675882198, "7,11": 1.7591615047717317, "7,12": -1.913187036448821, "7,13": 1.3153141814346343, "7,14": 1.6517841253956336, "7,8": 1.8172829513496511, "7,9": -0.8767907886624529, "8,10": 0.5233141399060748, "8,11": -1.0079006987543422, "8,12": 0.6339978727503897, "8,13": -0.7004878414451001, "8,14": 1.7500183134129017, "8,9": -0.7844162892027384, "9,10": 1.7196928959148279, "9,11": -0.5879561310915866, "9,12": 0.7775297740823977, "9,13": 1.1689507515865754, "9,14": -0.7140337324297041}, "bias": {"0": -0.7448913880372274, "1": -0.9276246248164182, "10": -0.975361049869065, "11": 0.09620792841566872, "12": -0.12420576093151947, "13": 0.48998497851239753, "14": 0.811933726787573, "2": -0.7496262713347084, "3": -0.0626241147512252, "4": -0.8605096069145071, "5": -0.4584993876239494, "6": 0.34814161173841285, "7": -0.5008787925468279, "8": -0.893194026751498, "9": 0.2887284141966344}}