{"Q": {"0,1": 1.2207151445244064, "0,10": 1.966185034852082, "0,11": -0.47152623667378757, "0,12": -1.2522777032740233, "0,13": 1.4599939583168124, "0,14": 1.237825194810466, "0,15": -0.6148026456564217, "0,16": 0.03841155266280172, "0,2": -1.9589362561501238, "0,3": 1.5012504628876107, "0,4": -0.06862112272898946, "0,5": 0.6328023771465228, "0,6": -0.8007199364658506, "0,7": 1.5794124220632826, "0,8": 0.34217130289870124, "0,9": 0.35539651949592477, "1,10": 1.265009278887196, "1,11": 0.8066980780114412, "1,12": 1.5762556795703593, "1,13": -0.9991894473009721, "1,14": 1.6060769757047044, "1,15": -1.8501216357189745, "1,16": -0.5173494038932613, "1,2": 1.890159407579457, "1,3": -0.30852951947330176, "1,4": -0.8554311695004428, "1,5": 0.7958094073216251, "1,6": -1.3066628414433712, "1,7": -0.8561402525510098, "1,8": 1.832072694166456, "1,9": -0.4450533168988424, "10,11": 0.09879899212551413, "10,12": 1.0399739237710013, "10,13": 1.4828892341720432, "10,14": 0.6316327851179535, "10,15": -1.535382623437584, "10,16": -0.554952323594796, "11,12": 0.08172484889681941, "11,13": 0.6104310331647493, "11,14": 1.4067029323961031, "11,15": 0.713547668170706, "11,16": 0.6794398691464782, "12,13": 0.39364408961384756, "12,14": -0.4922582397583741, "12,15": 0.9112622656927578, "12,16": 0.5490358643519202, "13,14": -0.7349818298699544, "13,15": -0.20638056790546022, "13,16": -1.277776858056619, "14,15": -0.47581967972886696, "14,16": -0.7388111926952243, "15,16": -0.4335249439015447, "2,10": 0.006112139752861623, "2,11": 0.24979722924840297, "2,12": -1.7456025486377134, "2,13": -1.263896667101689, "2,14": -0.7155458321822414, "2,15": -1.5200994938575647, "2,16": 0.8033690400503231, "2,3": -0.37704761925319463, "2,4": -1.0012774374371274, "2,5": -0.33893793460939126, "2,6": 0.49382832606891913, "2,7": -1.6975197098494248, "2,8": -0.548608256279755, "2,9": -0.13991944629555597, "3,10": -1.306699965295273, "3,11": -0.14652701946932556, "3,12": 0.15282026137785776, "3,13": -0.8384794000004816, "3,14": 1.8823640782427917, "3,15": -1.4967263285835424, "3,16": 1.2576796394725953, "3,4": -0.3399409701963525, "3,5": 0.6720358034201821, "3,6": -1.0151537226190022, "3,7": -1.8211375695140104, "3,8": -1.745104916584797, "3,9": 1.6689451503927852, "4,10": -1.4166647023644705, "4,11": -0.3507655046810374, "4,12": 1.5921267285110954, "4,13": 1.8784953259322448, "4,14": -1.5765831760454185, "4,15": 1.9531943749160257, "4,16": 0.1957894065282022, "4,5": 0.6867994679108036, "4,6": -1.4018141100176953, "4,7": -0.808482957995142, "4,8": -0.9827141952562095, "4,9": 0.1940266341856618, "5,10": -1.646917969049007, "5,11": -0.6239322875420665, "5,12": 0.39396307689369525, "5,13": 1.9773780145875555, "5,14": -0.3395311360647484, "5,15": -0.775955968064415, "5,16": -1.541832224460784, "5,6": -1.9241179400735158, "5,7": 1.701414109638705, "5,8": 1.0141817792941619, "5,9": 0.6545296021366136, "6,10": -1.3234527214582927, "6,11": -0.3620139782946481, "6,12": 1.9832295366568493, "6,13": 1.0672892365525817, "6,14": 0.787329280878271, "6,15": 1.6167132219209628, "6,16": -1.8638440834178813, "6,7": -0.2748053617809476, "6,8": 0.9856900995798212, "6,9": -0.24478718683548317, "7,10": 0.07098144046282195, "7,11": -0.18447985594511485, "7,12": -1.898579610173306, "7,13": -0.2064837216228499, "7,14": -0.357595185611689, "7,15": -1.5761328776039223, "7,16": -1.456490032034969, "7,8": -1.5532903283633672, "7,9": 1.8846074001364137, "8,10": -1.3784110548165769, "8,11": -0.6498184556657338, "8,12": 1.8599366167639988, "8,13": 0.13648075251230418, "8,14": 0.011617238044923983, "8,15": -0.3687119610942724, "8,16": 0.8131563108112188, "8,9": -0.9526028793334516, "9,10": -0.2665310696195329, "9,11": 1.9251469310019234, "9,12": -1.8092510376209536, "9,13": -1.3353067908894385, "9,14": 0.7108884671827771, "9,15": 0.1264355090613094, "9,16": 1.9665608478706225}, "bias": {"0": 0.9589264924048402, "1": 0.875594509181818, "10": 0.057753732355694476, "11": 0.1630851280917862, "12": -0.7483166949915585, "13": 0.8445280856121518, "14": -0.47261859585070676, "15": -0.1413787360538803, "16": -0.9039929385518539, "2": -0.9566642917506032, "3": 0.07604737936058958, "4": -0.17065451075450877, "5": 0.9714619502358708, "6": -0.906365080930432, "7": -0.40055124062226444, "8": 0.07747968972423869, "9": 0.75222163328472}}