{"Q": {"0,1": 0.7499009074944487, "0,10": -1.0138066050793024, "0,11": -1.4971286522676657, "0,12": -0.5021987777544576, "0,13": 1.9940686496034732, "0,14": -1.7821244300368364, "0,2": -1.7119659298452388, "0,3": -0.03491940969453511, "0,4": -0.8476441143413767, "0,5": -0.4351215861621087, "0,6": 1.0633741117799027, "0,7": 1.8261845546217277, "0,8": 0.3675679318406244, "0,9": -1.9608027509645933, "1,10": 0.7004525621629298, "1,11": -0.9536228883610867, "1,12": -0.1211835544629194, "1,13": 0.8613922379567356, "1,14": 0.5897973257886431, "1,2": 0.10382593635353432, "1,3": -0.765205728266019, "1,4": -0.7381706922439637, "1,5": -0.6816752547116254, "1,6": 0.15165780779261429, "1,7": 1.2203801092477686, "1,8": 1.4815779012155752, "1,9": 1.4140203768455888, "10,11": -1.6641193172659148, "10,12": 0.2993762199470651, "10,13": 0.7632108237191444, "10,14": 1.9670583591230444, "11,12": -0.7458957600219991, "11,13": -1.776467860550535, "11,14": -1.7010684323851963, "12,13": 1.341064544637844, "12,14": -1.1283225990131864, "13,14": 1.868821740637629, "2,10": 1.161128432333494, "2,11": 1.5456895845849306, "2,12": -0.4382730789453899, "2,13": 0.49598049463038096, "2,14": 1.2659713602131317, "2,3": 0.2539399911635112, "2,4": 0.9800215563327965, "2,5": -0.5606751647553638, "2,6": -1.6686381351460877, "2,7": 0.3313811166302747, "2,8": -1.1647588967690274, "2,9": 0.7930110088084654, "3,10": 1.3117327203829556, "3,11": -0.469525033062864, "3,12": 0.013389664385249578, "3,13": -1.5053610215620856, "3,14": -1.5943117031857774, "3,4": -1.5211985519518287, "3,5": -1.1794714402364828, "3,6": 0.26025586338345397, "3,7": -0.20316854255206218, "3,8": -1.5829846038916382, "3,9": -1.0308220717580583, "4,10": 0.707274973091808, "4,11": -0.9966687106384211, "4,12": 1.7047264147051138, "4,13": 0.34944180093944777, "4,14": -0.8455221667898658, "4,5": 0.2050773741251315, "4,6": 1.5372888811521874, "4,7": 0.7351649757015672, "4,8": -1.4525469672322138, "4,9": 1.0315440494694577, "5,10": 1.4644743087761207, "5,11": -0.32718587939347943, "5,12": -1.1030869387417073, "5,13": 1.4781599485249401, "5,14": 0.5499768472940372, "5,6": 1.3214709396096156, "5,7": -1.6508099566651793, "5,8": -0.9032144236165633, "5,9": 0.34977325421290084, "6,10": 0.982715263743347, "6,11": -0.01847416377401423, "6,12": -0.3149749205934369, "6,13": 1.5197157262571195, "6,14": -1.9263841683245286, "6,7": -0.7075758413916682, "6,8": 0.06580019968344963, "6,9": 1.319649677777274, "7,10": 1.6280992695529268, "7,11": -1.4551988317407192, "7,12": 0.20812037146483853, "7,13": -1.188904198097684, "7,14": 1.8970100200561943, "7,8": -1.2175966432095922, "7,9": -0.942846773492414, "8,10": -0.316914022760304, "8,11": 1.8479665441832838, "8,12": -1.4981864241704512, "8,13": -0.552439918239263, "8,14": 1.8448984880697634, "8,9": -0.8808358167908525, "9,10": 0.3158122723606751, "9,11": 0.11580019689860244, "9,12": -1.7683481696583936, "9,13": 0.76706431331122, "9,14": 1.9049149390688864}, "bias": {"0": 0.7457717523693246, "1": -0.12319087290580377, "10": -0.47005398448034663, "11": -0.6029566401258666, "12": -0.9534738077662153, "13": -0.2195318077045023, "14": -0.582974368481324, "2": -0.33653503911714155, "3": -0.8126095661111199, "4": -0.5290170173112205, "5": 0.24476353963638253, "6": -0.8623592357718264, "7": 0.24587729999839025, "8": 0.9340049010533618, "9": -0.2833821698919945}}