{"Q": {"0,1": 0.1596811259752604, "0,10": 1.500770662431603, "0,11": -0.002184936185245512, "0,12": 1.5806298747025962, "0,13": 1.6216061250631557, "0,14": -1.2825951524624872, "0,15": -1.1088898009193793, "0,16": 1.62753418869913, "0,17": -0.26753041267540256, "0,18": 1.6714490906760266, "0,2": -0.6679300596915074, "0,3": -0.1852407121839943, "0,4": -1.7045012061194411, "0,5": -1.4772859794995168, "0,6": 0.13201894938051018, "0,7": -1.6547744447067214, "0,8": -1.1232587223250006, "0,9": -0.9525004672705908, "1,10": 1.4700319160818212, "1,11": 1.0319869551938003, "1,12": -1.8517061675159234, "1,13": 0.5471830962134954, "1,14": -0.2922531334825482, "1,15": -0.8918203586076281, "1,16": -0.8397833748014976, "1,17": -1.105068764541258, "1,18": -1.7220364517218236, "1,2": -0.17591486348286312, "1,3": 1.292684881459497, "1,4": 1.7798435739399072, "1,5": -1.2934936952820655, "1,6": -0.040811172479979785, "1,7": 1.3445860124081381, "1,8": -0.16249991690783627, "1,9": -0.7600758763614293, "10,11": -0.32568156360213996, "10,12": 0.8168940606653483, "10,13": -0.5598731300171602, "10,14": -0.6435281210970913, "10,15": -0.3370652444961548, "10,16": 1.9441558069394675, "10,17": 0.17522360572374218, "10,18": 0.6820001761419712, "11,12": 0.2701125863418441, "11,13": 0.6576752746788239, "11,14": 0.7861107167100281, "11,15": -0.928189202622228, "11,16": -0.34640327484970346, "11,17": 1.9780769374821183, "11,18": 1.6531346303703431, "12,13": -1.194581954630077, "12,14": 0.4391689291642278, "12,15": 0.508512716571814, "12,16": -0.48648670539341987, "12,17": -1.1559077373262445, "12,18": 1.5302031036702246, "13,14": 1.5224255013736743, "13,15": -0.24191903741979504, "13,16": 1.7634714026834382, "13,17": 1.8339876516764293, "13,18": -0.9361920375600845, "14,15": 0.32796196157809643, "14,16": -1.8467665460197318, "14,17": -0.5140676339157495, "14,18": 0.6056013029559271, "15,16": 0.1858177304740538, "15,17": 0.38261681487361443, "15,18": 0.9143736319279481, "16,17": 1.0793453070037198, "16,18": 0.0244761775667226, "17,18": -0.8311456487338602, "2,10": 1.341197904988423, "2,11": -1.2839103993449892, "2,12": -0.9973260873357379, "2,13": 0.00990049988491526, "2,14": 1.3008801828488394, "2,15": 1.009394258099444, "2,16": 1.005326970569823, "2,17": 0.6869145667718679, "2,18": 0.2284977578478009, "2,3": 1.1945566745493985, "2,4": 1.7271953737316705, "2,5": -0.4818544573007628, "2,6": 0.22684732430225774, "2,7": 0.7739059596870899, "2,8": -0.6293344226710502, "2,9": 0.24857973603145966, "3,10": -0.71501063146881, "3,11": 1.4345701517624616, "3,12": 0.12971827213548082, "3,13": -1.3011973242316146, "3,14": 1.0878106686864601, "3,15": 0.20942602216104067, "3,16": -0.019157490742935046, "3,17": 1.2897438358563438, "3,18": -1.474613758800888, "3,4": 0.313769627173512, "3,5": 0.7577805021518613, "3,6": -0.16985230676273977, "3,7": 1.1846986481471067, "3,8": -0.006250540787080094, "3,9": 0.9235243894882168, "4,10": 0.464615580397683, "4,11": -1.4227641715953485, "4,12": 1.0156455236175486, "4,13": -0.27467300229458935, "4,14": 1.4967913315992871, "4,15": -1.9461837210578303, "4,16": 1.7037273894950857, "4,17": -0.3678170835354888, "4,18": -0.14550360687204433, "4,5": 1.205105150803028, "4,6": -0.2742606104406269, "4,7": 0.040320511245389934, "4,8": 0.7882923389526013, "4,9": 1.9738675630884082, "5,10": -1.6449443284693364, "5,11": 0.988478086698191, "5,12": -1.8686339096523916, "5,13": 0.8387850102118217, "5,14": -0.33799618269857623, "5,15": -1.4935193037382213, "5,16": 1.0597668229985069, "5,17": 0.24694600934615885, "5,18": 0.789406814123697, "5,6": 0.9405675994825877, "5,7": -0.14757148607194548, "5,8": -0.4571595846343426, "5,9": -1.3947587512230206, "6,10": 0.8231897700659947, "6,11": 1.8891883150212414, "6,12": 1.477996245990767, "6,13": 0.15723213128794455, "6,14": 0.4984897828416477, "6,15": 1.7301429950606995, "6,16": 0.9334402320734974, "6,17": -1.099463244880352, "6,18": 1.595792042157286, "6,7": 0.8212049980516207, "6,8": -1.835116951197974, "6,9": -0.21862772444579637, "7,10": 0.8400819684693475, "7,11": -0.37434434832886554, "7,12": 1.4614760578856147, "7,13": 0.9361056233163159, "7,14": 0.2018334728090534, "7,15": -0.07117139981448606, "7,16": -0.5246073734244963, "7,17": -0.7734998458910249, "7,18": -1.8401543349487097, "7,8": -0.5727982552425712, "7,9": -1.7351969196199257, "8,10": -0.994492288308146, "8,11": -1.4166922120886434, "8,12": 0.6028826573241366, "8,13": -1.6569690611677519, "8,14": 1.16698754842036, "8,15": -0.5008923317418708, "8,16": 0.3706929192831723, "8,17": 0.5254445677631825, "8,18": 0.10464703381826457, "8,9": 0.9156939594233653, "9,10": 1.7267875749452473, "9,11": -0.22362726487558815, "9,12": 1.7329947442021836, "9,13": 0.41965606060678784, "9,14": 0.3166699416259364, "9,15": -1.90904432612203, "9,16": 0.1378639593517632, "9,17": -0.25957103094652867, "9,18": -1.6316261453301268}, "bias": {"0": 0.35671221940934683, "1": -0.28779111215392406, "10": 0.646746285945212, "11": -0.023314704275418707, "12": -0.9987810149753615, "13": -0.9997738071237514, "14": 0.7157708695236393, "15": 0.010741013701955682, "16": 0.8837764274180773, "17": -0.652392656370476, "18": 0.2821277008862626, "2": 0.6564298189941107, "3": -0.6550849321190018, "4": 0.877414904311532, "5": -0.496452996543145, "6": 0.7581199288858289, "7": -0.8562244297817381, "8": 0.6308414316109285, "9": -0.03254745961266203}}