{"Q": {"0,1": -1.0049344052142337, "0,10": 1.5380642554726487, "0,11": -1.1756910104763496, "0,12": -1.0010609902769545, "0,13": -0.7017981662595503, "0,2": 0.9224335337044467, "0,3": -0.5595026261427174, "0,4": -0.08529344346561274, "0,5": 0.4829223567009189, "0,6": -1.4914025471265173, "0,7": 0.9959717702067068, "0,8": -1.8071294655552856, "0,9": 1.2464350680611833, "1,10": -1.436046138787265, "1,11": 0.3711480281541917, "1,12": 1.886343749916449, "1,13": 0.3993623040610106, "1,2": 1.1729048574363379, "1,3": -0.45170270646652, "1,4": -1.6443314910587494, "1,5": -1.6065267796017388, "1,6": 0.8505255039475523, "1,7": -1.7494390785482454, "1,8": -0.6211364626268137, "1,9": 0.5640736343697474, "10,11": 0.9573370784281732, "10,12": -1.3871752925140237, "10,13": 1.267130684541999, "11,12": 1.4886454203971664, "11,13": 0.07729250754456451, "12,13": -1.4126462895278755, "2,10": -1.7688758960377338, "2,11": -0.7245442963925348, "2,12": -0.594268456183586, "2,13": -1.2209163914160697, "2,3": -0.9708648057623157, "2,4": 1.3269906422932571, "2,5": 1.674343679678982, "2,6": -0.9469736313601409, "2,7": 1.189207154959428, "2,8": 0.6515071951645148, "2,9": 1.1286191294282553, "3,10": 0.5692348993957115, "3,11": 0.11267402703730856, "3,12": -1.6655585161323798, "3,13": 1.5359284862586104, "3,4": -0.5635680298792081, "3,5": 1.0455158729312282, "3,6": -0.8153318437287704, "3,7": 1.6691688075014568, "3,8": 1.8844567276069126, "3,9": -1.165466723726543, "4,10": 1.1618543844206615, "4,11": 1.8042837743735864, "4,12": -0.17896583947623457, "4,13": -1.0995668143579826, "4,5": 1.5032405488011196, "4,6": -1.836477267029867, "4,7": -0.18671862371167425, "4,8": 1.4640085182154388, "4,9": 1.1237735788697272, "5,10": -1.824203539332789, "5,11": 0.9614861342397152, "5,12": -0.04420442880173647, "5,13": 1.0243588151610155, "5,6": 0.6628245064385929, "5,7": -0.4041593675332331, "5,8": -0.5382756004022609, "5,9": -0.7838887407906907, "6,10": 0.20158160201602815, "6,11": -1.301785762947402, "6,12": -1.8804823619810715, "6,13": -0.5128890346263382, "6,7": -1.9673958919602939, "6,8": -1.8628847274533729, "6,9": -0.28717177682476125, "7,10": -0.8249264180463687, "7,11": -0.6779581693133863, "7,12": -1.3001201243964982, "7,13": 1.7421704636259125, "7,8": 0.3730500855934835, "7,9": -1.0904016347425434, "8,10": 0.8806353949461951, "8,11": -0.4275579081826204, "8,12": -1.0389154396888802, "8,13": 1.3101612755268568, "8,9": -1.8308957510478292, "9,10": -0.5579934310191237, "9,11": -0.45601114886732397, "9,12": 1.11093405501548, "9,13": -0.06766413224337109}, "bias": {"0": 0.1055397637160318, "1": 0.8459335262022425, "10": -0.284415743270074, "11": 0.4558303877785377, "12": 0.774883152660049, "13": 0.1330540691952442, "2": 0.38868295688540355, "3": 0.414344734589255, "4": -0.8724204219149514, "5": -0.4105427737125267, "6": 0.33851809054525983, "7": -0.2705683477306813, "8": 0.10582419504077412, "9": -0.5948744508584256}}