{"Q": {"0,1": 0.05981326242876017, "0,10": 0.7841838391030369, "0,11": -1.5856369386995781, "0,12": -0.21414281036515348, "0,2": 1.1126750882938738, "0,3": 0.6035693184832924, "0,4": -1.1580887102699586, "0,5": -1.4946039173487624, "0,6": 0.2992727084281688, "0,7": -0.1858460279448524, "0,8": -0.2902462093259026, "0,9": -0.8185593862453371, "1,10": 0.7041688835540949, "1,11": 1.0026549310294621, "1,12": 0.13858319617864856, "1,2": -0.21034752570928772, "1,3": -0.9513163148370065, "1,4": -0.7540151955219674, "1,5": -0.3537926188196492, "1,6": -0.3075301985046961, "1,7": -1.5209806173727918, "1,8": 0.3318592174641126, "1,9": -1.3577774311217081, "10,11": 0.4227388798514138, "10,12": 0.28878248184585553, "11,12": 0.19849190922941506, "2,10": -0.3009906972808509, "2,11": -1.5053085716646297, "2,12": -1.3971707517165393, "2,3": -1.5987495875386188, "2,4": 1.8945884080381132, "2,5": -0.8675493525543185, "2,6": 0.7089156927598292, "2,7": -1.1297154587114915, "2,8": -1.009300026160953, "2,9": -1.7275428121953569, "3,10": 0.7706935033156266, "3,11": 0.6598576597881931, "3,12": 1.1230696005144858, "3,4": -1.0765345243457571, "3,5": -0.5739985343072145, "3,6": 0.05828937486645591, "3,7": 1.2912585809255366, "3,8": -0.5140254897982595, "3,9": -0.44596618395445464, "4,10": -1.483276682663004, "4,11": -0.7304758444669863, "4,12": 0.8216011566574606, "4,5": -1.0640658596381334, "4,6": -1.3675341740736626, "4,7": -0.46252066901911393, "4,8": 1.2093093605025071, "4,9": 0.1903323941760684, "5,10": 1.7797094820479242, "5,11": 0.6124108960283761, "5,12": 0.18847019548738908, "5,6": -1.437353468415588, "5,7": -0.14021124490598247, "5,8": -1.103650875910926, "5,9": 0.996280258078067, "6,10": 1.2774948009433023, "6,11": 0.20778977333039483, "6,12": -1.4963239950735043, "6,7": -0.6877450227441559, "6,8": -1.026838246253583, "6,9": 1.6169229123377145, "7,10": 1.8723097890397038, "7,11": -1.8555532962590595, "7,12": -0.1556458835363168, "7,8": 0.8117911937777276, "7,9": 1.837042957805667, "8,10": 1.1162752458277851, "8,11": 1.8919040063452912, "8,12": -1.85717893112957, "8,9": 0.19986833615557753, "9,10": 1.0866875355265604, "9,11": -1.7541121227899916, "9,12": -0.0028123090925582517}, "bias": {"0": 0.3729564565184085, "1": 0.5308648364471418, "10": 0.3163267723773293, "11": 0.07135271353158501, "12": -0.5133704016588725, "2": 0.02082789287797615, "3": -0.7826073051081921, "4": -0.14389849490646078, "5": 0.9434190372220852, "6": 0.19481320971298, "7": -0.5776812064328518, "8": -0.10581919567510134, "9": -0.21122772579686067}}