{"Q": {"0,1": 1.6742647706755434, "0,10": -1.0689133244285833, "0,11": 1.7285825053068957, "0,12": -0.8490657690312644, "0,13": -0.8721220220313048, "0,14": -1.4183513490504174, "0,15": 0.9618109613978216, "0,16": -1.0659271658884801, "0,2": 1.209342803628334, "0,3": 0.032267134932469244, "0,4": -1.8668048104243367, "0,5": 1.9629750524499179, "0,6": 1.6804811369913946, "0,7": -1.7878428756340297, "0,8": 1.9271641788321636, "0,9": 0.0013561075414223467, "1,10": 1.2286083589898404, "1,11": 1.6043561541269904, "1,12": -0.7937611635904691, "1,13": -1.5602685154018983, "1,14": 1.164633148709223, "1,15": -0.38975695406750566, "1,16": 1.4053554168559836, "1,2": -0.3615554891504944, "1,3": -1.6651198137241936, "1,4": -0.8876608160340407, "1,5": 0.9465994384438292, "1,6": 1.2011176998720448, "1,7": 1.5419569600767882, "1,8": -1.3568416766356308, "1,9": -1.2436729350019307, "10,11": 1.9324600459758017, "10,12": -1.4130133247791332, "10,13": -0.2211948261401222, "10,14": 0.19659207090581132, "10,15": -0.367730504126504, "10,16": -1.124154171849082, "11,12": -0.9501236000235838, "11,13": 1.7324796043196873, "11,14": -0.4944757909384494, "11,15": 1.4263614668906994, "11,16": -0.5630003094787943, "12,13": 0.4893418398725915, "12,14": 0.33578560811519464, "12,15": -1.7717702547926604, "12,16": -0.6655565764383891, "13,14": 0.9153128811608244, "13,15": 1.4573948199562068, "13,16": -0.8872667402408467, "14,15": -0.15640373940344876, "14,16": -0.5641610623844775, "15,16": -1.6701768719871688, "2,10": -1.6073891908061944, "2,11": -0.9052234105010504, "2,12": -1.9883631796015475, "2,13": 1.1702004824122438, "2,14": 0.6835050337520241, "2,15": 1.3540037947940404, "2,16": -1.69196037606598, "2,3": -0.5646265042157745, "2,4": -1.7772030995968153, "2,5": 1.651039359832188, "2,6": 1.3058236316891696, "2,7": 1.4462277747854944, "2,8": 1.4476376865011384, "2,9": 0.5120260700040205, "3,10": 0.761999537236802, "3,11": 0.036650509547253574, "3,12": -1.8152655600594434, "3,13": -0.5993733237974155, "3,14": -0.3736737442161684, "3,15": -1.4851272579253738, "3,16": 1.9870899336487056, "3,4": -1.1866446416156506, "3,5": -0.49353633830326427, "3,6": 1.3469593620927744, "3,7": -1.5129653940224208, "3,8": 0.28221060706173384, "3,9": 1.0940772025717358, "4,10": -0.3362949704847411, "4,11": -0.3820974349397641, "4,12": -0.7372567478944205, "4,13": -0.08761718554681952, "4,14": -0.7876963134677593, "4,15": -0.6245298572856539, "4,16": 0.30303538037634903, "4,5": 0.7679175649748484, "4,6": -1.273615604360106, "4,7": 0.6935101621835806, "4,8": -1.4618625527428488, "4,9": -1.5147387191617967, "5,10": 1.3745074787570708, "5,11": -0.07037469258222906, "5,12": 0.9136327005350706, "5,13": 1.696632110295838, "5,14": -1.9735700135735499, "5,15": -0.9666709808016036, "5,16": 0.35444763999864826, "5,6": -0.2691537651884919, "5,7": 1.3965793873745613, "5,8": 0.20273517566997867, "5,9": -0.061982336199116084, "6,10": 0.4145743954404013, "6,11": 0.9906522585093138, "6,12": -1.9955738222024828, "6,13": -0.0466783867801559, "6,14": 0.8931336961912608, "6,15": 1.0831340198815917, "6,16": 1.4026644574042466, "6,7": -1.052145996855058, "6,8": 1.5267069639847213, "6,9": 0.7923055874902629, "7,10": 1.9587807421644041, "7,11": -1.4162154977231523, "7,12": -1.9614348324481865, "7,13": 1.2911397439011618, "7,14": 0.4424993387400904, "7,15": -0.6650574432430161, "7,16": -1.8948501100851751, "7,8": 1.9641406609532606, "7,9": -1.5622425721029018, "8,10": -1.841861007828454, "8,11": 0.03361411953385751, "8,12": 0.9546485735381545, "8,13": -1.292730606179123, "8,14": 1.0947154559980068, "8,15": 0.627770271136677, "8,16": 1.0928310536732058, "8,9": 1.8724828169316803, "9,10": 0.11865078660631623, "9,11": -0.8503343109452159, "9,12": -0.7568426590960691, "9,13": 1.7784058681429857, "9,14": 1.480667650654032, "9,15": -1.0731395731813231, "9,16": 1.2219089219351167}, "bias": {"0": -0.23967211471051475, "1": 0.8301677837818433, "10": -0.39244106424997827, "11": 0.8791137296993259, "12": -0.8605559760507984, "13": 0.33114299745432274, "14": -0.38385886117800316, "15": 0.1924698255013999, "16": 0.28929098123346897, "2": 0.20352543709569626, "3": 0.6607003622618783, "4": 0.7258293124074944, "5": 0.1344012405971753, "6": 0.3199040752390634, "7": 0.6797268036821684, "8": -0.49929777347047266, "9": 0.20493171292927181}}