{"Q": {"0,1": 1.521275682276206, "0,2": 1.0941643937278687, "0,3": -0.9509808659697208, "0,4": 1.4935149183550713, "0,5": -1.2593494115411366, "0,6": -0.785863923854806, "0,7": 1.2485295683746465, "0,8": 0.28592796305962453, "0,9": 0.29562817837954025, "1,2": -0.911251178635665, "1,3": 0.6313276200855493, "1,4": 1.144367555945434, "1,5": 0.09033745443628538, "1,6": -0.426058007249972, "1,7": -0.986096777503505, "1,8": 1.6440783663046568, "1,9": 0.12699450529535383, "2,3": 0.538109543876971, "2,4": 1.1703055357862393, "2,5": 0.43108121841394054, "2,6": -1.0239959648280772, "2,7": -1.1484804090367131, "2,8": 1.2319428240395518, "2,9": -1.7731255135881967, "3,4": 0.500321003016853, "3,5": -1.275046309425977, "3,6": 0.34993758732849356, "3,7": -0.25527352479920395, "3,8": -1.973769546729327, "3,9": 1.7456045757463552, "4,5": -1.5585309888963392, "4,6": -1.122952739243353, "4,7": -1.0086077681400325, "4,8": -1.6212462304570132, "4,9": -1.8065323644790783, "5,6": 1.4572615361163024, "5,7": 1.802795232390602, "5,8": 0.194595267143038, "5,9": 0.8480959535803851, "6,7": 0.15961742645240085, "6,8": 0.3528707364826591, "6,9": 1.7149930558917386, "7,8": -0.8104728424876217, "7,9": -0.9001261220541301, "8,9": 0.133039865238902}, "bias": {"0": -0.4807577995675203, "1": -0.16100220897229978, "2": 0.27099524457242774, "3": 0.8854010874390332, "4": -0.3495101378483594, "5": 0.6503190620144061, "6": 0.8097771034432522, "7": -0.44466889043231017, "8": 0.8406193023796504, "9": -0.22448511093734247}}