{"Q": {"0,1": 0.6688850138137923, "0,10": -1.9354574983198134, "0,11": -1.0931450296828888, "0,12": -0.31577797056247636, "0,13": -0.7015123037114219, "0,14": -0.8093401162363283, "0,15": -1.3840139149270558, "0,2": 0.9738397959092486, "0,3": -0.10807480783388312, "0,4": -0.19909132200438684, "0,5": 1.2113402644722298, "0,6": -0.8424304451961571, "0,7": 1.3543441031731072, "0,8": -0.9881140042269916, "0,9": -0.21797781154165818, "1,10": 0.6552723016523809, "1,11": -1.32178898944563, "1,12": 0.821840045008861, "1,13": 1.6489656461806876, "1,14": 1.7057278330831052, "1,15": 1.842473274044246, "1,2": 1.345599639895565, "1,3": 0.7541295212160319, "1,4": -0.8705598265922538, "1,5": 1.3082590035839128, "1,6": 1.8204818896831223, "1,7": 1.9325655068108523, "1,8": -1.1218455596625696, "1,9": 0.8803667426656436, "10,11": 0.06426262080334899, "10,12": 1.9172096907340563, "10,13": 0.0008634986420541502, "10,14": 0.17195549543174504, "10,15": 0.726724290835751, "11,12": -1.481164985556442, "11,13": -0.06901108808402379, "11,14": -0.043902937835664346, "11,15": -0.04720876008348762, "12,13": -0.15749770631682924, "12,14": -0.6962811867590069, "12,15": -1.136358478198288, "13,14": 1.2361022545297344, "13,15": -0.681850468781191, "14,15": 0.6622193501432605, "2,10": 0.1551469062408546, "2,11": 1.4624536759147366, "2,12": 1.6764565877845041, "2,13": -0.37360068264526314, "2,14": -1.668630766071749, "2,15": 0.7053337972795473, "2,3": 1.6595473553449263, "2,4": -1.0374788889546451, "2,5": -1.7303398724941452, "2,6": 1.2512178075440605, "2,7": -0.4269300895296162, "2,8": 0.3776053366881267, "2,9": -0.7026532311489824, "3,10": -1.5908366272697987, "3,11": 0.7287904802773584, "3,12": -1.176603202737073, "3,13": -1.6638849593158969, "3,14": -0.11059342780597392, "3,15": 1.3008732752877976, "3,4": 0.24576162987690653, "3,5": 1.8306625060538813, "3,6": 1.7343739614099922, "3,7": -0.6262505573105814, "3,8": -1.7321217395492816, "3,9": -0.3204779345014708, "4,10": -1.4555488841559217, "4,11": -1.0503519351956658, "4,12": 0.9605598901545198, "4,13": 1.8434085700956664, "4,14": -1.1177728938942115, "4,15": 1.6975014977255318, "4,5": -0.6619156263670294, "4,6": -0.5065263136385854, "4,7": 0.18031661566431545, "4,8": -0.7913975865093095, "4,9": 0.001144294343615293, "5,10": -0.9235888865323272, "5,11": 1.7131349678985228, "5,12": 1.4662629496713517, "5,13": -1.039104792362298, "5,14": 1.8175226786002536, "5,15": -0.6159625755113352, "5,6": 1.4806847599848902, "5,7": -0.7914961622273142, "5,8": -1.408023668300408, "5,9": 1.8833742427484257, "6,10": -0.8799437121822082, "6,11": -1.439568293568232, "6,12": -1.8015203580203556, "6,13": 1.5119510868171506, "6,14": -1.6887574664559, "6,15": 1.2126444489847135, "6,7": 1.2832882642020875, "6,8": 0.22436556530087248, "6,9": -1.7747841421752488, "7,10": -1.2500366011020212, "7,11": -0.18982258193960844, "7,12": -1.861998350485326, "7,13": -1.8598118271690618, "7,14": 1.2667443259582942, "7,15": 0.46656426957180663, "7,8": 0.4700319485390443, "7,9": -1.0455798619375978, "8,10": 0.9461734752005166, "8,11": 1.9774919111801172, "8,12": 1.4989950113464343, "8,13": 1.9919491453548601, "8,14": -1.2142396631796983, "8,15": 0.7838107563257699, "8,9": 1.568531089401, "9,10": -1.8007588545330013, "9,11": 1.1749847834705958, "9,12": -0.27530283299988945, "9,13": 1.0820040200744723, "9,14": 0.7754238495047385, "9,15": 1.7725512719321035}, "bias": {"0": 0.36925931646806753, "1": 0.44177079308648737, "10": -0.1973161233458658, "11": 0.813594173106515, "12": 0.9686612973697024, "13": -0.8178166811325214, "14": -0.1180462258274777, "15": -0.8554464096229026, "2": 0.5420421534186564, "3": -0.5177766427122332, "4": 0.020289318637880527, "5": 0.5763818220180879, "6": -0.22058028930609574, "7": 0.26433361527894506, "8": -0.7057096938184282, "9": -0.025314351444231997}}