{"Q": {"0,1": -1.0373566826090141, "0,10": -1.247308209904972, "0,11": -1.3667850788561235, "0,12": -1.0401025664381551, "0,13": 1.334167189975855, "0,2": 1.2595360270229854, "0,3": 1.2847732188345238, "0,4": 1.6444558564177765, "0,5": -1.1381758254513161, "0,6": -0.9458684723381166, "0,7": -1.978009263537825, "0,8": 1.572949555075561, "0,9": 1.7141850329516788, "1,10": -1.5503165822526408, "1,11": -1.391448414991519, "1,12": 1.9186502039279887, "1,13": 0.46227057587162257, "1,2": -0.6251594435110137, "1,3": 0.6523112049441893, "1,4": -1.6773074220274249, "1,5": 1.5140684090876149, "1,6": -1.4077613694740854, "1,7": 1.4728605218534208, "1,8": -1.9153566113727254, "1,9": 1.5776793346711941, "10,11": -1.8566645108744386, "10,12": 0.603860269367722, "10,13": -1.2302723739107995, "11,12": 0.4923833330272127, "11,13": 1.9626881999200494, "12,13": 1.3711003339790033, "2,10": 1.76961760028163, "2,11": 0.47098853456477885, "2,12": 1.382041650777753, "2,13": 1.0201061396010465, "2,3": 1.650506505145565, "2,4": -0.662991795018911, "2,5": -1.000584475939462, "2,6": 1.9754279661924294, "2,7": -1.2221843015805387, "2,8": 1.580360685219877, "2,9": 1.7099092950135844, "3,10": 0.7348754887337385, "3,11": 0.06776611019050005, "3,12": 1.6088406124919747, "3,13": -1.4774200153930077, "3,4": -0.8350460440747351, "3,5": 1.8380440373306048, "3,6": 0.527372863955466, "3,7": 1.3545589009516124, "3,8": 1.336915860652112, "3,9": -0.6415401137155685, "4,10": -1.1384638696579268, "4,11": -1.6771180108608776, "4,12": 1.4531546950959435, "4,13": 1.01550095108687, "4,5": -1.568987188368797, "4,6": -0.39403630156308944, "4,7": -1.5593127669913316, "4,8": -0.16197682024239768, "4,9": -1.5323966953530532, "5,10": -0.06926134339305667, "5,11": -0.20240399338230786, "5,12": -1.262191440698687, "5,13": 0.883085524744609, "5,6": 1.401948279424548, "5,7": -1.1327654784609371, "5,8": -0.7752199222133154, "5,9": 0.661869469122097, "6,10": 1.8439147766692567, "6,11": -1.4021700429513162, "6,12": 1.49978813794228, "6,13": -0.7361592277595652, "6,7": -1.360430045135654, "6,8": 1.3059152664385656, "6,9": 1.1338481487294407, "7,10": 0.0579195914645676, "7,11": 0.6953700645647358, "7,12": -1.0329482904938327, "7,13": -1.6195989385257108, "7,8": -0.6249489166911726, "7,9": 1.3384299740291872, "8,10": -1.9603587390026256, "8,11": -1.8890605103520501, "8,12": -1.7969121221169222, "8,13": -0.870380490342753, "8,9": 0.7512078255170072, "9,10": -1.6153213671004258, "9,11": -1.749920794144948, "9,12": -0.5620233421212677, "9,13": 1.437988231864801}, "bias": {"0": 0.06526294159564006, "1": 0.5407496886412317, "10": 0.44752567488996253, "11": 0.17487313880073785, "12": -0.06546168158994403, "13": -0.5664111921768391, "2": -0.8984548845735465, "3": -0.17377355916991744, "4": -0.4694764413358554, "5": -0.777622825073381, "6": 0.8101033191188909, "7": -0.2925314360593918, "8": 0.7167619497772846, "9": 0.37743153857516965}}