{"Q": {"0,1": 0.6226884432570468, "0,2": -1.3761884328681795, "0,3": 1.3951506310110084, "0,4": -1.6855465769892417, "0,5": -1.4575081698328138, "0,6": 0.8735562498359091, "0,7": 0.5470036314705733, "0,8": -1.0863618039025393, "0,9": 0.7532782174064505, "1,2": -0.8676512468570636, "1,3": -0.31510610961518193, "1,4": -1.9270132986291149, "1,5": 1.5809310435004509, "1,6": -1.871410240712136, "1,7": 1.7473448882825804, "1,8": 1.461445626671246, "1,9": -1.830084910684329, "2,3": -0.8349056403823414, "2,4": 0.4477846929728737, "2,5": -0.6551478802101909, "2,6": 1.9983701135362106, "2,7": 0.7992306379827108, "2,8": -0.10646357746710455, "2,9": 0.8793697839887069, "3,4": 1.3310447065705184, "3,5": -1.7952959212897928, "3,6": -0.3092157384172096, "3,7": 1.854686039857489, "3,8": -0.8815610894646144, "3,9": -0.117442724359754, "4,5": -1.145586549986247, "4,6": 1.949738430515925, "4,7": -1.667059110513569, "4,8": 1.2767590910412547, "4,9": 0.8639525099215963, "5,6": 0.4632329587360293, "5,7": 0.44223153310822694, "5,8": -0.48377861305390235, "5,9": 1.3136071033301824, "6,7": -0.3406271647619534, "6,8": -0.8848961390316852, "6,9": -1.7030184496010872, "7,8": 0.5430060853804304, "7,9": 0.02564196454637724, "8,9": -0.22259587342677944}, "bias": {"0": 0.4666476771536825, "1": 0.925967603229521, "2": -0.7956566983108173, "3": 0.10023620582597825, "4": 0.9029961905628776, "5": -0.08994443122129514, "6": 0.6947963231779013, "7": 0.9578588235282408, "8": 0.6189844256973815, "9": -0.804847610392222}}