{"Q": {"0,1": -1.0912946156227616, "0,2": -0.12192501734389927, "0,3": -0.9207633438286953, "0,4": 0.43111264329042154, "0,5": 0.06285906589601709, "0,6": 0.33116043599345124, "0,7": -0.11164116250553491, "1,2": -1.9629168859847597, "1,3": -0.6001338596912258, "1,4": 0.28995970891544065, "1,5": 1.0775193917195471, "1,6": 0.10497429648026024, "1,7": -1.8524797039582142, "2,3": 1.1861350271020412, "2,4": -1.0436011266154637, "2,5": 0.30105463686518696, "2,6": -1.8531810995597007, "2,7": -1.1542300321966632, "3,4": 0.4659899553201883, "3,5": -1.339475054503573, "3,6": 1.3432375265776755, "3,7": 0.8842024185538229, "4,5": -0.8232803986898407, "4,6": -0.18126318754297488, "4,7": 0.2155966129238922, "5,6": -1.7146689953131355, "5,7": -0.6134734365514936, "6,7": -0.22686423135336709}, "bias": {"0": 0.6412459789762426, "1": -0.5093796500869778, "2": 0.10509069216067535, "3": -0.5365931569484603, "4": 0.8282726914381329, "5": 0.019736998034087794, "6": -0.8075009250417224, "7": 0.6429333360169052}}