{"Q": {"0,1": 1.954720021450699, "0,2": -0.9186951863874238, "0,3": -0.3314532537619117, "0,4": -1.1176051382957164, "0,5": -0.7363450072758453, "0,6": 1.7330344650115665, "0,7": 0.7670656074684845, "0,8": -0.7360792122895794, "1,2": 0.22560124012346527, "1,3": 1.2584954157951542, "1,4": -1.4807769219323554, "1,5": 0.34660600153135634, "1,6": 1.203945761899095, "1,7": -0.594922982670469, "1,8": -0.3623352838066527, "2,3": 1.769176755290601, "2,4": -1.2111780704662278, "2,5": 0.05737359281960108, "2,6": 0.28300873012406, "2,7": 0.5194535206873314, "2,8": 1.3240758353810214, "3,4": 0.6776720902610212, "3,5": 0.4974607239579427, "3,6": 1.8548375961136156, "3,7": -0.5536927811932535, "3,8": -0.18213557169836392, "4,5": 0.3861106218543955, "4,6": 1.4980277565257931, "4,7": -1.5840589856314855, "4,8": 0.04359950854823458, "5,6": 1.1389077031014292, "5,7": -0.4336445537340783, "5,8": 1.2307020834173286, "6,7": 1.537463534963528, "6,8": 1.232087446927841, "7,8": -0.8915794410390183}, "bias": {"0": 0.9024929914528499, "1": 0.27098715147768515, "2": 0.9391017354191238, "3": 0.12103114133203396, "4": 0.5566951295882985, "5": -0.07540734432268925, "6": -0.8340208888546232, "7": 0.3909818072741025, "8": 0.5374220004899868}}