{"Q": {"0,1": 0.18120531367011772, "0,10": 0.869952990416154, "0,11": 0.8598141236977503, "0,2": -1.3962941382413234, "0,3": -1.6427655983670433, "0,4": 0.6031895805150329, "0,5": -1.736832865947096, "0,6": 0.5409829541371471, "0,7": 0.14776693256935536, "0,8": -1.616679709124143, "0,9": -0.6931253362037637, "1,10": 0.08521638288440236, "1,11": 1.293903496613999, "1,2": 0.7720443157902737, "1,3": -0.3962256497607255, "1,4": 1.023151680506444, "1,5": 0.9045504191916391, "1,6": 0.4885278966446802, "1,7": -1.7755069042738505, "1,8": 0.9515528597687868, "1,9": -1.7766006111811015, "10,11": 0.7185067559833063, "2,10": 1.9823641404981882, "2,11": 0.9373198676409782, "2,3": 0.7181258274866651, "2,4": 0.34582013613394436, "2,5": -0.6384115614114059, "2,6": -1.2641728507975727, "2,7": -0.4241772876448193, "2,8": -0.7225958308688099, "2,9": -0.08523721036162568, "3,10": -0.9737097368146657, "3,11": -0.11463946935485625, "3,4": -1.8496414670656738, "3,5": -1.3011423652976837, "3,6": -1.5419638051147393, "3,7": 0.016279146670836298, "3,8": -0.24874010424774795, "3,9": -1.5083419606656387, "4,10": -1.9721743087859172, "4,11": -0.588508901335195, "4,5": -1.760665911254125, "4,6": 0.8930796525778204, "4,7": 0.5725852244446381, "4,8": -0.35482197067136445, "4,9": 0.16139585331040207, "5,10": 1.1992666541072725, "5,11": 0.447777483723947, "5,6": -1.3122647621323726, "5,7": -1.5571643554804595, "5,8": -1.2255272542030444, "5,9": -0.43225573935918415, "6,10": 0.050615758979845715, "6,11": 1.983148222805864, "6,7": -0.8369790478504684, "6,8": 1.469664564012266, "6,9": -1.8385283251715956, "7,10": 0.6265141000519705, "7,11": -1.0224483325963636, "7,8": -1.8907828145170962, "7,9": -1.7154127711858043, "8,10": -1.9443475701236066, "8,11": -0.16184331497265658, "8,9": -1.618827981968923, "9,10": 0.5219157197872981, "9,11": -0.7269690613932234}, "bias": {"0": 0.16990988315934152, "1": 0.13650018264053698, "10": -0.5255708174244702, "11": 0.5709717576487838, "2": 0.4411657061630716, "3": 0.11288486860760605, "4": -0.13837038981844607, "5": 0.7911833058258431, "6": 0.9812053113324981, "7": -0.12275011489486487, "8": 0.5601367879534225, "9": 0.48595886921996745}}