{"Q": {"0,1": -0.41286940763899693, "0,10": -0.8391048767501554, "0,11": 1.2096876031739243, "0,12": 1.273728558927628, "0,13": 1.7461681691033601, "0,14": -0.6838029675664767, "0,2": -1.1524380637594112, "0,3": -0.820605488042109, "0,4": -0.2490953296777274, "0,5": -0.553266566019305, "0,6": -1.286349109639637, "0,7": -0.8783685280188029, "0,8": 0.5287074850130447, "0,9": -0.21368865548506655, "1,10": 0.6287149681305206, "1,11": 0.11994624523093478, "1,12": -0.5108389616946738, "1,13": 1.2374290173650877, "1,14": -1.6829344528556747, "1,2": 0.7257239491995988, "1,3": -0.8396473576889432, "1,4": -0.4956288373558393, "1,5": -0.6248739876120939, "1,6": 0.20303917558759776, "1,7": -1.5255593244386483, "1,8": -0.40093605214204464, "1,9": 1.2336766313098284, "10,11": 0.7547400728208093, "10,12": 0.49969271256244463, "10,13": 1.2627547022345205, "10,14": -1.0014327245710617, "11,12": -1.757640617279073, "11,13": -0.8416311651692032, "11,14": -0.969017373159816, "12,13": -1.486765882399641, "12,14": -1.6322679039255723, "13,14": 0.07268718687593889, "2,10": 1.4778645995183797, "2,11": -1.440128024444685, "2,12": 1.3249837266027584, "2,13": -0.5568452503056607, "2,14": 0.09531714163693117, "2,3": -0.5524166496116676, "2,4": -0.41507150164309037, "2,5": -1.7019472342428998, "2,6": 0.06035415898682972, "2,7": -0.926232051460373, "2,8": -0.354337784939454, "2,9": 1.7078525685144395, "3,10": -0.23414034274462558, "3,11": 1.1337201987115968, "3,12": -0.4752419440393014, "3,13": 1.3965362561844756, "3,14": 1.331011605363532, "3,4": -1.2939984924694246, "3,5": 1.8763620953079223, "3,6": 0.026904445466613858, "3,7": -1.7712677567664468, "3,8": 1.0221904480680322, "3,9": 1.8450708869699177, "4,10": 1.085178724481803, "4,11": -0.43413731373216224, "4,12": -1.5577307979522037, "4,13": 1.6608296386371473, "4,14": 0.9155509532226116, "4,5": -1.742881435917266, "4,6": 0.6494010662643301, "4,7": -1.3135952626537026, "4,8": -1.6794584062142475, "4,9": -0.9096174357505462, "5,10": 0.30514422925991225, "5,11": -0.7156693690612723, "5,12": 0.8664436399139754, "5,13": -1.8693535331828333, "5,14": -0.00317620013542097, "5,6": 1.032010787926382, "5,7": -0.2964074670362651, "5,8": 0.002324757379577491, "5,9": 1.4333653777300968, "6,10": -1.543477698362651, "6,11": -1.071569719886829, "6,12": 0.45205741528341115, "6,13": 0.0775806568439843, "6,14": -0.6048088725086798, "6,7": 0.898846061892125, "6,8": 0.9722143348729451, "6,9": -1.5104081824814437, "7,10": -1.5166218892702292, "7,11": 1.937431830074957, "7,12": -0.6999750121006634, "7,13": 0.18435977251033364, "7,14": -0.7869333406124976, "7,8": -0.3328826641516418, "7,9": 0.3951577463359426, "8,10": -1.7214045805748648, "8,11": -0.4985390215714731, "8,12": -0.6846938411667924, "8,13": -0.4538574023022832, "8,14": 0.3822789771094577, "8,9": 0.8687632395248142, "9,10": -0.48402635699425245, "9,11": -1.8752428430476615, "9,12": -0.36849891743478924, "9,13": -1.1729364477057374, "9,14": -1.2239700776160065}, "bias": {"0": 0.6134812361062241, "1": 0.389639680929744, "10": 0.22193067802028188, "11": -0.9368953692043145, "12": -0.14253295656987297, "13": -0.7050459921515009, "14": -0.5554462251883554, "2": 0.29744066885017006, "3": -0.06995876159140191, "4": -0.3366599181219194, "5": 0.9777234795534457, "6": 0.7493364699018552, "7": 0.377970507630778, "8": 0.5285278363703398, "9": 0.8897067519445652}}