{"Q": {"0,1": 0.9293556543808554, "0,2": 0.9092464871375734, "0,3": 1.692870904686186, "0,4": 0.5223994727200125, "0,5": -0.699403087298978, "0,6": 1.6069837797946578, "0,7": 1.5140026425331645, "1,2": 1.8755758090981973, "1,3": -0.8479868496341321, "1,4": 0.5848732959524456, "1,5": 0.6767614286665475, "1,6": 1.0361729302771532, "1,7": 0.18996441875268077, "2,3": -1.5055014013491492, "2,4": 0.5418192705703317, "2,5": -0.05242704558605826, "2,6": 0.36245050538920554, "2,7": 0.5366907995753052, "3,4": -0.5044709933472196, "3,5": -1.5943608660277508, "3,6": 0.4489266257596456, "3,7": -1.5436052888342795, "4,5": -0.11192209416986643, "4,6": 0.7206273259945428, "4,7": -0.4110625344086074, "5,6": -0.7154511605297857, "5,7": -0.7672799287122203, "6,7": -0.7217837602722419}, "bias": {"0": -0.33576377133668234, "1": -0.9894354446513896, "2": -0.02104884377284355, "3": 0.42799115324219517, "4": 0.06041039492050082, "5": -0.1378459344786791, "6": -0.8666860121019275, "7": -0.31103230087969713}}