{"Q": {"0,1": 0.5866614160898203, "0,2": 1.0127208270488564, "0,3": 0.06551034812113432, "0,4": 0.9616764990181341, "0,5": -0.3248373171215784, "0,6": 1.5806369395216482, "0,7": 1.642277528689947, "1,2": -1.7037873634729523, "1,3": -0.6640971726546518, "1,4": 1.3899109762345594, "1,5": -0.3778756175700604, "1,6": -0.21238692301460382, "1,7": -1.15333557483011, "2,3": -1.7117323516027665, "2,4": 0.3431514798587276, "2,5": 1.3611443338021774, "2,6": -0.04826469176442716, "2,7": 0.7224363218664744, "3,4": -0.8748380725102023, "3,5": 0.27667243503475936, "3,6": 0.22538495929678293, "3,7": 0.188045500029963, "4,5": -0.8580351459362228, "4,6": -0.4902704154409814, "4,7": -0.44828708164986564, "5,6": -0.11120222885993902, "5,7": 0.05697852112420554, "6,7": 0.047027960761063525}, "bias": {"0": -0.8086304325341211, "1": -0.4872045766475064, "2": 0.024083966046313243, "3": -0.8626442048751037, "4": 0.4767912121268636, "5": -0.7505819080686347, "6": 0.9064297376784411, "7": 0.05592627304589137}}