{"Q": {"0,1": 0.3917804916015868, "0,10": 1.1083034297719867, "0,11": 1.9535772203899402, "0,12": 0.29766205167792803, "0,13": 1.558721493453838, "0,14": 0.8575908024138497, "0,15": -0.47251243636862794, "0,16": 0.5410255831707795, "0,17": -0.7876443876552259, "0,2": -1.0599613529603018, "0,3": 1.195162492733616, "0,4": 1.6333117682667488, "0,5": -0.05583931159053046, "0,6": -0.5236884300943778, "0,7": 0.6680299917871673, "0,8": 0.505306683271737, "0,9": 0.9107758167755282, "1,10": -1.5631121852541643, "1,11": 1.557664903814246, "1,12": -1.7918489563256785, "1,13": 0.7989423965136124, "1,14": 1.0315069771551935, "1,15": 0.4510237772644645, "1,16": 0.5982888308640963, "1,17": 1.0812306889635783, "1,2": -0.38309999453802135, "1,3": 1.612142317933153, "1,4": 1.2102112484707246, "1,5": -0.4356509045390653, "1,6": 1.067491792074574, "1,7": 1.7387019938548436, "1,8": 0.04374024430424761, "1,9": 0.1987201589516081, "10,11": 0.00736539371473155, "10,12": -0.18350097388096964, "10,13": -1.2068552914387194, "10,14": -1.072271282069404, "10,15": 1.5715575695586579, "10,16": 1.8296253174605805, "10,17": 1.431030324819147, "11,12": 0.244117816064231, "11,13": -0.45049662331018414, "11,14": 1.448690943580898, "11,15": -0.12935390349445708, "11,16": -1.8000832578540127, "11,17": 1.3638286219917788, "12,13": 1.751935209178884, "12,14": -0.2851446587120212, "12,15": -0.33128957098008494, "12,16": -0.8528166447905634, "12,17": 0.7187249496867487, "13,14": -0.45910329611095735, "13,15": -0.4026935022763287, "13,16": 0.2472919198941872, "13,17": -0.6775655314068745, "14,15": 0.3185149448870459, "14,16": -1.3847124924476764, "14,17": -1.8058029352768048, "15,16": 0.9770928281007367, "15,17": -1.5673734730992268, "16,17": -0.5831889132561217, "2,10": -0.346189270072212, "2,11": -0.9146361990458649, "2,12": -1.0951392942092268, "2,13": 0.5564315957132417, "2,14": -1.493570775507631, "2,15": -1.949161618993175, "2,16": 0.37838350164464707, "2,17": -0.4253460668072906, "2,3": 1.2900841588135021, "2,4": -1.3656967462565421, "2,5": -1.363481677542202, "2,6": -0.33869406462469875, "2,7": -0.8079517878443534, "2,8": 1.2874680677748533, "2,9": 1.6966775108131884, "3,10": -1.4249196672789775, "3,11": 0.983491968880148, "3,12": -0.3847737434795584, "3,13": -0.35549237081894924, "3,14": 0.5531109489517272, "3,15": -0.46129908377907247, "3,16": -0.8100731914400381, "3,17": 1.503037955319785, "3,4": 0.17542581105646748, "3,5": 0.23137185669281912, "3,6": -1.742235151465993, "3,7": 0.37115242200318743, "3,8": 1.5016818600006507, "3,9": 1.4664642446579643, "4,10": 0.7652830396997925, "4,11": 0.3137059499175652, "4,12": 1.6208369124399162, "4,13": -0.6247629545115219, "4,14": -0.09716524962446815, "4,15": 0.18938117489240502, "4,16": -0.978189250055765, "4,17": -1.156328901414534, "4,5": -1.2117640148658277, "4,6": 1.8399394950567984, "4,7": 0.30385633800546064, "4,8": 0.0875172930068886, "4,9": -1.7163504201828785, "5,10": -0.5418067128928614, "5,11": -1.9650958157742164, "5,12": 0.43425178207332404, "5,13": -0.8894413885638777, "5,14": 1.4518573701372621, "5,15": -1.7117077022250826, "5,16": 0.36307153430579664, "5,17": -1.1960036760474204, "5,6": 1.5284015928496628, "5,7": 0.34912674056879034, "5,8": 1.338811908211062, "5,9": 1.5096428111096545, "6,10": 0.4057730166918798, "6,11": -1.3507667293773302, "6,12": -1.8446270196754488, "6,13": -0.09331918767677161, "6,14": -0.5058670054611256, "6,15": -1.4072052118138285, "6,16": -1.2214327056008747, "6,17": -0.4096892903431617, "6,7": -0.4835077534467791, "6,8": 0.1704485647557239, "6,9": -0.9325735456388293, "7,10": 1.3420337479613513, "7,11": 1.0960023131922627, "7,12": -0.692703938573231, "7,13": 0.6602274405040247, "7,14": 0.213808935821314, "7,15": -0.38353549136224796, "7,16": 0.09573688960536142, "7,17": -1.193800038816982, "7,8": 1.3028525849943042, "7,9": 0.9649622286898869, "8,10": -0.5503021125101926, "8,11": -0.8042080298158898, "8,12": -1.833176993271234, "8,13": 0.1613722958114736, "8,14": 0.5409366486160669, "8,15": -1.726979374585305, "8,16": 1.9756701901325604, "8,17": -0.3995878892021434, "8,9": 0.24747787539915933, "9,10": -1.9085642494861235, "9,11": 0.02505277685627405, "9,12": 1.9325322426939606, "9,13": -0.4561398501865299, "9,14": 0.839371148568377, "9,15": 0.246557261082768, "9,16": -0.2168497449962432, "9,17": -1.1765635026505237}, "bias": {"0": 0.5170838548856005, "1": -0.1108897596851941, "10": 0.09681495356798897, "11": 0.7065108059022731, "12": -0.19761562697910295, "13": -0.8660341932052888, "14": -0.05694192390908692, "15": -0.8863099863367943, "16": 0.775615698785107, "17": -0.7243878574998146, "2": 0.8890771807868989, "3": -0.7644118802337256, "4": -0.06151247627852463, "5": 0.13222610284721625, "6": 0.39085735332163285, "7": -0.12017690471474207, "8": -0.024591669197263855, "9": -0.1848314616300748}}