{"Q": {"0,1": -1.1517179121591452, "0,2": 1.9912247205476583, "0,3": 0.9719029105305532, "0,4": 1.1724928830462082, "0,5": 1.4186015348220926, "0,6": 1.2225962300232234, "0,7": -0.7900495714945563, "0,8": -0.659949698799752, "1,2": 0.7688209461902278, "1,3": 0.7925866114703366, "1,4": 1.1572772623330039, "1,5": -0.2652524543841315, "1,6": 0.6642790621199093, "1,7": 1.3272558661343243, "1,8": 1.3097261366618258, "2,3": -1.913539299309576, "2,4": 1.5593813136639163, "2,5": 0.7780745390772603, "2,6": 1.6580799900977974, "2,7": 0.5426185466449676, "2,8": -0.19847763695772747, "3,4": 0.3499179098735472, "3,5": -0.23530598448134254, "3,6": 0.4223556702359841, "3,7": 0.6608351116188032, "3,8": 1.8435208194676642, "4,5": -1.0085627839953824, "4,6": -0.4089359796962664, "4,7": 1.6426302287458512, "4,8": 1.4320799272606024, "5,6": -1.7819941785231, "5,7": -1.2822768146225236, "5,8": 1.68512325875728, "6,7": -1.12874174527084, "6,8": -0.693843477673596, "7,8": 0.059664175757790705}, "bias": {"0": 0.6066827913956534, "1": 0.9961779455796456, "2": 0.5216117686546045, "3": -0.37317104598034967, "4": -0.19821155385313705, "5": -0.40983642020527467, "6": 0.020702189635857238, "7": 0.8260842909619868, "8": 0.9390300818486959}}