{"Q": {"0,1": -0.010621033071027686, "0,10": 1.0340011148892132, "0,11": 0.7190198059608548, "0,12": -0.34350369573982187, "0,13": -1.3892389606007263, "0,14": -1.0966618368231704, "0,15": 0.566207062909506, "0,2": -1.8200799699517387, "0,3": 1.548658297846004, "0,4": 1.6621388722861306, "0,5": 0.2178754937871501, "0,6": -1.7528132034223232, "0,7": 1.1664595014526027, "0,8": 1.6714716408009775, "0,9": 0.5488851637107328, "1,10": -0.20343822906633724, "1,11": 1.912312458890315, "1,12": 0.3133490086871715, "1,13": -0.8828151063789109, "1,14": -1.4404063942976126, "1,15": -1.8806850067755976, "1,2": 1.9565892507346598, "1,3": 0.6290820108156372, "1,4": 0.8649308985730104, "1,5": 0.4086830403208137, "1,6": -0.7116527562472861, "1,7": 0.49258384927052523, "1,8": 1.2282355611090354, "1,9": -1.9557507724796643, "10,11": 1.1466537067826965, "10,12": 0.11341083014441988, "10,13": -1.885835401194433, "10,14": -0.7278071858892377, "10,15": 0.9960768698692246, "11,12": -0.06388700192372765, "11,13": 1.5028065820573655, "11,14": -1.0600185797623474, "11,15": -1.96230237890714, "12,13": -0.8634710960908563, "12,14": 0.02253994788361746, "12,15": -1.3523126704510315, "13,14": -1.6461263357215867, "13,15": -0.8118278121151978, "14,15": 0.001331936716977733, "2,10": -1.4886128607991336, "2,11": -1.9684792800140842, "2,12": -1.5670362910398943, "2,13": 1.6017660713177175, "2,14": 0.9855864627676083, "2,15": -0.9201360513403931, "2,3": 0.5276579220274842, "2,4": -1.3973267791785648, "2,5": 0.3274468817122571, "2,6": 0.7050579565654855, "2,7": -1.648491740368196, "2,8": 0.8296562832403755, "2,9": 0.6296046494148451, "3,10": 0.7081893059304094, "3,11": -1.4446238049641984, "3,12": -0.5717073009348903, "3,13": -1.329833366516175, "3,14": 0.3058078286174113, "3,15": 1.0169086598957575, "3,4": -0.19908575934500883, "3,5": -0.12989523861349017, "3,6": -1.1134608215676574, "3,7": 1.051822505731196, "3,8": -1.7781554696400654, "3,9": -0.24904442969590068, "4,10": 1.4102942780857166, "4,11": -1.4052190746185218, "4,12": 1.6766511333789027, "4,13": 1.883443587645647, "4,14": -1.0678392766466258, "4,15": -0.2820047069702203, "4,5": -0.027734371998552554, "4,6": 0.7008372776703227, "4,7": -0.2642267822687394, "4,8": 1.7170958682358162, "4,9": -0.8633055255301749, "5,10": 0.1896826580387061, "5,11": -0.19244161390345305, "5,12": 0.9844746775938988, "5,13": -1.2907128184479282, "5,14": 0.009930760270056016, "5,15": 1.9396463821691645, "5,6": 1.8848071364174164, "5,7": 0.756173056865324, "5,8": -1.5721204545122291, "5,9": -1.225498479344556, "6,10": -1.8146616979097523, "6,11": 1.433811773449131, "6,12": -0.7302499018626145, "6,13": -1.6305037007282195, "6,14": 0.13604641838215814, "6,15": -0.8741762102289394, "6,7": -0.31978141465099297, "6,8": -0.2684383586917667, "6,9": 1.0143587421166749, "7,10": -1.6931966473180506, "7,11": -0.09651904482755302, "7,12": -1.9314645065734264, "7,13": 0.7975094669376599, "7,14": -0.4417377669451774, "7,15": -0.4440094680415063, "7,8": -0.626575407023243, "7,9": -1.5970909856718403, "8,10": -1.699410439407845, "8,11": 1.6909669147581363, "8,12": 1.5173446823781314, "8,13": 1.2584452838401767, "8,14": 0.933872622677228, "8,15": -1.4723732047769755, "8,9": -0.9343964397945554, "9,10": -0.6295425421547143, "9,11": 1.1834416451661105, "9,12": 1.0431762580744688, "9,13": 1.2635502778913215, "9,14": -1.426884097593872, "9,15": 0.09965713072510729}, "bias": {"0": 0.9895436826823523, "1": 0.7609788223133458, "10": -0.16813086468660554, "11": 0.11794594376562295, "12": -0.2766133629048977, "13": 0.03500628309121323, "14": 0.5681235501378741, "15": 0.2817740654140819, "2": -0.8170696423112893, "3": 0.17076075610078334, "4": -0.12763441825831534, "5": -0.26218816250622456, "6": -0.7989666416794146, "7": -0.7978430437212773, "8": 0.2799816236127679, "9": -0.133735231391104}}