{"Q": {"0,1": 0.6418294859146116, "0,10": -0.42335867724593257, "0,11": -1.2638874177442343, "0,12": -0.8610447794269689, "0,13": -0.03200002175046546, "0,14": -1.1088359490899165, "0,15": 0.605465849785916, "0,16": 1.2860200908537696, "0,17": 1.027171916949523, "0,2": 0.40489037027337105, "0,3": 1.726935660177909, "0,4": -1.2215930324248423, "0,5": -1.1864498942355417, "0,6": -0.7305206351815219, "0,7": 1.7962375033683973, "0,8": 1.702462381756558, "0,9": 1.621170451032179, "1,10": 0.3681629957868422, "1,11": 1.8121083214330707, "1,12": 0.9413112139739872, "1,13": -1.691109878705034, "1,14": 0.46397971741642596, "1,15": 0.39694024535991, "1,16": 0.6401132763537052, "1,17": 0.39842026980328304, "1,2": 1.6712604529400732, "1,3": 1.241494082754334, "1,4": 0.41292597696213074, "1,5": 1.3333627090851894, "1,6": 1.1801944560483557, "1,7": 1.4646638568476016, "1,8": 0.8061527396161821, "1,9": 0.9927238673869248, "10,11": 0.3455663871311736, "10,12": 0.44896002062718754, "10,13": 1.8083751975501632, "10,14": 0.4610546896099943, "10,15": -1.0075023050552945, "10,16": -0.2947066541157479, "10,17": 0.4071862271640674, "11,12": 1.520704027702104, "11,13": -0.6958139231415088, "11,14": -0.35356653911192737, "11,15": -0.05954160691095822, "11,16": -0.38203963420489995, "11,17": -1.7630014148038953, "12,13": -1.6378432934152665, "12,14": 1.8262867865596313, "12,15": 0.38541219230174084, "12,16": -1.9668098500270008, "12,17": -1.7056442209292522, "13,14": -0.5732078967510126, "13,15": -0.16753789674821595, "13,16": -1.6600413606360607, "13,17": -1.3397288417876139, "14,15": -1.443195398652556, "14,16": -0.22781817917386604, "14,17": 0.7143920686076872, "15,16": 1.7417260714739462, "15,17": 0.8703367678137677, "16,17": -0.9986305591306128, "2,10": 0.30653745446108616, "2,11": -0.39042808584627586, "2,12": -1.0580207384929778, "2,13": 1.5217365062317523, "2,14": -1.2585873353849637, "2,15": 0.767786245149038, "2,16": 1.7924204949555036, "2,17": -1.5104349173952594, "2,3": -1.974633470725116, "2,4": -1.7159722934017343, "2,5": 1.5304949098313751, "2,6": 1.7756913866935045, "2,7": 0.7556416227577514, "2,8": 0.16253195997661418, "2,9": -0.7389802620760069, "3,10": -0.5816535767820574, "3,11": -0.8671362613410718, "3,12": 1.2054404022926635, "3,13": -0.9232204012678902, "3,14": 1.057529297831365, "3,15": -0.2358096058041994, "3,16": -0.02009981964864327, "3,17": 0.3490930655586806, "3,4": -0.9988414735474285, "3,5": -0.9474674595707748, "3,6": -1.7491867497180307, "3,7": -0.7177731681165644, "3,8": 1.5297288523926675, "3,9": -0.6687228392445759, "4,10": -0.22091637079293402, "4,11": -1.7209639744257785, "4,12": -0.9042134547788736, "4,13": 0.9090899941174069, "4,14": -0.023912234674911215, "4,15": 0.5807916448899841, "4,16": -0.7783195269784939, "4,17": -0.174289549791387, "4,5": 1.6393435214294234, "4,6": 0.5126981593650832, "4,7": 0.7588860925470713, "4,8": 0.9574240546353843, "4,9": 1.703128237270684, "5,10": -0.5391284080099967, "5,11": 0.5631143074589224, "5,12": -1.9305056451805673, "5,13": -0.09250748985297275, "5,14": 1.1902846272254486, "5,15": 1.9888213380934565, "5,16": 0.6050443801086582, "5,17": 0.21353051320890204, "5,6": -1.6217535723035756, "5,7": 0.9480457055052693, "5,8": 1.542502078082041, "5,9": -0.8413106688659582, "6,10": 1.332286844609917, "6,11": -1.931258929148214, "6,12": -1.1770935785003491, "6,13": 0.6735958847997137, "6,14": -0.2778109234413133, "6,15": -1.3912776488271557, "6,16": -1.376289032605578, "6,17": 1.3290854809292423, "6,7": -1.7498218932936696, "6,8": 0.38846910441696636, "6,9": 1.2946095160901097, "7,10": -1.3843737680066504, "7,11": 0.7780782534627324, "7,12": 1.1624849529781098, "7,13": -1.8783076297792984, "7,14": -0.5181790376950004, "7,15": 0.9782323974058471, "7,16": -0.5217035753675572, "7,17": 0.89031340417641, "7,8": 1.6851194673850625, "7,9": -1.7618674528600766, "8,10": -0.1724741378068857, "8,11": 0.430031312222634, "8,12": 0.7978584297338123, "8,13": -1.1791817929338464, "8,14": -0.316251450217123, "8,15": -1.6992644655130453, "8,16": 1.2242960296492407, "8,17": 0.8581887988523711, "8,9": -1.490076147659937, "9,10": -0.12375034691937614, "9,11": -0.5501122850173132, "9,12": -1.082540179348555, "9,13": -0.28864951197341027, "9,14": 0.7476114054447223, "9,15": 1.3158267362687757, "9,16": 1.8319484214180095, "9,17": 0.5477590329217996}, "bias": {"0": -0.6105359397790655, "1": -0.9500063699624417, "10": 0.8846590403376322, "11": -0.5223615797330463, "12": -0.44458179361633676, "13": 0.08764086361441747, "14": -0.7886292252938867, "15": -0.20585051684600608, "16": -0.24947101794188842, "17": 0.8467362423983376, "2": 0.36180735839875133, "3": 0.6253497535920334, "4": -0.38083339327571664, "5": -0.03727164791730675, "6": 0.5065886407292659, "7": -0.7640212568656648, "8": -0.21098901767015765, "9": 0.7269830532003279}}