{"Q": {"0,1": 1.8203703926967294, "0,2": 0.025044442272874612, "0,3": 1.8524234520616538, "0,4": 1.69367549231883, "0,5": -0.08473941538623198, "0,6": -0.4607551414577653, "0,7": 1.730965418011794, "1,2": -1.3136282106474986, "1,3": 1.7822280123143899, "1,4": 0.9226641925425967, "1,5": 0.28846415149415616, "1,6": 0.5641663152117324, "1,7": 1.3568633236706513, "2,3": -1.288151580453496, "2,4": 0.7282761972604153, "2,5": -0.8802410130641398, "2,6": 1.3397915450315772, "2,7": 0.30988110411787284, "3,4": 1.4361953527945581, "3,5": -1.461111096842762, "3,6": -0.38972118373385056, "3,7": -1.6274353791664264, "4,5": -1.2733130218357585, "4,6": -1.7984194895096541, "4,7": -0.27354428914557305, "5,6": 0.10352821872184448, "5,7": 1.4499587329844261, "6,7": -1.7610102240304055}, "bias": {"0": 0.05197644882090002, "1": 0.13215515377851084, "2": -0.8890102010526664, "3": -0.21113445336811543, "4": -0.04409341781102949, "5": 0.1731668459818192, "6": -0.9184876203624233, "7": -0.4148703158896312}}