{"Q": {"0,1": 1.2680787712064445, "0,2": -1.4715900715038388, "0,3": -0.4081526631048331, "0,4": 0.38125978438101304, "0,5": 1.0378714592850051, "0,6": 0.6766499390224459, "0,7": 1.6740782794041857, "0,8": 0.7839050054105718, "1,2": -0.7661369765002215, "1,3": -0.9796167157754989, "1,4": -1.2151729427113698, "1,5": -0.7061616200440284, "1,6": 1.083193012387801, "1,7": 0.382375024347128, "1,8": -0.3119058591212145, "2,3": -1.782844825187107, "2,4": 0.38387803903548123, "2,5": 1.2259106663978985, "2,6": 1.1051861002170504, "2,7": -1.733321462806448, "2,8": -1.6226081856553973, "3,4": -1.8851642483612792, "3,5": 1.6270203900486875, "3,6": -0.6124833402826972, "3,7": -0.7508002486248171, "3,8": 1.1059437023263659, "4,5": 1.1561118644569373, "4,6": -1.352584771080911, "4,7": 1.67171419528366, "4,8": 1.0483811320309542, "5,6": 1.0903580834968722, "5,7": -0.9215714932402608, "5,8": -1.1913903387673268, "6,7": 1.4030622316685344, "6,8": 0.7221158816261588, "7,8": -1.4361640990721996}, "bias": {"0": 0.8825486150413206, "1": 0.166019687090587, "2": 0.2801947615960916, "3": 0.3270174243051591, "4": -0.43258904917029284, "5": 0.549698415151654, "6": 0.7476445425489007, "7": 0.40429636696206583, "8": 0.7404052076729897}}