{"Q": {"0,1": -0.08158017657484251, "0,10": 1.771454932109727, "0,11": 1.8737766900769413, "0,12": -0.8318839391243298, "0,13": -0.15608605449101054, "0,14": -0.14081346733915678, "0,15": 1.6676371092372873, "0,16": 1.2104281418076885, "0,17": 1.7479627896301633, "0,2": -1.3484065360686626, "0,3": 1.0853074854587872, "0,4": 0.957865806203333, "0,5": 0.4425579706173033, "0,6": -1.2678840841035908, "0,7": 0.9503793983678959, "0,8": -1.820225776725208, "0,9": 1.5995358158556723, "1,10": -1.2217665414517094, "1,11": 1.7877149647685227, "1,12": 1.1142654902067748, "1,13": -1.8974370736508823, "1,14": -1.3549499740690956, "1,15": 1.61908705088669, "1,16": -1.6380506627412101, "1,17": 0.6116122793511574, "1,2": -1.2606743534564653, "1,3": 1.757327953510461, "1,4": -1.6889153681502966, "1,5": -0.6242085653911147, "1,6": 1.494800742502603, "1,7": 1.9233426985805346, "1,8": 0.7924682549039601, "1,9": -0.583905668848478, "10,11": 0.19872784603154425, "10,12": 1.4018715992895303, "10,13": 0.172257649057578, "10,14": -1.995718466274567, "10,15": -1.4074562840012308, "10,16": 1.9770312093567641, "10,17": 1.7668137513756754, "11,12": 1.9867608467941258, "11,13": 1.803042662028819, "11,14": -0.9651878374294864, "11,15": -0.7333026781004452, "11,16": -1.3234483816356533, "11,17": 1.9856368850627346, "12,13": -1.6343867436177324, "12,14": 0.5911653697817116, "12,15": -0.3528990133461525, "12,16": 0.41677419389480175, "12,17": -0.807886061890486, "13,14": -1.6266577707414274, "13,15": 0.36713853699361154, "13,16": -1.2807802560090322, "13,17": -0.19801843592941726, "14,15": -0.671908409939435, "14,16": -0.1658804364996782, "14,17": -1.4132360428421484, "15,16": 1.0493372819228206, "15,17": -1.1655071487230848, "16,17": 0.8399717728192906, "2,10": -0.025338433955662598, "2,11": -1.1913279363955591, "2,12": 1.5385346576054615, "2,13": 1.4500783813105866, "2,14": -1.9419762649949392, "2,15": 1.5901005106864807, "2,16": -0.9242492896982712, "2,17": -1.3200057984570934, "2,3": -1.509132962518526, "2,4": 1.796663744068089, "2,5": -0.054859059491982, "2,6": 1.3671669400730249, "2,7": 0.08217405392390154, "2,8": -1.7577078600851657, "2,9": -1.9671792572470492, "3,10": -0.4827491812094524, "3,11": 1.26807815933571, "3,12": 0.003687155669344744, "3,13": -0.40613880118570256, "3,14": 0.6264770382381597, "3,15": 1.6867554641882174, "3,16": -1.4910149290101362, "3,17": 1.3299506371738192, "3,4": 1.3555441589857167, "3,5": 1.8633512060368878, "3,6": -1.2165726093328946, "3,7": -1.2419125873255097, "3,8": -1.354400418418495, "3,9": -0.06933109556644279, "4,10": -1.759322170787069, "4,11": -0.7966436452179004, "4,12": 1.1224954851412745, "4,13": -0.934799836183414, "4,14": 0.590409075843497, "4,15": 1.8326483913498839, "4,16": -1.4605784582176082, "4,17": 0.31865183459596125, "4,5": -1.413747080547878, "4,6": -1.2637723490538764, "4,7": -0.3927483667099878, "4,8": 1.3694598282168555, "4,9": -1.736480064668942, "5,10": 0.16132852775695428, "5,11": 0.3660043598816065, "5,12": -0.505652326376365, "5,13": 0.08080629501453229, "5,14": 1.0057744265236388, "5,15": -0.1261644982888801, "5,16": -1.169753343019352, "5,17": 1.400792489160354, "5,6": 1.796954734124272, "5,7": 0.4614545815818629, "5,8": 1.400384826509856, "5,9": -0.4768673017362963, "6,10": -1.7458162448437924, "6,11": 1.7627753181732668, "6,12": 1.4263022635981732, "6,13": 1.5466170587248378, "6,14": 0.8531288337612581, "6,15": -0.42791229087147276, "6,16": -0.44538540783560787, "6,17": -0.2772291093014463, "6,7": 0.9206065385249911, "6,8": -0.7874064640196718, "6,9": -0.3760661292414511, "7,10": -1.9654948891008557, "7,11": -0.2779827708845217, "7,12": -1.3150711288313381, "7,13": 0.1709694364845813, "7,14": 0.688134984207724, "7,15": -0.9324069741244094, "7,16": 1.5447445092869962, "7,17": -1.3695657188244676, "7,8": -0.0686339504835285, "7,9": 0.09651763479608322, "8,10": 0.18680225091750957, "8,11": 0.17162166725292183, "8,12": -1.6966019911424568, "8,13": 1.1705606601795102, "8,14": 0.5286960501290636, "8,15": 1.5939826153405425, "8,16": 1.6514046113284184, "8,17": 1.9654438568345802, "8,9": -0.23393390519126855, "9,10": -1.5874295751544238, "9,11": -0.7515772959889384, "9,12": -0.6470950161476967, "9,13": 1.7080737670496031, "9,14": -1.5093972266724416, "9,15": -1.5883217008720791, "9,16": -1.910137626628071, "9,17": 1.9863974822962818}, "bias": {"0": -0.5508077499542885, "1": -0.2097527333274356, "10": -0.968569613905252, "11": 0.1786049215099288, "12": -0.061598074683553605, "13": -0.7338207876067822, "14": -0.4521805999949613, "15": 0.5546778286082108, "16": -0.7084707656281188, "17": 0.9494334513785918, "2": -0.8331723045405737, "3": 0.6421872193924916, "4": 0.42769063640938865, "5": 0.23521201500656352, "6": -0.8578658868819433, "7": 0.09036069233793165, "8": 0.9655710674962501, "9": -0.6907547584276594}}