{"Q": {"0,1": 1.9586314427968943, "0,10": -1.645734209067153, "0,11": 0.9118885277127236, "0,12": 0.10607461094952964, "0,13": 1.1245417413231253, "0,14": -0.1405256149369265, "0,15": -1.5531436636267708, "0,16": 0.4281917938787152, "0,17": -1.4778926679398996, "0,2": -1.0843206717511609, "0,3": -1.9562581697939931, "0,4": 1.3722689845978446, "0,5": -1.932725614113926, "0,6": -0.4843858028927275, "0,7": -1.4389826695038295, "0,8": -0.18755694607237583, "0,9": -0.633159702041902, "1,10": 1.9017578316984491, "1,11": 0.6980906813582277, "1,12": -0.6310445498216932, "1,13": -0.9573632562500416, "1,14": -1.5569447205619595, "1,15": 1.2700697515628794, "1,16": -0.354947868461819, "1,17": -0.862427611185252, "1,2": 1.5982244377596309, "1,3": 0.6575786926368852, "1,4": 0.12659332386728028, "1,5": -1.0923805575617456, "1,6": 0.6795988593096829, "1,7": 0.8288999659670551, "1,8": -1.0423995586527082, "1,9": 1.483054686943023, "10,11": 1.2750332800503377, "10,12": -0.6028032979872857, "10,13": -0.3570620830827709, "10,14": 1.9839707398184765, "10,15": 1.6998083672888042, "10,16": -0.26585426419251723, "10,17": -1.7684753958112758, "11,12": 1.1612242258718788, "11,13": 1.644631808767815, "11,14": -0.20113180922791862, "11,15": -1.6933418124567994, "11,16": -0.805431559495601, "11,17": -0.9154395298370814, "12,13": 0.7560894140498973, "12,14": 1.1564968072039106, "12,15": -1.5471878045071703, "12,16": -0.7527868847086943, "12,17": 1.5582294075041774, "13,14": 0.997489193720889, "13,15": -1.700314722241282, "13,16": -1.92379430034239, "13,17": 0.2963533913913614, "14,15": 0.5639830144084805, "14,16": -1.8342287772951131, "14,17": 0.5234870226620671, "15,16": 1.388523403118883, "15,17": -1.9865707336170728, "16,17": -1.6376467277867768, "2,10": 0.6587368362065127, "2,11": -0.9619805245319779, "2,12": -1.6844410445762907, "2,13": -0.5617052658871775, "2,14": -1.204625564589596, "2,15": 1.8381270012217614, "2,16": -0.8611930568766977, "2,17": -1.5039495929706277, "2,3": -0.9887699358283171, "2,4": 1.9465148083975343, "2,5": -0.19863404035595256, "2,6": 0.799614701643772, "2,7": -0.009005269249892756, "2,8": -1.1960901956007732, "2,9": 1.2430204843106036, "3,10": -0.4035749406905431, "3,11": 0.4613608653164185, "3,12": -1.705839282612371, "3,13": -0.8491759533885874, "3,14": 0.39337626974402173, "3,15": -0.7304630159629428, "3,16": -1.780307828178819, "3,17": 1.3815124454224672, "3,4": -0.43905945167498706, "3,5": -1.356414224719686, "3,6": -1.6865163245913184, "3,7": -0.8191744728649559, "3,8": -0.2706939087008706, "3,9": 0.9466933746014234, "4,10": -0.8048469394842437, "4,11": 0.9096156389960033, "4,12": 0.3893381482991254, "4,13": -0.18810888140897797, "4,14": 1.1184441435744197, "4,15": -0.6088857536878658, "4,16": -1.6211848254910652, "4,17": -0.7987270982647239, "4,5": 0.3854365086982434, "4,6": -1.1297383765090032, "4,7": -1.868773187450313, "4,8": 1.2759100179976137, "4,9": 1.147895179400734, "5,10": -0.28104370335347006, "5,11": 0.7427235729615007, "5,12": 0.847761173936679, "5,13": -0.23585250076656727, "5,14": 0.9224578655335813, "5,15": -1.1154321537799952, "5,16": 0.1507021588735693, "5,17": 0.3200031049559935, "5,6": -1.8626906752298829, "5,7": 1.241976491166752, "5,8": -0.9495225948518882, "5,9": 0.2333883685025886, "6,10": -1.819955770603105, "6,11": -1.6067225761543638, "6,12": 0.6316034076916335, "6,13": 0.23838713415072688, "6,14": 1.2895035024470052, "6,15": 1.4763032947083636, "6,16": 0.6256452445857161, "6,17": -0.422252294890344, "6,7": 1.7568402412476876, "6,8": 1.2144091994111998, "6,9": 0.8679541433922977, "7,10": 0.3183451214466131, "7,11": 0.6674353928474734, "7,12": 0.6482770472580972, "7,13": 1.5857574853147023, "7,14": -0.37115393515383843, "7,15": 1.8851187506121536, "7,16": -0.45465861223608606, "7,17": -1.0032540217357138, "7,8": 1.259997812571826, "7,9": -1.9116228284474834, "8,10": 0.3078713029951867, "8,11": 0.08926840845758699, "8,12": -1.0213006405382328, "8,13": 0.5813487281538574, "8,14": 1.000167271660827, "8,15": -1.6414639175285353, "8,16": 1.288853015932896, "8,17": 0.48263266520812165, "8,9": 0.4064905571735573, "9,10": -0.3010103124735437, "9,11": -0.14831537809122164, "9,12": 1.2546124554083797, "9,13": 0.6816137145263004, "9,14": -0.9452539862841332, "9,15": 1.4629716470963907, "9,16": 1.8603703349146619, "9,17": -1.6920906822975073}, "bias": {"0": 0.6158983430904714, "1": -0.2323455107074972, "10": -0.49526212638189615, "11": 0.7143105208470277, "12": -0.0801413203511172, "13": -0.550871772758444, "14": 0.533632396628686, "15": -0.6227129172163808, "16": 0.013749158963059172, "17": -0.40089647631838354, "2": -0.9704745958401284, "3": 0.48552090004829207, "4": 0.3729664423473036, "5": 0.7940231918445055, "6": -0.7110965326485048, "7": -0.6358506659573826, "8": 0.5119444133298128, "9": -0.4674991554592307}}