{"Q": {"0,1": 0.9922012568311835, "0,10": -0.5212690616477245, "0,11": 0.6524257493458943, "0,12": -1.0466409067188138, "0,13": 0.28806048422325503, "0,14": 1.2842620795221653, "0,15": 0.37586558916102586, "0,16": -0.46846777885726265, "0,17": -1.3748762010836915, "0,18": 0.1813908858040132, "0,19": 0.33707181869248704, "0,2": 1.0999498790749302, "0,3": -0.2076748491429803, "0,4": 0.6204559114356498, "0,5": -1.1560718880381162, "0,6": 1.0016233872682316, "0,7": 0.1542538923761052, "0,8": -0.19337009283989426, "0,9": -1.1521458064540462, "1,10": 0.02573003681043895, "1,11": 1.822871507953228, "1,12": 0.8472520328604123, "1,13": 1.1547950241030107, "1,14": 0.4630123626566496, "1,15": -1.1256298227327943, "1,16": 0.017852161433741465, "1,17": -1.1449985480327105, "1,18": -1.4260236245923354, "1,19": 0.9246376017834743, "1,2": 0.10787646306606513, "1,3": 0.060248888409223156, "1,4": -1.3652572539905856, "1,5": 0.9204710969069811, "1,6": -0.7958410525490494, "1,7": -0.930846694406783, "1,8": 0.10272014405284624, "1,9": 0.20363574380119243, "10,11": -0.3352560882467661, "10,12": -0.12224037539448407, "10,13": -0.41981382154668756, "10,14": 0.8325292068405736, "10,15": -1.118688101881558, "10,16": -1.9171509860861282, "10,17": -0.5850974521606931, "10,18": -1.9802987298278176, "10,19": -1.1709490038754415, "11,12": 0.9469150866618472, "11,13": -0.8198335271508217, "11,14": 1.6166480213734324, "11,15": -1.9517426634876975, "11,16": -0.880407550192488, "11,17": 0.11583954682083819, "11,18": 1.2736273624521162, "11,19": 1.5828268486709458, "12,13": -0.4430035987297676, "12,14": -1.7823096849180997, "12,15": -0.9244746379768012, "12,16": -1.7884451328063302, "12,17": -1.6758310375004664, "12,18": -1.523025715491487, "12,19": 0.2857605658093556, "13,14": 0.17391506305649607, "13,15": -0.9318625786531971, "13,16": 0.34730574256175917, "13,17": 1.5715784778007986, "13,18": -0.2030718339692461, "13,19": 1.7921062236598893, "14,15": -1.86204948279345, "14,16": 1.8216359562494384, "14,17": -0.72968326190558, "14,18": 0.5913063628057507, "14,19": -0.39328876706926463, "15,16": -0.16147504495363796, "15,17": -1.2877382071482022, "15,18": 0.07686301399097006, "15,19": -0.4410814968324335, "16,17": -0.05377360321018676, "16,18": 1.4044399924456874, "16,19": -0.9004349889018313, "17,18": -1.6278727590663116, "17,19": 1.068311374680206, "18,19": 0.3667899900495275, "2,10": -1.741691982190952, "2,11": -1.8332591601294914, "2,12": -0.7887764709839433, "2,13": 0.3430280272368451, "2,14": -0.11545732110209617, "2,15": 1.320216874045446, "2,16": -0.5134154861383537, "2,17": 1.2628292739243632, "2,18": 0.0683214626230706, "2,19": 1.9922281572112217, "2,3": 0.5504607427511519, "2,4": 0.3342740612366395, "2,5": 1.6635114837153933, "2,6": -1.7057756540931681, "2,7": -1.930311517309161, "2,8": 0.528494413464621, "2,9": -1.786246915146636, "3,10": -1.9166752306537371, "3,11": 1.4091834924550493, "3,12": -0.49281552178119625, "3,13": -1.0519770007959246, "3,14": -1.1384595323314612, "3,15": -0.7622006748886632, "3,16": -1.6497888653129458, "3,17": -0.45684751092866316, "3,18": -0.21368052668956405, "3,19": 0.30045526650131116, "3,4": -1.1669349704349923, "3,5": -0.5071420072626851, "3,6": 0.968684825169948, "3,7": 0.4937492614153527, "3,8": -0.7164969307893099, "3,9": -0.8334999202373203, "4,10": -1.3863021411951268, "4,11": -0.8631203250935493, "4,12": 1.9267327448959461, "4,13": -0.4112850805706971, "4,14": -0.620254978766392, "4,15": -1.1183235095443655, "4,16": -0.9444535969801358, "4,17": -0.8934465235550744, "4,18": -1.844630419104734, "4,19": -1.6288327255682926, "4,5": 0.8976125901354166, "4,6": 1.4817642557663575, "4,7": -0.6152357080683775, "4,8": 1.984123675818291, "4,9": 0.05838471123212452, "5,10": 1.928975374768, "5,11": 0.5243731727635796, "5,12": 0.2764437974886649, "5,13": 1.6025115509325834, "5,14": 0.09305489629138108, "5,15": -0.635662112120408, "5,16": 1.6055004246450078, "5,17": -0.7692236213739072, "5,18": 1.8037572056931275, "5,19": 1.6666698336970724, "5,6": 1.2434773301785937, "5,7": -1.4697101702698023, "5,8": -0.11250455206315113, "5,9": 0.0665540508753848, "6,10": -0.807791545054275, "6,11": -0.43644646278635335, "6,12": -0.8078255946064563, "6,13": 1.4052307481215895, "6,14": -0.6299131830983127, "6,15": 1.531705415524966, "6,16": 0.11617233284174322, "6,17": -1.287099480771817, "6,18": -1.328399170065497, "6,19": -0.9201131991814968, "6,7": -1.3970327248879943, "6,8": -0.06002182374634968, "6,9": 0.9394319846962382, "7,10": 0.4227798894160619, "7,11": -1.8797728731551602, "7,12": -1.3192945413374697, "7,13": -1.4743989763601557, "7,14": 0.043785943225249646, "7,15": -0.6381332985322228, "7,16": -0.3098315063958923, "7,17": -1.86999415396203, "7,18": -1.4873884548116925, "7,19": 1.7588331578553564, "7,8": -1.1905896371640705, "7,9": -0.5344293963783291, "8,10": 1.5480546313679495, "8,11": -0.5455905775765841, "8,12": -1.8118157628165368, "8,13": -0.8934396277397583, "8,14": 0.02072441885558085, "8,15": -0.6213219959901646, "8,16": 1.109795216033866, "8,17": -1.122379301150557, "8,18": 0.2295702102552979, "8,19": 0.703073152942316, "8,9": 0.4166873422067363, "9,10": -0.48523492190366735, "9,11": 0.44386293853136927, "9,12": 1.8754787336960814, "9,13": -1.0622345815307779, "9,14": 0.5000879711481256, "9,15": 1.9034508405351134, "9,16": -1.0305850056569366, "9,17": -1.2112910652102697, "9,18": 0.4684578889832096, "9,19": 1.3077446203271106}, "bias": {"0": -0.9528592693196807, "1": -0.586170742701563, "10": 0.4323994745268549, "11": 0.9386714132644782, "12": 0.5402323917834699, "13": -0.8321922261547683, "14": 0.34435527319891346, "15": -0.6323876573626217, "16": 0.3037948203801355, "17": -0.4690186024542613, "18": -0.5335243879527882, "19": 0.6280630712097199, "2": -0.677221669756368, "3": -0.2575178446982982, "4": 0.2791188032735219, "5": -0.4324239192977315, "6": -0.5801068079275609, "7": -0.9005375913663507, "8": 0.5321422616573002, "9": -0.6208898447420299}}