{"Q": {"0,1": 1.0279842546181244, "0,10": 0.33134898275900504, "0,11": 0.08482856800386251, "0,12": 0.14515312022513038, "0,13": 0.8009931435033595, "0,14": -1.7583023761929977, "0,15": 0.620669328848126, "0,16": -0.2776742774323302, "0,2": -0.5389470934893517, "0,3": -0.15955468916507165, "0,4": 0.14541405925127027, "0,5": -1.0725132577576222, "0,6": -1.2951918519837107, "0,7": 0.606214111742339, "0,8": 1.8615168731591356, "0,9": 1.4120055262676092, "1,10": -0.6830460813657129, "1,11": -0.07596909187137202, "1,12": 0.37749035574042367, "1,13": -0.19414594151072295, "1,14": 0.3262166334503229, "1,15": 0.1195116091479087, "1,16": -1.6952472562165077, "1,2": -1.9516814189727638, "1,3": 0.604512510735328, "1,4": 1.9604686008096381, "1,5": 0.4931666680578406, "1,6": -1.6921346134850066, "1,7": -1.8645928439963302, "1,8": 1.6370311769873926, "1,9": -0.09525903812720005, "10,11": 1.8289074433359618, "10,12": -1.6599885400956138, "10,13": -0.7475689324636634, "10,14": -1.3260628847845797, "10,15": 0.25316290546215514, "10,16": -0.9560027006654148, "11,12": 0.4525040373895952, "11,13": -1.3341049518727974, "11,14": 0.7232313244327631, "11,15": -0.7860830950707292, "11,16": 0.3374390913134331, "12,13": -0.047621202176932, "12,14": -1.572739806288948, "12,15": 0.7209008705687192, "12,16": 1.3367119204024909, "13,14": 1.4027906406530048, "13,15": -0.17762336422487435, "13,16": -1.4498468695172395, "14,15": -0.7255252046229423, "14,16": -1.605264002722563, "15,16": 1.4141198453881714, "2,10": -1.7411711617692758, "2,11": -1.4239126644325215, "2,12": -1.797595640231744, "2,13": 1.0216321726059343, "2,14": -1.449062381591697, "2,15": -0.8988571205119431, "2,16": 1.6606550607335882, "2,3": -0.8614266556426031, "2,4": -0.03748115948887687, "2,5": -0.8412452814775899, "2,6": 1.774489837301878, "2,7": 0.4387622780143823, "2,8": -1.357918618447135, "2,9": 0.9002452629699733, "3,10": -0.1414970222724583, "3,11": 1.6383244278113218, "3,12": 0.35560270125235016, "3,13": -1.3992540042689514, "3,14": 1.1028802048389705, "3,15": 0.4749231213446188, "3,16": -0.44629675068513075, "3,4": -1.0608191958482158, "3,5": -1.7667220889531396, "3,6": -0.5227362523069328, "3,7": 0.9982265861718145, "3,8": -1.1690709035713098, "3,9": 0.06960800172407433, "4,10": -1.726349393961733, "4,11": -0.245158654260889, "4,12": -1.9032625493088853, "4,13": -0.4164126549198164, "4,14": 0.6452071862542361, "4,15": -0.9267415878077983, "4,16": 1.4335224212531967, "4,5": -1.9203150404812641, "4,6": 1.7905194925443086, "4,7": -1.558560946276169, "4,8": 1.9060248109042974, "4,9": 0.5707717521834459, "5,10": 1.612230361391239, "5,11": 0.813729474812225, "5,12": 1.9642081289116975, "5,13": -1.7920540340344133, "5,14": 1.4238964511877406, "5,15": 1.3068038589470428, "5,16": -0.823257989668976, "5,6": -0.1505388980407778, "5,7": -1.8123108486292372, "5,8": -1.7336954655791348, "5,9": 0.5218733529749326, "6,10": -0.45225873761898816, "6,11": -1.5268995068127054, "6,12": -0.3102150310439118, "6,13": 1.8706101832063107, "6,14": 1.0844941811790187, "6,15": -1.0209237893206233, "6,16": -1.5360454663824537, "6,7": -0.5479989513495322, "6,8": 1.753241261419523, "6,9": 0.3201460517401542, "7,10": -0.3400562810046619, "7,11": -1.621649153691422, "7,12": -1.5313700156792245, "7,13": -0.27036545040409354, "7,14": -1.6964655050295145, "7,15": 0.3477848034582238, "7,16": -0.5506116240580576, "7,8": 0.06459691631356845, "7,9": -1.5571044626522985, "8,10": 1.1355386568094206, "8,11": -1.1742859507138945, "8,12": -0.7555920149044679, "8,13": -0.8687152284830546, "8,14": -1.2848502926721452, "8,15": -1.856269891292667, "8,16": 0.9680616979288876, "8,9": -0.09059293244376221, "9,10": -0.16973166246965432, "9,11": 1.4299575876412947, "9,12": -1.416191447456904, "9,13": 1.9234980761155689, "9,14": 0.4536118504113871, "9,15": 0.42680122319457015, "9,16": 1.9153906588574703}, "bias": {"0": -0.6743871078292802, "1": -0.7029985461054857, "10": 0.2790289437313984, "11": 0.03168482236190773, "12": -0.09281345505665284, "13": -0.8450647116711358, "14": -0.16611623883793136, "15": -0.3245693227035582, "16": 0.4328098821134141, "2": -0.40551146558720963, "3": -0.1331964680391069, "4": -0.8999053739219254, "5": -0.10572965164942305, "6": -0.2995040406104805, "7": -0.15964429196397623, "8": 0.7695901333538393, "9": 0.9477710776097292}}