{"Q": {"0,1": 0.25569881886183987, "0,10": 0.8463057013615316, "0,11": 1.5355763783034577, "0,2": -1.68850298621186, "0,3": -1.4822578545395064, "0,4": 1.1359262885700727, "0,5": 0.5425984997122297, "0,6": 0.6878679177008382, "0,7": -1.0623616591956129, "0,8": 1.9705781439227326, "0,9": 1.0548088441873014, "1,10": -1.14825718980009, "1,11": -1.3454511021358049, "1,2": 1.6186350785332673, "1,3": 0.851349395025149, "1,4": 0.12982624592185932, "1,5": 1.477217168558096, "1,6": 0.5994247588683046, "1,7": 0.917469043110481, "1,8": 0.7152700032061552, "1,9": -1.8533135719044957, "10,11": 1.526164424619263, "2,10": -0.42975643468978975, "2,11": -1.0080278845372534, "2,3": -0.6306456073559383, "2,4": -0.7392592208394535, "2,5": -0.5913517311449326, "2,6": 1.5253772361658768, "2,7": 1.8117731410826017, "2,8": -0.11556404725473568, "2,9": -0.4782564742631892, "3,10": 0.26152443588201546, "3,11": -1.4891603542346568, "3,4": 1.7046965870735211, "3,5": 0.7248421438566282, "3,6": -0.6684820170692531, "3,7": -0.5653617354186986, "3,8": -0.9798467149186312, "3,9": -0.4637272844049627, "4,10": -0.47748323820916916, "4,11": -1.244019300783867, "4,5": -1.138221306728287, "4,6": 1.1140951522781193, "4,7": -1.6739608695573298, "4,8": 1.941104184138588, "4,9": -1.1899761594564824, "5,10": -1.9139399646214539, "5,11": 1.9132941918341633, "5,6": -0.08985998326504463, "5,7": 0.15839009314709607, "5,8": -1.880586814779865, "5,9": -1.5634579781106015, "6,10": -0.9011198713946649, "6,11": -0.36812061879198765, "6,7": 0.9023906714033059, "6,8": 0.4735005545731399, "6,9": -1.4010318376513986, "7,10": -1.5392949289993725, "7,11": -0.36169784244878267, "7,8": 0.35790438716351236, "7,9": -0.004286344686260879, "8,10": -1.000252710252255, "8,11": -0.38588292490324294, "8,9": -1.375912417013717, "9,10": 0.05822298610627197, "9,11": -0.4497085792827482}, "bias": {"0": -0.19627500268126474, "1": -0.060475619062204444, "10": 0.02854608390307445, "11": -0.4335269098015029, "2": 0.9386245114565046, "3": 0.8977469111422014, "4": 0.009276314673939634, "5": -0.11681887155960746, "6": -0.06649163230997668, "7": 0.42345600703094477, "8": 0.1320398551450077, "9": -0.49950416226326855}}