{"Q": {"0,1": -1.809438988230378, "0,10": -1.882364166692215, "0,11": 0.48139026418079034, "0,12": 1.3890515933738046, "0,13": -1.383502574004288, "0,2": -1.14695315499223, "0,3": -0.703803720766992, "0,4": 0.5428395023612929, "0,5": 1.86872395959718, "0,6": -0.8246507531860474, "0,7": 1.7398699162067928, "0,8": -0.19106174904731343, "0,9": 0.3396662729460336, "1,10": -0.13225639765949193, "1,11": 1.054034892923854, "1,12": 1.6262024863247686, "1,13": 0.6531646839245671, "1,2": -0.7398238266228234, "1,3": -0.3139728728542597, "1,4": 1.0615129769597562, "1,5": -1.6598919501867195, "1,6": 0.3857229131710431, "1,7": 1.4947347909082702, "1,8": -0.632168206048247, "1,9": 0.8976011111007622, "10,11": 1.5910650495736443, "10,12": -0.011990657858330867, "10,13": -1.7044167120399045, "11,12": 1.383558112646373, "11,13": -1.068164055002593, "12,13": -0.3867384336309829, "2,10": 0.33054264786483945, "2,11": 0.8244404512034684, "2,12": 1.890166272106947, "2,13": 1.034053091831593, "2,3": -1.2611986099992705, "2,4": 1.721195093234844, "2,5": -1.1239862032801313, "2,6": -1.5108733191886694, "2,7": -0.5468458305232313, "2,8": -1.9169101953072762, "2,9": -1.0853793186778384, "3,10": 1.7110105209042907, "3,11": 1.4929866554717721, "3,12": 1.6635773799583684, "3,13": -0.424909774969088, "3,4": -1.9933902453847416, "3,5": -1.2053817250710401, "3,6": 0.43411242223363633, "3,7": -1.2608392621932305, "3,8": -0.9764595542771115, "3,9": -1.9013210034434675, "4,10": -1.7805237008061012, "4,11": 1.1892990511549018, "4,12": -0.29399615204198604, "4,13": 0.28140713353038116, "4,5": 0.2506434457733815, "4,6": -0.3361623557029305, "4,7": -0.8803383777026976, "4,8": -0.03807196441306582, "4,9": 1.3163536384862482, "5,10": 0.5289474517394401, "5,11": -1.7907846309288784, "5,12": 1.1503838478791737, "5,13": 0.12692120068559687, "5,6": 0.6080454142307277, "5,7": 0.336996271931131, "5,8": 1.3524667775646657, "5,9": 1.3012722363444622, "6,10": 0.25658730425148946, "6,11": -0.3413863183710659, "6,12": 0.9306828866170251, "6,13": 0.5910695010612863, "6,7": -0.6593380438359264, "6,8": -1.461857967553637, "6,9": 1.643469771082923, "7,10": -1.1685861906045418, "7,11": 1.599018614778768, "7,12": 0.6436127180819566, "7,13": 0.4781510900263197, "7,8": 1.3334687628824105, "7,9": -0.14225167197610222, "8,10": -1.0907793731011979, "8,11": -1.5555437172596696, "8,12": 0.21193656339655664, "8,13": 1.9557920889188551, "8,9": -1.1250945461513235, "9,10": 0.07054023849091351, "9,11": -0.1700903498248505, "9,12": 0.6044432045624126, "9,13": -1.7366233541940592}, "bias": {"0": 0.377660144858019, "1": 0.43528134250049977, "10": -0.30524894614621334, "11": -0.2748637227542772, "12": -0.627024875444661, "13": 0.9456910613277245, "2": -0.5463281300066387, "3": -0.02033041802640856, "4": 0.611437077723697, "5": 0.23934748298410757, "6": 0.3005645174718885, "7": -0.2593543981889057, "8": -0.1342175058786661, "9": -0.0717985967701884}}