{"Q": {"0,1": -0.5568715376352222, "0,10": -0.221612211788063, "0,2": 0.037929041417316345, "0,3": -0.3875321706893753, "0,4": -0.08342239997256273, "0,5": -0.799273044942288, "0,6": -0.7437514783429302, "0,7": -0.32833110721286296, "0,8": -0.7711364232825879, "0,9": -1.977711067602375, "1,10": 1.9267591894941516, "1,2": 0.15368446737572716, "1,3": -0.9441557701236905, "1,4": -0.5124814260592454, "1,5": 0.9171013247947504, "1,6": -0.2857540653214521, "1,7": 1.377153593556237, "1,8": 0.7847133573774512, "1,9": 1.981355893003546, "2,10": 0.812166693718329, "2,3": 1.9352069337448765, "2,4": 1.0003863037312164, "2,5": 1.7154985882634333, "2,6": -0.8947646010721564, "2,7": -1.2269108950144556, "2,8": 0.6315568077601021, "2,9": 0.11753728323873025, "3,10": 1.4658357251812055, "3,4": -1.1469765290885028, "3,5": -1.0059918226119593, "3,6": -0.8185372425188433, "3,7": 1.4815816616363784, "3,8": 1.3101037655829337, "3,9": 1.96543112189382, "4,10": -0.9284585134113752, "4,5": 1.9798796296282677, "4,6": 0.6190897778522801, "4,7": -0.884206971753907, "4,8": 0.6879126998118763, "4,9": 0.6414938860363484, "5,10": -0.034748630673030245, "5,6": -1.796478999950696, "5,7": -1.1587764107988856, "5,8": -1.3316932460344129, "5,9": 1.6838351534555773, "6,10": -0.6868970233201508, "6,7": 1.3176639341399197, "6,8": -1.9128152230048059, "6,9": 1.9504828602745943, "7,10": -0.34516566337197796, "7,8": 1.7888237542747412, "7,9": -1.962589512232388, "8,10": 1.2984606260658702, "8,9": 1.1881558275171091, "9,10": 0.18196667955533785}, "bias": {"0": -0.5067474957443587, "1": 0.9863129365442687, "10": 0.011152659581134206, "2": 0.7550733507371743, "3": -0.879894679520858, "4": -0.3184317304688935, "5": -0.3406694592220838, "6": 0.6383184314750798, "7": -0.06148179844517343, "8": -0.04453027846300439, "9": -0.607220795044962}}