{"Q": {"0,1": -0.8513191380721574, "0,10": 1.3848338553892083, "0,11": 1.8780520416566513, "0,12": -1.4208196358250471, "0,13": 1.148315756485045, "0,14": -0.5227403343410484, "0,15": 0.61922406078319, "0,16": -1.1745304062674182, "0,2": 0.46441066890508775, "0,3": -1.6072063548312632, "0,4": 0.9798360012522789, "0,5": 0.20869911305168776, "0,6": 0.240329019905539, "0,7": 1.9473891400328482, "0,8": -0.47516751609047425, "0,9": -1.3055063908234597, "1,10": -0.001495348583888667, "1,11": 1.6011593587544732, "1,12": 1.0493429947259814, "1,13": -0.12491868860179967, "1,14": 1.2714477632373296, "1,15": 1.9213805030608206, "1,16": -0.400732328537595, "1,2": 0.1486415432457724, "1,3": -0.8818086065589319, "1,4": -0.6336535083572734, "1,5": -0.5482498853939872, "1,6": -1.4756799892884986, "1,7": 0.9908751582820305, "1,8": 1.9312527215384274, "1,9": 1.3404062372451797, "10,11": -0.8401791116856376, "10,12": 0.822180727641233, "10,13": 1.7496758323053863, "10,14": -0.8575672735812314, "10,15": 0.6735453393967541, "10,16": -0.903806017589825, "11,12": 1.6003612676333798, "11,13": -1.4412991307450338, "11,14": -1.966098547699802, "11,15": -0.7438141324516883, "11,16": -1.6248785744286156, "12,13": -0.7206608169929343, "12,14": 1.8198029860874283, "12,15": 0.7581040902173903, "12,16": 0.24266724492205283, "13,14": 0.8784520252326833, "13,15": -0.5589625064039798, "13,16": 1.7076116166370103, "14,15": -0.6831549689894065, "14,16": -1.3847462720186265, "15,16": 1.3199097871163077, "2,10": 1.2466588854854788, "2,11": -0.18821826408080788, "2,12": -0.38941691198810613, "2,13": -0.17542866582317584, "2,14": -1.572176048340955, "2,15": -0.8736548940709254, "2,16": 1.8346720048199154, "2,3": -1.2446156618738495, "2,4": 0.7419238770459509, "2,5": -0.5987489479653791, "2,6": 0.44291644093388527, "2,7": 0.8006170855126742, "2,8": 1.1584320183126748, "2,9": -1.6481567155865715, "3,10": -1.8971513813552048, "3,11": 1.201423654021823, "3,12": 0.10724337012475349, "3,13": 1.0242520764530516, "3,14": 0.06909435113613105, "3,15": -0.7004820827516367, "3,16": -1.116136652717692, "3,4": 0.058598112444239625, "3,5": -1.1717976240589043, "3,6": 0.7253506310027635, "3,7": -1.2030351330902715, "3,8": -1.507186837773725, "3,9": 1.1196564039175194, "4,10": 0.011860849093981773, "4,11": 1.390719960249196, "4,12": 0.6564101523026462, "4,13": -1.6250266600156582, "4,14": -0.9933684993495828, "4,15": -1.4839283543231354, "4,16": -1.7205305746455708, "4,5": 1.7573054109856256, "4,6": -0.23565906666855962, "4,7": 0.8101403696442642, "4,8": 1.9869774989889866, "4,9": -0.6105270102126621, "5,10": 0.6610956978824265, "5,11": -1.9173655958091058, "5,12": -0.08516946556633131, "5,13": 0.02297504580153742, "5,14": -1.4369535106719722, "5,15": -1.7335847638501907, "5,16": 0.6889466740164507, "5,6": 0.5679070806061133, "5,7": 0.927959426872953, "5,8": 0.9486103063593214, "5,9": 1.2211650954385234, "6,10": 0.11510475056950309, "6,11": 0.9011658493697405, "6,12": 0.13874564797898792, "6,13": 0.6946491328126623, "6,14": -1.8370844713972967, "6,15": 0.3121099722835865, "6,16": -1.843752571280734, "6,7": 0.4033646244393383, "6,8": -1.8828611861895101, "6,9": 0.17700384624511578, "7,10": 1.2412932870835656, "7,11": -1.311734270020425, "7,12": 0.33154003747098804, "7,13": -0.5470675679139791, "7,14": -0.10544248808561818, "7,15": -1.1022620715550762, "7,16": -1.6124819904911467, "7,8": 1.550265938641076, "7,9": 0.989522743058004, "8,10": -0.17115180666724772, "8,11": 0.10101596344369179, "8,12": -1.5388275131476434, "8,13": 1.3235099526303968, "8,14": 1.4623311428895929, "8,15": 1.8231428674262808, "8,16": -0.25530182126281176, "8,9": 1.747268911314392, "9,10": -0.8810200226394058, "9,11": 0.7567525984230472, "9,12": 1.8965882006637154, "9,13": 0.5601032634427932, "9,14": -1.7961566574449352, "9,15": 1.704221618489285, "9,16": -1.9322678368287707}, "bias": {"0": 0.14520904513193145, "1": -0.5483760393205874, "10": 0.7377853092934461, "11": -0.8123131667182204, "12": -0.26918985761378167, "13": 0.10460737224644312, "14": 0.38027509238404344, "15": 0.24266347098672925, "16": -0.4334550220597537, "2": -0.003082195319553893, "3": 0.22874636991253094, "4": 0.2938738922623718, "5": 0.8601026506938634, "6": 0.328336931953483, "7": -0.9016426492560601, "8": 0.6549468708075632, "9": -0.4385624614646215}}