{"Q": {"0,1": 0.10232449337799565, "0,10": 0.41115306969743237, "0,2": 0.8545373039837698, "0,3": -1.1782110098237912, "0,4": 0.020419068413012553, "0,5": 1.666240324368967, "0,6": -1.5727194314002482, "0,7": -1.6347780854165799, "0,8": 1.8635462719524085, "0,9": 0.051880719275335885, "1,10": -0.1143244077085459, "1,2": -1.505333689854885, "1,3": 0.9000043499257186, "1,4": -0.3085821411001137, "1,5": 1.316261672992884, "1,6": 1.384533760876851, "1,7": 1.1968544794427247, "1,8": 0.7363367022363678, "1,9": 1.5177882954767878, "2,10": 0.18426809636417696, "2,3": -1.8202400332922357, "2,4": 1.431463077178314, "2,5": 0.24484603364333113, "2,6": -1.475461096672742, "2,7": -0.2954611857533447, "2,8": -0.20470422986422276, "2,9": -0.45318406813891166, "3,10": 1.9537004103571185, "3,4": -1.172700905225855, "3,5": -1.8942983691487987, "3,6": 1.3322963185058416, "3,7": -0.4258005992743872, "3,8": 1.7104051320787912, "3,9": -0.6786359505054951, "4,10": -0.3365112312337266, "4,5": 0.052152182496258526, "4,6": 1.619779433295092, "4,7": -1.403878174638142, "4,8": -1.7882598279971904, "4,9": -0.2609122418003076, "5,10": -1.7638706095745653, "5,6": 0.39120185451593903, "5,7": 1.5145763324245682, "5,8": 1.0496365011816127, "5,9": 0.6630460969671645, "6,10": 1.5890868665565216, "6,7": -0.1746645930238344, "6,8": -1.985870529805268, "6,9": -0.14046724359810936, "7,10": -0.8739261315170657, "7,8": 1.548314804124832, "7,9": 1.4750147182470004, "8,10": -0.8868842682941436, "8,9": -0.9701579960144513, "9,10": 0.3962672727732288}, "bias": {"0": -0.10987251983685042, "1": -0.22995215930370416, "10": -0.2884265299218356, "2": 0.029036935621107318, "3": 0.6923604137841586, "4": 0.5557630694154652, "5": 0.11433544186568168, "6": -0.7500819174498627, "7": 0.6826617133148343, "8": 0.5957397747913173, "9": 0.156356773628185}}