{"Q": {"0,1": -0.6779291753595253, "0,2": -1.660349449818069, "0,3": 1.0952847080116448, "0,4": 1.1117821741300355, "0,5": -0.10302853147263225, "0,6": -0.02667749051789059, "0,7": 0.9104590086627362, "1,2": 0.953076437119968, "1,3": 1.3126706278941231, "1,4": 0.24842979040604574, "1,5": 1.6539914286350252, "1,6": -0.26422588267898606, "1,7": -0.6090635218151657, "2,3": 0.5760944232708614, "2,4": 0.3318352635511683, "2,5": 1.9726467663394347, "2,6": 1.8932354645831242, "2,7": -0.9595678852877514, "3,4": -1.3657001200220011, "3,5": 0.31320825133961483, "3,6": -0.3113736159299485, "3,7": -0.6301394242147644, "4,5": 0.5375074159647077, "4,6": 1.4554291778890547, "4,7": -1.4026965139077858, "5,6": 0.05370783698238668, "5,7": 0.629156198991879, "6,7": -0.23988066253118223}, "bias": {"0": -0.30871442854532205, "1": -0.5235116797570476, "2": 0.9361767000759171, "3": 0.9266139947843797, "4": -0.6306760380779663, "5": 0.5035329507792736, "6": -0.837987576563554, "7": 0.30518944681295657}}