{"Q": {"0,1": -0.7778163083605776, "0,10": 0.00967400585513456, "0,2": 0.5613621421419386, "0,3": -1.5394442882526476, "0,4": 1.0554345775069818, "0,5": 0.06961191986202975, "0,6": -0.12418014024328983, "0,7": -0.03537024048694004, "0,8": -1.4805342413384812, "0,9": -1.6490169111749613, "1,10": 1.1330457011317314, "1,2": 0.9551721084637217, "1,3": -0.9114310783650632, "1,4": 0.14349178749607283, "1,5": 0.0764666682066828, "1,6": 0.8771776427028715, "1,7": -0.17414327830036802, "1,8": -0.15057917028636414, "1,9": 0.4433101064313587, "2,10": 1.3293781066728818, "2,3": 0.10062615975508171, "2,4": -1.2108441966103083, "2,5": 1.4860219992318622, "2,6": 0.7044968727050724, "2,7": 0.8006732646138306, "2,8": 0.06605917760493707, "2,9": -0.8892245806469217, "3,10": -0.33471668333746374, "3,4": 1.1731435641441377, "3,5": 1.9105336645615707, "3,6": 0.4629302578510477, "3,7": -1.7608269268042598, "3,8": 0.7988114306540774, "3,9": -0.7216663490291797, "4,10": -0.9166273377119283, "4,5": 0.6784134112352889, "4,6": 0.28295939510498247, "4,7": -0.6246466167297817, "4,8": 0.38513663640236206, "4,9": -1.7503648961558627, "5,10": 1.0421414743284743, "5,6": -1.4623177171991077, "5,7": -1.6686861397590378, "5,8": 0.700001603818825, "5,9": 1.8270587756389394, "6,10": 1.6717745946596727, "6,7": -1.8762881865613004, "6,8": -1.436813284381667, "6,9": -0.7680831349569237, "7,10": 1.0687926559624703, "7,8": -0.05218254288403257, "7,9": -0.6438371078543788, "8,10": 1.2342751326828365, "8,9": -0.5111108254231764, "9,10": 0.5860709141707448}, "bias": {"0": 0.20763238680971274, "1": -0.7346948563657689, "10": 0.6491471676844336, "2": -0.9481925734994139, "3": -0.47216933081429624, "4": 0.6770844807207441, "5": -0.7507248578550159, "6": -0.9726080144615941, "7": -0.15518610674960898, "8": -0.8657060574881152, "9": 0.9506651982903074}}