{"Q": {"0,1": 0.11690444683522516, "0,2": 1.8621977041285005, "0,3": 1.019294399069945, "0,4": 0.12794887385547327, "0,5": -1.8974964056099313, "0,6": 1.0137084084262429, "0,7": 0.3162072312929838, "0,8": -1.7632012547868965, "1,2": -0.22576626460659988, "1,3": 1.5696664222826304, "1,4": 0.7812278046050887, "1,5": 0.4661715907183219, "1,6": -0.46250157208476095, "1,7": 0.7458493369994907, "1,8": -0.44394415187914804, "2,3": -0.8248951277168834, "2,4": 1.0930637624706656, "2,5": 0.31085651049193963, "2,6": 0.7610551536063879, "2,7": -1.0350993176238905, "2,8": -1.2574716148073368, "3,4": 1.3449753337081036, "3,5": -1.0862657419057045, "3,6": -0.33711026357913276, "3,7": -1.7401681613098154, "3,8": -0.951840186341983, "4,5": 0.3659876035499856, "4,6": -0.382531046611843, "4,7": -0.2524394179063343, "4,8": -1.92661790453114, "5,6": -0.6573874010849741, "5,7": -0.4151390713591723, "5,8": 1.1536039678822054, "6,7": -0.5218420669946284, "6,8": -1.0596041888620369, "7,8": -0.13155209836765724}, "bias": {"0": -0.8773383415134859, "1": -0.5529194783466314, "2": -0.7084288693452285, "3": 0.48711799729911176, "4": 0.02543349651865312, "5": 0.8445493487735931, "6": 0.152478664986877, "7": 0.28515624984281795, "8": 0.49871680001486873}}