{"Q": {"0,1": -1.2014825575279588, "0,10": -0.6920009776986946, "0,11": 0.9104527409035725, "0,2": -1.4014029756192956, "0,3": -0.9172951668913307, "0,4": -1.8513848987697137, "0,5": 0.38820277240194034, "0,6": -1.2438826072772038, "0,7": -0.09002574273430808, "0,8": -1.6307474713006762, "0,9": -0.001832996526876407, "1,10": 0.77531582522934, "1,11": 1.22426800015955, "1,2": -1.251968280981841, "1,3": -1.3637452014167164, "1,4": 0.5977039488267173, "1,5": -1.008568933679837, "1,6": -1.7333589546355888, "1,7": -1.4601742608860482, "1,8": -1.7977838273917595, "1,9": -1.9995746854047147, "10,11": 1.6122867766975295, "2,10": -0.19171157099259606, "2,11": 1.3475426542235258, "2,3": -1.136349630552596, "2,4": 1.587828096066279, "2,5": -1.8123846625178892, "2,6": 1.5054974314315346, "2,7": -0.2948654982385901, "2,8": 0.4342115408169831, "2,9": -0.8754625416042674, "3,10": -1.6946680991946579, "3,11": -0.7876116920789826, "3,4": 0.16743816405760548, "3,5": 0.5839977643697374, "3,6": 0.3690668640257009, "3,7": 0.4137310697778078, "3,8": -1.9219275079164921, "3,9": -1.751045848626521, "4,10": 0.9304695455226835, "4,11": 0.9574459995717075, "4,5": -1.8580748287178719, "4,6": 1.927153761208035, "4,7": -0.0346416290073579, "4,8": 0.7819994550922398, "4,9": -1.2066272000097782, "5,10": 1.5000048204775824, "5,11": 0.12557169325966377, "5,6": -1.2973558297105434, "5,7": 1.2089367936166107, "5,8": 0.8798466570921741, "5,9": -0.32741454223146915, "6,10": -0.04071485044125556, "6,11": 1.8274261662653641, "6,7": -1.4521205537807664, "6,8": -0.8430677514299227, "6,9": -1.2891740682995994, "7,10": 0.9506377943854125, "7,11": 0.5921838236036776, "7,8": -0.5123740906535788, "7,9": -1.3561082806139018, "8,10": -1.839755743764063, "8,11": 1.3559240926017613, "8,9": 0.06657164779454394, "9,10": 1.1966030783253134, "9,11": -0.7909119836838019}, "bias": {"0": -0.19956790503224986, "1": 0.8867082592476285, "10": 0.1756505423118735, "11": 0.7645928390133203, "2": 0.7279575126011624, "3": 0.7498284693193396, "4": 0.41004925133982995, "5": 0.6957181890292992, "6": 0.8537131122951684, "7": -0.07665456164631257, "8": -0.30549138766815065, "9": -0.28738192768131965}}