{"Q": {"0,1": 1.3291752204418175, "0,10": 0.44138817159287447, "0,11": 1.7329336959543413, "0,12": -1.8429862942382966, "0,13": 1.8984868098807932, "0,14": 1.0760123771292291, "0,15": 1.6274014664490415, "0,16": 1.9073059249984028, "0,17": 1.8918777942801954, "0,18": 1.567148501150741, "0,2": 0.07955023286620344, "0,3": -0.33568248317630367, "0,4": -1.8301512149123913, "0,5": 1.5812999443638778, "0,6": 1.2234154949391258, "0,7": 1.7473600807315943, "0,8": -0.10550403654509832, "0,9": 0.5075791404184815, "1,10": -1.7656545771016234, "1,11": -1.151862342015665, "1,12": 0.4617462211778376, "1,13": 1.227733204477906, "1,14": 1.1039819718677584, "1,15": 1.353955197457989, "1,16": -0.45323191368671534, "1,17": -1.8590022018622538, "1,18": -0.851624552730085, "1,2": -0.3313064227723017, "1,3": -0.46023244837642086, "1,4": -1.1147715613409672, "1,5": 0.34923500324911405, "1,6": -0.1705999475787836, "1,7": -0.07981312637380089, "1,8": -1.332783929135224, "1,9": 1.1777192822047486, "10,11": -0.016053965337119003, "10,12": -0.9888282096792933, "10,13": -0.9937339792313815, "10,14": 1.3156985454279857, "10,15": -0.264547749923989, "10,16": -1.6049525986362898, "10,17": -1.4300959927396435, "10,18": -1.5763727359385151, "11,12": 0.15454778131859248, "11,13": 1.1495560433288392, "11,14": 0.8421935697765472, "11,15": -1.228220480312196, "11,16": -0.07919263360813966, "11,17": -0.3533362052722353, "11,18": 1.474572208633242, "12,13": 1.0261194699516816, "12,14": -0.7334011303224504, "12,15": -1.7328610579858923, "12,16": 0.1807630293132969, "12,17": -1.8540086118756238, "12,18": 1.4087608001572072, "13,14": 0.4391834647583597, "13,15": -0.592307342229137, "13,16": -0.9997543803025355, "13,17": -1.6711601544324677, "13,18": 0.25764873994453685, "14,15": -1.8692405140907375, "14,16": 1.2387948202762469, "14,17": 1.6703729978132378, "14,18": -0.672674885521849, "15,16": 0.96356209392389, "15,17": 0.7285360378370505, "15,18": 1.1069214927663347, "16,17": 1.456636118373762, "16,18": 0.5177323158450458, "17,18": -1.8793833805434805, "2,10": 1.4326155366494273, "2,11": -1.7444460201236343, "2,12": 0.0029474779061118284, "2,13": 1.3608953006949571, "2,14": 0.7078021035659616, "2,15": -1.447957122166621, "2,16": -1.172070085599465, "2,17": 0.05197178946589265, "2,18": -1.8807436895418386, "2,3": 1.1278567010636888, "2,4": -0.09257714044919796, "2,5": -0.8012520615672973, "2,6": 0.3471884568455619, "2,7": -0.818960482188476, "2,8": 1.5217589144228287, "2,9": -1.0637121761619799, "3,10": -0.6534107098729951, "3,11": -0.07952627806067314, "3,12": -1.1527437515704713, "3,13": -0.773126536018363, "3,14": -0.49329864192741324, "3,15": 0.8694546917041328, "3,16": -1.0770306396877931, "3,17": 1.562782764180473, "3,18": 1.6861326472817635, "3,4": 1.987341882391354, "3,5": -1.9366273576359845, "3,6": -0.7771481284108019, "3,7": -1.271637626390333, "3,8": -1.7559244834513268, "3,9": -1.7768284102729845, "4,10": 0.8556813335461033, "4,11": -1.7465529341770405, "4,12": 0.5451897617618728, "4,13": -1.8590914927154274, "4,14": -1.4219442529777178, "4,15": 0.8736662676336215, "4,16": -1.721841236251687, "4,17": -0.15912847449164325, "4,18": 1.0546598072711992, "4,5": -1.7846676278317402, "4,6": -1.540859878481994, "4,7": -1.1186775653504184, "4,8": 1.7452338267498289, "4,9": -0.5909994238417786, "5,10": 0.124580806336414, "5,11": -0.7126091038018112, "5,12": -0.9306419302936342, "5,13": 0.7852100124448502, "5,14": -0.9399895437346779, "5,15": 1.8925534510870574, "5,16": 1.0257949590943447, "5,17": 0.05430212019278713, "5,18": -1.715016894006682, "5,6": 0.8761471051194034, "5,7": 1.1049535720885055, "5,8": 1.1581770255240609, "5,9": -0.24734575770169442, "6,10": -0.7995767737201636, "6,11": 0.8505804787126476, "6,12": 0.41636428509150925, "6,13": -1.2596242562026259, "6,14": -0.8179166358714243, "6,15": -0.007007323818681854, "6,16": 0.8819318964730911, "6,17": 0.9614990948243038, "6,18": 0.25268622267368457, "6,7": 1.6826021132897004, "6,8": 1.2500327821994763, "6,9": -1.8714522794312067, "7,10": 1.3745989431695826, "7,11": 0.7380930718040895, "7,12": -0.6885879229745671, "7,13": -0.25582692416842656, "7,14": -0.7054441569670371, "7,15": -0.65995471294364, "7,16": 0.7184120360784019, "7,17": 1.3956944509803493, "7,18": 1.8698261783542307, "7,8": -0.5175666819452545, "7,9": 0.8076404763611165, "8,10": 1.023395836652679, "8,11": 0.6711125969764722, "8,12": -0.6804523413457395, "8,13": 0.13217723764505696, "8,14": 1.919052899407888, "8,15": -0.6148495591005725, "8,16": 1.0398915372159534, "8,17": 1.5665131212833625, "8,18": -0.7688160002654083, "8,9": -1.126667913095254, "9,10": -0.7421196903674221, "9,11": -1.3688421307929532, "9,12": -0.3728151480723705, "9,13": 1.8204544020889495, "9,14": 1.953452196934221, "9,15": 1.9579189662258294, "9,16": 0.33148102310610517, "9,17": -0.7223261113092438, "9,18": -1.2700268165969524}, "bias": {"0": -0.43421168925241105, "1": -0.4780729472541654, "10": 0.9599782521580824, "11": -0.09323994192039686, "12": -0.04437587554620581, "13": -0.5876962373694339, "14": -0.5006685864533935, "15": -0.017638782375839268, "16": 0.6980379798845262, "17": -0.8813289666519328, "18": 0.10440053204586985, "2": -0.5370904260177671, "3": 0.9381867377444051, "4": -0.07663645666631824, "5": 0.10587830099161577, "6": -0.2455621373690151, "7": 0.8987305013091269, "8": -0.39613572756779813, "9": 0.9439317712230801}}