{"Q": {"0,1": 0.701339491208838, "0,2": -1.7321151472433316, "0,3": 0.772953465800807, "0,4": 0.745322619836486, "0,5": -0.6152418719741588, "0,6": 0.055971597367009185, "0,7": -1.524682590323625, "0,8": -1.8174112655914092, "1,2": 0.5351225195840272, "1,3": -0.446024184261153, "1,4": 0.7583160827624895, "1,5": 1.2832198658184297, "1,6": -0.7080783429367932, "1,7": -0.8850914729666854, "1,8": 0.2547558065706341, "2,3": 1.2108391718472253, "2,4": 0.6358553395859574, "2,5": 1.9677799527585167, "2,6": -1.401288105968733, "2,7": 0.6029582474925919, "2,8": -0.5625001904871927, "3,4": -1.7317109234573564, "3,5": -0.20828081387938946, "3,6": 0.16574835873009475, "3,7": 1.053791123901278, "3,8": -1.7593089663984847, "4,5": 1.4761014308664295, "4,6": 1.0157658101439546, "4,7": -0.21618437925652056, "4,8": -1.140237775739982, "5,6": 0.11722417730224732, "5,7": -0.8267502519746914, "5,8": -0.8861161633709673, "6,7": -0.06964391466350683, "6,8": -0.4246300944799817, "7,8": -0.3911748401166788}, "bias": {"0": -0.8227572824522962, "1": 0.28557217268513857, "2": 0.2480623272317397, "3": 0.29555971986019025, "4": -0.2652869354810088, "5": -0.0017225078433336094, "6": -0.18580771914151217, "7": 0.1925782097430102, "8": -0.43156687858178655}}