{"Q": {"0,1": -0.5839079755117655, "0,10": 1.3415007805337087, "0,11": 0.4359797373123828, "0,12": 0.5633144548173381, "0,13": -1.8913173358932678, "0,14": -1.9198798939155917, "0,15": 0.6739117682286997, "0,16": 0.8101889408826848, "0,17": -0.8471686028078951, "0,2": -0.3395408196405958, "0,3": 1.4409782069169026, "0,4": -0.7561187449601232, "0,5": -1.1753121497514512, "0,6": -1.4048087595040837, "0,7": -1.9165652647531655, "0,8": -1.8889138696319354, "0,9": 0.2604767065984235, "1,10": -1.1334949565867132, "1,11": 1.8197888330423435, "1,12": 0.05664589258434827, "1,13": 1.8671843071271241, "1,14": 0.8384756916929534, "1,15": 1.6356980255638298, "1,16": -0.9918389643032772, "1,17": 1.374144405601101, "1,2": -0.259387612020614, "1,3": -1.7392712643886732, "1,4": -0.876809569095323, "1,5": 0.37382637758694015, "1,6": -1.8581663454349449, "1,7": -0.4974025793540604, "1,8": 1.0995060227870912, "1,9": -1.364453556020774, "10,11": -1.158409573020326, "10,12": 1.6547865507438475, "10,13": -1.4402764305843774, "10,14": -1.8784775785854988, "10,15": -1.0951377262020947, "10,16": 0.40416901655478954, "10,17": -1.4129765711048599, "11,12": 0.900860977078557, "11,13": 0.5132154658464891, "11,14": -1.2522228710117211, "11,15": 1.7381802357644913, "11,16": 1.0614718719743332, "11,17": 0.10318040667186912, "12,13": 0.4945398354888564, "12,14": 0.03365242518800926, "12,15": -0.28290850799981815, "12,16": 0.686198112757658, "12,17": -0.769187742485498, "13,14": 1.9686832883554217, "13,15": -0.9682316518928551, "13,16": 1.0275474592513456, "13,17": 0.4208367828601296, "14,15": 1.1527426403837477, "14,16": -0.6254967944420584, "14,17": 1.0364135485342594, "15,16": 1.8834750751616451, "15,17": -0.9729716100152297, "16,17": -1.2929744070354903, "2,10": 0.2481238879297365, "2,11": -0.8441765157131331, "2,12": 1.07960473550001, "2,13": 1.323930404018082, "2,14": -0.875264180597739, "2,15": -1.3998245217089913, "2,16": 1.465935120855287, "2,17": -1.2294258418798742, "2,3": -0.947007408362806, "2,4": 1.5509928582512327, "2,5": -1.6495538858297345, "2,6": -0.7317579277517972, "2,7": 0.3764680025552205, "2,8": 0.8042845868907285, "2,9": -0.6502263284508127, "3,10": 1.1600205415676688, "3,11": -1.696318634548843, "3,12": 0.10467335249594134, "3,13": 1.7975989486138997, "3,14": -1.3500166715957933, "3,15": 0.08388276870004407, "3,16": -1.8322228297977903, "3,17": -0.96583698877643, "3,4": 1.7534783797687048, "3,5": -1.9331102251387904, "3,6": -0.335839999348694, "3,7": -1.175566181568883, "3,8": 1.5137322241734767, "3,9": -1.5938111158466142, "4,10": -1.112247652437325, "4,11": -1.9549952489060969, "4,12": -0.9451899475411141, "4,13": -1.9564794413549644, "4,14": -1.4171130681723487, "4,15": -0.7389514227975358, "4,16": -1.1475632324034044, "4,17": 0.8868851755347218, "4,5": 1.0957595288221462, "4,6": 0.5047373585041597, "4,7": -1.8101009457550967, "4,8": -1.574635271165, "4,9": 0.052097169188013215, "5,10": -0.4361427352970897, "5,11": -1.739896642237042, "5,12": -1.2142136906158894, "5,13": 0.3218197328080987, "5,14": 0.2186788823927821, "5,15": -0.2754073341157133, "5,16": -0.2676400124652005, "5,17": -0.5486382655498847, "5,6": 1.253809118678559, "5,7": -0.21096552396590873, "5,8": -1.0429906409934628, "5,9": -1.0827695310873438, "6,10": -1.5858003745179237, "6,11": -1.808387120883562, "6,12": 1.7811365757581208, "6,13": -1.5929774537339911, "6,14": -0.2450556549848919, "6,15": -0.8825634663403279, "6,16": -1.6414327146923116, "6,17": -1.8116313259271366, "6,7": -0.5732800398984113, "6,8": -0.14948732868855252, "6,9": 1.0294777786998002, "7,10": -0.8966574601936137, "7,11": 1.305082491330185, "7,12": 1.67740418460019, "7,13": 0.3281095479349525, "7,14": 0.24035747431835652, "7,15": 0.14597684744482464, "7,16": -0.5869871267415427, "7,17": 0.7358273203432311, "7,8": 0.7172207807198365, "7,9": 0.1998455584762171, "8,10": -1.7162286223429701, "8,11": -0.7235460653276893, "8,12": 0.4871967048199233, "8,13": -0.6143766976233911, "8,14": -1.469168838080655, "8,15": 0.6544027459098003, "8,16": 1.888684202057196, "8,17": 0.5520452756603125, "8,9": -0.5940606216586, "9,10": -1.8254921669901507, "9,11": -1.9159721246922854, "9,12": 1.1842419538717475, "9,13": -0.3372559114248421, "9,14": -0.7504220839099305, "9,15": -1.186301105801661, "9,16": 0.45288792056720517, "9,17": -0.7445220988828294}, "bias": {"0": 0.9887690247349088, "1": -0.5246297241879072, "10": 0.09180266456971409, "11": -0.5031649473198945, "12": 0.5636092592707651, "13": -0.20792078590367247, "14": 0.47082344669820353, "15": 0.40097242616322615, "16": 0.7568066992800488, "17": -0.9374141290623794, "2": -0.2478303221500564, "3": 0.41716085982984485, "4": 0.4641040816078714, "5": -0.6345462736164185, "6": -0.6206019090654269, "7": -0.5916975084032337, "8": 0.24778637410465598, "9": 0.45933291477260463}}