{"Q": {"0,1": 1.241482312095401, "0,10": 1.8549746885682419, "0,11": -0.44579564328365073, "0,12": 0.3906384788038575, "0,13": 1.7595559890345198, "0,14": 1.9271224581781818, "0,15": -1.7665162772269905, "0,16": 0.8188216142619194, "0,2": -0.8380349947442567, "0,3": 0.7313869476171231, "0,4": -1.220753210787053, "0,5": -0.5352045634449447, "0,6": 0.3560068335708775, "0,7": -0.8585554571050218, "0,8": 0.17444353146880465, "0,9": -1.6936127284190472, "1,10": 1.2160658310010857, "1,11": 0.09714451806521307, "1,12": -1.7522916797946086, "1,13": 0.17181006015276523, "1,14": 0.7972503548927623, "1,15": -0.30481101672171995, "1,16": -1.0040821084192046, "1,2": 1.3136961322843796, "1,3": -1.291784063969752, "1,4": -0.797604459184881, "1,5": -1.5143652280659379, "1,6": 1.1199397228419645, "1,7": 0.08522667592735189, "1,8": -1.464890009575209, "1,9": -0.23950787647428795, "10,11": 1.121405924943617, "10,12": -0.3402506540310761, "10,13": -1.4541869647663783, "10,14": -1.2989899007033476, "10,15": -0.8741158364599033, "10,16": -0.7702855265149777, "11,12": -0.7521044887223622, "11,13": -1.042507538042059, "11,14": -0.044365895275160216, "11,15": -1.090763717954132, "11,16": -0.9610077002881998, "12,13": -0.4493117385939587, "12,14": 0.4322591287909954, "12,15": -0.3551675501818381, "12,16": -0.8386959045955003, "13,14": -1.668913150824348, "13,15": 1.3197321600155418, "13,16": 0.6061863515001487, "14,15": -0.3222030409070822, "14,16": 0.2558749290853455, "15,16": -1.6088005359057655, "2,10": 1.270837016857572, "2,11": 0.008663434514568635, "2,12": -1.319073948524884, "2,13": 0.3245744905131276, "2,14": 1.7032012420984333, "2,15": 1.2927450340405855, "2,16": 1.0655877170186914, "2,3": 1.8676590095658865, "2,4": 1.0961368344257418, "2,5": -1.2533772718067295, "2,6": -0.2788372012820779, "2,7": -1.8583666178112495, "2,8": -0.7163346567868163, "2,9": -1.4686321114623806, "3,10": -1.874687990167097, "3,11": -0.9765999866123107, "3,12": 0.7525868759732033, "3,13": 1.292568702509135, "3,14": -1.1119982373595079, "3,15": -1.3882681161744972, "3,16": -0.2302870923704261, "3,4": 1.377866923950033, "3,5": -1.1960109203928049, "3,6": -1.2129894789569824, "3,7": 0.5115293796006513, "3,8": -1.6929993601071067, "3,9": -1.2642206577797426, "4,10": 0.5022071270766126, "4,11": 0.8516911609239304, "4,12": -0.29251430197502426, "4,13": 0.3335028278148786, "4,14": 1.5340640055375312, "4,15": 1.1000060576301256, "4,16": -1.7739817979739696, "4,5": -0.6836266019889976, "4,6": 1.8767526445764133, "4,7": 0.2280758864301209, "4,8": 0.9671290062064437, "4,9": -0.4623287049595146, "5,10": 1.5998337718950402, "5,11": -0.27500272541625836, "5,12": -0.697529051800136, "5,13": -1.4506622724846427, "5,14": 0.7857059881864816, "5,15": -1.8548043039633875, "5,16": -0.3842912999532708, "5,6": 0.196035689969142, "5,7": 1.428894472305445, "5,8": -1.6397612482432682, "5,9": 1.3129311021400754, "6,10": -1.140031491604507, "6,11": -1.3203325282066967, "6,12": 0.9549069768492471, "6,13": -0.6792353870332115, "6,14": 0.2747560195749106, "6,15": 0.36528870463808216, "6,16": 0.9306345122073978, "6,7": -0.9077205111906661, "6,8": 1.2461408061954597, "6,9": -1.8234027448234174, "7,10": 0.8469722300973039, "7,11": 0.06509795356028203, "7,12": 0.20073077551701246, "7,13": 0.9820259407502925, "7,14": -1.3701156197146176, "7,15": 0.5555951595129827, "7,16": -0.096666464894541, "7,8": 1.3480900926091612, "7,9": 1.6443972897757884, "8,10": -1.5196854806120004, "8,11": -1.584968280784535, "8,12": -0.7990102039031566, "8,13": 1.3244384491727814, "8,14": -1.7009578852543004, "8,15": 0.4522446566669336, "8,16": 0.5399014708925107, "8,9": 1.7555519356150935, "9,10": 0.2759851031112408, "9,11": 0.23020379384470058, "9,12": -1.3394681763215481, "9,13": -0.9643199215755627, "9,14": 0.5208312267053521, "9,15": -0.8124705915314179, "9,16": -0.9223700615201644}, "bias": {"0": 0.7533522149269634, "1": 0.6179630251046975, "10": -0.6721995230256448, "11": 0.5059460787342835, "12": 0.6732004172732382, "13": -0.37677733894944465, "14": 0.5134178942449625, "15": 0.4036296676556399, "16": -0.27294416342840977, "2": -0.4546530951697685, "3": -0.035731410163994726, "4": 0.3500668874023407, "5": 0.8834057843211605, "6": -0.18429234597195232, "7": 0.09263043663220305, "8": -0.680796054862032, "9": 0.7549413695811837}}