{"Q": {"0,1": -0.25896328218658615, "0,10": -0.4227669747711955, "0,11": 0.06177785876180408, "0,12": -1.7486844626331233, "0,13": 1.3069346956086, "0,14": -0.9880625438236539, "0,15": -1.170712003592799, "0,16": -1.2382249788699333, "0,17": 1.954478075116548, "0,18": 0.49473243271485634, "0,19": 1.7229644679701246, "0,2": -1.2208480924134988, "0,3": -1.3795769067957417, "0,4": -1.1014092746417417, "0,5": 0.46552676683548144, "0,6": -0.3801255899599796, "0,7": -0.172626932319063, "0,8": -0.8515344430895757, "0,9": 1.5966171257969513, "1,10": 0.30703225331979533, "1,11": 0.5282461062784427, "1,12": -1.5336106396975753, "1,13": -0.3258058017680172, "1,14": -0.8396849198313339, "1,15": 1.907560227343566, "1,16": 0.9098886449895622, "1,17": -0.3230333265951528, "1,18": -1.9289533360437225, "1,19": -0.06794821890581026, "1,2": -1.8573119792085095, "1,3": 0.9886263793812664, "1,4": -1.9794740042200494, "1,5": -0.6155254278884525, "1,6": 0.6461744536229181, "1,7": -0.8932195314369422, "1,8": 0.9238663336967026, "1,9": -1.7237088652513806, "10,11": 0.31435364661108656, "10,12": -1.421217238065628, "10,13": 1.5239717211856494, "10,14": -1.649866279303538, "10,15": 0.4501329478819813, "10,16": 1.0808014174060254, "10,17": -1.534926171591458, "10,18": 1.1386429078451, "10,19": -0.5277050313973182, "11,12": -1.6157846617122575, "11,13": 0.8523227323055438, "11,14": -1.5682557368691037, "11,15": 1.4141842567550054, "11,16": 0.04812991061610905, "11,17": -1.3989098461469895, "11,18": -0.2748560696363542, "11,19": -0.38243782584031605, "12,13": 0.4869502415123437, "12,14": 0.7022524104911296, "12,15": 0.7345985463125815, "12,16": 1.1901987471194633, "12,17": -0.45976547743310103, "12,18": -0.2292164668733747, "12,19": -1.1469765471814175, "13,14": 1.01668892023766, "13,15": 0.869042597392808, "13,16": -0.2977927062068022, "13,17": -0.6101667450411346, "13,18": -1.4159594690584627, "13,19": -0.05268015847630103, "14,15": -1.8105825729558136, "14,16": 1.7456195589283805, "14,17": 0.7721056075166106, "14,18": -0.011476638565005803, "14,19": 1.62591421190023, "15,16": -1.4691861291984978, "15,17": 1.3862485762891255, "15,18": -1.783611777824428, "15,19": 1.9560403039342673, "16,17": 1.1130138426205658, "16,18": -1.3534556202705859, "16,19": -0.7154247316706264, "17,18": 0.6390427557863068, "17,19": 1.2630632445408136, "18,19": -1.6100789857377311, "2,10": 1.174043339567052, "2,11": -1.2548849675117055, "2,12": -1.4392209737991042, "2,13": -1.4928882154388488, "2,14": -1.5249015471718512, "2,15": 1.0591085676218586, "2,16": 1.6251424743129452, "2,17": -0.8453878379153257, "2,18": 0.7377248237569227, "2,19": 0.4038705078243856, "2,3": -1.7751107346526163, "2,4": 1.9364810845461466, "2,5": -1.6005676507388422, "2,6": 1.0099036951005238, "2,7": 0.5576236534094874, "2,8": 0.9526397551666497, "2,9": -1.5957701008379743, "3,10": 1.1520346755523145, "3,11": 1.9878728311211686, "3,12": 0.020462288547276497, "3,13": -1.1816485334286608, "3,14": 1.5411695620829424, "3,15": -0.7049303699216845, "3,16": 0.01834669912987197, "3,17": 1.7156591075095324, "3,18": 1.0756362187583712, "3,19": -1.9817556861608603, "3,4": 1.2789246939290986, "3,5": 0.1995426989392728, "3,6": 1.5314809575042792, "3,7": 0.17204429752333494, "3,8": -1.2593325720982342, "3,9": 0.9679440334469747, "4,10": 0.038005319989859565, "4,11": 0.6514561391657834, "4,12": -1.971613908236125, "4,13": -1.7890265440251794, "4,14": -1.8129287846559077, "4,15": 0.9345589996250339, "4,16": -0.4773578256350617, "4,17": -0.8253608755601616, "4,18": 0.26631108276122584, "4,19": -0.31842621919513636, "4,5": 1.4755544448070799, "4,6": -0.029376348038010036, "4,7": -0.22370633532418438, "4,8": -1.2378199125249174, "4,9": -0.12400179153750779, "5,10": -1.1587749778501268, "5,11": -0.8217178955424376, "5,12": 0.6185530643928843, "5,13": 0.3755167163316986, "5,14": 1.7047507977572605, "5,15": -0.20379762450407402, "5,16": 1.6065891080883885, "5,17": 1.6600074447065833, "5,18": 1.3201438262758933, "5,19": -0.6217932767190448, "5,6": -1.6315021409710138, "5,7": 1.5561193423112387, "5,8": -0.17085672017498243, "5,9": -0.40948718929709216, "6,10": -1.441211653035949, "6,11": 0.2233402437129719, "6,12": -0.5006301253330929, "6,13": -0.6179173167625307, "6,14": 1.1451116772585865, "6,15": 0.5448512529515419, "6,16": -0.6253252368796773, "6,17": -0.38196154510508684, "6,18": -0.35163683664280887, "6,19": 1.978535199473733, "6,7": -0.35318261038237475, "6,8": 0.8216784150360614, "6,9": -1.7295875389772348, "7,10": 1.6608032040811582, "7,11": -1.7460384859384215, "7,12": 0.3854616117251122, "7,13": 1.4531915390001466, "7,14": 0.3135740780367424, "7,15": -0.2572623591340437, "7,16": 1.4564815446998294, "7,17": 1.5118707924566341, "7,18": -1.9316804633724236, "7,19": -0.8181615222497682, "7,8": 0.3178219053843634, "7,9": -1.6794763814962592, "8,10": -0.5033039020119734, "8,11": -1.6005953701691165, "8,12": -1.0902790183658535, "8,13": 0.8496588806631822, "8,14": -1.1093684673658988, "8,15": -1.35506929774879, "8,16": -1.2598208114100595, "8,17": -1.2418797047189796, "8,18": -1.8151175611549415, "8,19": -1.1369869614854564, "8,9": -0.03280772995738612, "9,10": 0.490939409022761, "9,11": -1.5653882595225395, "9,12": 1.5742841437284532, "9,13": -0.7289954665710283, "9,14": 0.2819393762982525, "9,15": -0.14474269305571097, "9,16": 1.0765356052194996, "9,17": 0.9167843557424447, "9,18": 1.4085005404838773, "9,19": 0.17896167577364697}, "bias": {"0": 0.2937243948238413, "1": -0.6953928391930269, "10": -0.05471158254361708, "11": 0.7660782192759432, "12": 0.4712925161908783, "13": -0.1977270985778743, "14": -0.05940229414064335, "15": -0.6487240311858682, "16": -0.6288862247985929, "17": 0.4955779880165161, "18": 0.7792496383720886, "19": -0.3143823006164863, "2": 0.764826838754328, "3": 0.7912122016004428, "4": -0.03349707430746851, "5": -0.6030308084950107, "6": 0.11736031541574943, "7": -0.8547994081415842, "8": -0.6041025885885987, "9": 0.6596517094103025}}