{"Q": {"0,1": -0.8514791124346486, "0,10": -1.8132602079440243, "0,11": 0.20323579259170277, "0,12": 0.4986906230737347, "0,2": 0.4610470577513368, "0,3": -1.0837358181250423, "0,4": -0.41961536445590975, "0,5": 1.9235437459110538, "0,6": 0.12461743694563499, "0,7": -0.8361988995426093, "0,8": -1.452136046229572, "0,9": 1.5490140241716341, "1,10": 1.5691691790556699, "1,11": 1.350807397098957, "1,12": 0.7803472398466185, "1,2": 0.3088932294915234, "1,3": -1.4617151228873366, "1,4": -1.7008619231666882, "1,5": -0.8525292597122762, "1,6": -0.5502760586123183, "1,7": -0.4460067801521954, "1,8": -1.3458167061506896, "1,9": -0.9780368010033276, "10,11": 0.5148313112011054, "10,12": 0.5052543379985521, "11,12": -1.8415694277536314, "2,10": 1.298403333740795, "2,11": 1.897050371974483, "2,12": 1.702733316260867, "2,3": -0.1740818686389094, "2,4": -0.41480249032493166, "2,5": -0.023571218756067047, "2,6": -1.0190936739412342, "2,7": -0.4731490606350386, "2,8": 1.8539144861214263, "2,9": -0.37740244672280276, "3,10": -0.7744079541756346, "3,11": -0.32912947120031744, "3,12": 1.087314007255975, "3,4": 0.6256871225107896, "3,5": -0.28308344397825813, "3,6": 0.9782947880815596, "3,7": 1.8280509618580734, "3,8": -1.7578137471229174, "3,9": 0.4363701878359296, "4,10": 1.6342957452621425, "4,11": 0.013610806960769661, "4,12": -1.7469395429223615, "4,5": -0.16616368284227834, "4,6": -1.0496626517393217, "4,7": 1.043651728937224, "4,8": 0.36347765476589045, "4,9": 1.8484579430698007, "5,10": -0.9679138364429161, "5,11": -1.080410541290893, "5,12": 0.090416703550396, "5,6": 0.009761862135650112, "5,7": 0.3726172590048278, "5,8": 1.2165640493242464, "5,9": 1.3620616215587265, "6,10": 1.7502494308318761, "6,11": 0.9498618901599367, "6,12": 1.4686976659856166, "6,7": -1.855115205245292, "6,8": -0.1525075468614454, "6,9": 1.1277565356291723, "7,10": -1.1426269423068058, "7,11": 1.9848048937958827, "7,12": 1.5514802935114576, "7,8": 0.31195936595127405, "7,9": -0.5904010916764637, "8,10": -1.5921841715381415, "8,11": 1.1149322935556887, "8,12": -0.8488302219552502, "8,9": -0.595102512012136, "9,10": -1.6278233727816303, "9,11": 0.21168727378802688, "9,12": -1.0859186046333762}, "bias": {"0": -0.6064720512974668, "1": -0.03230324025419273, "10": 0.0011629617160180405, "11": 0.824172746759634, "12": 0.6776438614909202, "2": 0.8126207706197153, "3": -0.749757861321235, "4": 0.29720909943406637, "5": 0.0643094499808885, "6": 0.09644258849925169, "7": 0.15083197856403774, "8": 0.0345691097501617, "9": 0.1619270302103093}}