{"Q": {"0,1": -0.4302900053671439, "0,2": -0.05752097224667896, "0,3": -1.5590325134792704, "0,4": 0.6781293305399787, "0,5": -0.06666665483203182, "0,6": 0.06405256089546185, "0,7": 1.8787415099220341, "1,2": 0.526666342001568, "1,3": -0.10785198972165899, "1,4": 1.4125109492442505, "1,5": 1.1578494906588617, "1,6": 0.6769490672109799, "1,7": -0.3286582509900846, "2,3": 1.3683873325774214, "2,4": -1.9324201522603186, "2,5": 0.855331160062986, "2,6": 1.20859826530944, "2,7": -1.8880944471763095, "3,4": 1.4020981662453922, "3,5": 0.48200637665230284, "3,6": -0.1915643802096021, "3,7": -0.9853908174051682, "4,5": -1.6468469181125527, "4,6": -0.8609369628794914, "4,7": 1.9814812048091914, "5,6": -1.4466214088930194, "5,7": 0.599532315637437, "6,7": -1.922125373037586}, "bias": {"0": 0.03541501439894268, "1": 0.09441040858814809, "2": -0.625341887961943, "3": -0.5421275990803875, "4": 0.15851766220033014, "5": -0.3437367180013502, "6": 0.793475204779214, "7": 0.6500820595400556}}