{"Q": {"0,1": 0.3805178741189059, "0,10": 1.2172274132462637, "0,11": 0.28626929733351947, "0,12": 0.23049493413306754, "0,2": 1.0509521408265194, "0,3": -1.7720325295843136, "0,4": 1.288098198317932, "0,5": -0.9853962861575067, "0,6": -0.015496304086668466, "0,7": -1.6159768582140028, "0,8": 0.9933994619228534, "0,9": 1.6992018880467725, "1,10": -0.25369328981985717, "1,11": 0.25542240471393596, "1,12": 1.9836298332761664, "1,2": 1.9073717996195922, "1,3": -1.5570475417432998, "1,4": 0.043183631404417167, "1,5": -1.4000182412273432, "1,6": -1.416405841409012, "1,7": 1.4968993443027427, "1,8": 0.9811898883103916, "1,9": -0.9676964689026768, "10,11": 0.7117754138457326, "10,12": -0.3946366969465771, "11,12": -0.21241426228965166, "2,10": -0.18704415970211352, "2,11": 1.0141725730989921, "2,12": 1.6250410706667906, "2,3": 1.431729168551731, "2,4": 0.7915266058310868, "2,5": -0.31936526659635467, "2,6": 0.1523785581988535, "2,7": -1.8169151114181639, "2,8": 0.6714501821093148, "2,9": -0.8423947859926919, "3,10": -1.189127719013873, "3,11": 0.10883443763081635, "3,12": -1.9334047685083746, "3,4": -1.2994203142830139, "3,5": 1.1838926652003186, "3,6": -1.0824456955524195, "3,7": 0.820313731391678, "3,8": 1.787326157245066, "3,9": -0.3667586383927368, "4,10": -0.7023615626274791, "4,11": 1.3456803665776178, "4,12": 1.4079744036225592, "4,5": 0.7122459001339534, "4,6": -1.5122109000151864, "4,7": 0.5584244847457671, "4,8": 1.6224744870872194, "4,9": 0.1301308942767787, "5,10": -1.2967052797855874, "5,11": -1.3543937328458608, "5,12": -0.08019320777266348, "5,6": 1.3555985422272663, "5,7": 1.5344735525619515, "5,8": 1.6704119126402999, "5,9": 1.258243265724218, "6,10": -0.9972335347646184, "6,11": 1.6907186913009378, "6,12": -0.7257437838126464, "6,7": 1.7613682371946346, "6,8": -1.4947902467494436, "6,9": -0.4536791864204788, "7,10": -1.7237499094699658, "7,11": 0.3280218109127957, "7,12": 0.9214707295315034, "7,8": -0.17082909744755836, "7,9": -0.3706968098753447, "8,10": -0.441509112361671, "8,11": -0.22439606560622893, "8,12": -1.6701370552525088, "8,9": 0.5186572899619302, "9,10": 1.2107170678141372, "9,11": 1.6623665853224594, "9,12": 1.1722449247375208}, "bias": {"0": -0.9593808776678734, "1": 0.06049732611339875, "10": 0.8283601334696142, "11": 0.35751003686478233, "12": -0.8679306950900816, "2": 0.49718028436540673, "3": 0.7588500786820895, "4": 0.0649616378734712, "5": -0.007234324292760608, "6": -0.4178000295944906, "7": -0.3610545526068658, "8": 0.3593598445160944, "9": 0.6426028615739428}}