{"Q": {"0,1": -1.9045214468809415, "0,2": 1.1802772086883984, "0,3": -0.49794806600506103, "0,4": -0.11931273536851394, "0,5": -1.8640639733512319, "0,6": 0.17937149307516842, "0,7": 0.3254590916923852, "0,8": -1.0556168312531349, "1,2": 1.8371701152542013, "1,3": -0.1316189648963504, "1,4": 0.5225066416666464, "1,5": 0.6539949588289233, "1,6": -1.0712888283357267, "1,7": 1.9456558394208243, "1,8": -1.8446213747847344, "2,3": 0.798060498899194, "2,4": 1.6889700944136647, "2,5": 0.04172109225546983, "2,6": 1.8956590595601877, "2,7": 1.8159438322038763, "2,8": -1.84180319856112, "3,4": 0.6373963854672682, "3,5": 1.5386892371988523, "3,6": 0.4152585206166677, "3,7": 0.6884562754368075, "3,8": -1.4367481769600192, "4,5": 1.3967906374479262, "4,6": -1.4334273327745493, "4,7": 1.664913522286171, "4,8": 1.8709579188419445, "5,6": 1.0508933920559036, "5,7": -0.8526916671702995, "5,8": 0.5790518875969521, "6,7": 1.5631740485550916, "6,8": -0.7916137130517469, "7,8": -1.6080551450307157}, "bias": {"0": 0.1281324891790261, "1": -0.8315941095068331, "2": -0.9497148039251073, "3": -0.5655597280579521, "4": 0.5020172594968793, "5": -0.64312171243969, "6": 0.2651909386232838, "7": -0.02611203918746474, "8": -0.24781947045665942}}