{"Q": {"0,1": -1.4367536258132474, "0,2": 0.28594685888071636, "0,3": -1.3349269147258007, "0,4": -0.3839408680202827, "0,5": 0.478421476270841, "0,6": 1.2923792267633147, "0,7": -1.0427006391249423, "0,8": 0.08402896223518441, "1,2": 0.3851042837723866, "1,3": -0.14746282216282847, "1,4": -1.7476294914987864, "1,5": -0.1347071855841011, "1,6": -1.564464665009266, "1,7": -1.0206940222033634, "1,8": -1.8642976749474789, "2,3": 0.0785233833089789, "2,4": -0.0279294195031472, "2,5": 1.1549689912641772, "2,6": -1.5333403997409487, "2,7": -0.3285234938033623, "2,8": 1.519693119049922, "3,4": -0.5094298032107014, "3,5": -1.7071600434028946, "3,6": 0.5819423609711589, "3,7": 0.1252355237371674, "3,8": 0.2278144546353369, "4,5": 0.6039135806715716, "4,6": 1.5699109876096506, "4,7": -1.0777021143993073, "4,8": 0.25093522829655246, "5,6": 0.9389969471434778, "5,7": 1.0043783168462062, "5,8": 1.8895740391884606, "6,7": 0.3266105062075324, "6,8": -1.013481620223772, "7,8": -0.42554070425355883}, "bias": {"0": 0.15191478342242282, "1": 0.45224354743607154, "2": -0.47059086104804115, "3": 0.5067525976111209, "4": -0.5970485326526043, "5": 0.13378168585454242, "6": -0.6271890564522824, "7": -0.5424064473481356, "8": 0.025820319205923203}}