{"Q": {"0,1": 1.9800146943101744, "0,2": 0.7106895924311889, "0,3": -1.1814325122804261, "0,4": -1.188765398817638, "0,5": 1.5392105687953896, "0,6": 1.678991031566723, "0,7": 1.8514581898414724, "0,8": 1.3153797712004485, "1,2": -0.04937544641481706, "1,3": 0.6932873972440183, "1,4": -0.32876929967690804, "1,5": 1.6940956017822857, "1,6": 0.6558233758446361, "1,7": -0.020717604918591093, "1,8": -0.7856923964862466, "2,3": -0.5115105740732986, "2,4": 0.5607392090796943, "2,5": -0.7012368472402177, "2,6": -0.6670915873239345, "2,7": -1.3333629630597774, "2,8": -0.9927109641245644, "3,4": 0.9657995348155226, "3,5": 0.6755704065888661, "3,6": 0.8123592649921627, "3,7": -0.9196217583562043, "3,8": 1.9508764901625346, "4,5": 0.9079636524884078, "4,6": 1.2268900040450634, "4,7": 0.5343110512822391, "4,8": -1.233679044842042, "5,6": -0.812409405374563, "5,7": 0.1466746591888608, "5,8": -0.404197122352822, "6,7": -1.1954310439259523, "6,8": 0.41193938135384034, "7,8": 1.5970754981821274}, "bias": {"0": 0.36595738122972676, "1": -0.7994025114623453, "2": -0.40643015177094766, "3": -0.9394605142753254, "4": 0.09186780485687862, "5": 0.31243594879775727, "6": -0.14878791050090734, "7": -0.320658470566876, "8": 0.6970627955859783}}