{"Q": {"0,1": -0.929807784388061, "0,10": 1.472858806460164, "0,11": -0.5721556620668142, "0,12": -1.1140389885641193, "0,13": 0.4302474898387003, "0,14": -0.25593857010793153, "0,15": -1.4216363088216415, "0,16": 1.4398641169818411, "0,17": -1.5877536906685892, "0,18": 1.2122107700034057, "0,2": -0.8603873893878813, "0,3": -0.6191336348897303, "0,4": -1.0753586619126034, "0,5": 1.5581348259350634, "0,6": 1.74535563873398, "0,7": 0.19132725975700504, "0,8": 0.3468568627652031, "0,9": 0.6889326664750746, "1,10": 0.45063944512364884, "1,11": 1.9370327403110799, "1,12": 1.2339271734992767, "1,13": -1.1435712470236674, "1,14": -0.601666835400084, "1,15": 1.6731353591838554, "1,16": 0.021639184472988404, "1,17": -1.4666352274445016, "1,18": -1.7507482182296403, "1,2": -0.14740245774362526, "1,3": 0.44000314857053224, "1,4": 1.1185454698695807, "1,5": -1.5063599366905325, "1,6": 1.7321238411495194, "1,7": 1.079299083459889, "1,8": -1.9447834693498551, "1,9": 1.2860150091065972, "10,11": 1.9578230309938647, "10,12": 1.9307040254254497, "10,13": -1.8031885979191364, "10,14": -1.5794738474736727, "10,15": 1.3030198107699364, "10,16": -0.8671740714283458, "10,17": 1.1871963850303593, "10,18": -0.6760235251831124, "11,12": -0.12731854053211045, "11,13": -0.018081927538797338, "11,14": 1.8183233171332804, "11,15": 0.31440266035995146, "11,16": 0.35500500697150494, "11,17": -0.8262483444571576, "11,18": -0.19034054926914967, "12,13": -0.38554725605186135, "12,14": 0.6364940394656733, "12,15": -1.5331272489795662, "12,16": -0.3558666005491409, "12,17": 1.3138464108231718, "12,18": -1.38157547687234, "13,14": 0.47209718938362455, "13,15": -1.3446998372984793, "13,16": 1.139497752097368, "13,17": 0.24867543395784786, "13,18": 0.16894755992567578, "14,15": -0.1005547073063271, "14,16": 1.1472687907854762, "14,17": 0.7292198196450679, "14,18": 0.9597679114153941, "15,16": -0.980994563861032, "15,17": -1.2220193894653986, "15,18": 0.04957599251105105, "16,17": -0.20587941851885683, "16,18": -1.6230173107503285, "17,18": 0.2431292890705654, "2,10": 1.743982903165357, "2,11": -0.4612302114975244, "2,12": 1.4790280823433157, "2,13": -0.5768470169438191, "2,14": 1.619978283996407, "2,15": 1.2791546966634355, "2,16": 1.3866695910855507, "2,17": -1.2974545210411303, "2,18": -1.0129889235440537, "2,3": 1.835640948412241, "2,4": -1.4298106762902068, "2,5": -0.17400475830709405, "2,6": -0.4308547183589786, "2,7": -0.3330001952464299, "2,8": -1.8650124819019016, "2,9": 1.267953060171835, "3,10": 0.544721366381399, "3,11": 0.4815129696102227, "3,12": 0.4199848808559188, "3,13": -0.09454549954317715, "3,14": 0.6167381177720168, "3,15": 1.8183135292562134, "3,16": -0.15729616760655007, "3,17": 1.5162035770956286, "3,18": -0.40027142408976646, "3,4": -0.4060155990972154, "3,5": 1.8072930932847582, "3,6": 1.7623808221674864, "3,7": 0.4903019884563271, "3,8": -1.454510637458132, "3,9": 0.42278132755129816, "4,10": 0.561250887543526, "4,11": 1.982384238948557, "4,12": 1.5385273848167969, "4,13": -0.28240651322410226, "4,14": -1.6164964486828488, "4,15": 0.04948872655048131, "4,16": -0.7207140487730603, "4,17": 0.4254160538413907, "4,18": 0.58263839260513, "4,5": -0.6544982022500534, "4,6": 0.92663327551834, "4,7": 0.6996826788782506, "4,8": -1.2295145598705872, "4,9": -0.5146066580194506, "5,10": 0.3506173951128795, "5,11": -0.26525813584524327, "5,12": 0.507418780060457, "5,13": -0.933688860186356, "5,14": 0.19741665826787136, "5,15": -1.9542636078733566, "5,16": -0.24116199271306105, "5,17": -1.25454003564876, "5,18": 0.056969732119397154, "5,6": 1.8394505372119307, "5,7": 0.037171030885616574, "5,8": -0.2675800607324046, "5,9": -1.9200980828122725, "6,10": -1.2688548693021144, "6,11": -1.0972159061038247, "6,12": -1.4545313671124287, "6,13": -0.7578984613095625, "6,14": -1.0525407780573421, "6,15": -0.2821546385268823, "6,16": 1.0245071644826362, "6,17": -0.9082387139930765, "6,18": -1.564945732459547, "6,7": -1.2987959102215778, "6,8": 0.10794471601142552, "6,9": 1.18237893256134, "7,10": 0.8038135333667613, "7,11": 1.810392962756286, "7,12": -1.2232923811510577, "7,13": 0.41353592197227984, "7,14": 1.1844160785548121, "7,15": 0.5959081164988524, "7,16": -1.7659564443316556, "7,17": 1.2124194538069109, "7,18": -1.1782829095252074, "7,8": -1.0608285472372008, "7,9": -1.4197693683678128, "8,10": -1.3121814440070305, "8,11": -1.7828069831568452, "8,12": 0.21504346220063741, "8,13": -0.6972486511726186, "8,14": -0.14587449657927243, "8,15": 1.7735712123486937, "8,16": 0.3746467162877387, "8,17": -0.08265605298850076, "8,18": 1.5711448515895245, "8,9": -1.067040531649969, "9,10": 1.7394170171951227, "9,11": 0.8141785565004889, "9,12": -0.2901520541776481, "9,13": -1.0579031899105513, "9,14": 1.5991104669609228, "9,15": -1.6447184193853275, "9,16": -1.8220682792247866, "9,17": 0.3054740588162064, "9,18": 1.0806343739496982}, "bias": {"0": 0.583005277280368, "1": -0.7499914034616668, "10": -0.6457388914499524, "11": -0.9011764834896507, "12": 0.07144785239822782, "13": 0.614415400787099, "14": 0.7286370610047179, "15": 0.09378582838473948, "16": -0.9508375648617877, "17": 0.2682429322433464, "18": -0.7449128107043046, "2": 0.03709755281778482, "3": -0.11339642611289213, "4": -0.1439665367026941, "5": -0.4314557281130551, "6": 0.11183066613301862, "7": -0.7704523799359573, "8": -0.23725651677819992, "9": -0.6039446835781102}}