{"Q": {"0,1": -1.6591946334296472, "0,2": 0.7236512315678687, "0,3": -0.13075567098002638, "0,4": -0.5843845288400065, "0,5": 1.428126987239751, "0,6": 1.6654015545227505, "0,7": -0.7573382324384554, "0,8": 0.9566831999419732, "1,2": 1.5735786263739926, "1,3": 1.3906083567650316, "1,4": -0.3053568162130498, "1,5": 1.9345600767586895, "1,6": -1.3119600596860224, "1,7": 1.6083686651802163, "1,8": -1.686016477935695, "2,3": -0.030426193801039503, "2,4": 1.018917120055665, "2,5": 0.043500795862533526, "2,6": -0.5774121405793253, "2,7": -0.30946364820569494, "2,8": -0.9896228621073022, "3,4": -1.1668282222584527, "3,5": -0.49992006546991075, "3,6": 1.3750862941084567, "3,7": 0.49120526054937796, "3,8": 0.40346840926512906, "4,5": -0.2057887016445865, "4,6": 0.07530905753712158, "4,7": 0.23726540502304427, "4,8": 0.4843254337873635, "5,6": -0.7541363698783683, "5,7": -0.5091195707208902, "5,8": 1.5998394942947298, "6,7": 1.3658712785796814, "6,8": -0.17135630891370024, "7,8": 0.1459266503068264}, "bias": {"0": -0.09415734366099326, "1": -0.17547899429551328, "2": 0.40350200724613305, "3": -0.6888043279808065, "4": -0.8877787905242716, "5": 0.9427902256135137, "6": 0.6548007304744521, "7": -0.8986007693763411, "8": 0.3499628908511794}}