{"Q": {"0,1": -0.5406279108068488, "0,10": 0.29278998930934597, "0,11": -0.4597297501608524, "0,12": 0.00570280009775459, "0,13": 1.1099795532960126, "0,14": 0.8986994401935893, "0,15": 0.4380722336823828, "0,16": 0.6701444824729577, "0,17": 0.8489543373087427, "0,18": -0.3439175821534839, "0,19": 1.8142621926789646, "0,2": 0.6059500551837989, "0,3": 0.6215865024712142, "0,4": -0.9342421205963736, "0,5": -0.7317795957385651, "0,6": -1.5193602837736129, "0,7": 1.2821179621743588, "0,8": -1.6534956624051658, "0,9": -1.4651412744294623, "1,10": 0.07810006339719955, "1,11": 1.4985674498243013, "1,12": -1.8800724807538938, "1,13": -0.13857173547966406, "1,14": -1.2610417710375774, "1,15": -1.2432311665335867, "1,16": 1.559786802480692, "1,17": 0.6402344069685366, "1,18": -0.958299219066109, "1,19": -1.7726541110773995, "1,2": -0.17447059807733645, "1,3": -0.6138657874555746, "1,4": -0.9957310335588021, "1,5": -0.12376051917715802, "1,6": 1.6764195185084625, "1,7": -1.5264891397636884, "1,8": -0.110070238772078, "1,9": -0.4909735498062009, "10,11": 1.4520291851628833, "10,12": -1.3159935271822603, "10,13": -0.8367383997733633, "10,14": 1.1540220125262475, "10,15": 0.4695178483252871, "10,16": -0.13502029317036213, "10,17": 1.5053586274771353, "10,18": -0.25838407684900355, "10,19": 1.4030744277639497, "11,12": 0.8564297853630678, "11,13": -1.6049903717247953, "11,14": -1.5034028438080416, "11,15": -1.1925174753172207, "11,16": -1.5793884164741798, "11,17": -1.6996271623589023, "11,18": 1.5684708433429932, "11,19": -0.9067657340605946, "12,13": 1.26341497718774, "12,14": 0.7589305189496685, "12,15": -1.339674105256802, "12,16": 0.10498923368836088, "12,17": -1.6036626606761928, "12,18": 0.41786359422500974, "12,19": 0.15783076747695857, "13,14": 0.894209689897635, "13,15": -1.672323767351604, "13,16": 1.498359616462937, "13,17": -0.04385483900128495, "13,18": 0.06914102799511657, "13,19": -0.402613886370895, "14,15": -1.682023453403267, "14,16": -0.6547940199586955, "14,17": 0.4326870236167797, "14,18": -1.0992384729189189, "14,19": -0.17616243798269382, "15,16": 0.7735083257351474, "15,17": 0.5745808350478598, "15,18": -0.21159683193042111, "15,19": -1.948341139519973, "16,17": -1.2601213771585527, "16,18": -0.29118721194671915, "16,19": -1.2165694275032095, "17,18": -0.3192961648405044, "17,19": -0.5122029883498556, "18,19": -1.7485749596775695, "2,10": -0.9022872585670276, "2,11": 1.8136085930472183, "2,12": 1.7187765807321158, "2,13": 1.1337902135594282, "2,14": -0.14990089550524965, "2,15": -1.1649059141474924, "2,16": -0.3906425058677918, "2,17": 1.551794322526951, "2,18": -1.3164202905020943, "2,19": 0.9688211964678262, "2,3": -0.03521703536271703, "2,4": -0.8245084716234787, "2,5": 1.2490483974826425, "2,6": -0.6125563692263296, "2,7": 1.2406836851233942, "2,8": -1.460213220732785, "2,9": 1.1432095828452224, "3,10": 1.611801969581745, "3,11": -0.3309579363769899, "3,12": -1.2781925616736918, "3,13": -1.4577374798297442, "3,14": 1.5749505530051926, "3,15": 0.10555712921781879, "3,16": 0.8014435096410355, "3,17": -0.31465517011793454, "3,18": 1.3355507359445609, "3,19": -1.7249462685287442, "3,4": 0.11894586616318126, "3,5": -1.0187914947312922, "3,6": 1.1314142816439183, "3,7": 0.842587700215176, "3,8": 1.085649813454963, "3,9": 0.7616243181507656, "4,10": -1.03491465984759, "4,11": -0.6779258006267423, "4,12": -0.024105718728616665, "4,13": -1.167964788509504, "4,14": -1.787421576701755, "4,15": -0.29842342113025744, "4,16": 0.9192795208593743, "4,17": -1.3487804296044223, "4,18": 0.8419049686382762, "4,19": 0.5427513771034906, "4,5": -1.0653729716537965, "4,6": -0.13860327939714345, "4,7": -1.036881156451959, "4,8": -0.8712404945137613, "4,9": 0.1113817999900224, "5,10": 0.637900169295619, "5,11": 1.6852432901933954, "5,12": 1.3982495992425088, "5,13": 1.903405269531787, "5,14": -0.316001275688254, "5,15": 1.6570379648058187, "5,16": 1.0670522353026826, "5,17": -0.8158586893930591, "5,18": 0.023872675944743182, "5,19": -0.03983116211555382, "5,6": -0.4881293226757406, "5,7": -1.268490536161086, "5,8": -1.3710661569961862, "5,9": -1.9848250246976966, "6,10": -0.4415112491865725, "6,11": -0.08948679968218087, "6,12": -1.9253535788536755, "6,13": -1.3570153611671865, "6,14": -0.04557621406642687, "6,15": 1.3433157237222768, "6,16": 1.2361994428135303, "6,17": -0.46518823252157304, "6,18": 1.8641359167239182, "6,19": -0.21907194881276748, "6,7": 1.7370346517581892, "6,8": -1.4220833411192824, "6,9": 1.3563217306106816, "7,10": 1.0532304309935108, "7,11": -0.9585419148544854, "7,12": -0.672868859354415, "7,13": -1.360869195037668, "7,14": -1.5526672213068413, "7,15": -1.4871590821950744, "7,16": -0.5733371483011447, "7,17": 1.4401843746200194, "7,18": -1.3196140124501619, "7,19": 1.6421408489729035, "7,8": 0.04721251505848478, "7,9": -0.13756202781979399, "8,10": -0.9769602723024469, "8,11": -0.5420166468239036, "8,12": 1.214080549128023, "8,13": -1.9261021340467566, "8,14": 0.69938280353901, "8,15": 0.6379614251142174, "8,16": -0.6113661178526524, "8,17": -0.025136269704581604, "8,18": 1.818937450752978, "8,19": -1.5024176640042266, "8,9": 0.8830167023488329, "9,10": 1.9020732629261272, "9,11": -1.8691863705392273, "9,12": -1.0520632711653821, "9,13": 1.2061184360213955, "9,14": 1.2629416541355205, "9,15": 1.618487024131292, "9,16": -1.9426884769226151, "9,17": -1.1916767244741808, "9,18": 0.578832451666448, "9,19": 0.9150467602983281}, "bias": {"0": 0.6510827337926652, "1": 0.44494082588306205, "10": 0.38471381185623477, "11": 0.018620957825671303, "12": -0.010296461147951685, "13": -0.7670095000344654, "14": 0.8327732975898336, "15": -0.14887969821757574, "16": 0.3298363491638927, "17": -0.5963114172550852, "18": -0.555852217372008, "19": -0.6643045315218405, "2": 0.5619174818823292, "3": 0.06666256115141045, "4": -0.4398175557793309, "5": 0.17566060529894534, "6": 0.9914594770186218, "7": -0.7062984751421293, "8": 0.08830589631110985, "9": -0.19937049747167168}}