{"Q": {"0,1": 0.30923732921640035, "0,10": 0.057316894248213845, "0,11": 0.4224362992083637, "0,12": -0.18582715585770648, "0,13": -0.6096992270550166, "0,14": -1.0386669159386872, "0,15": 0.9056309753374081, "0,16": 0.007492004572568156, "0,17": 0.27964773106114293, "0,18": -1.466364499723158, "0,19": -0.07040351423546465, "0,2": 0.7393391630409054, "0,3": 1.2133626585511297, "0,4": -1.2583749360101852, "0,5": -0.007137205741394759, "0,6": 0.5565127079904175, "0,7": -0.29630813752474205, "0,8": 0.3715305783348892, "0,9": -0.49678312021853976, "1,10": 1.013450649059279, "1,11": 0.27382927495695686, "1,12": -0.8456969560046068, "1,13": -0.47694192066147156, "1,14": 0.22572930190584906, "1,15": -1.9530949181422308, "1,16": 0.28990864460049925, "1,17": 0.4265177764931263, "1,18": 1.7347161694802673, "1,19": -0.4051633814554343, "1,2": -0.36827331028017163, "1,3": 0.6731309255015212, "1,4": 0.8735293214876578, "1,5": -1.2815758055723685, "1,6": -1.9500836476379328, "1,7": -1.559710802079636, "1,8": -1.5365747252616981, "1,9": -0.3625487426052385, "10,11": 0.4306107509818964, "10,12": -1.2767134241905391, "10,13": 0.27218333048461973, "10,14": 0.7148576954325665, "10,15": -0.5853726469805731, "10,16": -0.219804499854777, "10,17": -1.9115853519877306, "10,18": -1.9981620173039953, "10,19": 0.8825850911126465, "11,12": -0.7561211627463438, "11,13": 1.4349888584847847, "11,14": 0.7702636891509136, "11,15": -0.8552506192915414, "11,16": -0.24469872940958126, "11,17": 1.1138323728114012, "11,18": -1.89524413026392, "11,19": 1.1860921980096624, "12,13": 0.8504376530387776, "12,14": 0.8976870908011532, "12,15": -0.12431738251747149, "12,16": -0.5809629915171719, "12,17": 1.6321698463943877, "12,18": -1.8170914602934718, "12,19": -0.7671271025544781, "13,14": 1.8099488588189527, "13,15": 0.595705829099245, "13,16": 1.756798120048709, "13,17": 0.8408534349825914, "13,18": -0.04603170676532908, "13,19": -1.9452347401835435, "14,15": -0.1160624370622072, "14,16": 0.2618264999180022, "14,17": 1.8971873570813549, "14,18": -0.502512978673129, "14,19": 1.712008410073392, "15,16": -1.6781105031318249, "15,17": 0.9155862966354174, "15,18": -0.5171434194064517, "15,19": -0.6131149203124653, "16,17": -1.3360474614455917, "16,18": -1.6328098988345814, "16,19": 0.7263541824246471, "17,18": 0.3372363536831706, "17,19": -1.9517035555933737, "18,19": -1.3269142412571076, "2,10": 1.9421197420105503, "2,11": 1.4489809535804312, "2,12": 1.4760892965407275, "2,13": -1.6086145712717932, "2,14": 1.1200873385614747, "2,15": 0.9898847183262789, "2,16": -1.29083680515161, "2,17": 1.2072051605509144, "2,18": 0.5396917921273237, "2,19": -0.42948449406367706, "2,3": -0.529882960768171, "2,4": 1.5342197976824727, "2,5": -1.330560485256238, "2,6": 1.8238943699728054, "2,7": -0.024315227384189342, "2,8": 1.5519575326618087, "2,9": -1.8777393596119105, "3,10": -0.8061179157568272, "3,11": 1.2024209394091234, "3,12": -0.8992534965412275, "3,13": -1.1073364551466063, "3,14": -0.4492142731716098, "3,15": 1.3976152869325937, "3,16": -1.878640010864598, "3,17": 0.30954493065416155, "3,18": 1.6801447967198162, "3,19": -0.6334548540911027, "3,4": -1.096128285252476, "3,5": -0.438443892857896, "3,6": 1.6196924257399123, "3,7": -0.018234380377731618, "3,8": 0.27471783001681116, "3,9": -0.5775066286726549, "4,10": 0.697765405149342, "4,11": 0.5723572123717195, "4,12": 0.6657511671530907, "4,13": 1.4106725910881779, "4,14": -0.01601720189001332, "4,15": -0.8700901983073694, "4,16": -1.785671921977427, "4,17": -1.5595089554032047, "4,18": 0.2922123345956047, "4,19": 0.8620322809230667, "4,5": -1.0107359092462755, "4,6": 0.7679267688051836, "4,7": -0.6297562872675195, "4,8": 0.1116226960831499, "4,9": -1.7420458391263196, "5,10": -1.618008684060674, "5,11": 1.9264359210127218, "5,12": -1.7014924750670417, "5,13": 1.4577285805271463, "5,14": 1.0228012488496177, "5,15": -1.3428646992774773, "5,16": -0.5609856288525599, "5,17": -0.977411689781412, "5,18": -0.03319414684852928, "5,19": -1.2240463204764391, "5,6": -0.19052454419529452, "5,7": 1.9438717939379488, "5,8": -0.3854581556262775, "5,9": 0.22330320152887717, "6,10": 0.2186542140755532, "6,11": -1.4277330997304598, "6,12": -0.9429316624797686, "6,13": -0.6117277778694277, "6,14": 0.43393274271685556, "6,15": -0.26102124068094934, "6,16": -0.19162606530275994, "6,17": -0.24718548756972458, "6,18": 1.8559541549542558, "6,19": 0.6319369056536321, "6,7": 1.8476911340974347, "6,8": -0.749885063203195, "6,9": -1.0544068696675866, "7,10": -1.3976916687382221, "7,11": 0.9260253890648733, "7,12": -0.27814119436196627, "7,13": -1.12894429456709, "7,14": -0.12538739284927214, "7,15": -0.727894536466489, "7,16": 0.023629187771240012, "7,17": 0.07777652496980147, "7,18": 0.558134902455619, "7,19": 1.1609551801352986, "7,8": -1.05381652669459, "7,9": 1.427275445696778, "8,10": -0.3334653472409239, "8,11": 0.04874886397271805, "8,12": -0.49530529323761074, "8,13": 0.6450845628345108, "8,14": 0.5023563061476048, "8,15": 0.3061749254793025, "8,16": 1.6982702198883146, "8,17": -0.6572331182233837, "8,18": 1.8790952751873737, "8,19": -0.5023326039541347, "8,9": -0.12120400051533009, "9,10": 1.7356866719328305, "9,11": -1.1493287800106424, "9,12": 0.8727472131145086, "9,13": -0.5703852940750704, "9,14": -1.8842786329778627, "9,15": -0.6272703145980953, "9,16": -0.5066214783605116, "9,17": -1.3983639787082356, "9,18": 1.1675685909449762, "9,19": 1.6539135474859212}, "bias": {"0": 0.30853027802467814, "1": -0.4383311514742414, "10": -0.18217352573244439, "11": -0.4589900351192471, "12": 0.7700953060215752, "13": -0.5508314550976017, "14": 0.13279551859452732, "15": -0.41896674834757297, "16": -0.37387446924902434, "17": -0.7610196423460553, "18": 0.968480532103261, "19": 0.01647686690735939, "2": 0.9700419187284899, "3": -0.9870595943180245, "4": 0.6833157869559687, "5": -0.42229582812565036, "6": -0.7584423526307471, "7": 0.795621116242254, "8": 0.959961201106512, "9": 0.13320202442744766}}