{"Q": {"0,1": -0.6128596906621375, "0,10": -0.45246884543519306, "0,11": 1.1693507862185029, "0,12": -1.7631925499537404, "0,2": 1.8439916735001876, "0,3": 0.25967920210066175, "0,4": -0.9921842172667121, "0,5": -1.3474888381723371, "0,6": 0.5099604789322791, "0,7": -1.723327264842481, "0,8": 1.1987131264847428, "0,9": -1.7122288888564334, "1,10": -0.3601510804035648, "1,11": -0.42992018450354763, "1,12": 0.7051453928172537, "1,2": 1.439719479160023, "1,3": -1.4448573057492173, "1,4": -1.7419460049645772, "1,5": -1.9494502241912386, "1,6": -0.5999013874960277, "1,7": -0.9478105543904554, "1,8": -1.9924015933624917, "1,9": 0.4341928807164419, "10,11": 1.6912397076500825, "10,12": 0.15979644818886474, "11,12": 0.9095249107957355, "2,10": 1.5051212866901316, "2,11": -0.8215605605264988, "2,12": 1.939820065702404, "2,3": -1.1652745059084824, "2,4": 0.9945408977311851, "2,5": 1.7590538896238188, "2,6": -0.8379265058032233, "2,7": 1.36187517280577, "2,8": 0.4207520000481071, "2,9": 1.4919754319453489, "3,10": -0.6303082932115256, "3,11": -0.6536050882033417, "3,12": -0.9271928452743912, "3,4": -1.9541619125568839, "3,5": -0.4314661605876702, "3,6": 0.8466379871860932, "3,7": -0.25742540576528716, "3,8": 0.2867484670730427, "3,9": -0.41463672587977873, "4,10": 1.5526082065486553, "4,11": -1.3926995577734904, "4,12": 1.4175323996801765, "4,5": 0.6716108097318956, "4,6": 1.0245307556763326, "4,7": 0.35011880787017535, "4,8": 1.7495851388628578, "4,9": -1.5297350747522396, "5,10": 0.2627136884664063, "5,11": -1.5804926674194677, "5,12": -0.23890967424819287, "5,6": 1.5511688544103714, "5,7": -0.3831834174836435, "5,8": 0.19470695388465042, "5,9": 0.5848452539555518, "6,10": 0.8790826664305156, "6,11": 1.5322243945919007, "6,12": -1.0742949324285185, "6,7": 1.0325987457469799, "6,8": 1.3099733296928782, "6,9": -0.06541618019095674, "7,10": -1.3822459355006567, "7,11": -1.962137752483022, "7,12": -0.5348286130154158, "7,8": -0.25703439180730525, "7,9": -1.6029918296645538, "8,10": 1.4657302746515568, "8,11": -1.6568217122170448, "8,12": 0.07931881892703485, "8,9": -1.7715354488418948, "9,10": -1.5315407031823791, "9,11": 0.8867058842920241, "9,12": 1.2955115052285073}, "bias": {"0": -0.13417338738647677, "1": 0.6420713521434644, "10": -0.8253817943802362, "11": -0.513043913688114, "12": -0.24290668571168883, "2": -0.292932674108344, "3": -0.43110664000451804, "4": 0.14273131044703913, "5": 0.7829142239663414, "6": -0.6714314823559258, "7": 0.31502448217073464, "8": -0.8558708312981391, "9": -0.3173319757027133}}