{"Q": {"0,1": 1.7194880181416923, "0,2": 1.3697095481855133, "0,3": -0.9345964525971802, "0,4": -1.8040881897930396, "0,5": -1.8504842434714148, "0,6": 1.1000481065553789, "0,7": 1.4681227260845784, "1,2": 1.8849207851306082, "1,3": 0.3720954590403003, "1,4": 1.8266851818587768, "1,5": -1.714344499625596, "1,6": -1.6552013897288975, "1,7": 1.2159712235392215, "2,3": 1.9337578780946068, "2,4": 1.3478944065374967, "2,5": 1.3520837202220064, "2,6": 0.37953841220691986, "2,7": 0.552929917457134, "3,4": 1.6655131858398646, "3,5": 0.2199317724609715, "3,6": -1.0361393458110304, "3,7": -0.5244097308612621, "4,5": -1.0160457843982873, "4,6": 1.1431602031013717, "4,7": -1.3725903112851539, "5,6": 0.6196858547580368, "5,7": -1.07325595672688, "6,7": -0.2885461846594115}, "bias": {"0": 0.05772739982836206, "1": -0.13375162810909802, "2": 0.5702801433798936, "3": 0.6951354036909332, "4": -0.2620516047463268, "5": -0.8647816901885956, "6": -0.36299749911659895, "7": -0.49832094369821966}}