{"Q": {"0,1": 0.5429856175512806, "0,10": -0.6576415949785082, "0,11": 1.6557563667090025, "0,12": -0.3435297875346226, "0,13": 0.3235413445262041, "0,14": 1.2271246935473008, "0,15": -1.363961481569251, "0,16": 1.0101824035322324, "0,17": -1.3275674067888437, "0,18": 0.906415396758371, "0,19": 1.9616895266555283, "0,2": 0.07805999247725692, "0,3": 0.8180147845732599, "0,4": -1.1377451849053255, "0,5": -0.5860415846444891, "0,6": 1.3838379471883115, "0,7": 1.3607492651681659, "0,8": 1.3768930778073778, "0,9": -0.30964632726588537, "1,10": -0.8698381285280807, "1,11": 1.2914843955321342, "1,12": 1.5550383496973157, "1,13": 1.952825697105221, "1,14": 0.7540961033319835, "1,15": 1.933480173274845, "1,16": 0.4956725869236629, "1,17": 1.7143561457516627, "1,18": -0.6261217679407785, "1,19": -1.4429189194947223, "1,2": 0.9209364489205725, "1,3": -0.7162471779977793, "1,4": -0.1552680066580665, "1,5": 0.8681892430751579, "1,6": 1.1741136817039046, "1,7": 0.44582291589802514, "1,8": 1.0763973556235649, "1,9": 0.2668338696481123, "10,11": 0.9449811744473298, "10,12": -0.9510115223560458, "10,13": 1.5266198928013095, "10,14": 1.6452097464598436, "10,15": 0.7348378125493649, "10,16": 0.8802894218444024, "10,17": 0.3832394132883006, "10,18": -0.5659894135195307, "10,19": 0.8790197005236275, "11,12": -0.8734420146799438, "11,13": 1.8386671456692567, "11,14": 1.7629713222985575, "11,15": 1.9288468443122744, "11,16": 0.43788261681721785, "11,17": 1.2870674550449253, "11,18": 1.394874254205769, "11,19": 1.8973683943975428, "12,13": -0.3400367147168737, "12,14": 0.4087295118125174, "12,15": 0.8605297958937581, "12,16": -1.5683586846136657, "12,17": -0.8447639692187647, "12,18": -0.3330037618484254, "12,19": 0.5227190393878152, "13,14": -1.6157674132481805, "13,15": 0.565569310542763, "13,16": 1.9409195811825102, "13,17": -1.4616220509458824, "13,18": 1.9226667915738362, "13,19": 0.7898785960149053, "14,15": 1.9187677638384173, "14,16": 1.2017553911352685, "14,17": -0.6744543649547965, "14,18": 1.7030809242797407, "14,19": 0.41654700649544063, "15,16": 1.4512686464297095, "15,17": 0.4298543460286375, "15,18": -1.7455690608647667, "15,19": 0.35450638672504375, "16,17": 0.46613931701473277, "16,18": 0.54744326242849, "16,19": 1.133429851628685, "17,18": -0.8839035554200572, "17,19": -1.1966924940328276, "18,19": -0.5409828655917241, "2,10": -1.414794055160543, "2,11": 0.22770364483667338, "2,12": -1.6622682436174627, "2,13": -0.35256516179857567, "2,14": 0.09953259821618543, "2,15": 1.654904983905483, "2,16": 0.2101562936205279, "2,17": 1.4426556423674262, "2,18": 0.40010232685790603, "2,19": 1.4793422222700494, "2,3": 0.6110804171655131, "2,4": -1.9505127346881888, "2,5": -1.342880588408827, "2,6": 0.46860275235756266, "2,7": -1.5852001151121407, "2,8": -1.1467896633361798, "2,9": -0.9572199313024634, "3,10": -1.542321531440825, "3,11": -0.4741137835951421, "3,12": -0.040745164018091806, "3,13": -1.1255037506816108, "3,14": 0.0012102795112927112, "3,15": -1.7862995940147472, "3,16": -0.17966572935798197, "3,17": 1.1876261920561193, "3,18": -1.4910777334344005, "3,19": -0.3156303366089501, "3,4": 0.44213978457511605, "3,5": -1.2292742515978983, "3,6": -1.606070887806121, "3,7": 0.5867374515216448, "3,8": 1.906854726720367, "3,9": -1.7000465983867556, "4,10": 0.5404674683437669, "4,11": -0.5336054885210415, "4,12": 0.13033479932843628, "4,13": 1.876088014909861, "4,14": 1.0092057792525995, "4,15": -0.17561968359282298, "4,16": -0.17390748393914857, "4,17": 0.5514026552382862, "4,18": -0.07665325384119992, "4,19": 0.4313021635087275, "4,5": 0.4007502224414221, "4,6": -1.2584217021991324, "4,7": 1.685618633370395, "4,8": -0.6999557245061521, "4,9": -0.1575699816007483, "5,10": 0.5911780724965832, "5,11": 1.0172915967321519, "5,12": 0.5741267524165399, "5,13": -0.40722865801745645, "5,14": -1.6359946555036853, "5,15": -0.06222701307139289, "5,16": 0.7681540233970421, "5,17": 1.8588479176918242, "5,18": 1.648422585951295, "5,19": 0.6888127828170787, "5,6": -1.1953595676544788, "5,7": 1.9793373472948863, "5,8": -0.8581939706348787, "5,9": 0.2571570380467585, "6,10": -1.9619709474904274, "6,11": 1.782704091329446, "6,12": -0.4806503920429135, "6,13": -1.3658071954601039, "6,14": -1.0204910440375081, "6,15": 0.8198381861833233, "6,16": -0.988024771510231, "6,17": 0.02383677601830847, "6,18": 0.44433501306479517, "6,19": -1.7607833544969003, "6,7": 0.32645010491054727, "6,8": 1.6781363693064248, "6,9": -1.6237590746969874, "7,10": 1.7207468910488446, "7,11": 0.5467101725571508, "7,12": 0.6772673005388952, "7,13": 0.5610730084916784, "7,14": 1.0404732619898271, "7,15": -1.7921927736205436, "7,16": -1.3215572072997688, "7,17": -0.8261414599362129, "7,18": 1.6964554456292729, "7,19": -1.6274545243240954, "7,8": 1.3517370356071052, "7,9": 0.5557739568304099, "8,10": -1.3628190969191127, "8,11": -0.5484688463034986, "8,12": 1.7017100867065427, "8,13": 1.9925729834426371, "8,14": 0.41971375386445153, "8,15": 1.814036772895343, "8,16": 1.1164087870425385, "8,17": -1.1064884731531093, "8,18": 0.483737328597003, "8,19": 0.39799593099891917, "8,9": 0.41904309828759123, "9,10": 1.8795957534175285, "9,11": 1.826134069765033, "9,12": -1.950354279324456, "9,13": 1.88617990570806, "9,14": -1.9471281520005252, "9,15": -1.046346295038533, "9,16": -0.18359717383450924, "9,17": -1.9356764858182913, "9,18": 0.5697102521545974, "9,19": -0.5752407086680171}, "bias": {"0": -0.2606335330952245, "1": -0.28636226497445016, "10": 0.9017058912134737, "11": 0.7276394099102281, "12": 0.45172505255151596, "13": 0.9543938875606164, "14": -0.8083557754133837, "15": 0.01031850516917543, "16": 0.5126398228579574, "17": 0.9277410898914815, "18": 0.40430328440354013, "19": -0.5216471939425851, "2": -0.28663795477058307, "3": -0.3173314981866753, "4": 0.015291841063644895, "5": -0.9478739536000127, "6": -0.5558216691893278, "7": -0.821594267674769, "8": -0.7076879692424782, "9": -0.2342150193892829}}