{"Q": {"0,1": 1.335424080248354, "0,10": -0.04098442688860837, "0,11": -0.15475957681433394, "0,12": 1.344460616530522, "0,13": -0.6420340976853351, "0,14": -0.5103745066761478, "0,15": -0.2436660751787234, "0,16": -0.00851257950354034, "0,2": 1.2522536802730375, "0,3": 0.2315918235108123, "0,4": -1.659769908745861, "0,5": -1.942686383839337, "0,6": 0.7643940360243224, "0,7": 1.4215378302617823, "0,8": -1.205547374094961, "0,9": -0.9212321014129059, "1,10": -0.3610392367495092, "1,11": 1.0857764353348052, "1,12": 0.059893013287522834, "1,13": 0.8642043058945807, "1,14": -1.374646249245958, "1,15": -1.2930074589206275, "1,16": -0.054736775251691405, "1,2": 0.11986450398898407, "1,3": 0.7940225829535099, "1,4": 0.5918911376601619, "1,5": -1.9197200251799127, "1,6": -0.4022916855058143, "1,7": -1.0965561386015983, "1,8": 1.4554307102081152, "1,9": -0.593109766822471, "10,11": -1.7055739678759716, "10,12": 1.5271819055217581, "10,13": 0.0681634244978655, "10,14": 0.008043696308260184, "10,15": 1.4374379493524096, "10,16": -0.6239528648566162, "11,12": -1.1087209349910858, "11,13": 0.44269585396131683, "11,14": -0.5495776155589085, "11,15": 0.7310742981332239, "11,16": 1.925356116427464, "12,13": -1.3931806154705346, "12,14": -1.886744458229562, "12,15": 0.39100379434807575, "12,16": -1.4824020192622451, "13,14": -1.2551386905491229, "13,15": -0.3780174537345049, "13,16": -0.5599439329678666, "14,15": -1.7754572575013854, "14,16": 0.8180062984838545, "15,16": -1.77673856636576, "2,10": -1.5769458876216063, "2,11": 1.1481989309513585, "2,12": -0.08875320633246853, "2,13": -1.9005811736946763, "2,14": -0.7499476751741487, "2,15": -0.7915768200987818, "2,16": 1.5073698060357477, "2,3": -0.9478480066975794, "2,4": 1.05452601140927, "2,5": 0.3625532512907057, "2,6": 0.8126770744743106, "2,7": 0.4781844598024261, "2,8": -0.8205547601079721, "2,9": -1.8178017599555822, "3,10": -0.19726663506551656, "3,11": -0.15882750147512814, "3,12": -1.2710225035847715, "3,13": 0.01952914592319832, "3,14": 1.7333883708700095, "3,15": -0.2400977734139631, "3,16": 0.045658003676862347, "3,4": -1.3765702680932441, "3,5": 0.4841504611323879, "3,6": -0.23623840256600515, "3,7": -1.6552441556579605, "3,8": -1.973549048725943, "3,9": 1.1872111396885496, "4,10": 1.6990078114645275, "4,11": 1.1010448866779474, "4,12": -0.060302000513126064, "4,13": 1.3718648830839548, "4,14": -0.6056964931822675, "4,15": -1.9732424423088357, "4,16": -1.5955938635455715, "4,5": 0.6381867869220819, "4,6": -0.7519996790421435, "4,7": 0.6167223981633629, "4,8": 1.385402550428935, "4,9": -0.769196759126741, "5,10": -1.5442501854621242, "5,11": -1.814276501181086, "5,12": -1.2141041084229456, "5,13": -0.6378743608693123, "5,14": 0.14600584353889046, "5,15": 1.9596802800081559, "5,16": -0.24647804976422272, "5,6": 1.1595035162106164, "5,7": -1.886448746769037, "5,8": 0.8977968425177401, "5,9": 1.7481199868486152, "6,10": 0.7643119892282169, "6,11": -0.907143857243264, "6,12": 0.16267375902258374, "6,13": 1.6033384977441236, "6,14": -1.8931394961215071, "6,15": 1.7311893726343288, "6,16": -0.9409554254908241, "6,7": -1.9818342301127534, "6,8": -0.8889202468238686, "6,9": 1.0594207569417473, "7,10": -0.2010952473398535, "7,11": -1.2997338656134194, "7,12": 0.8097796007012787, "7,13": 1.3322998490970672, "7,14": -1.9769803080652726, "7,15": 0.6042097565158033, "7,16": 1.4775386829270882, "7,8": 1.7747899724803151, "7,9": -0.6758967908996047, "8,10": -0.9704806859036768, "8,11": -0.9968719294713808, "8,12": -0.44740683023868444, "8,13": -0.9315899608154639, "8,14": 0.8206400902740381, "8,15": 1.53082542566567, "8,16": -0.29572210515743524, "8,9": -0.32021456811749527, "9,10": -1.4413582628700938, "9,11": 1.6057346795559457, "9,12": -0.6472506587853455, "9,13": 0.8136305955896446, "9,14": -1.602683423750042, "9,15": 0.3484950582348749, "9,16": 1.3538950227740743}, "bias": {"0": 0.9371819126124761, "1": -0.4414495353907444, "10": 0.5407599369421294, "11": -0.8200613229876501, "12": -0.32018010960414345, "13": 0.5056479913847864, "14": 0.13364595695829906, "15": -0.7493022864956203, "16": 0.3342477020340786, "2": -0.2976983039902279, "3": 0.3859673293621426, "4": -0.19154484090619617, "5": 0.0642567352559531, "6": -0.7220502630304433, "7": -0.7681455698633342, "8": 0.09145346478861827, "9": -0.4573811751982726}}