{"Q": {"0,1": 0.7600428464892919, "0,10": -1.7980657270595555, "0,11": -1.024711692914904, "0,12": -1.9544491992606159, "0,13": 0.24140702014092685, "0,14": 0.1555140966760824, "0,15": 1.8731575465610453, "0,16": -0.5954525049896975, "0,17": 0.8852854839166278, "0,18": -1.9873905953344209, "0,2": 1.1221246687627375, "0,3": 0.046599858536345184, "0,4": 1.6752475394172546, "0,5": 0.7512382472178434, "0,6": 1.6982358800981618, "0,7": -0.6025439922177331, "0,8": 1.0889962602800995, "0,9": -0.06798192752843102, "1,10": 0.5642257832942699, "1,11": 0.4793451814879375, "1,12": -1.239517438908516, "1,13": 1.916223609442116, "1,14": -0.13882689455767583, "1,15": -0.21078875737249048, "1,16": -1.7427287493920267, "1,17": -1.8614582405077713, "1,18": 0.9938098808639539, "1,2": 0.10204953987806009, "1,3": -1.0703199457106503, "1,4": -0.30286031600907126, "1,5": -0.22621455587111683, "1,6": -0.09155936281305754, "1,7": -1.2057912200357683, "1,8": -0.06620223293067129, "1,9": 1.069694769787127, "10,11": -0.7403934267955834, "10,12": -0.8028124753327504, "10,13": 0.8708035085667234, "10,14": -0.4762555231519725, "10,15": 1.8353442017599084, "10,16": -0.9708420375662339, "10,17": -1.0468573847726792, "10,18": -1.2752995610832674, "11,12": 1.7029730847577769, "11,13": -1.4412774074892436, "11,14": 0.9480631199099929, "11,15": 0.8779341336660043, "11,16": 0.9673331350178818, "11,17": -0.9471260017299783, "11,18": 0.3739700373279069, "12,13": -0.5763681399840572, "12,14": -1.3487303273736022, "12,15": 0.4234430113314209, "12,16": -0.6423788174976779, "12,17": -0.03819911823610678, "12,18": 1.044165412543331, "13,14": 1.4033994671206957, "13,15": -1.3789179585444193, "13,16": -0.32568674912857487, "13,17": -1.5913370240060538, "13,18": -0.0747132299513269, "14,15": 1.5920793007321805, "14,16": -1.070791573416698, "14,17": 0.7791446638341788, "14,18": 1.1524153315830472, "15,16": -1.371112775792167, "15,17": 1.1299514023097283, "15,18": 1.8660958641399579, "16,17": -0.4235656499799556, "16,18": -1.7457273939110594, "17,18": 1.8004431168115484, "2,10": 0.951963994101412, "2,11": 0.7133263392796212, "2,12": -1.5020237914410157, "2,13": -1.0880266543252128, "2,14": -1.164811524119179, "2,15": 1.8703094714619275, "2,16": -1.636708109137213, "2,17": 0.31736202283397663, "2,18": -1.6988579003194078, "2,3": -1.0946916749030593, "2,4": 0.009934604643756728, "2,5": 0.39124202381458595, "2,6": -0.901610648285819, "2,7": 1.9244652153730506, "2,8": 0.05922027836083821, "2,9": 0.17145640820299635, "3,10": -0.11289356574768039, "3,11": -1.853014817629946, "3,12": -0.9118806454511263, "3,13": 0.0349347909510449, "3,14": 0.6302668668311076, "3,15": 0.44192190242816487, "3,16": -1.4476220226236811, "3,17": 0.23852211642186738, "3,18": 0.3398993322458259, "3,4": -0.4891678167030613, "3,5": 1.2559135544135192, "3,6": 0.8035042692037688, "3,7": 0.5015271602543567, "3,8": 0.6423360485045015, "3,9": -1.7015488366182936, "4,10": -1.3614251894160914, "4,11": -0.22751453629850937, "4,12": -0.1771513268206073, "4,13": -1.0287402588394285, "4,14": -0.34647396712493794, "4,15": 0.545738531394159, "4,16": -1.870206748554534, "4,17": 1.8118163348603273, "4,18": -0.4160730274564486, "4,5": -1.4520211500052302, "4,6": 1.4948098995986245, "4,7": 1.9602533765189385, "4,8": 0.7499951577542658, "4,9": 0.9664328916596019, "5,10": -0.802553924928822, "5,11": -0.7240228655716465, "5,12": 1.6287202245816617, "5,13": -1.0117908298655656, "5,14": 1.0268372209656316, "5,15": 1.259617635162412, "5,16": -0.922254772930704, "5,17": -0.3067637871239284, "5,18": -1.7941372907587718, "5,6": -1.392051006727082, "5,7": -1.19801820521372, "5,8": 0.9615508482729997, "5,9": -1.5732572230778423, "6,10": -1.3713127933323817, "6,11": -0.007307992189060641, "6,12": -1.5259225281130506, "6,13": 0.42887354326608973, "6,14": -0.14122744088581385, "6,15": -1.265871107557937, "6,16": -0.1602726781894135, "6,17": 0.5611506259196042, "6,18": 1.1690810391035527, "6,7": 0.9541779789214901, "6,8": 1.7245162728438252, "6,9": 1.0614160556089858, "7,10": -1.7976208474342918, "7,11": -1.3183490772911135, "7,12": 1.8312732479038152, "7,13": 0.018158310406063194, "7,14": -1.0641257547772631, "7,15": -1.0610823133194969, "7,16": 0.32538024739623017, "7,17": -1.0325249436036508, "7,18": -0.40834042763393175, "7,8": -1.326705720308638, "7,9": 0.013670872567319137, "8,10": 0.21938780031404237, "8,11": 1.1861076423928858, "8,12": 1.729070655871444, "8,13": -0.32428561069923445, "8,14": 0.7505006422509508, "8,15": -0.8911065997589631, "8,16": 0.5759987348876718, "8,17": -1.8081150780299433, "8,18": 0.08650659012156048, "8,9": -1.6365534906292396, "9,10": 0.9636727680629367, "9,11": 0.5368537054041069, "9,12": 0.5268305122100254, "9,13": -1.0733130900119798, "9,14": 1.3291109968845967, "9,15": -1.394606435694123, "9,16": 0.045998278270702464, "9,17": -1.3804256967984747, "9,18": -1.108342576264513}, "bias": {"0": -0.3339316455745831, "1": 0.883557168107501, "10": 0.18052070012811416, "11": 0.19161073373470972, "12": -0.1524493457694458, "13": 0.15449302926252284, "14": 0.6720191013556496, "15": 0.42018436610212473, "16": -0.4315938917268538, "17": -0.1242262868775712, "18": 0.46081577907893356, "2": 0.09547465707873592, "3": -0.8306155833022799, "4": -0.047879575661402995, "5": 0.7189491482513546, "6": -0.5622102631951782, "7": 0.6765246550618453, "8": 0.06795545142966386, "9": 0.17296731375479868}}