{"Q": {"0,1": 1.9868261065535218, "0,10": 1.5489423511724114, "0,11": 0.9627857809553397, "0,2": -1.791931369532795, "0,3": 0.3783679530628308, "0,4": -1.9201341617006835, "0,5": 0.37934634340388484, "0,6": 1.0648115378533398, "0,7": 1.907375091915025, "0,8": -0.41721747092602035, "0,9": 1.9934578649948436, "1,10": -0.35076985979126185, "1,11": -1.5584502064926604, "1,2": 0.898104218390881, "1,3": -0.028468963399527425, "1,4": -0.4705236072462906, "1,5": 0.2924437343561488, "1,6": -0.8813243995088, "1,7": -1.328136835274318, "1,8": -0.881127222471668, "1,9": -1.3609569023585113, "10,11": -0.22021634146223912, "2,10": -1.5569169529393863, "2,11": -0.44096729147011215, "2,3": -0.159262466079368, "2,4": -1.1015238931355422, "2,5": -0.5149750223294736, "2,6": -1.9595311968407105, "2,7": -1.9522276155418998, "2,8": 1.598356250533663, "2,9": -0.6310150932261624, "3,10": -1.9281498248890165, "3,11": -1.8939877233070335, "3,4": 1.9560242474927612, "3,5": 0.9549791283647795, "3,6": 1.6855630003204922, "3,7": 0.8228358906606061, "3,8": -0.7464267272983305, "3,9": 0.5144031107079208, "4,10": 1.0799693303599467, "4,11": -0.7966696529022395, "4,5": -1.2304237329421164, "4,6": -1.5142087482987585, "4,7": 0.7777171198831776, "4,8": 1.9456334086180176, "4,9": -0.366865506027064, "5,10": -1.8368977363319217, "5,11": -0.5562509727628915, "5,6": -1.8061245729168873, "5,7": -0.8994275458446483, "5,8": -0.7106728584099677, "5,9": -0.31654495385192183, "6,10": -1.3755235033238633, "6,11": 0.8136513456913548, "6,7": 0.33597112922765815, "6,8": -1.151640614191713, "6,9": -0.015589808713527109, "7,10": 1.180527818492692, "7,11": 1.3499828476442608, "7,8": 0.9713260167543698, "7,9": -1.0531481391461455, "8,10": -0.1451726810243943, "8,11": -0.5283613864165466, "8,9": -0.9175584698243089, "9,10": 1.543594384727581, "9,11": -0.12889281868700309}, "bias": {"0": -0.11632100291596026, "1": -0.9814576239593358, "10": 0.5808252799540927, "11": 0.7068407612690883, "2": -0.4204740780668783, "3": 0.8324289680436678, "4": -0.5172100306226166, "5": -0.3530662442391608, "6": -0.25918534371539903, "7": -0.9199569578035973, "8": -0.17030183400036325, "9": 0.6871588662192574}}