{"Q": {"0,1": -1.767337437351625, "0,10": 0.30666585328766427, "0,11": -0.035233857398546675, "0,2": 1.7519896287483352, "0,3": 1.4672234588035669, "0,4": -0.8727277656561476, "0,5": -1.7751237568151135, "0,6": -1.3481999761740004, "0,7": -1.5603201986548183, "0,8": 0.5102225626553931, "0,9": -0.41004883506978196, "1,10": -1.4843648309758133, "1,11": -0.18123382830455093, "1,2": 1.30975709205351, "1,3": -1.4471957227404992, "1,4": 1.1271687110653512, "1,5": -1.0748726378798872, "1,6": -1.0540678952273952, "1,7": -0.6778926415006752, "1,8": -0.877463640345368, "1,9": 0.9367751730625558, "10,11": 1.9488415327909197, "2,10": -1.7157839051919366, "2,11": 1.589630931605035, "2,3": -1.483909781717991, "2,4": 1.1743725013555357, "2,5": 1.6401452163499486, "2,6": -0.2362099138836209, "2,7": 1.0392913744094816, "2,8": 1.0050901943533006, "2,9": -1.2922577874805947, "3,10": -0.1392486063437275, "3,11": 1.4487789930700092, "3,4": -0.24224657479887046, "3,5": -0.3863830621896449, "3,6": 0.49898412763316236, "3,7": -0.4046276122936754, "3,8": 1.2310175430723103, "3,9": 0.41633617120976885, "4,10": -1.6418774920941828, "4,11": -1.2768813966184025, "4,5": -0.10440990345210732, "4,6": 1.6825266090408961, "4,7": 0.4279169086191681, "4,8": -0.8469386953838929, "4,9": -0.6449542952642653, "5,10": -1.623604910911613, "5,11": -1.7702456312629407, "5,6": -1.2163953431683399, "5,7": -0.017178304903835873, "5,8": -0.7072615265967919, "5,9": 1.1391202100960465, "6,10": 1.9482891244296714, "6,11": -1.85051564603133, "6,7": -0.4603315136049049, "6,8": -0.6559203821889223, "6,9": -0.43696537376841516, "7,10": -0.6614634998064131, "7,11": -0.47068354923124023, "7,8": 0.3645041561298874, "7,9": 1.963614137331438, "8,10": 0.1449759436042637, "8,11": 0.44792972905330863, "8,9": -0.6024329804386466, "9,10": 1.0989715008483625, "9,11": -1.3942271138954774}, "bias": {"0": 0.7731728807238185, "1": 0.04495451975032139, "10": 0.11005497091096017, "11": -0.4802060727809676, "2": 0.16529892402348123, "3": -0.24984879069855115, "4": 0.5845777842091546, "5": 0.39900728811626585, "6": -0.7257336724523493, "7": 0.06351312264902087, "8": -0.9614842645826072, "9": 0.0007647501052301386}}