{"Q": {"0,1": 0.9311291326269271, "0,2": -0.8868034581857276, "0,3": 0.9890093976541707, "0,4": 0.12633840478022984, "0,5": -0.02781671487795112, "0,6": -1.8205166221816285, "0,7": -0.2817949591151261, "0,8": -1.2846032016640487, "0,9": 1.8323933086940238, "1,2": -0.7017699935118498, "1,3": 0.9401516422018119, "1,4": -0.34794864501775535, "1,5": 1.4023009608956531, "1,6": -0.4052751404250867, "1,7": -0.21731011068086392, "1,8": -1.427739563207696, "1,9": 1.75433635602975, "2,3": 1.1125043150231329, "2,4": 1.9833771707183696, "2,5": -1.701443064273474, "2,6": 1.5746611678945839, "2,7": -1.5302877199573706, "2,8": -0.06576785441187205, "2,9": -0.06821456519986668, "3,4": 0.5997990640850608, "3,5": -1.1628410959589774, "3,6": 1.1026670580231404, "3,7": 1.694841922326793, "3,8": -0.6813311575446472, "3,9": -1.9022845558526535, "4,5": 1.4580405194268518, "4,6": -0.34766056743542073, "4,7": 0.9823991692896548, "4,8": -1.147662315782032, "4,9": 0.6378165781610248, "5,6": -1.0449013078380367, "5,7": -1.4280026227623206, "5,8": 0.37893413500370166, "5,9": -1.3345096495684632, "6,7": 0.4381202463285363, "6,8": -1.7433349085371037, "6,9": -1.5250118220789082, "7,8": -0.3125721406360493, "7,9": 0.6844438409903808, "8,9": -1.2574245316707588}, "bias": {"0": -0.8825422902681939, "1": 0.6735067172158302, "2": -0.8977989877936718, "3": 0.05096477614645911, "4": -0.6608051134862711, "5": -0.14455919053457977, "6": 0.658628952981879, "7": 0.6923929835083951, "8": 0.8634030218680953, "9": -0.5307762262338458}}