{"Q": {"0,1": -1.932821507335876, "0,10": -0.09371539933540296, "0,11": 1.3280332842398854, "0,12": 0.017111675594939424, "0,13": -1.43665820639935, "0,14": 1.2982525450440154, "0,15": -0.7691763646533887, "0,16": 1.8985457241759964, "0,17": 1.245214898719063, "0,2": 0.6172645034949364, "0,3": 1.2103441439317684, "0,4": -1.7769780858468276, "0,5": 0.32348781805235927, "0,6": 0.12072765415988007, "0,7": 1.565148839124578, "0,8": -1.5888085420592275, "0,9": 1.115456357544844, "1,10": 0.9250847524124479, "1,11": -1.418305318782826, "1,12": -0.09363842089251229, "1,13": -0.8800085267089126, "1,14": -1.1828711664473461, "1,15": -0.26731301979234257, "1,16": 1.0109963623816913, "1,17": -0.2964968107163597, "1,2": -1.9499740759989033, "1,3": -1.148199106759793, "1,4": -0.9121283282837234, "1,5": -1.920423383988779, "1,6": -1.9890982874492464, "1,7": -0.2461989362594479, "1,8": -0.8912582143010535, "1,9": -0.735911460621014, "10,11": 1.558689769992359, "10,12": -1.3233700136498832, "10,13": 1.597738037460688, "10,14": -0.7514460666333513, "10,15": 1.1769093280765972, "10,16": 1.3236239772918728, "10,17": 0.4721108395413194, "11,12": -1.0822758122042848, "11,13": 1.311701484772195, "11,14": -0.4063397724373372, "11,15": -1.2893895000429971, "11,16": -0.918138784694686, "11,17": 0.2641006626743363, "12,13": -1.963081625127391, "12,14": -1.3002468196532475, "12,15": 1.3433692202326073, "12,16": -1.053179923461213, "12,17": -0.3094486924970652, "13,14": 0.048543914876977734, "13,15": 0.060947427861018255, "13,16": 1.2552161652722984, "13,17": 0.4379689949254417, "14,15": -1.5776074928927537, "14,16": 0.5461486336101489, "14,17": -0.3095757273514397, "15,16": 1.3650549633440892, "15,17": -0.9093989172536614, "16,17": -0.16852179824374947, "2,10": -1.0590723970635643, "2,11": 1.5387952785658023, "2,12": 0.36474315891805853, "2,13": 0.34482213080140367, "2,14": -0.9739469713513516, "2,15": -0.352091573101891, "2,16": -1.4904839645746137, "2,17": -0.40919076524332976, "2,3": 1.0150047957020654, "2,4": -1.1445230092708352, "2,5": 1.0678760645373977, "2,6": -0.39341402827938676, "2,7": 1.6324936633301963, "2,8": 0.11103761687962876, "2,9": -0.28163934871756746, "3,10": 1.714195505965781, "3,11": -0.2933171914211621, "3,12": -0.9225546802459825, "3,13": 1.1789778077005666, "3,14": 1.409897611895417, "3,15": -0.17036363106410146, "3,16": 0.3346860492368884, "3,17": 1.0658471026390979, "3,4": 0.9703524749071244, "3,5": 1.742763250087282, "3,6": -0.3911937245219921, "3,7": -0.48536214553937107, "3,8": 0.9727906115597542, "3,9": 1.7377672371764374, "4,10": 0.3700901258177298, "4,11": 0.6247550458262396, "4,12": 0.5799085193752602, "4,13": -0.5325157512156355, "4,14": 0.5586201593741618, "4,15": -1.6923517962367134, "4,16": -0.515607756983715, "4,17": 0.5519219266132076, "4,5": 1.3041625386401687, "4,6": 1.114582317627979, "4,7": 1.7273968395742996, "4,8": -1.0763136440472088, "4,9": 1.8994313059653885, "5,10": -0.4623905515333724, "5,11": 0.10669336283821673, "5,12": 0.7736587663825691, "5,13": -0.288503141177197, "5,14": -1.727565910158929, "5,15": -1.3483121673173586, "5,16": 1.8191049315918253, "5,17": -0.1571078470057583, "5,6": 1.884727169977384, "5,7": -1.6063352516292668, "5,8": -1.1093539816067337, "5,9": -1.5241474050192485, "6,10": -1.8030407651542233, "6,11": 1.6324254659647148, "6,12": -1.1208212455209017, "6,13": 1.9328666824916656, "6,14": -0.23176085411538017, "6,15": 1.9809527845994905, "6,16": -0.046935771068055576, "6,17": -0.4105687055221452, "6,7": -1.9842585697295374, "6,8": -0.5275452680675459, "6,9": 1.957433747524715, "7,10": -1.1984844667414039, "7,11": -1.7951567864658204, "7,12": 1.1139931158781677, "7,13": -0.7766490659194076, "7,14": 1.85079638159855, "7,15": -1.8190373039084844, "7,16": -1.835772215533697, "7,17": -0.2245154340044242, "7,8": 1.8786657859692353, "7,9": 0.4246876880928432, "8,10": -1.301150255769115, "8,11": 0.2178351236649947, "8,12": -1.1981641048866734, "8,13": -0.7330431757189837, "8,14": 1.4598370314105553, "8,15": -0.9016555519168405, "8,16": -1.0325112347063108, "8,17": 0.06659289674572522, "8,9": 0.9424385400067896, "9,10": 1.1997292712090886, "9,11": 0.012948031679419714, "9,12": -1.2171719215149204, "9,13": 1.445008465985187, "9,14": 1.0614575019231407, "9,15": -1.944617724356139, "9,16": -0.5259527381702855, "9,17": 1.5240555782967564}, "bias": {"0": -0.7787620945277629, "1": -0.5730773453748954, "10": -0.8118398703701648, "11": 0.3463507913298014, "12": 0.9891960190569855, "13": -0.5036080005220442, "14": -0.14200805475360023, "15": -0.16063342878038012, "16": 0.5090095716062726, "17": -0.7853526693471471, "2": -0.21549712456568582, "3": 0.805908378484216, "4": -0.546843653012429, "5": 0.8037528646683114, "6": 0.3903257283199797, "7": -0.3527997702030541, "8": 0.5148443836609036, "9": -0.7192749361842075}}