{"Q": {"0,1": 0.7311095548236688, "0,10": -1.1734902218269525, "0,11": -1.9124833055701873, "0,12": -0.5600498144812067, "0,13": -1.345713681998855, "0,14": 1.8386661899184982, "0,15": 0.4124073621554505, "0,16": -0.35444975172567306, "0,17": 1.5019596820812944, "0,18": 0.5784998045373877, "0,2": -0.5214627022192473, "0,3": 1.6420590378131665, "0,4": -1.9897788621825714, "0,5": 0.3365989379434078, "0,6": -1.6156521140920344, "0,7": 0.22417147476164567, "0,8": 0.8869283165571202, "0,9": 0.6609399477367681, "1,10": -0.27662632050456537, "1,11": -0.6863077340102617, "1,12": -1.149794135274386, "1,13": -0.8600994984703179, "1,14": -1.1787098092379313, "1,15": -0.9181971012041217, "1,16": -1.9577729135746842, "1,17": 0.7447835649021735, "1,18": -0.8619441905290253, "1,2": -1.547134437605957, "1,3": 1.8228293989802844, "1,4": -0.43913863546302867, "1,5": 0.23306451988445342, "1,6": 1.4790523889593974, "1,7": -1.2403815168219103, "1,8": 0.7977465757756979, "1,9": -0.6195962892473807, "10,11": -1.9688569327430119, "10,12": -1.2385171928850918, "10,13": 0.7138981207802644, "10,14": -0.9985309434122129, "10,15": 1.772961759678891, "10,16": 1.3901179334450178, "10,17": 0.734498452307335, "10,18": 0.0316368578604882, "11,12": 1.9185975006190636, "11,13": 1.359020553091249, "11,14": -0.16048108473035194, "11,15": -0.6882575902723298, "11,16": -1.0858387497840152, "11,17": 0.5576532449826761, "11,18": 0.20359640223373754, "12,13": 0.6259651694463426, "12,14": -0.5917028434188998, "12,15": -1.5872443864324666, "12,16": -0.7016223042110519, "12,17": -0.5528386636284148, "12,18": 1.6911772565398326, "13,14": -1.341640034275013, "13,15": 1.892404386416826, "13,16": -1.542982510057893, "13,17": 0.18455499418040544, "13,18": 1.6585558487232568, "14,15": 0.3028597747790882, "14,16": 0.3052828525397744, "14,17": 0.809260261467212, "14,18": 0.6295113842589659, "15,16": -1.2630494257375942, "15,17": -0.7553207689190677, "15,18": 1.6894184345439713, "16,17": -1.99554110078958, "16,18": -1.1683831578960882, "17,18": -0.9538991252003624, "2,10": 0.09110572583069931, "2,11": -0.35192907268298823, "2,12": 0.7099301825103512, "2,13": 1.5949537837209253, "2,14": 1.0832604708685554, "2,15": -0.8030828398575962, "2,16": 0.018092313777097413, "2,17": -0.06624638462223276, "2,18": 0.7297967002692212, "2,3": 1.443279534237118, "2,4": 1.2317187745918838, "2,5": -1.4941934332986113, "2,6": 1.3616226985233917, "2,7": 0.10087059343241123, "2,8": 1.944372973823222, "2,9": -0.9115928046941995, "3,10": 0.8267399925102428, "3,11": 0.19400677215987594, "3,12": -1.010268177510742, "3,13": 0.5466474748097214, "3,14": 1.5133070127515298, "3,15": -1.720156220465745, "3,16": -0.7950647745823676, "3,17": -1.4976077511694657, "3,18": -0.07287366251197192, "3,4": 1.46924878964751, "3,5": 1.5038392901549122, "3,6": 0.7723049777472375, "3,7": -0.6107315395536435, "3,8": -1.7384514847719879, "3,9": 1.9821010990545154, "4,10": 1.8690608432742546, "4,11": -0.31851207444309093, "4,12": -1.6203140787207846, "4,13": -0.7072599484754054, "4,14": -1.1248491832675005, "4,15": 0.21195081090020684, "4,16": 1.6553941217954158, "4,17": -1.8066123424578429, "4,18": 0.21031778752774466, "4,5": -0.7747273767604534, "4,6": 1.5587239383564566, "4,7": -1.3385995434840097, "4,8": 0.9536758735157491, "4,9": -1.2588408032422818, "5,10": -1.7803537755551453, "5,11": -1.074970328181315, "5,12": 1.1335201594068178, "5,13": 0.1952689565662662, "5,14": 1.9231123238743533, "5,15": -0.10249772291582326, "5,16": -0.458821719781922, "5,17": 0.4583196171896202, "5,18": 1.5721200026098008, "5,6": -0.16954150585007, "5,7": -1.5243084058774912, "5,8": 1.1789821966191956, "5,9": 1.208502954990784, "6,10": -1.8837454140670662, "6,11": -1.1215291299905044, "6,12": -0.9398734169235863, "6,13": 1.9307813960619482, "6,14": 0.6116045133214412, "6,15": -0.03070379399409262, "6,16": 1.0203617929242976, "6,17": 0.4973868558868695, "6,18": -0.2779692923902748, "6,7": -1.2315718847971793, "6,8": -1.7344123943052336, "6,9": -0.359784734602806, "7,10": -1.936643959145298, "7,11": 0.5645016389698738, "7,12": 1.615856486265666, "7,13": -0.7168532488883046, "7,14": 1.9109802157965325, "7,15": -1.6795583324621113, "7,16": -1.0616458714360637, "7,17": -0.8861386241265881, "7,18": 0.45815945363069366, "7,8": 1.2971606420534747, "7,9": 0.8071151207254204, "8,10": -0.08914895553337132, "8,11": -0.026467448959751838, "8,12": 0.8251628866183585, "8,13": -0.9059958606568692, "8,14": -0.572769255168533, "8,15": 0.8766494209545557, "8,16": -1.1602141196787246, "8,17": 0.7781745818442949, "8,18": -1.0110445271051622, "8,9": -0.25785488863941675, "9,10": 1.188129382379738, "9,11": 1.3728561933599597, "9,12": 1.5032425152728344, "9,13": 0.8692240960431414, "9,14": 0.8306783575780705, "9,15": -0.9493657697621352, "9,16": 0.7638286584670038, "9,17": 1.9110850479982822, "9,18": 1.241139681220941}, "bias": {"0": 0.9897455202979037, "1": 0.02169504247908649, "10": -0.06417556149778458, "11": -0.42371724589710547, "12": 0.44033565874129854, "13": -0.13103663950909605, "14": -0.8426596396555122, "15": 0.41497829350698034, "16": 0.48728831006980466, "17": -0.26740413485747117, "18": -0.7217879465852353, "2": 0.28440246609336395, "3": 0.9207838501709564, "4": 0.45802082242205433, "5": 0.33998541325650833, "6": 0.9393153617044427, "7": -0.6696586953966834, "8": -0.22293525871666175, "9": 0.5283710033475122}}