{"Q": {"0,1": 0.6746563130353742, "0,10": -0.8042833396024873, "0,11": 1.197379463636075, "0,12": 0.9172642698194324, "0,13": -1.8840388912312456, "0,14": 1.3150131799403808, "0,2": -0.8804830691384096, "0,3": -0.22409924544081639, "0,4": -1.2068034258642855, "0,5": -0.10943088111756438, "0,6": 0.7804962708446905, "0,7": 1.9226099681680746, "0,8": -1.91847601130829, "0,9": -0.3634247605659935, "1,10": -1.162251745047607, "1,11": 1.2153232709172759, "1,12": 1.2040974360021606, "1,13": 0.01170895978902875, "1,14": 1.7964393089782913, "1,2": -0.9556782619061375, "1,3": 1.132602903867216, "1,4": 1.9747464388028106, "1,5": 1.9418110370156065, "1,6": -1.0756437047192855, "1,7": 1.1157296395909375, "1,8": -0.8546411313788664, "1,9": 0.9429341065459202, "10,11": 1.762888211097037, "10,12": 0.663908732858145, "10,13": -1.039207201394583, "10,14": -0.39462200473737097, "11,12": -1.064064668364971, "11,13": 1.085478988976461, "11,14": -1.1057912527949494, "12,13": -1.1032955110225497, "12,14": 0.24828006822988336, "13,14": 0.7997506712055111, "2,10": -1.6059200525785418, "2,11": 0.551293534131319, "2,12": -0.9484721211151554, "2,13": -0.7251438728084918, "2,14": -0.03821348666526392, "2,3": 0.6288859009719463, "2,4": -0.5607962024944868, "2,5": -0.9648853347520023, "2,6": 0.898459329983321, "2,7": -0.0345281617030353, "2,8": -0.5797443193401977, "2,9": 0.6553932950769075, "3,10": 1.7847321697152783, "3,11": -0.9860211683499762, "3,12": 1.2645620274985938, "3,13": -1.188106831661512, "3,14": -1.9750204779955376, "3,4": 0.6451919786555655, "3,5": 1.9524284897798463, "3,6": 1.213573090323813, "3,7": -0.5835330299340926, "3,8": 1.699579848214107, "3,9": 1.134049547969421, "4,10": -0.936578869670337, "4,11": -1.6543807907026649, "4,12": -1.0627428553887266, "4,13": 1.5897355029094329, "4,14": -0.6330746948706327, "4,5": -1.367972279970151, "4,6": -0.21935871964328024, "4,7": -0.8702996426158096, "4,8": -0.2021890015309764, "4,9": 0.27129983948062897, "5,10": -1.4187372321216905, "5,11": -1.4221847680667024, "5,12": -0.347964472457412, "5,13": -1.3661928939410268, "5,14": -0.4709455208452309, "5,6": -0.45199632147664826, "5,7": 1.5010079354845973, "5,8": 0.3834181858574994, "5,9": 1.1352670460744831, "6,10": 0.8733200738926921, "6,11": 0.6803039713812642, "6,12": -1.5819617616594246, "6,13": 0.0702914420037124, "6,14": 0.04148691065014143, "6,7": -1.574374541688024, "6,8": 0.928595376258293, "6,9": -1.1611117807931155, "7,10": -1.2418976998111324, "7,11": 0.9293454365282243, "7,12": 0.8654190022509809, "7,13": -0.6221561780298424, "7,14": -1.9889348374451208, "7,8": 1.553742072317621, "7,9": 1.8316367066472616, "8,10": 1.2004594681877672, "8,11": -0.32410166719575795, "8,12": -1.5638968863125005, "8,13": -1.0029057864616382, "8,14": -0.3164734735090464, "8,9": -0.3217445209508445, "9,10": 0.7496296490464887, "9,11": 1.3511953012921665, "9,12": -0.6096773583213939, "9,13": -1.4439124706177275, "9,14": -1.12066079462282}, "bias": {"0": 0.9792459387493024, "1": 0.6779438689189312, "10": -0.17302976852995022, "11": 0.9935649185069719, "12": 0.6998111763916428, "13": -0.6085525230342528, "14": 0.3053681766320633, "2": 0.7459378543964588, "3": 0.04462059776587979, "4": 0.5304214572337314, "5": 0.6552737378050701, "6": 0.434591121118316, "7": -0.08701428168787273, "8": -0.664706429252514, "9": -0.2852397236771107}}