{"Q": {"0,1": -1.9479705288682139, "0,10": 0.19558565756764823, "0,11": -1.1347920009316015, "0,12": -1.2158491189695981, "0,13": -1.4487905281953593, "0,14": 0.00333996815641191, "0,2": 0.3679040734415717, "0,3": -0.9200798525523437, "0,4": 0.4499005114790431, "0,5": 0.542651905156506, "0,6": 1.5117821105057825, "0,7": 1.2669863211778511, "0,8": 1.5781501224859085, "0,9": 1.8477351085010878, "1,10": -1.8549775715661543, "1,11": -1.1551534875401162, "1,12": -1.0804448888975666, "1,13": -1.980598184029236, "1,14": -1.5236023432050931, "1,2": 1.9456167217208034, "1,3": 1.5498929925982767, "1,4": -1.6058818899998362, "1,5": 0.242576151488076, "1,6": -1.1233813889765996, "1,7": 1.2090802251288517, "1,8": -1.30027827811023, "1,9": 1.2386165652420646, "10,11": -0.2354856011849944, "10,12": -1.1948510678893016, "10,13": -0.15822466953006353, "10,14": 0.9803725483383023, "11,12": -1.118833295930695, "11,13": -1.4536606377757382, "11,14": 1.128618097137779, "12,13": -0.4326557158208617, "12,14": -0.8684394604339576, "13,14": 1.143939606930918, "2,10": 1.6169074562113792, "2,11": -1.3054921066458163, "2,12": 1.6333095393418886, "2,13": 0.31549119796665837, "2,14": -0.9081337734260049, "2,3": 1.3290654727207243, "2,4": -1.4834996843816604, "2,5": -0.9266118643668269, "2,6": 1.7454515122251522, "2,7": 1.7054756246710472, "2,8": -1.8827988291778457, "2,9": -1.2721869297550037, "3,10": 0.43782323333761797, "3,11": 0.29218121790620355, "3,12": 0.7786962300622764, "3,13": 1.721929387960429, "3,14": -1.8086978091373647, "3,4": -1.2994877943596839, "3,5": -1.3253691451724414, "3,6": -1.92105798386009, "3,7": -1.2117902241464669, "3,8": 1.195294268201832, "3,9": 0.09705145734053122, "4,10": 1.7931971781715714, "4,11": -1.7836939229269504, "4,12": 0.7285355156383644, "4,13": 0.6411638791714771, "4,14": -0.3808723773222704, "4,5": 1.9195427591900343, "4,6": -1.5616029523920316, "4,7": 0.9244490728213384, "4,8": 1.8933873617289976, "4,9": -1.0854471991338013, "5,10": -0.9861358155664028, "5,11": 1.2233707463939383, "5,12": 1.1906077890935856, "5,13": 1.0992934553298603, "5,14": -1.5897022098205476, "5,6": 0.7449582279481826, "5,7": -1.4164532444914708, "5,8": -0.330323266674855, "5,9": 1.5734878956174674, "6,10": -0.5255074907419828, "6,11": 0.41103157693945835, "6,12": -1.2454637629355818, "6,13": -0.022708048451070884, "6,14": 1.5299062262927507, "6,7": 1.5113771031981265, "6,8": -0.8034661547698643, "6,9": 1.389599504735961, "7,10": 0.3658064533017398, "7,11": -0.48695055782941976, "7,12": 0.7663496041953977, "7,13": 0.06824748659043767, "7,14": -0.9782820419888516, "7,8": -1.8889550337125693, "7,9": -1.0315591428090998, "8,10": -1.2223810637337635, "8,11": 0.9217704464905943, "8,12": -0.3912244358029655, "8,13": 1.8934119528694917, "8,14": 0.18552315001643072, "8,9": -0.8085651010704678, "9,10": 1.3582421248759577, "9,11": 0.6604206111839526, "9,12": -0.6367633497243363, "9,13": 0.9561578265459354, "9,14": 1.5209215186553084}, "bias": {"0": 0.9396343295946763, "1": 0.6532407337676647, "10": 0.6109250573476253, "11": 0.8076620675158372, "12": 0.9891293604269733, "13": 0.6527016009295872, "14": -0.9712773791076346, "2": 0.1163091502705178, "3": -0.942085438646673, "4": 0.5134557766294281, "5": 0.19911712712712637, "6": -0.2145000383394018, "7": 0.08492142116483459, "8": 0.2317732774912169, "9": 0.7274199697299211}}