{"Q": {"0,1": 1.8672731134092881, "0,10": -1.2375824138524227, "0,11": 0.331761630113653, "0,12": 1.8492514406000513, "0,13": 0.4627638288880145, "0,14": -1.2411905604912299, "0,2": 1.291003226851838, "0,3": 0.5289169043168216, "0,4": 0.027057261915277575, "0,5": 0.5806277970091589, "0,6": 1.3003748810411944, "0,7": 1.3543934275072762, "0,8": -1.6367023341310234, "0,9": 1.767352706442872, "1,10": 1.9919817437114697, "1,11": -1.0305898596091714, "1,12": 0.28132048912272456, "1,13": 0.9131742678522139, "1,14": 1.3141693569292126, "1,2": 1.447881509388429, "1,3": 1.0580204891861933, "1,4": -0.8159755092309879, "1,5": -0.6145353900643205, "1,6": -0.5682123468337879, "1,7": 0.6095678685329919, "1,8": -1.3838127007670566, "1,9": 1.026092585958907, "10,11": 0.8776747469104489, "10,12": 1.2200877190395314, "10,13": 0.5280618324179622, "10,14": -1.5852338711934997, "11,12": 0.04138001292879245, "11,13": -1.2451878120045574, "11,14": -0.5300670780470802, "12,13": -0.4964726205003078, "12,14": -1.4956120685456455, "13,14": 1.9412077152273235, "2,10": 0.9894149849879703, "2,11": 1.0067632455319182, "2,12": -1.0936124563209182, "2,13": 1.0970871839538257, "2,14": 1.3768945046741008, "2,3": 1.4622056704797108, "2,4": 1.0061958718000668, "2,5": -0.29059919788182853, "2,6": -0.31494505563439423, "2,7": 0.010166547938815551, "2,8": -0.05380352929049037, "2,9": -0.7918711651891281, "3,10": -0.8271810961494435, "3,11": 1.105836754981877, "3,12": 0.7620231355374529, "3,13": 1.1927871004697623, "3,14": -0.41426958057718233, "3,4": 0.8312786308644275, "3,5": -0.5063090774589067, "3,6": 0.18455283500873243, "3,7": 0.08273872078775257, "3,8": 1.6825322624043735, "3,9": -1.9938771112831475, "4,10": 0.0436069920766462, "4,11": -1.9808861682768018, "4,12": 1.0165710962426324, "4,13": 1.332434980844924, "4,14": 1.7990290175814065, "4,5": 0.13473186308617402, "4,6": 1.48806502483649, "4,7": 0.9272492976588951, "4,8": 0.5850073731991716, "4,9": -1.386553219299945, "5,10": -0.40423058476949825, "5,11": 1.2399991520645695, "5,12": -0.515966998702134, "5,13": 1.8416892157098994, "5,14": 1.5130784564443296, "5,6": -1.1420794553899056, "5,7": 1.3734895996571361, "5,8": 0.7240597400626689, "5,9": 0.7462073133770026, "6,10": 0.20232583434385853, "6,11": -1.3634670564985099, "6,12": 0.7336692056486109, "6,13": -1.9329498003045038, "6,14": 1.0475787090748252, "6,7": 0.6077853542864875, "6,8": 1.396710482487547, "6,9": 0.15858317547888445, "7,10": -0.8255403603195677, "7,11": 1.0782382017459669, "7,12": 0.15075421232666075, "7,13": -1.0670823835747987, "7,14": -1.5669226110842107, "7,8": -1.1138126244134083, "7,9": 0.9019844754441433, "8,10": -0.532977316469716, "8,11": 1.6534433150930798, "8,12": 0.205156352424416, "8,13": 0.4940551776214832, "8,14": 0.7161558819565594, "8,9": -0.6423331944131534, "9,10": 0.38365073335202027, "9,11": 1.0097846667373966, "9,12": -1.541304425905854, "9,13": -1.0885492043032943, "9,14": 1.3798003460637234}, "bias": {"0": 0.3394580866796417, "1": -0.2286998196127732, "10": 0.9137828938299464, "11": 0.19552216693942515, "12": -0.04659196635393048, "13": 0.9416129769408697, "14": 0.9720962622830267, "2": 0.346553340518319, "3": -0.572046040101027, "4": -0.7241122984994004, "5": -0.6003773243563004, "6": 0.5680708215953791, "7": -0.027492331222163324, "8": -0.19905881679513437, "9": -0.9975394336801351}}