{"Q": {"0,1": 1.5369310261966111, "0,10": 0.4421116231597062, "0,11": -1.8374200536884775, "0,12": -0.46950208637782964, "0,13": -0.6640159202932594, "0,14": -0.06316289892862725, "0,15": 1.0676267842697316, "0,16": 0.22414054812187834, "0,2": 1.5724898723044252, "0,3": -0.8752734074955653, "0,4": -1.238234013707375, "0,5": 1.2831638565084753, "0,6": 1.3680942145239086, "0,7": 1.2226772402070183, "0,8": -1.732531063008036, "0,9": 1.8091954201985398, "1,10": 1.9718222034523545, "1,11": -1.656700103639817, "1,12": -0.8294644365315356, "1,13": 0.8673253520990754, "1,14": -0.929213293809823, "1,15": 0.6641414009119035, "1,16": 1.171808606805273, "1,2": -1.7028236182909717, "1,3": 0.6220110510885162, "1,4": -0.2750163737569764, "1,5": -1.4149850932276418, "1,6": -1.2204091906139287, "1,7": -1.6065587094311398, "1,8": -1.1404528064088115, "1,9": -0.94369436622374, "10,11": -0.26754198532280604, "10,12": -0.1087510083639045, "10,13": 0.0005633533778874877, "10,14": 1.2483397196113568, "10,15": 1.3784789387642293, "10,16": 1.4357316419037542, "11,12": 1.015695532763909, "11,13": -0.8342828790868744, "11,14": -1.4387628293636934, "11,15": -1.5317792120966005, "11,16": -0.8036315549721951, "12,13": -1.6721143461016328, "12,14": -0.970651726778621, "12,15": 1.8722703064742876, "12,16": 0.1578600101777119, "13,14": 0.535316063073985, "13,15": 0.012536690606360867, "13,16": -1.8588260261820504, "14,15": 0.07777598963282761, "14,16": 1.0391440736317206, "15,16": -1.718070766229125, "2,10": -0.201170077583384, "2,11": 1.5819380803987753, "2,12": 1.0751249327705934, "2,13": 0.9531665813108412, "2,14": -1.4211719583856732, "2,15": -0.9886327182115688, "2,16": -0.36710533952372426, "2,3": -0.12568307449325467, "2,4": -0.27124066806088276, "2,5": -1.071724283854401, "2,6": 0.821970057354426, "2,7": 0.8689236202216981, "2,8": -1.1316064949236737, "2,9": -0.7936788253794775, "3,10": 1.8396380091369786, "3,11": 0.24139705653855303, "3,12": -1.7458904552240941, "3,13": -1.8248756843435143, "3,14": -1.544739832053855, "3,15": 0.5822104115192843, "3,16": -0.440211559005824, "3,4": -1.0367831765556539, "3,5": -1.5302683533072838, "3,6": 1.4843698216319807, "3,7": -0.8627000832789582, "3,8": -1.2998766998368243, "3,9": 0.12003732677754453, "4,10": -1.773123391906509, "4,11": -0.7275119555690202, "4,12": 1.2798221510266643, "4,13": 1.1557225250860834, "4,14": 1.9940981763688677, "4,15": 0.829717255737394, "4,16": 0.6546672989041245, "4,5": -0.30271221406835114, "4,6": -1.1951672496864174, "4,7": 1.906574426337627, "4,8": -1.546294399010903, "4,9": -1.875576423338337, "5,10": -0.7336169503484102, "5,11": 0.274274329159343, "5,12": -0.940687031925159, "5,13": -0.25046247341472894, "5,14": 0.2544444982794789, "5,15": -0.6686772096586426, "5,16": 1.9616570908993238, "5,6": 0.7836276397966722, "5,7": -1.370401632449528, "5,8": 0.7003112567404779, "5,9": -0.010720649122539339, "6,10": -1.2251753595762658, "6,11": -0.17053327058002443, "6,12": 1.3783584764508667, "6,13": 0.2441621655206001, "6,14": 0.6512128734532476, "6,15": 1.4128734015867512, "6,16": 0.545299824596233, "6,7": 0.47555107107328043, "6,8": -1.235480314571932, "6,9": 1.4504975860797127, "7,10": 0.5212656128709741, "7,11": 1.9442782480229366, "7,12": 1.8628758608614393, "7,13": -0.20049263397549044, "7,14": 1.3560562263581226, "7,15": -0.4074183619236882, "7,16": -1.3638610282476331, "7,8": 1.7921993392839872, "7,9": -1.3316256523924879, "8,10": -0.23253197176386875, "8,11": -0.08624241381679498, "8,12": 0.34301149079087345, "8,13": -0.4581639644537314, "8,14": -0.024489011076939793, "8,15": -1.1962959297764177, "8,16": 1.361212990078739, "8,9": 1.6035383214305807, "9,10": 0.16951777624233122, "9,11": -1.5074346874282263, "9,12": 1.8980158132157183, "9,13": -1.2571650203647091, "9,14": -1.6415040256820927, "9,15": -1.3205181986368908, "9,16": 0.5583875458176601}, "bias": {"0": 0.06525927925204056, "1": -0.14830588289808255, "10": -0.30189967323891675, "11": 0.08324710000522595, "12": 0.3548428038165681, "13": 0.5821802662334219, "14": 0.45412995540060774, "15": 0.6693948190983194, "16": -0.38999437056920616, "2": 0.7925424810677602, "3": -0.18276126100395707, "4": -0.10622438423153002, "5": -0.984854855749121, "6": 0.43620702134761835, "7": 0.851325632475193, "8": 0.30075921581032605, "9": 0.8227624425849187}}