{"Q": {"0,1": -0.7202144848533374, "0,10": -0.7851144025148842, "0,11": -0.7817203282693219, "0,2": -1.5239265830721433, "0,3": -1.7918302744920576, "0,4": 1.9405890532380567, "0,5": 1.7273792399782324, "0,6": 1.546142524832649, "0,7": -0.4681206087945706, "0,8": 0.8377217023391137, "0,9": -1.487939299442047, "1,10": 0.2731819481429314, "1,11": -1.8708555395390678, "1,2": 1.1774160107861062, "1,3": 0.5752033524646634, "1,4": -0.2728376404310855, "1,5": -0.728209935753994, "1,6": 1.4964760762141278, "1,7": -0.13872521305048569, "1,8": 1.7148044699132696, "1,9": 0.9397864299906753, "10,11": 0.4443543777772021, "2,10": -1.5054277038848487, "2,11": -0.549537207915189, "2,3": -1.9581530581659998, "2,4": -0.33882892190492386, "2,5": 0.3964149167624238, "2,6": 1.56802650093007, "2,7": 1.75059023964582, "2,8": -0.49934725424745263, "2,9": -1.281020982704005, "3,10": 1.305190035327152, "3,11": 1.9532171438119765, "3,4": -0.7153167872341091, "3,5": -1.3248435065994602, "3,6": 0.6112059029044001, "3,7": -0.18978867783047892, "3,8": -1.2575274351525145, "3,9": -0.4287384649006514, "4,10": -1.6858075040047535, "4,11": -0.8868835251188338, "4,5": -0.8663072424928013, "4,6": 1.77352971106194, "4,7": -1.4335237892724626, "4,8": -0.36998152074320245, "4,9": -0.8380250085839331, "5,10": -0.30264824771656196, "5,11": -1.035346887751416, "5,6": 1.0311000832819137, "5,7": -1.017945276163069, "5,8": -0.17375170282605845, "5,9": 0.7623864968702514, "6,10": 1.3674448176656626, "6,11": -1.3464049631520139, "6,7": 1.4423669092354414, "6,8": 1.859051877494113, "6,9": 1.430949144010507, "7,10": 0.13352171691898373, "7,11": -1.0590807392451835, "7,8": -1.8511749553132733, "7,9": 1.4206723207120442, "8,10": 0.9603763174037958, "8,11": 1.1669940141835582, "8,9": 0.9642937352025931, "9,10": 0.149801065326709, "9,11": 0.9569461123900531}, "bias": {"0": 0.3411727312905217, "1": -0.8171172625249228, "10": 0.5565456042495824, "11": 0.4398191241631586, "2": -0.6264529541099368, "3": -0.03758631054749495, "4": 0.8834796734588466, "5": 0.6070839602299551, "6": 0.7402672354333155, "7": -0.5247535147049183, "8": 0.7800881598384553, "9": -0.5134772229439668}}