{"Q": {"0,1": -1.9290461911311274, "0,10": 0.40584688101095123, "0,11": 0.3032871859966071, "0,12": -0.3127487683424919, "0,13": 0.6804671638536552, "0,14": 0.8868082043508974, "0,15": -0.19893144716335032, "0,16": 0.7546028818987249, "0,17": 0.5017916091372596, "0,18": -1.875286077099283, "0,2": -0.8120433228469781, "0,3": 1.6125198943277215, "0,4": -1.1826016300605566, "0,5": 1.3920087038363693, "0,6": 0.0608289554373318, "0,7": -1.9409398203092687, "0,8": 0.9585744465159927, "0,9": 1.3107142038838773, "1,10": 1.6309335744907507, "1,11": 0.8279319323539234, "1,12": 1.963665117540426, "1,13": -0.9594514458830785, "1,14": -0.5730076686359662, "1,15": -0.1671036709515863, "1,16": -1.9125197087981696, "1,17": -1.3250606310205888, "1,18": -1.265404167678759, "1,2": -1.6996199459905732, "1,3": -0.7644547088081843, "1,4": 0.5750734813862972, "1,5": 0.24468721101973667, "1,6": -0.4701036805454448, "1,7": 1.8681133684048232, "1,8": -1.7587224006329705, "1,9": -1.6568022784324654, "10,11": -0.3926403721314262, "10,12": 1.3633770606142552, "10,13": -0.8789119394942135, "10,14": -1.6243056151714734, "10,15": -1.0352574817922493, "10,16": -1.558839097946008, "10,17": 0.9812719725829977, "10,18": 1.7171559884165197, "11,12": -0.762945087802545, "11,13": 0.7489701339097832, "11,14": 1.7114271590202343, "11,15": -1.3479767839734547, "11,16": 0.5395727423133394, "11,17": 1.1971355673097968, "11,18": 1.7921384999347367, "12,13": 0.39293609857412415, "12,14": 1.614026003130625, "12,15": 1.666342890900741, "12,16": 0.8407040701717148, "12,17": -0.8570688860555364, "12,18": -0.9714856256862676, "13,14": 0.8203261534420068, "13,15": 0.06113609074617665, "13,16": 0.850924611030087, "13,17": -1.0031915131422133, "13,18": -0.22286344008231973, "14,15": -1.4172722399978643, "14,16": -0.20481771733034648, "14,17": -0.8623458739218353, "14,18": 0.8574092875119739, "15,16": 1.6945321292785063, "15,17": -0.6423753006516622, "15,18": 1.8425677379410241, "16,17": -0.21452183931326552, "16,18": -1.9805861393629982, "17,18": 1.8278757686740281, "2,10": -1.5840740541586218, "2,11": -0.5893195028834324, "2,12": 0.28369915247231425, "2,13": 1.3530613616245826, "2,14": -0.45244620816561154, "2,15": 1.6102486727201817, "2,16": -0.39143494778148114, "2,17": -1.357609649529366, "2,18": 1.9493894867750425, "2,3": 0.6401805691492823, "2,4": -0.0893453554451642, "2,5": 1.1823187396944848, "2,6": 0.14155010634213605, "2,7": 0.5447644806563341, "2,8": 1.5920549495067062, "2,9": 0.012218918397892242, "3,10": 0.692360320286725, "3,11": 1.2186147500315938, "3,12": -1.1322051568241562, "3,13": 0.6698366044676747, "3,14": -1.6589100361679079, "3,15": 1.099181370579549, "3,16": -0.44114226857033056, "3,17": -0.012362308166754765, "3,18": 0.9563684945599644, "3,4": -0.9007427741838034, "3,5": 1.2827095348538138, "3,6": 1.0616231951683877, "3,7": 0.022152111786210238, "3,8": 0.5129207307377861, "3,9": 1.49094978206131, "4,10": 0.6652841441504314, "4,11": -1.2410709579536512, "4,12": 0.9347544937170644, "4,13": -1.102409003809378, "4,14": 0.5225204530498924, "4,15": 1.706218795771644, "4,16": 1.3749492240370893, "4,17": -1.7727215206448363, "4,18": 1.6955511211273606, "4,5": -1.3433322854712952, "4,6": -0.9715452688301527, "4,7": -1.046390107555185, "4,8": 1.0755614389531796, "4,9": 1.3733933781185428, "5,10": -1.9644147658301656, "5,11": -1.4361653448047313, "5,12": -0.43145026244000606, "5,13": 0.11427245619409332, "5,14": -0.20304159988431714, "5,15": 1.4222849488345584, "5,16": -1.6164623966892138, "5,17": 0.17972619317057958, "5,18": -0.028241475638944635, "5,6": -0.4718034778324087, "5,7": 1.0042028488265706, "5,8": -0.8614974744047648, "5,9": -0.8481412920677975, "6,10": 1.9265393980678365, "6,11": 1.6188841792026403, "6,12": -1.1610838301538036, "6,13": 1.3480833217568788, "6,14": 1.1677017954232425, "6,15": -0.3890754709182489, "6,16": -1.0982339156091503, "6,17": 0.143780133501481, "6,18": -1.1753231828555002, "6,7": 1.5483560120434747, "6,8": 0.7530794941323382, "6,9": 1.5012269436656815, "7,10": 1.1632231648973739, "7,11": 0.3343795506382081, "7,12": -0.22515386944859284, "7,13": -1.9259003584541472, "7,14": -0.728529706867294, "7,15": 1.2743231764245886, "7,16": -0.8200575912999488, "7,17": 1.7566835486780197, "7,18": 0.26569749437726253, "7,8": -1.1760075279129332, "7,9": -1.7213424697808049, "8,10": 1.7658690803665555, "8,11": -1.5974497786284756, "8,12": -1.1937705250719959, "8,13": -1.512633242974121, "8,14": 1.245802983397072, "8,15": 0.11039640245966265, "8,16": -1.889427494263042, "8,17": 0.023028564820217756, "8,18": 0.6701564739756889, "8,9": 0.8464811677383435, "9,10": 1.88648526785795, "9,11": 1.8305664851395065, "9,12": 1.949398747685938, "9,13": 1.4159818689016404, "9,14": 0.059439144738479666, "9,15": -0.30698047666557304, "9,16": -0.7741650160742424, "9,17": -1.9412765235781952, "9,18": 1.410363557041423}, "bias": {"0": -0.024016817744651142, "1": 0.5351857898930061, "10": -0.994290673665265, "11": -0.2685864745143234, "12": -0.5255682354279267, "13": -0.4162502785567266, "14": -0.7808842381378829, "15": 0.7724795524871519, "16": -0.3904292539612835, "17": -0.8000248420899401, "18": -0.7101243983967973, "2": -0.8265748659047376, "3": -0.8474127439205055, "4": 0.9033856115895385, "5": 0.16533194421978847, "6": 0.18437480318228805, "7": -0.9277367721544392, "8": -0.38277567124631706, "9": 0.8198081700997806}}