{"Q": {"0,1": 1.7050566611132578, "0,10": 0.20727563640238023, "0,11": 1.1151313680054407, "0,12": -0.29134850094890474, "0,2": -0.3322854132534334, "0,3": -1.0297638225579901, "0,4": 1.5248623523515072, "0,5": 1.317250136282643, "0,6": -0.5278174275685243, "0,7": -1.872019638102413, "0,8": 1.7025941361689565, "0,9": -1.3178980098199053, "1,10": 0.7254635805759007, "1,11": -0.22346052249763826, "1,12": 1.74405556898119, "1,2": -0.7209082961829938, "1,3": 0.054573223853602304, "1,4": 0.43941141313373855, "1,5": 1.3847884057719537, "1,6": -1.9837042719229445, "1,7": 0.6398802201719005, "1,8": 0.03555897230687455, "1,9": -1.5583887053233347, "10,11": -1.870400139006645, "10,12": 0.5201793024750949, "11,12": -1.1132390091510707, "2,10": 0.7272966612335532, "2,11": -0.42520687859731465, "2,12": 0.7691344272330705, "2,3": 1.9748921912006119, "2,4": 0.6152609533071205, "2,5": -0.292315482056142, "2,6": -0.9531286733356219, "2,7": 1.6740151640093233, "2,8": -1.6404215718693709, "2,9": -0.19051812144766878, "3,10": 0.0892010557303573, "3,11": -0.2171750121582412, "3,12": -0.3531522325587737, "3,4": 1.5055186545107686, "3,5": 0.37509133691694885, "3,6": 1.2074455221688458, "3,7": -0.5718891180584524, "3,8": 1.6960800155017632, "3,9": -0.565586578331827, "4,10": -0.5423961625197284, "4,11": 1.6922572690796835, "4,12": 1.8419414400183065, "4,5": 1.4325588526100725, "4,6": 0.5089824997538956, "4,7": 1.6433674439566133, "4,8": 0.14002322757015095, "4,9": -0.431034524165697, "5,10": 0.5887359161364225, "5,11": 0.2163370472217867, "5,12": -0.10419281989495088, "5,6": -0.9546636984676615, "5,7": -1.783575740809714, "5,8": 1.0594336741189685, "5,9": -1.9637801989047787, "6,10": -0.3607599413970788, "6,11": -0.9101746634787875, "6,12": 0.6016816284637834, "6,7": -0.7017252369893074, "6,8": 0.41394575210831874, "6,9": 0.6042046087229274, "7,10": 0.40148182587163417, "7,11": -1.6940911757124795, "7,12": 0.3299228927693192, "7,8": 1.395372806119994, "7,9": 1.9505027557535142, "8,10": 0.4894843155034616, "8,11": -1.5638244164209203, "8,12": -1.5655375268564042, "8,9": 1.147843899140403, "9,10": 0.21183586808391874, "9,11": -0.46202539369056117, "9,12": 0.011557234899896685}, "bias": {"0": 0.4163340095855752, "1": 0.8015574044987595, "10": 0.11638463794540099, "11": -0.036116501163752535, "12": 0.04929978558320247, "2": -0.15239863197078463, "3": 0.9819000994696809, "4": 0.9799178847508858, "5": -0.3499704220832449, "6": -0.1451659549160378, "7": 0.011087324671765986, "8": 0.9752020977101095, "9": -0.979757866743431}}