{"Q": {"0,1": -1.683558981363765, "0,10": 1.9704593372448955, "0,11": 0.27231148853282283, "0,2": 0.09941734938762936, "0,3": -0.694586332728099, "0,4": -1.0724013497796747, "0,5": 1.515442472608091, "0,6": -1.0571855557231475, "0,7": 0.562090845350693, "0,8": 1.0360869068764766, "0,9": 0.6828568270078401, "1,10": 1.5540182089805543, "1,11": -1.4462323276814484, "1,2": 0.7374793336275909, "1,3": 0.37466676952106015, "1,4": -0.0488913501207775, "1,5": -1.3290330155506922, "1,6": 1.4593854048334411, "1,7": -0.3286595183963259, "1,8": -0.9671926667184136, "1,9": -1.6801685759860914, "10,11": -1.7283787074146222, "2,10": -0.5796010272546122, "2,11": 1.1429768184709976, "2,3": -1.1853838985554188, "2,4": -0.1832851530105759, "2,5": 1.7903837974029262, "2,6": -0.0400458764615621, "2,7": 0.11768933362126344, "2,8": 1.90841144722331, "2,9": -0.17151776835116284, "3,10": -1.7261087018131653, "3,11": -1.746553875996757, "3,4": 0.12135130249987869, "3,5": -1.8892213714360317, "3,6": -1.6472022755302285, "3,7": 1.8263491089238584, "3,8": -1.536079725792714, "3,9": -0.7747905654471827, "4,10": -1.8105663912285168, "4,11": 1.730894224639611, "4,5": -1.5939801934168196, "4,6": 0.5117708891617454, "4,7": -0.4549514000919963, "4,8": 0.34817601773065965, "4,9": 0.166179716676917, "5,10": 1.7667650771347239, "5,11": 1.2615373869720479, "5,6": -1.5686771712769554, "5,7": -0.7253372562265499, "5,8": -0.72050414919276, "5,9": 0.2555160869142372, "6,10": -1.29369851697418, "6,11": 0.5556542903568764, "6,7": 1.6253934401820023, "6,8": 1.329407420191695, "6,9": -0.46927678610193446, "7,10": 0.660805012128983, "7,11": -0.2922687937203441, "7,8": 1.042231733899544, "7,9": -1.3483562804028342, "8,10": -0.012894987061495833, "8,11": 1.728358815343177, "8,9": -1.7262284293304346, "9,10": -1.9479121074927201, "9,11": 0.9775973618624043}, "bias": {"0": 0.4258737668426482, "1": 0.4464087741815095, "10": -0.25816072735567386, "11": 0.5712853052984732, "2": -0.9547064976347666, "3": -0.2065962449378289, "4": 0.11055069095129388, "5": -0.9781118150267603, "6": 0.23332258453943622, "7": 0.1616318569908195, "8": 0.754088123286955, "9": -0.8042500567483708}}