{"Q": {"0,1": -0.6356391432236483, "0,10": -1.7271901497673006, "0,11": -1.0109522079942415, "0,12": 1.0676330185895262, "0,13": -0.9015538825485261, "0,14": -1.7494076374337562, "0,15": 0.37158093538199877, "0,16": -0.576104709207967, "0,2": -1.0477373769116949, "0,3": -1.6039566015058715, "0,4": -1.6059995337876538, "0,5": -1.9737848423362854, "0,6": 0.11839029006518631, "0,7": 0.7200245965462595, "0,8": -1.2466543084849229, "0,9": -0.6351336998841068, "1,10": -0.1470421956758372, "1,11": -0.6213963140794219, "1,12": 0.5488319386527767, "1,13": -1.3439612844883873, "1,14": 0.19852946810087557, "1,15": 0.5232881315239517, "1,16": 0.945466193114985, "1,2": -0.789017489164018, "1,3": 1.4423254302511053, "1,4": -0.6204773523050156, "1,5": -1.0844461435716024, "1,6": -1.734181417621126, "1,7": 1.0584314792465266, "1,8": -1.0510130097365038, "1,9": -0.11527610393718435, "10,11": 1.1837831149237266, "10,12": 1.2629074067718835, "10,13": -1.921714599604344, "10,14": -0.8287644357416943, "10,15": -1.387121075575092, "10,16": 1.1923004125178975, "11,12": 1.6132132684228075, "11,13": 0.04310751725519335, "11,14": -1.0844862901255308, "11,15": 0.2593544329653841, "11,16": 1.0331435550181598, "12,13": -1.3857369118905738, "12,14": 0.24558414792043193, "12,15": 1.4740492666755656, "12,16": -0.49369179129915075, "13,14": -0.9995483439285926, "13,15": -0.2746896801291654, "13,16": -0.9741380113467542, "14,15": -1.1920179391002224, "14,16": -0.5048007342099363, "15,16": -1.4987016691787982, "2,10": 0.18998062818021522, "2,11": 1.2229605514918367, "2,12": -1.6469995213754847, "2,13": 1.0914489558087945, "2,14": -1.2152476773287768, "2,15": -1.6471832933317327, "2,16": 0.30455402187095704, "2,3": 1.5107711566571576, "2,4": 0.6713118413996599, "2,5": 1.1128975185198366, "2,6": 1.6178305367441657, "2,7": -1.1818090521213231, "2,8": 0.4514894602003676, "2,9": 1.385685262773332, "3,10": -1.9168008023187824, "3,11": -1.459891647461299, "3,12": 1.7088279380826656, "3,13": 0.6803178875619493, "3,14": -1.6984343259195933, "3,15": 1.305396908214235, "3,16": 1.0324492611088503, "3,4": 1.8889548577411492, "3,5": -1.8302668274230567, "3,6": 1.891138175406335, "3,7": -0.3022361535774394, "3,8": -1.2548434073968187, "3,9": 0.23246309198298842, "4,10": -0.38446413871812446, "4,11": 1.7120785007756703, "4,12": 1.3249178348899293, "4,13": 1.5427988747239252, "4,14": 0.5291881815673314, "4,15": 1.5520278104101588, "4,16": -0.6006833667945162, "4,5": 0.7013987061185167, "4,6": -0.7346607725770711, "4,7": -0.29134135711696496, "4,8": -1.0796810173567852, "4,9": 1.8309295410687532, "5,10": 1.0887815017316047, "5,11": 1.7258320069971207, "5,12": -0.16672176501372382, "5,13": 0.6381825923334845, "5,14": -0.39124325052474873, "5,15": -1.8566335344158342, "5,16": -1.284368431999256, "5,6": -1.0759799870192035, "5,7": 1.095014457419563, "5,8": 1.4365372228158342, "5,9": -0.7468093979930681, "6,10": -0.25121836997903424, "6,11": -0.1925597527694043, "6,12": -1.461446433548014, "6,13": 0.26774394516875466, "6,14": -0.8884110475921005, "6,15": 1.347782658602966, "6,16": -1.9892959075308667, "6,7": 0.19556674748143354, "6,8": 1.609597895505455, "6,9": 1.6345138123910936, "7,10": -1.1750495601125994, "7,11": 0.005195904827178133, "7,12": -1.2349235223683266, "7,13": -1.0084637665534162, "7,14": -1.9538170464329068, "7,15": -0.8409507394760403, "7,16": 1.786791887187675, "7,8": -1.8838460368621277, "7,9": 1.9398677380489162, "8,10": -0.1962775501219216, "8,11": -0.9760727866274195, "8,12": 0.36296045180163006, "8,13": -1.412428551142776, "8,14": -0.9115674646216005, "8,15": 1.8241032654977665, "8,16": -0.6906422714988594, "8,9": -0.024546830647099505, "9,10": 1.5491399840864086, "9,11": -0.6572317202520521, "9,12": -0.1926346841884854, "9,13": 0.9165420444232111, "9,14": -1.909127385090296, "9,15": -1.3973162202869482, "9,16": -1.4308914377859407}, "bias": {"0": 0.3342292257517496, "1": -0.47939905305192987, "10": 0.06554844407248073, "11": -0.8896255387710301, "12": -0.8795462018535811, "13": -0.8872447660895217, "14": -0.9291631528273023, "15": 0.8985116849170662, "16": -0.34548128786747845, "2": 0.16917162896226468, "3": 0.2879040589006907, "4": -0.5125986337875359, "5": 0.5889104925265922, "6": 0.8985634730872543, "7": -0.6600519270848497, "8": 0.5160774572587452, "9": -0.9485900135888252}}