{"Q": {"0,1": 1.7360677248727736, "0,2": 1.6620145061665554, "0,3": -0.03167286207402098, "0,4": -1.5659831189599398, "0,5": -1.0869717725206014, "0,6": 1.8848288705339389, "0,7": -1.0919480052716994, "0,8": -1.502278731888723, "0,9": 0.14119488789457835, "1,2": 1.7382643874512005, "1,3": 1.2333318390409973, "1,4": -1.8041107351105161, "1,5": -1.952914589691639, "1,6": 0.9164978819520626, "1,7": -0.14625019264741512, "1,8": 0.5312385922159439, "1,9": 0.5306591760547663, "2,3": 1.7010174954485087, "2,4": 0.3365512010298848, "2,5": -1.843883535058354, "2,6": 1.183602821881352, "2,7": 1.6040540008013044, "2,8": 0.0477509243726284, "2,9": -1.9813962524028423, "3,4": -0.7014343912767518, "3,5": 0.6829619161278075, "3,6": 1.0574823015970969, "3,7": -1.4177178751596489, "3,8": 1.7160874236573065, "3,9": -0.08822262957533322, "4,5": -1.4966430582245898, "4,6": -1.804870845308689, "4,7": -1.445270039825448, "4,8": 1.0625784180752036, "4,9": 0.9309200819298775, "5,6": -0.6650633594677426, "5,7": 1.0138310593539526, "5,8": -1.0271074457020721, "5,9": 0.16910377120145892, "6,7": -0.007752333304631875, "6,8": -0.7969133450745463, "6,9": 1.6482776837204733, "7,8": 1.362038539110658, "7,9": -1.5115152817164628, "8,9": 1.9626134369810817}, "bias": {"0": 0.8624692955869342, "1": 0.7072771903489108, "2": -0.9760446815281247, "3": -0.20739704778058377, "4": 0.2012621354865427, "5": -0.6886456484524217, "6": 0.011464681227154383, "7": -0.7952342774870209, "8": 0.2535712847138407, "9": -0.4568921323087509}}