{"Q": {"0,1": -0.021828215336637147, "0,10": -0.01677802484524893, "0,11": -1.170687678318726, "0,12": 0.6407753915301613, "0,13": 0.08823662179073821, "0,14": 0.8866336812864724, "0,2": 1.3939509632532605, "0,3": 1.3004601002223222, "0,4": 0.24676166927526344, "0,5": 1.124048763379117, "0,6": -1.7024524721820162, "0,7": 1.4074516752984976, "0,8": 1.33174659284327, "0,9": -0.8249720616393574, "1,10": 1.3174929672967588, "1,11": -0.44769980256932307, "1,12": -0.16546083805245004, "1,13": -0.7297456621013207, "1,14": 0.8080059412147644, "1,2": 1.8483612377404905, "1,3": -0.531606130897694, "1,4": 1.6243245616199342, "1,5": -1.629869326101658, "1,6": -1.4480772258774741, "1,7": 0.9868529048620163, "1,8": 0.4031735608659779, "1,9": 0.3858214304954539, "10,11": 1.5927887467030173, "10,12": -1.2233850915529745, "10,13": -1.4729244812860869, "10,14": 0.5524829176368495, "11,12": 1.840819486133399, "11,13": -0.8260637089169323, "11,14": -0.3980324704081406, "12,13": -1.400546247907097, "12,14": -0.5750272598876527, "13,14": 0.4243717067993904, "2,10": 0.8127718787211689, "2,11": 0.8439178865380303, "2,12": 0.3409450087221013, "2,13": 0.34597400080028917, "2,14": 0.02137973638258872, "2,3": -1.406742895330718, "2,4": -0.14013320492680004, "2,5": -0.09916667564580761, "2,6": -1.0797141407404984, "2,7": -1.1920787022655857, "2,8": 0.2506790572217481, "2,9": -1.6038270165321613, "3,10": -0.9538675933355596, "3,11": -1.1495883678502103, "3,12": 0.972674551748852, "3,13": 1.6799860481243165, "3,14": 0.16780096495643582, "3,4": 0.013145362040068331, "3,5": -0.288212141653609, "3,6": 0.7436484478327339, "3,7": 0.9529412102253283, "3,8": 1.9378480751529081, "3,9": 1.632128337213735, "4,10": 1.8614337943638, "4,11": 1.6067547364434445, "4,12": 1.2509464761102325, "4,13": -1.8004373037854493, "4,14": -1.2301182409921378, "4,5": 0.028328160137947034, "4,6": -1.4152764571879137, "4,7": 1.2203980810118447, "4,8": -1.6169861434069062, "4,9": -1.8744048601741348, "5,10": 0.9542492807257625, "5,11": 0.8799023248134836, "5,12": -0.508039201695297, "5,13": 1.7484476946808587, "5,14": -1.9093893696158042, "5,6": 0.16641969891527397, "5,7": -0.6664347959573265, "5,8": -1.8954328535312528, "5,9": 1.0580608232903939, "6,10": 0.2761969114868603, "6,11": -0.6493576266378227, "6,12": 0.9238117616180883, "6,13": -0.872614358913117, "6,14": -1.0312819648401135, "6,7": -1.076903697422181, "6,8": -0.38684457018766816, "6,9": 0.5411344311755011, "7,10": 0.6556236029142024, "7,11": -1.9103048986949687, "7,12": -0.34478431483455463, "7,13": 1.986224192478228, "7,14": -0.07757200945182241, "7,8": -0.43287426459825973, "7,9": -0.14448824314178044, "8,10": -1.0052201829315894, "8,11": -1.1811139207479955, "8,12": -0.5714975009780923, "8,13": 1.7982415816326371, "8,14": -0.2244433057123505, "8,9": 1.9946788046097126, "9,10": -0.6644245440406227, "9,11": 0.6713972022963866, "9,12": 0.048014413464243066, "9,13": 0.9995741437346912, "9,14": 1.9369029806145495}, "bias": {"0": 0.9851714095307138, "1": -0.6272547022757906, "10": -0.28291151852399765, "11": -0.0732189729992545, "12": 0.1636091905867747, "13": 0.8133722002485613, "14": -0.4243248793908845, "2": -0.5608326342261032, "3": 0.6506896026562534, "4": 0.07271709795271186, "5": 0.6620173461272225, "6": -0.45121919752779593, "7": 0.7224051373905258, "8": -0.36985854446607136, "9": -0.3821194286459728}}