{"Q": {"0,1": 0.8853154596836315, "0,10": -1.3274142436346543, "0,11": -1.6695492346563343, "0,12": 1.6609297549298847, "0,13": -1.19821324271186, "0,14": 0.43583965102334865, "0,15": 0.39418521328753453, "0,16": 1.9159467749608328, "0,17": -1.470143413156193, "0,18": 0.9449404328915421, "0,2": -1.527742293011363, "0,3": -1.121431636853388, "0,4": 0.8600608192870913, "0,5": -0.5824172682823505, "0,6": -1.042662827855989, "0,7": 1.6524255102791834, "0,8": 1.0902622762181085, "0,9": -0.2928558445130771, "1,10": -0.8457858394615738, "1,11": -1.874824032593474, "1,12": -0.1390620343892115, "1,13": 1.707090233391991, "1,14": 0.5013598422847916, "1,15": 0.22067285302159023, "1,16": 1.1646952026884962, "1,17": -1.2443057259920018, "1,18": 0.1382426740434073, "1,2": -1.367865875808235, "1,3": 1.6022686394825034, "1,4": 0.2568045728300863, "1,5": 1.0074122205841172, "1,6": -1.7977650262876397, "1,7": 1.908925585227795, "1,8": 1.7266519199778814, "1,9": 0.6844227925750705, "10,11": -0.39214039962612235, "10,12": -1.5461166368676698, "10,13": -0.11140095431590824, "10,14": 0.9706093202144253, "10,15": -1.624664228403435, "10,16": 1.1076990350103162, "10,17": 1.3483775206000415, "10,18": 0.9778718540231215, "11,12": -0.9130532279793222, "11,13": -1.4608662552505844, "11,14": 0.6356146803079419, "11,15": -0.39409854250823706, "11,16": -0.09277314762486766, "11,17": 1.5131529430113164, "11,18": -0.4964766098303488, "12,13": 0.899470188741541, "12,14": 0.5626992305554079, "12,15": 0.7662382783232267, "12,16": -1.8583775607124609, "12,17": -0.8516862168951329, "12,18": -0.3218619489423693, "13,14": 0.8383483966525027, "13,15": 1.034943483323953, "13,16": -0.41943952334265067, "13,17": -0.5699988900510671, "13,18": 1.291052827686102, "14,15": -0.6561175892862021, "14,16": -1.9156441961041621, "14,17": -1.6218556541877507, "14,18": 1.7584336729359582, "15,16": -1.1053816059612158, "15,17": 0.06273912322821529, "15,18": 1.1357871677992573, "16,17": -1.3130011761614098, "16,18": 1.4265191496667837, "17,18": 0.6489823440222309, "2,10": -1.1135137546496092, "2,11": -0.248878721423742, "2,12": 0.5984759261171644, "2,13": 1.6755876266410943, "2,14": -1.6203412526253973, "2,15": -1.9599106258668422, "2,16": -1.304141649341973, "2,17": 0.06784712991894315, "2,18": -1.9260622916528165, "2,3": 1.8405676414700358, "2,4": 0.4403798404236219, "2,5": 0.3423797629864178, "2,6": 1.8958849480617763, "2,7": 0.5243331314781083, "2,8": 0.06145949769878101, "2,9": -0.7817705317696291, "3,10": 1.6803382416293084, "3,11": 0.7063867232437948, "3,12": 0.20379824268699887, "3,13": 0.3584841039225779, "3,14": -0.8772528658414047, "3,15": -1.4526921161156867, "3,16": -0.8711470130904302, "3,17": -0.002763367375619552, "3,18": 0.4027959374340284, "3,4": 1.8932832762304002, "3,5": 1.5582110292797742, "3,6": -1.728605926527599, "3,7": 1.2963761784398655, "3,8": 0.9935598515544113, "3,9": 0.6036370367746491, "4,10": -0.1204250702236438, "4,11": -1.9515173819035936, "4,12": -1.5660939295141545, "4,13": 0.7032201779459886, "4,14": 1.645975370003987, "4,15": 0.7952602265358699, "4,16": -0.5162414881750892, "4,17": -0.8468747591489341, "4,18": -0.763741020728776, "4,5": 1.0969772899590353, "4,6": -0.8353925392698196, "4,7": -0.41589430117722825, "4,8": -0.879482593232797, "4,9": 0.8410445169048444, "5,10": 0.5345969078171424, "5,11": -1.6221023466440272, "5,12": 0.9723513816538327, "5,13": -0.7496231392303723, "5,14": -0.34350749437693384, "5,15": -0.9986861516095202, "5,16": 1.7045400097153314, "5,17": 1.477605203808157, "5,18": 1.7859786114223954, "5,6": -1.3972491939202345, "5,7": -1.4556996843702996, "5,8": 1.1195661172876532, "5,9": 0.46243181490872054, "6,10": -1.3917792644386768, "6,11": -1.020697647225179, "6,12": 0.26828862599006387, "6,13": -1.2601576072122342, "6,14": -0.5162343307246289, "6,15": -1.9871923267827034, "6,16": 0.3596273656561828, "6,17": -1.3536716723079425, "6,18": 1.7995789426850428, "6,7": -0.7952792298740432, "6,8": -0.40935659043820793, "6,9": -1.1493141876503263, "7,10": -0.3501841497854383, "7,11": -1.9440784405311793, "7,12": -0.7786958799188262, "7,13": 0.41774777337281543, "7,14": -0.38960833655349036, "7,15": -0.12562111067900572, "7,16": -0.9600538388822257, "7,17": -0.13021750075915017, "7,18": 0.30754275400613285, "7,8": -1.807444185229595, "7,9": 0.22897527783185412, "8,10": 0.6332336511530148, "8,11": 0.4896350293263074, "8,12": 0.1447960685908365, "8,13": 0.8854162801621861, "8,14": 1.7222229328651233, "8,15": -1.7418166391586563, "8,16": -0.5367631222971245, "8,17": 0.31859809015610363, "8,18": -0.829895199666578, "8,9": -0.6638044703412365, "9,10": 1.2264954798983672, "9,11": 1.5474649462944075, "9,12": 1.1941095325582478, "9,13": 0.5024315259276557, "9,14": 0.27561809184830643, "9,15": 0.05548841856864195, "9,16": 1.8692831238782004, "9,17": 0.7031341235624295, "9,18": 0.3265727190730856}, "bias": {"0": 0.9152054007988473, "1": 0.6511803164384176, "10": -0.228585661640494, "11": -0.48257228266089647, "12": 0.6880503424503077, "13": -0.9315701444280731, "14": -0.0034899205070624273, "15": 0.6716713761126687, "16": -0.4819449399670894, "17": 0.9986366645411531, "18": 0.0659763846352397, "2": -0.3077355198045215, "3": -0.5715144640174483, "4": 0.34585799566105657, "5": 0.5229220935088066, "6": 0.7683941046170915, "7": -0.4433232785439474, "8": 0.5327695027428749, "9": 0.7797309847832683}}