{"Q": {"0,1": 1.6298744061993569, "0,2": -0.1025243762982404, "0,3": 0.7273816056266851, "0,4": -0.2595483559100802, "0,5": 1.4777959357106822, "0,6": -1.594396274225359, "0,7": -1.9617729718028998, "0,8": 1.8452870656622684, "0,9": 0.14634939684037285, "1,2": 0.6657476799023074, "1,3": -1.2957878580890991, "1,4": 1.8256793631709036, "1,5": -0.6337803148499694, "1,6": -0.9868245861380167, "1,7": 0.37518135762858185, "1,8": 1.620500124246504, "1,9": -0.9746969918698829, "2,3": -0.11229546007847002, "2,4": 0.11436847386677718, "2,5": -1.806958934851346, "2,6": -0.0821228021511109, "2,7": 1.3929875033174923, "2,8": 1.2857837476855316, "2,9": -1.2761042523127393, "3,4": 1.2887673775056698, "3,5": 0.3785154605230816, "3,6": -1.823863307575285, "3,7": -1.1942477361507713, "3,8": -0.6324598577209448, "3,9": -0.2611296722876735, "4,5": -1.1399596214807066, "4,6": -0.5487248742378794, "4,7": 0.20923469054467603, "4,8": -0.7112331404590009, "4,9": -0.46084612345287423, "5,6": 0.10121212142512048, "5,7": 1.5773562579052767, "5,8": 0.29262567077290624, "5,9": 1.8969755887932038, "6,7": -1.681618654094036, "6,8": -0.92039506133335, "6,9": 1.1534083221439504, "7,8": 0.793665636005036, "7,9": 1.1989717459383873, "8,9": 1.1386647895341775}, "bias": {"0": -0.9841826221091037, "1": 0.3468611345073158, "2": -0.029702597394080765, "3": 0.09286148983628228, "4": -0.9348560642815533, "5": -0.7632033180441871, "6": -0.40532205575537383, "7": -0.008008256040820116, "8": 0.15825503104624494, "9": 0.2679955321982457}}