{"Q": {"0,1": 1.8892910809784325, "0,10": 1.802389654021717, "0,11": -1.4509976144462904, "0,12": -1.4045565094588603, "0,13": -1.8516359646779152, "0,14": -0.14280379225485618, "0,15": 0.6252889074390482, "0,16": -0.3459477794361585, "0,17": 1.9757803640047955, "0,18": -1.320057400665247, "0,19": 1.088744115347934, "0,2": 0.4660864425228728, "0,3": 1.2308505087325257, "0,4": 1.9121934228051263, "0,5": -0.5339296999912446, "0,6": 1.8329595791427602, "0,7": -1.4767657793420468, "0,8": -0.3245549930714198, "0,9": 0.012310357382905757, "1,10": -0.6368761842847328, "1,11": 0.25433800522340944, "1,12": 1.0795934718307745, "1,13": -0.3069587436906063, "1,14": -0.6220064783881094, "1,15": -1.0195174062563508, "1,16": 1.6422845938937365, "1,17": -1.29147121512122, "1,18": -0.2958715153786122, "1,19": 0.13703070821356977, "1,2": -1.797040791152504, "1,3": -0.9260255162446871, "1,4": -0.48775973362326397, "1,5": 1.9975489168631588, "1,6": -0.5053915677879295, "1,7": 1.8208715952647418, "1,8": -0.006230657762008374, "1,9": 0.9908695437477055, "10,11": -0.3261498631375117, "10,12": -1.749123652460415, "10,13": 0.6338093843574488, "10,14": 1.6465651761927647, "10,15": 0.15920090564529854, "10,16": -1.5691740441734123, "10,17": 1.5606153330506758, "10,18": 1.502426549795751, "10,19": -1.5180769646129444, "11,12": -0.5828109570137667, "11,13": 0.4330421783567644, "11,14": -0.6446180875535794, "11,15": 0.8889845256939508, "11,16": -0.6136906405414124, "11,17": -1.8220214708876439, "11,18": -0.6141662794594942, "11,19": 1.5234764399776384, "12,13": -0.6685370743050254, "12,14": 0.24325868239523452, "12,15": -0.8965746230121816, "12,16": 1.4895846921332527, "12,17": -1.1940621222067969, "12,18": 1.7926999701716118, "12,19": -1.5430550444053885, "13,14": -0.22860281005916683, "13,15": 1.908174506601377, "13,16": -0.16554845817013586, "13,17": 1.1137785927762738, "13,18": -0.22758202862788712, "13,19": 0.342132408978316, "14,15": -1.4208954406035654, "14,16": -1.1819971734756276, "14,17": 1.371956064121151, "14,18": 1.8418932219230428, "14,19": 1.3362497727943032, "15,16": -1.278395815754993, "15,17": -1.1346049770478337, "15,18": 0.34639601244954443, "15,19": 1.9963325101710647, "16,17": 1.068506759793301, "16,18": -1.9686659287697559, "16,19": 0.44945322977013147, "17,18": -1.126855507752436, "17,19": -1.3287611629613272, "18,19": -1.2246606642552327, "2,10": 1.9762817775797923, "2,11": 1.3606683172304255, "2,12": 1.2606401872977337, "2,13": 0.1678034946260838, "2,14": 0.90811031377942, "2,15": -1.7747080844626302, "2,16": -1.3329773538099494, "2,17": 0.4583186825991796, "2,18": 0.6683288470248598, "2,19": 0.9327643360956008, "2,3": -0.9349677981685267, "2,4": -0.4955986675955346, "2,5": -0.37775125540496113, "2,6": -0.059072739011280184, "2,7": 0.6286598942163888, "2,8": -1.5549644282457527, "2,9": 1.6354500812794268, "3,10": -1.7356687167240579, "3,11": 1.7983194117980958, "3,12": -0.0699391053771321, "3,13": 1.6311303165043332, "3,14": -1.540335967002589, "3,15": -0.4395323098889774, "3,16": 1.1753726798486608, "3,17": -1.1569293659229998, "3,18": -1.0594244500405026, "3,19": 0.1153004600189802, "3,4": 0.24818501146475924, "3,5": 0.4293410342324786, "3,6": -1.2200739091438777, "3,7": 1.827578898961435, "3,8": 1.9984936285118269, "3,9": -1.6953951764833213, "4,10": 1.7863757398632156, "4,11": -0.9626772130859678, "4,12": 1.6397141189630715, "4,13": 0.7224804636288571, "4,14": 0.6439225415364036, "4,15": 1.396919195572004, "4,16": 1.7520383781983857, "4,17": -0.970176083665041, "4,18": -1.4144829870325268, "4,19": 1.9079622035818415, "4,5": 0.3057945529413151, "4,6": 0.006307293194362185, "4,7": 0.9173063053495674, "4,8": -0.9056771989045793, "4,9": 0.34054378400873153, "5,10": -1.3615265229417073, "5,11": -1.3957471306820661, "5,12": 1.2660593223481729, "5,13": -0.23123128515805647, "5,14": 0.4979002830780228, "5,15": 0.2275284176712682, "5,16": -1.2331774077360182, "5,17": 0.3948510445046596, "5,18": -0.6141877384388175, "5,19": -0.22116890633750552, "5,6": -1.2035561817659435, "5,7": -0.8335878790119775, "5,8": 1.5936944710379612, "5,9": -1.1219161677764418, "6,10": -1.3473754110749794, "6,11": -1.212290290742001, "6,12": -0.9105130747876351, "6,13": 1.907461432645257, "6,14": -0.34950098865232526, "6,15": 0.8376587311437125, "6,16": 1.4130936727426984, "6,17": -1.4395833545559347, "6,18": -1.5402369179788291, "6,19": -1.845352522564848, "6,7": 0.46599726742218195, "6,8": -1.440920644125364, "6,9": -0.9199777454002507, "7,10": 1.0078662644057177, "7,11": -1.2911701130978623, "7,12": 1.5999997051896484, "7,13": 1.4839002656928133, "7,14": 1.1943394425309894, "7,15": 1.9327242887660154, "7,16": -0.9450321227296041, "7,17": 1.453051798701995, "7,18": -1.299251715074949, "7,19": 1.4317851383764464, "7,8": 0.6568958238913205, "7,9": 1.0044916788526401, "8,10": -1.1606406211149443, "8,11": 1.7324957710555258, "8,12": 0.5863332694414582, "8,13": -1.6446724718591508, "8,14": -1.031773039389781, "8,15": 0.8570299899955991, "8,16": -1.1669499748582801, "8,17": 1.8509811553627502, "8,18": 1.2005722649870516, "8,19": -0.6322403432180352, "8,9": -1.2527680345905257, "9,10": 0.6784828583675511, "9,11": 0.4296997274979377, "9,12": 1.6943320217544282, "9,13": -0.3212525364205878, "9,14": -1.0600149791479763, "9,15": -1.245591257978297, "9,16": 0.3550711425424269, "9,17": 1.7853175942363064, "9,18": -1.1501991305301678, "9,19": 1.0529977302929812}, "bias": {"0": 0.8386222350863155, "1": -0.6223232637811611, "10": -0.3322351971335191, "11": 0.7740268802497561, "12": 0.13367462215496784, "13": -0.9771014143633445, "14": 0.5818536449797553, "15": 0.4768123533925708, "16": -0.8058916258412845, "17": -0.9679117124943228, "18": -0.9931165222724605, "19": 0.4873486933604092, "2": 0.983298415681537, "3": -0.7761132002078439, "4": -0.9826268493015458, "5": 0.7030310488452522, "6": -0.5080969127502004, "7": 0.8646002461304036, "8": -0.3648308280135595, "9": 0.7739381454171674}}