{"Q": {"0,1": 0.4173250380815343, "0,10": 0.6840456762424907, "0,2": 1.1866877238744054, "0,3": 0.723067388272796, "0,4": 0.7319095690413295, "0,5": -0.5455953772641058, "0,6": 1.2770155956521827, "0,7": 0.32399201456647075, "0,8": 0.18007282399467428, "0,9": 1.4443969549182936, "1,10": -1.32662998940586, "1,2": 0.8246339494715875, "1,3": -1.1959134806524716, "1,4": -1.3662453691595555, "1,5": 1.2175030392880033, "1,6": 0.47168801310346575, "1,7": -1.3136360499343698, "1,8": -1.922634547119674, "1,9": -1.4033905860128195, "2,10": 1.9076327004555655, "2,3": 1.9348296565514094, "2,4": 1.9394348334381872, "2,5": -0.3229965071900911, "2,6": -0.7753813764287103, "2,7": 0.020115356415632224, "2,8": -1.6825351790633607, "2,9": -0.8522409993866096, "3,10": -1.5506109699966566, "3,4": -0.30496137510988186, "3,5": -0.3796632143748142, "3,6": 1.5731614959311209, "3,7": -1.642536632919326, "3,8": 0.8920914804372213, "3,9": 1.7860736161052864, "4,10": 1.6124923222390177, "4,5": -0.5275631573024628, "4,6": -1.5137493624219664, "4,7": 1.8217541956752563, "4,8": -0.05538593977040396, "4,9": 1.5467994740773596, "5,10": 1.2694744295807499, "5,6": -1.5661033748916355, "5,7": -0.1762839779588572, "5,8": -1.457595053858184, "5,9": 0.3041995071180805, "6,10": 0.08484364670415712, "6,7": -0.7546179983890746, "6,8": -1.2449228966985935, "6,9": 0.5865920232712614, "7,10": -1.2864430127505622, "7,8": -1.248250767298217, "7,9": -0.06359931790678797, "8,10": -1.219226963258003, "8,9": -0.20631466803995036, "9,10": -1.2175209360309185}, "bias": {"0": 0.6919348619408796, "1": -0.23428072350724327, "10": -0.9925287859572021, "2": -0.15396592316083546, "3": 0.22360223460038675, "4": -0.07035279536059136, "5": -0.7487891923248986, "6": 0.7059137213353421, "7": 0.8313569328509034, "8": -0.6447363434944247, "9": -0.6343796388403216}}