{"Q": {"0,1": -1.1337502157382966, "0,2": 0.5903925204346341, "0,3": -0.38785693210402705, "0,4": -1.7256180905912664, "0,5": 0.6191038299792893, "0,6": 1.8998844164615694, "0,7": -0.5207491976315084, "0,8": 1.3357969138305061, "0,9": -0.11020462587112867, "1,2": 0.5592868286977217, "1,3": -0.2662928856305298, "1,4": -1.73051505546368, "1,5": -1.2818429525718589, "1,6": 1.496410937113037, "1,7": 1.5558226680219853, "1,8": 1.0368831242775038, "1,9": -0.6768544340900409, "2,3": -0.0795524831505019, "2,4": -1.037500546953038, "2,5": 0.8807462624145237, "2,6": 0.3341652898900831, "2,7": -0.2906050306797776, "2,8": 1.9439416484278893, "2,9": 1.3079950894043413, "3,4": 1.436005640752526, "3,5": 0.4885472896535217, "3,6": 1.996436269205931, "3,7": -0.08613152852242534, "3,8": -1.9735804997152968, "3,9": -0.2116725507922732, "4,5": -0.41996057994597136, "4,6": 1.2046618091135617, "4,7": 1.0573588736894743, "4,8": -1.5212747853727695, "4,9": 1.4037787882270907, "5,6": 1.5619984730013527, "5,7": -0.7076641970240245, "5,8": -1.865960235151043, "5,9": -0.13043555256170958, "6,7": 1.5244678324722956, "6,8": -1.0654486178874443, "6,9": -1.9415804725588472, "7,8": 0.4728796938791455, "7,9": -0.3016828289835525, "8,9": 0.6492844729631573}, "bias": {"0": -0.3631707910355064, "1": 0.24519948955082604, "2": 0.2683327582456998, "3": 0.4136784422708988, "4": -0.7335860113256851, "5": -0.025528822894359315, "6": 0.22768465858384013, "7": -0.6163340437764993, "8": 0.4841641349450938, "9": -0.4503148489820994}}