{"Q": {"0,1": -0.7184311987399457, "0,10": 1.783711144672544, "0,11": 0.6524747610527308, "0,12": -1.936835848266055, "0,13": -1.2529709255482566, "0,14": 0.424747055338897, "0,2": 0.4908771334920101, "0,3": -0.6935871559506648, "0,4": 1.2705917889092806, "0,5": -0.9389913705070243, "0,6": -1.2536527981955046, "0,7": -1.4190166265798294, "0,8": -1.455900338982913, "0,9": -1.9153974417158315, "1,10": -1.602458992208558, "1,11": -0.6837796757743582, "1,12": 1.2807943821886871, "1,13": -0.13333158919807886, "1,14": -0.2937195094278531, "1,2": -0.8372885131787431, "1,3": 1.4401957733485138, "1,4": -1.705648013349962, "1,5": 0.7212805529985777, "1,6": 1.2298067978810558, "1,7": -1.0424300186839646, "1,8": 0.3145282042222113, "1,9": -1.9777036654079394, "10,11": -0.1532559180463524, "10,12": 1.584029433203575, "10,13": 0.6856351075514242, "10,14": -0.1251720157841416, "11,12": -0.005066859072408114, "11,13": 1.5291198744323284, "11,14": 1.8986893407249479, "12,13": 1.5572289485776647, "12,14": 0.5810437308384335, "13,14": -1.326436262473499, "2,10": -0.20022610393691798, "2,11": -1.8548558081459934, "2,12": -0.49103104294050004, "2,13": -1.9347895179523675, "2,14": 0.3301244279127853, "2,3": -0.9740310922411606, "2,4": -0.8960625886323412, "2,5": 1.2586718986575556, "2,6": 1.2838751686285712, "2,7": -0.5213621248373097, "2,8": -1.4260701857920965, "2,9": -1.0890303288590313, "3,10": 1.2382483539824212, "3,11": -1.274440851795704, "3,12": 0.6186655805812418, "3,13": -0.04751022004287497, "3,14": 0.6216862611814689, "3,4": 0.05696525000953301, "3,5": -1.6999594455304177, "3,6": -1.837435543800416, "3,7": 0.06137058879652457, "3,8": 1.9781550267723937, "3,9": -0.4323638865847337, "4,10": -0.5369237532533537, "4,11": 0.6243275049026025, "4,12": 1.5029288267874161, "4,13": -1.7247010216384777, "4,14": 1.4433363456430177, "4,5": -0.1843430191467772, "4,6": -1.42877158510462, "4,7": 0.5997476680464309, "4,8": 1.6368682698894914, "4,9": 0.08335656090844301, "5,10": 0.7435932645253942, "5,11": 0.7290837873713589, "5,12": 1.2543180526469397, "5,13": 0.49947268951552015, "5,14": 0.037354595741456276, "5,6": 1.0196875770482947, "5,7": 0.09883738290603894, "5,8": -0.9573673062265784, "5,9": -0.296303818432488, "6,10": 0.404139674312999, "6,11": -0.30224003773394603, "6,12": -1.9606285755634905, "6,13": 1.807025835058238, "6,14": -0.5308319494765259, "6,7": 1.740303956574445, "6,8": 1.4633629743162202, "6,9": -1.0763217914624197, "7,10": -0.9712898615272021, "7,11": 1.5461262526584933, "7,12": 0.982475894277616, "7,13": -1.8446003528520851, "7,14": -0.5330987602352075, "7,8": 0.007802822839119816, "7,9": -1.4771475547274409, "8,10": -1.5014795189558705, "8,11": 0.7283043755203922, "8,12": -0.20272356692257354, "8,13": -1.6727218031514286, "8,14": 1.1526824384875893, "8,9": -1.8312782720462413, "9,10": -1.0911520653994247, "9,11": -0.9075296070896548, "9,12": 0.15992268537598786, "9,13": -1.448548745744925, "9,14": 1.5841157035677966}, "bias": {"0": -0.11291750335892581, "1": -0.32986060915538595, "10": -0.7881024807865156, "11": 0.9042711991114973, "12": -0.6027648626911752, "13": -0.10285199855950822, "14": 0.30201280939108877, "2": -0.017262752962845962, "3": -0.38220028838348896, "4": -0.895708966570365, "5": 0.34545434992594326, "6": 0.21171201413839236, "7": 0.3611074976499318, "8": -0.5940803867401525, "9": 0.9503465955310417}}