{"Q": {"0,1": -1.5315359807370514, "0,10": -1.7649977054586694, "0,11": -0.8743244018871956, "0,2": 0.4207740446228989, "0,3": -1.6735750507825906, "0,4": -1.1895121188615843, "0,5": -1.6354613188935399, "0,6": -0.05883992887520506, "0,7": 0.4516029767712242, "0,8": -1.7004231722659253, "0,9": -0.624675688335778, "1,10": -1.0738011488577701, "1,11": 1.1071524990542954, "1,2": -0.367908823230362, "1,3": 0.32202061653883485, "1,4": -1.6602087586351537, "1,5": -1.861823575885572, "1,6": -1.0790521310547372, "1,7": -1.0406643903504897, "1,8": 0.49607334946480774, "1,9": -0.0678857097045995, "10,11": 1.6012875439211984, "2,10": -0.31308326335454995, "2,11": -1.8571800509401948, "2,3": 1.8709580376187485, "2,4": 1.0623795368511204, "2,5": 1.9351521692510731, "2,6": -1.7947080976622312, "2,7": 1.8204487430340923, "2,8": 1.6576873966614118, "2,9": -1.7603795588747349, "3,10": -0.6211027736738424, "3,11": 0.5349334374456594, "3,4": -1.2433519080559954, "3,5": 0.7527612970667539, "3,6": -0.2970455021891145, "3,7": -1.9401070582951037, "3,8": 0.11623352963293909, "3,9": -1.9960539296574242, "4,10": 1.9424803939634803, "4,11": 0.3122815506636023, "4,5": 1.062183565272616, "4,6": -1.7049085311038588, "4,7": 0.48720634441348665, "4,8": 1.5713627765448792, "4,9": -0.665458385040421, "5,10": 0.3111318240623753, "5,11": 0.959625442004493, "5,6": 0.48130948303328625, "5,7": -0.36994222230284457, "5,8": 0.7406696650484386, "5,9": 0.48934592347854267, "6,10": -0.8460212916355712, "6,11": -0.5314215670954461, "6,7": 1.6665015015161657, "6,8": -0.6606854046640396, "6,9": 1.7074955386883999, "7,10": 0.7838584068081458, "7,11": -1.6698138598331553, "7,8": -0.3465181109610018, "7,9": -0.9777917724819418, "8,10": -0.03590520201988312, "8,11": 0.7702338532710016, "8,9": 0.5046728010647525, "9,10": 0.6609967761178903, "9,11": 0.43426535524091436}, "bias": {"0": 0.17872594205457593, "1": 0.9909984109582788, "10": -0.21967231783994, "11": 0.9834195900813167, "2": -0.02150717458800866, "3": -0.04853037808286098, "4": -0.014302658636606402, "5": -0.19417684555147918, "6": 0.15515358645030597, "7": -0.43644172013604265, "8": -0.5801015990080869, "9": -0.24129621147712554}}