{"Q": {"0,1": -0.9614278559513765, "0,10": 1.733040860920763, "0,11": 1.259262066271766, "0,2": 1.8006160601993595, "0,3": 1.6622332322741307, "0,4": 1.7093979637751846, "0,5": 0.399952491708496, "0,6": -1.617937131473031, "0,7": -1.858975066178433, "0,8": 1.3155427817839525, "0,9": 1.5546475373381896, "1,10": -1.6644036889804568, "1,11": 1.571230211538622, "1,2": -1.1170082180226748, "1,3": -0.37775868582255834, "1,4": 1.8048579970795133, "1,5": -1.3033538555711788, "1,6": 1.1558224591898982, "1,7": 0.4909282142376319, "1,8": -0.608860754512476, "1,9": 0.8587022189592575, "10,11": -1.2567703651437685, "2,10": 0.08265952076631056, "2,11": 1.9493416371331707, "2,3": -1.904791515223816, "2,4": -1.5408830204961492, "2,5": -0.98107911577062, "2,6": 0.13702881607421302, "2,7": -1.5097270391214637, "2,8": -1.5476223078112872, "2,9": 1.203191163061712, "3,10": 0.06129864712051436, "3,11": -1.59169691324131, "3,4": -0.20991509187955248, "3,5": 0.41358676112365966, "3,6": 1.2314569119074164, "3,7": -1.1028657858087887, "3,8": -0.8698427188917703, "3,9": -1.4238903522986681, "4,10": 1.1535074099516045, "4,11": -0.6348675368067815, "4,5": 1.9288347072533996, "4,6": -1.945785725772133, "4,7": 1.0770376418905419, "4,8": 0.7482418998953997, "4,9": -1.833490331174116, "5,10": -1.3845160447488598, "5,11": -1.0288188951081754, "5,6": 1.1593811172347643, "5,7": 0.1373901989177293, "5,8": -0.04872625956598098, "5,9": 0.2936338802889442, "6,10": -1.6376208378231052, "6,11": 1.6349168360733053, "6,7": -1.985153359198942, "6,8": -1.130788233256712, "6,9": 0.5631447388088624, "7,10": -1.1866297459508268, "7,11": -1.9602270414907266, "7,8": -0.5303070605005025, "7,9": 0.9415649339654832, "8,10": 0.6094055436405683, "8,11": -1.8006926792544387, "8,9": 0.7593886058893937, "9,10": 1.447180820967569, "9,11": -1.8702328411820983}, "bias": {"0": -0.32229190024114596, "1": 0.9223258828056986, "10": 0.23634231421724072, "11": -0.4284127503369808, "2": -0.365323329025093, "3": 0.8657669201665443, "4": 0.38907402862977225, "5": 0.41238004505582637, "6": -0.6098363186641036, "7": -0.8039353871256043, "8": 0.20399560943902295, "9": 0.5356420616025179}}