{"Q": {"0,1": -0.022775665546001633, "0,2": -1.2034227040664884, "0,3": 0.8924005703158979, "0,4": 1.2593486757711787, "0,5": -0.5394460854132657, "0,6": 0.4317556828023035, "0,7": -0.21820274302353226, "0,8": -1.8191379814101092, "0,9": 0.5904123163441084, "1,2": -0.16226666014443625, "1,3": 1.6906477979004149, "1,4": -1.7819376040966595, "1,5": -1.5458182347093268, "1,6": 1.243464629823408, "1,7": 0.8201642340733217, "1,8": 0.6487223924752947, "1,9": 1.0060478470501777, "2,3": -1.5565011163973108, "2,4": -1.3170413910019945, "2,5": 1.8611853744918134, "2,6": -1.7279111768132358, "2,7": -0.18011475846019076, "2,8": -0.18228930095001283, "2,9": -1.906738189427768, "3,4": -0.29230329273824296, "3,5": 1.8237269828436524, "3,6": -0.5390532686536034, "3,7": -0.21145211888292348, "3,8": -1.9162136566445453, "3,9": 1.6590425207881343, "4,5": -0.04327999468855692, "4,6": 0.5768789612589362, "4,7": 1.8861703754715866, "4,8": -0.359584801015874, "4,9": 1.9617138707287407, "5,6": -0.28641483912505583, "5,7": 1.509323872076564, "5,8": 0.35015649863747456, "5,9": 1.9502828251699142, "6,7": 1.9525454636003023, "6,8": 0.490929819639089, "6,9": 1.5047158232121833, "7,8": 1.7508232507074508, "7,9": -1.5820973167770869, "8,9": -1.445238905096947}, "bias": {"0": 0.3171049861061419, "1": -0.5911760882457016, "2": 0.24975862749621647, "3": 0.8738353154011262, "4": -0.36768478261763105, "5": 0.7795676975468153, "6": 0.8854923924813396, "7": -0.3123177119765361, "8": -0.48184621321835563, "9": -0.0706371007737745}}