{"Q": {"0,1": -1.1359909645483977, "0,2": -1.9047039042377252, "0,3": 1.4732761792755622, "0,4": 0.24264907961717874, "0,5": 1.4979279924788629, "0,6": 1.5571847703067712, "0,7": -0.10848223604965979, "1,2": -1.2897789159232822, "1,3": 1.510448217914413, "1,4": -1.3532650816315113, "1,5": -0.6894490373363813, "1,6": 1.4891109208157651, "1,7": -0.9044521046271194, "2,3": 0.9751902102634595, "2,4": 0.007191197748818823, "2,5": -0.9838767069834313, "2,6": 1.8059303865120215, "2,7": 1.4246117669118847, "3,4": -0.5484804516743638, "3,5": -1.4004878986807987, "3,6": -1.6825400948512566, "3,7": 1.3370737129874946, "4,5": -0.2898560935867285, "4,6": -1.5780928799986826, "4,7": -0.6993659388759381, "5,6": 1.9201328633282309, "5,7": 0.4390027491324875, "6,7": -0.01529886313851092}, "bias": {"0": 0.25157338486844716, "1": 0.6268824712957033, "2": -0.2517790237970454, "3": 0.5760716232681613, "4": -0.36244746304471764, "5": 0.33143912859502156, "6": -0.8490207023582712, "7": -0.5122393258700135}}