{"Q": {"0,1": -1.1949295002608302, "0,10": 0.37377973644726925, "0,11": 0.2715292965353151, "0,12": 0.772684031407846, "0,13": 1.0120348996830066, "0,14": -1.6860843966137304, "0,15": -0.1346713542401301, "0,2": 0.8319873841928178, "0,3": -0.5173343777090462, "0,4": 0.7158805790557188, "0,5": -0.34041277386757995, "0,6": 0.3607618860485924, "0,7": 1.3539661855961325, "0,8": 1.4148066568366104, "0,9": -0.41646441626001396, "1,10": 0.6285537895243731, "1,11": -1.1378027973513114, "1,12": 0.45494430476311054, "1,13": -1.1131036632944045, "1,14": 0.38249164379986755, "1,15": -0.331178789865485, "1,2": -1.8879532362686136, "1,3": 0.5416841563317769, "1,4": -0.6010146559948448, "1,5": -1.6607565339781392, "1,6": -1.3855926854860234, "1,7": 1.8515756614363106, "1,8": 0.20897826106798556, "1,9": -0.24869638974014352, "10,11": -0.10301910554201976, "10,12": 0.7846768982170111, "10,13": 0.19685686572232974, "10,14": -1.795995482766989, "10,15": -0.9020096260669179, "11,12": 0.28794358032715106, "11,13": 1.4843255987485309, "11,14": -0.06135507941448903, "11,15": -1.8902897170575956, "12,13": -1.014677976610309, "12,14": -1.2892971761911056, "12,15": -1.2198236917082652, "13,14": 0.8407712322653995, "13,15": -1.3685610800026162, "14,15": 1.2916278237626284, "2,10": -0.6329548551362794, "2,11": -1.8534555668628347, "2,12": -0.5508591960604812, "2,13": 1.3596349651353, "2,14": -0.8523560408594983, "2,15": -0.057526658781985596, "2,3": -1.0865141787785788, "2,4": 0.08936225353993166, "2,5": 0.24057498020573753, "2,6": 0.6449084742544771, "2,7": -0.9675780206248925, "2,8": -0.9455541024944059, "2,9": -1.6574989278099062, "3,10": -1.8252104236656734, "3,11": 0.34284148854059504, "3,12": 0.7585815608590019, "3,13": 0.668333913307908, "3,14": 1.9822122314687052, "3,15": -0.024854216600237677, "3,4": 1.8597585349401378, "3,5": -1.7761072034973697, "3,6": 1.2666910096145134, "3,7": 0.013368110351512641, "3,8": 0.8672700377242415, "3,9": -1.7986546449411707, "4,10": -0.8947451687595138, "4,11": 0.5823916742363231, "4,12": 1.037514348618744, "4,13": 1.5087128445744602, "4,14": -1.2242784424578312, "4,15": -1.9745974122725882, "4,5": -1.1328877680109022, "4,6": 0.5041771182721946, "4,7": -0.4851708046970624, "4,8": 1.0156575839276658, "4,9": -0.01493692003121172, "5,10": 1.0918308729575403, "5,11": -0.7800001092506013, "5,12": -1.7771825170669575, "5,13": 0.8002439587775059, "5,14": 1.0354497681940238, "5,15": 0.2911866519610493, "5,6": 0.5073264099632784, "5,7": -0.9470676173536559, "5,8": 1.341009408906749, "5,9": 1.7426887274410552, "6,10": 1.841073602355686, "6,11": 0.87843121860976, "6,12": -0.7169987428928399, "6,13": -1.9021454320579267, "6,14": 1.7625803307843495, "6,15": -1.2105654383010096, "6,7": 1.5712166533427805, "6,8": -1.63839903774588, "6,9": -0.30975429692907186, "7,10": -1.9441562599621935, "7,11": 0.8661775226848163, "7,12": 1.008726843324966, "7,13": -1.3757647493780611, "7,14": -0.1660867220365958, "7,15": -1.1633151596457725, "7,8": -0.3133125166497295, "7,9": -1.6712993676003123, "8,10": -1.221757442872995, "8,11": 0.3811414816592871, "8,12": -1.2645619981291611, "8,13": -1.1061160268000743, "8,14": -0.4502473954033599, "8,15": -0.6766274010553066, "8,9": -0.3488119084248855, "9,10": 0.4677090934610071, "9,11": -1.7161250486933213, "9,12": 1.815277981813439, "9,13": 1.9220291959194462, "9,14": 0.159675757810112, "9,15": 1.5608874084673467}, "bias": {"0": 0.3408785922457065, "1": 0.45046545529758975, "10": 0.5566170853854204, "11": 0.963878309205864, "12": 0.26263568245373836, "13": -0.7473576884610424, "14": -0.33137617405258735, "15": -0.6169684747300899, "2": -0.6285393398559027, "3": -0.02232953968843443, "4": 0.8222933441781666, "5": -0.9095121631094956, "6": -0.7322428226615394, "7": 0.05221177991739001, "8": -0.07584285599532548, "9": 0.7884299408251765}}