{"Q": {"0,1": -1.1701748704967283, "0,2": -1.7528267754523008, "0,3": -1.6587197305845631, "0,4": -1.4379985815008163, "0,5": 1.785772052122066, "0,6": 1.5632148863645723, "0,7": 1.0835554111972883, "1,2": 0.9588988085167083, "1,3": -1.1947762667739426, "1,4": -0.5140893058531284, "1,5": 1.9917437894311574, "1,6": -1.0459276512609876, "1,7": 1.1478710472126399, "2,3": -1.8431076419416925, "2,4": -0.11415776394898636, "2,5": 1.7752210259328591, "2,6": -0.26229500366159586, "2,7": 1.1939362129102653, "3,4": -1.716048154155685, "3,5": 0.14914427755358073, "3,6": 0.7978575175260718, "3,7": 0.32231715137960926, "4,5": -0.19825761349489746, "4,6": 0.22063817314775402, "4,7": -0.3795068461062914, "5,6": 0.98653796903776, "5,7": -1.280668067961959, "6,7": 0.9514156809684091}, "bias": {"0": -0.8902647246169735, "1": 0.9974517689787425, "2": -0.11473706608354761, "3": 0.9702672070040761, "4": -0.7817671180363805, "5": 0.19434255277156276, "6": 0.492577670188568, "7": -0.07680709099051386}}