{"Q": {"0,1": 1.6358329522190407, "0,10": -0.9068265391166745, "0,11": -1.335493228003645, "0,12": 0.16522646085186388, "0,13": 0.6801150064797112, "0,14": 1.5519218690108225, "0,15": -0.024540913050524082, "0,16": 1.588253657497721, "0,2": -1.083843872852376, "0,3": -1.8513632693187665, "0,4": 0.0324283151429392, "0,5": -0.21795774902236698, "0,6": -1.7723899071955196, "0,7": -1.3514544364021117, "0,8": -1.7484187497216972, "0,9": -0.8178418728185024, "1,10": 0.6880708335689572, "1,11": -1.6516608408306346, "1,12": 1.0103247700501727, "1,13": 1.8375521680981466, "1,14": -1.6351300793743704, "1,15": 1.9373114603727921, "1,16": 0.9808685489446263, "1,2": -0.4640165907127649, "1,3": 1.9298146709813024, "1,4": -0.9945407835663373, "1,5": -1.6775210214477814, "1,6": -1.6101853304563085, "1,7": -1.8363001425274557, "1,8": -1.226933611051881, "1,9": -1.4045723087931536, "10,11": -1.6720118226499885, "10,12": 0.48119618186355906, "10,13": -0.9990625774727757, "10,14": 1.1627358171418534, "10,15": 1.440902337639531, "10,16": -0.47938452380511887, "11,12": 1.55523958162021, "11,13": 0.2885060554150711, "11,14": -1.6158014773160096, "11,15": 1.013458734568407, "11,16": 1.5069133682242084, "12,13": 0.5217216735557209, "12,14": -1.1831411366829458, "12,15": -1.9983120667053007, "12,16": 0.3681573786414858, "13,14": -0.34831036062728726, "13,15": -1.20298244776489, "13,16": -1.0059772509463034, "14,15": 1.5231035133749788, "14,16": 1.3504664967931888, "15,16": 1.6118800192009979, "2,10": 1.045090656608902, "2,11": -0.971484315676193, "2,12": 0.045082100028590144, "2,13": 1.9172386013755212, "2,14": 0.8953936137186895, "2,15": -0.7615719960111864, "2,16": -0.3508250769749881, "2,3": -0.01062791826586773, "2,4": 0.30511667905313544, "2,5": -1.2820912463621683, "2,6": -0.6339390260934707, "2,7": 1.3004264482744934, "2,8": -0.705744091839811, "2,9": -0.20527302007923565, "3,10": -0.21788570242650263, "3,11": 0.44023328966180797, "3,12": 1.6616165329004442, "3,13": 0.6712671781012531, "3,14": -1.8583579032462736, "3,15": -1.375735779031673, "3,16": 1.5870576514928736, "3,4": 0.16662248180750305, "3,5": 1.3058302059880682, "3,6": 1.503470932661735, "3,7": 0.6457279871963957, "3,8": -1.1446714719782354, "3,9": 0.7751841614923589, "4,10": -0.4562822051968567, "4,11": 1.1230048025356014, "4,12": 1.7114563674217083, "4,13": -0.7316436293019937, "4,14": -1.5049686669454778, "4,15": -1.5835076635589167, "4,16": 1.0034208395964574, "4,5": -1.969286333457294, "4,6": -0.23685725217528386, "4,7": -0.6903885082836387, "4,8": 0.16818113224428544, "4,9": -1.1659023747404569, "5,10": 0.848516576591611, "5,11": -0.17069802383881738, "5,12": 1.6252384724386628, "5,13": 1.2889715676163376, "5,14": 1.9570374366575272, "5,15": -0.12120790540087212, "5,16": 0.45329699903368725, "5,6": 0.0796014594402612, "5,7": -0.36944153504581, "5,8": -0.5371934810078245, "5,9": 1.2651809437778971, "6,10": 0.7717647909897827, "6,11": -1.8441862337678927, "6,12": -1.1735859861857212, "6,13": 0.6057467883781342, "6,14": 1.1589040185166772, "6,15": -1.6188875402517167, "6,16": -0.8927858800935002, "6,7": -0.410507539870439, "6,8": -0.031200194423864236, "6,9": -0.17540634858448856, "7,10": -1.8695504969392869, "7,11": -1.3666792313556857, "7,12": -0.33516231787612005, "7,13": -1.8787718789166226, "7,14": 1.4987762256360249, "7,15": 0.9351914654424922, "7,16": 0.9801179408840985, "7,8": 1.66008894535377, "7,9": 0.7903180552168196, "8,10": 1.0148777414760657, "8,11": -0.29375090150756566, "8,12": -1.6158407950872093, "8,13": 1.5491282695823316, "8,14": -1.8832787625306056, "8,15": 0.2737393306437368, "8,16": -0.05120417104672326, "8,9": -1.7624142736514843, "9,10": 0.6861096018266148, "9,11": -1.3855114632111531, "9,12": 1.9214014601959608, "9,13": 0.6464636086925402, "9,14": 0.8633084514814295, "9,15": -0.0883418975740291, "9,16": -0.6554779460940394}, "bias": {"0": -0.25055243543525063, "1": 0.35734741854715324, "10": 0.010403229010461423, "11": -0.2682280429170547, "12": -0.7247227102602549, "13": -0.25410959687907675, "14": 0.9725331532600268, "15": 0.7326379796254172, "16": 0.6109380418789505, "2": -0.5301679624755697, "3": 0.22766287520115713, "4": 0.49235592078752544, "5": 0.32385525379976143, "6": -0.6970202185110961, "7": -0.05349031999655951, "8": 0.22756618297040565, "9": -0.702372983070406}}