{"Q": {"0,1": 0.5736104954353931, "0,10": 1.9641764088617242, "0,11": -0.04323068219351933, "0,2": 1.3457679129927076, "0,3": 0.7227597099588463, "0,4": -0.9239583395932214, "0,5": -0.2834263962837902, "0,6": -0.5390729630011513, "0,7": -1.3472173266425291, "0,8": 1.237981810378601, "0,9": -1.8536041890865937, "1,10": 0.25177117108967817, "1,11": 1.5773199805968376, "1,2": -0.46067429178889574, "1,3": 0.4628976747909186, "1,4": 1.1829538878318293, "1,5": 0.6571229114078765, "1,6": -1.9622982237257638, "1,7": -1.2391808478348962, "1,8": 1.0665440566948132, "1,9": 0.1937217717447588, "10,11": 0.3683398901890067, "2,10": 0.13548573094663885, "2,11": 0.5037605766691224, "2,3": -0.7528223101460512, "2,4": 0.31808578187093417, "2,5": 1.8625257269739017, "2,6": 1.5675964068160915, "2,7": 1.6095453835028377, "2,8": -1.1011769791877777, "2,9": 0.7444749586612787, "3,10": 1.2125177183496438, "3,11": 1.393433970799609, "3,4": 1.2458414741827553, "3,5": -1.103443801976562, "3,6": -1.3326182052441582, "3,7": -1.4727506338548713, "3,8": 0.14706410875875386, "3,9": 1.6523629970862244, "4,10": -1.7529054152747099, "4,11": 1.9114386126834844, "4,5": -0.6584179816188138, "4,6": 1.7501250282347116, "4,7": -0.644270233281818, "4,8": -1.582777923265264, "4,9": -0.30859347723920205, "5,10": 0.8034421799386826, "5,11": 1.328352934883163, "5,6": -1.4836129932509396, "5,7": -0.5042768485433458, "5,8": -1.799734045011503, "5,9": 0.833230813273397, "6,10": 1.0787546160538848, "6,11": -1.4091433956841395, "6,7": -1.5381657546523906, "6,8": 1.6341916899766988, "6,9": -1.332513512186337, "7,10": -1.3879378053279758, "7,11": 1.6500364263171412, "7,8": 1.6522929974005258, "7,9": -1.0204926651466906, "8,10": -0.06346629285613936, "8,11": -1.1816492854324783, "8,9": 0.7299514019549833, "9,10": -0.22094470930596088, "9,11": 1.0064887438032795}, "bias": {"0": -0.0671227048228058, "1": 0.20479609637063168, "10": -0.050343422219209844, "11": 0.7297542586036403, "2": 0.1391317963763068, "3": -0.28109166749108083, "4": -0.7898376984978348, "5": -0.2024923203077844, "6": -0.3601939408295405, "7": 0.7145664205897375, "8": 0.4426026972442121, "9": 0.06672630289058623}}