{"Q": {"0,1": -1.7804644643221827, "0,10": -0.5255641974562306, "0,11": -1.1140179919000666, "0,2": 1.3999444808502144, "0,3": -1.7235813590836635, "0,4": 0.2116812692972383, "0,5": -0.6620124509610625, "0,6": 0.1183242244959617, "0,7": 0.15074949573497642, "0,8": -0.3924180549988998, "0,9": 0.7622996233422423, "1,10": 1.5903767276661336, "1,11": -0.579257242013985, "1,2": 1.0817601636594367, "1,3": 1.0722309063881386, "1,4": -0.40566882089603995, "1,5": -0.11394749414035221, "1,6": -1.6427757922917703, "1,7": -0.5451118450483099, "1,8": -1.2981603979383185, "1,9": 1.3293720317366273, "10,11": -1.6863676840365147, "2,10": 1.0573470556679547, "2,11": -1.655071327693431, "2,3": -0.3160607534275792, "2,4": 0.8468589293495081, "2,5": -0.07112703905593376, "2,6": -0.13668174112705644, "2,7": -1.6766999164622702, "2,8": -1.956767247554113, "2,9": 1.5513549198393553, "3,10": -0.47712411839863744, "3,11": -0.5614108580414232, "3,4": 1.7360174453807917, "3,5": -1.5829986582784956, "3,6": -0.2741435821272482, "3,7": -1.9605772198260598, "3,8": 1.9819572103109935, "3,9": 1.7742262112947844, "4,10": 1.090478576921, "4,11": -1.5948048222634252, "4,5": 0.5604508785659252, "4,6": 0.027540684297147955, "4,7": -0.9687390202837403, "4,8": 0.5646934166582205, "4,9": -1.9466022164803523, "5,10": 1.5606001093046382, "5,11": -0.7652652772108315, "5,6": 0.7535644090429656, "5,7": 0.9990999373662439, "5,8": 1.8538592194446903, "5,9": -0.8142799791289335, "6,10": -0.1801401120571433, "6,11": -0.5293208657151252, "6,7": -1.9345350440498024, "6,8": -1.415991677872328, "6,9": 0.7197428574173337, "7,10": 0.225280781802069, "7,11": -0.31395862473248215, "7,8": 0.5554797917002623, "7,9": 1.011597087693462, "8,10": -0.14142453278490041, "8,11": -1.9401237853808389, "8,9": -1.4762280556570078, "9,10": -1.1787932119996651, "9,11": 1.8173731835312377}, "bias": {"0": 0.22972651213781492, "1": -0.901619327425444, "10": -0.5119282337859883, "11": -0.009187068933121934, "2": 0.6838607304042557, "3": -0.8344025037451817, "4": 0.5420193341665063, "5": 0.7144394515468433, "6": 0.1413411364513295, "7": 0.8567645134315274, "8": -0.6917115053315948, "9": -0.6255003239044863}}