{"Q": {"0,1": -0.1596020781741938, "0,10": -0.3120770340013257, "0,11": -1.9665877878539022, "0,12": 1.7009361313094211, "0,13": 0.6842739955018216, "0,2": 1.3171045869198528, "0,3": -1.2016462288172396, "0,4": 1.9374162575054288, "0,5": 0.05916224761742228, "0,6": -0.8300359558852728, "0,7": -1.7720964604899123, "0,8": 1.905988566916522, "0,9": 1.5857528846517956, "1,10": 0.3612880002127561, "1,11": 1.1580277550796612, "1,12": 1.3040556260798177, "1,13": -1.2329939940896821, "1,2": -0.18334767562896737, "1,3": -1.0511413198598203, "1,4": 1.1268013992745107, "1,5": -0.7340380632856203, "1,6": -0.6742075328882731, "1,7": 0.37384634432052666, "1,8": 0.925099148190454, "1,9": -1.579649100946074, "10,11": 1.353929876721181, "10,12": 1.8946833876785645, "10,13": 1.056558341111665, "11,12": 0.3403350464359014, "11,13": 0.20524365226065555, "12,13": 1.8534118010600293, "2,10": 0.7798487877778828, "2,11": -1.6974082206565737, "2,12": 1.7120399393219263, "2,13": -0.5068399635741314, "2,3": 1.1818551164750581, "2,4": -1.9099319395971492, "2,5": 0.5177495018825962, "2,6": -1.8939898494817036, "2,7": -0.834515607914744, "2,8": -1.543812853363736, "2,9": -0.3684017736474585, "3,10": 0.21924172892372784, "3,11": 0.5613592410258152, "3,12": 0.42977043339543863, "3,13": 1.2048486600027495, "3,4": -0.5529999414351403, "3,5": -0.2965877851894212, "3,6": 1.4377563454426214, "3,7": -1.0430565842902966, "3,8": -1.4040715191944129, "3,9": 1.4746648358395649, "4,10": -1.709468468846139, "4,11": 0.34237961200890377, "4,12": 1.0608563810696445, "4,13": 1.1179218080867757, "4,5": 1.142703485320916, "4,6": -0.2998795475376763, "4,7": -0.5981266481821148, "4,8": 1.2568430298778677, "4,9": -0.1175015724559274, "5,10": -0.9887179034050408, "5,11": 1.9744194491106684, "5,12": -1.3131675995997671, "5,13": -1.1497661110408641, "5,6": -0.2226234080758811, "5,7": -1.019344100805836, "5,8": -1.374299509003261, "5,9": -0.05980001354199471, "6,10": -0.11908594404463413, "6,11": -0.913647613646067, "6,12": -0.8331277014339546, "6,13": -0.24785851209047793, "6,7": -0.6250103022268463, "6,8": -0.47877084091250977, "6,9": -1.254563607619438, "7,10": -1.3221763245192295, "7,11": -0.20632984833331358, "7,12": 1.3687560702402783, "7,13": 0.22524989430565467, "7,8": -0.19798188704012132, "7,9": 1.1535851334885052, "8,10": -0.8514833463954021, "8,11": -0.47352923967214444, "8,12": 1.5332438827837658, "8,13": 0.3767882607264852, "8,9": -0.7273751216386031, "9,10": 0.4597332949936801, "9,11": 0.3139130809843156, "9,12": 1.915023515685307, "9,13": 1.749182266164989}, "bias": {"0": 0.5429445570433251, "1": 0.03297590563778052, "10": 0.9949238830633422, "11": 0.8649022728492672, "12": -0.22818871765920656, "13": -0.19408308319745493, "2": 0.3400661480010134, "3": -0.7053902492347908, "4": 0.05766995493641325, "5": -0.17569058321068654, "6": -0.5754918008172314, "7": -0.27342035380281815, "8": -0.5238281984358417, "9": -0.552410206723297}}