{"Q": {"0,1": -0.6031940807596969, "0,10": 1.8781589027915797, "0,11": -1.7875474756319085, "0,12": -0.7031446102196495, "0,2": 0.16722490034858462, "0,3": 1.8390208979298412, "0,4": -0.267819073200092, "0,5": -1.0168484815755243, "0,6": -1.7691292410424597, "0,7": -1.5715440004656038, "0,8": 0.58402530201846, "0,9": 0.9022452972775219, "1,10": 0.58258854395948, "1,11": 1.9576314995345743, "1,12": -1.8131730221405231, "1,2": 1.4005252726424344, "1,3": -0.8866092816001627, "1,4": 1.8740113926974877, "1,5": -1.752184215522251, "1,6": -0.2912592569201835, "1,7": -0.03979973882690446, "1,8": 0.3318277312803435, "1,9": -0.2807727032777074, "10,11": -1.3846928672451764, "10,12": 1.6845635936573662, "11,12": -0.6505779457338745, "2,10": -0.7921592134640454, "2,11": -0.035728004593258866, "2,12": -1.1397890231590488, "2,3": 0.41922312436801246, "2,4": 1.1384688031964894, "2,5": -0.8274448929550502, "2,6": 0.13857572476991864, "2,7": 0.3670318451600303, "2,8": 0.12396344774397239, "2,9": 0.501005611526987, "3,10": 0.993425894847551, "3,11": 0.8349015672772033, "3,12": -1.4179081844944714, "3,4": -1.482140697011804, "3,5": 0.9491403062572576, "3,6": 0.6668660153962298, "3,7": 0.2545546020534464, "3,8": -1.5219348197122664, "3,9": 1.3212333251490125, "4,10": 1.1255824455045031, "4,11": 0.9883126493944698, "4,12": 0.40345944919120447, "4,5": 0.31736596857960375, "4,6": 1.1098727640160475, "4,7": 0.2595111996545514, "4,8": 1.1334027563660949, "4,9": 0.5299174746627799, "5,10": -0.7941276895677456, "5,11": 1.603149148422844, "5,12": 0.36092273980376044, "5,6": 0.8146080741279049, "5,7": -1.2190297249083435, "5,8": 0.04612185953881465, "5,9": -1.177405380197062, "6,10": -0.10328968207255418, "6,11": -0.9852369138825745, "6,12": -0.7007879689459884, "6,7": -1.975792098757252, "6,8": -0.8906580069219983, "6,9": -0.5745486109076015, "7,10": 1.721507999690668, "7,11": 1.887090312644137, "7,12": -1.2045766685754082, "7,8": -0.9392284305665184, "7,9": -1.4953927792723332, "8,10": -1.2077608210217732, "8,11": -1.8992070628662057, "8,12": 1.9825378455601008, "8,9": -0.391257940714115, "9,10": -1.9802179518650465, "9,11": 0.15680792874407512, "9,12": -0.5386578849068373}, "bias": {"0": 0.016623819937656936, "1": 0.15988525675343834, "10": 0.5382527067523144, "11": 0.9765649026468686, "12": -0.6121852023732604, "2": 0.3053650880627772, "3": 0.5588036550258204, "4": -0.4509433834669523, "5": -0.27538263866678125, "6": 0.07909223728445847, "7": -0.28123191065103637, "8": -0.4666942970513681, "9": 0.6350765583913032}}