{"Q": {"0,1": 0.0795705393415953, "0,10": -0.6538620859524396, "0,11": 0.600889085596783, "0,12": -1.627620940685527, "0,13": -1.0871293630261656, "0,14": 0.02089054486251829, "0,15": -1.3975822795257047, "0,16": -0.03941743445995938, "0,17": -1.9424922058952339, "0,2": 1.5268135787006654, "0,3": -0.6126168357368216, "0,4": 0.14492319425900124, "0,5": -0.2242608348160373, "0,6": -1.8237753811201634, "0,7": 0.05298904662329251, "0,8": 0.9658178682161687, "0,9": 1.5202196608069047, "1,10": -1.9841802196249865, "1,11": 0.8935740185643257, "1,12": 1.445811851951166, "1,13": 1.980804840861115, "1,14": -1.9707535654147752, "1,15": 0.24035759300159754, "1,16": -1.2243065913134177, "1,17": -1.1954284633372732, "1,2": 1.838149973282353, "1,3": 0.7513623418342603, "1,4": 1.960619682691144, "1,5": -1.0260273689120742, "1,6": -0.6193919522937672, "1,7": 0.19302993909706423, "1,8": -1.763374198396194, "1,9": -0.39764970089057794, "10,11": 1.5974319398322243, "10,12": -0.8031225879128017, "10,13": 0.9586730373047252, "10,14": 0.21583755193774312, "10,15": -0.5128001163205833, "10,16": 1.9045055042329286, "10,17": -0.4423737615455732, "11,12": -1.3279941828450652, "11,13": 0.5067799794907426, "11,14": 1.641835995450803, "11,15": 0.8704535391971624, "11,16": 1.475255883390623, "11,17": -0.3853454541241388, "12,13": 1.2460241711696698, "12,14": -1.7233071255754093, "12,15": 0.8562140021589788, "12,16": -0.9223939118673807, "12,17": -1.3875331087662905, "13,14": -1.2985604795458836, "13,15": 0.2212920166741239, "13,16": -0.20316847981217023, "13,17": 1.5705430370878464, "14,15": 0.6385700953608233, "14,16": -1.9786614784039185, "14,17": 0.6555256728031607, "15,16": -0.3466406546718326, "15,17": -1.6346474668478042, "16,17": 1.771492770605251, "2,10": 1.1854901834890006, "2,11": -0.9104017481445914, "2,12": -0.1824850098293962, "2,13": 0.5650213308145133, "2,14": -1.7632438521480585, "2,15": -1.015845590581967, "2,16": -1.1999246576522054, "2,17": 0.5975056542927004, "2,3": -1.1212481040696662, "2,4": 1.2285859677793307, "2,5": -1.2263934640929008, "2,6": 0.43681000137240034, "2,7": 0.26202385896503033, "2,8": 0.46617519922743966, "2,9": 0.32183811824550634, "3,10": 1.237918453887814, "3,11": 0.07580939335549974, "3,12": 1.2645453438771228, "3,13": -1.4964883514848655, "3,14": 0.8082904246253055, "3,15": -0.8385098984472923, "3,16": 1.4592031376963126, "3,17": -0.3094762648321576, "3,4": 1.7249379281055561, "3,5": 0.8081226533719224, "3,6": -1.0503875459623089, "3,7": -0.5264017361298827, "3,8": 0.5333234045652229, "3,9": -1.309160869747227, "4,10": -0.2725815827168403, "4,11": 1.8196807221970586, "4,12": 0.5582498513456202, "4,13": 1.0958926206842263, "4,14": 0.7317460305633028, "4,15": -1.80085744365386, "4,16": -0.9922970788494778, "4,17": 1.0442817643756253, "4,5": 1.6813130226022577, "4,6": 1.0563462079344212, "4,7": 0.04340072333164624, "4,8": 0.8785508140956324, "4,9": 1.8549674031709937, "5,10": 1.723251972737836, "5,11": 0.5638954537429082, "5,12": -1.4259788658686974, "5,13": -1.455434784197854, "5,14": -1.4549773872824332, "5,15": -0.8865687330086454, "5,16": -0.9575827458508241, "5,17": 1.089623000074384, "5,6": -1.7308627310697253, "5,7": 1.0662791517370245, "5,8": 0.8194741056416182, "5,9": -1.22160620391577, "6,10": -1.6440462430380287, "6,11": -1.9727164862026543, "6,12": -0.07095995365284358, "6,13": 0.465071882889716, "6,14": 1.7862295623374993, "6,15": 0.7465747525250492, "6,16": -0.895376508931669, "6,17": -1.4298433483913024, "6,7": -1.6214837646331852, "6,8": -1.9737112720518653, "6,9": -1.9382161765793655, "7,10": -0.4308249049202453, "7,11": 1.3705338456714649, "7,12": -0.2456815317580876, "7,13": 0.9569404084434221, "7,14": 1.1112594075639564, "7,15": 0.4435691091644509, "7,16": 0.5173650505654925, "7,17": 0.02778742296299397, "7,8": -1.59316713285757, "7,9": 1.8255613549466942, "8,10": -0.14920063512694393, "8,11": 0.8939287950990265, "8,12": 0.526704891447574, "8,13": -0.9596056455649649, "8,14": 0.31098970142729554, "8,15": 0.7650031991718391, "8,16": -0.11437741382064637, "8,17": 1.3698338908042427, "8,9": -0.6526906857959105, "9,10": 0.6871691652846597, "9,11": 0.13574891222177765, "9,12": -1.9569443070863644, "9,13": 0.8601616539907457, "9,14": -1.1711357014273127, "9,15": 1.0620703333260568, "9,16": -0.6694165419384883, "9,17": -0.6356798039951386}, "bias": {"0": -0.349245290326728, "1": -0.6485610855802384, "10": -0.7305648189122806, "11": 0.4473769438294797, "12": 0.36297097745853035, "13": 0.02834895776876012, "14": -0.8017556048005239, "15": -0.17175579594908363, "16": -0.9794510012210031, "17": -0.3711949841996196, "2": 0.3945079576659343, "3": -0.48344233380166446, "4": -0.9923918555419147, "5": 0.17645658103389228, "6": -0.1814954666697255, "7": 0.6982695343442795, "8": -0.35537806380010895, "9": -0.18875788006298944}}