{"Q": {"0,1": 1.7661240407640149, "0,10": 0.15588086874863238, "0,11": 0.3881835018968869, "0,2": -1.7772724595334286, "0,3": -1.8878299217433234, "0,4": -0.0025503530105570604, "0,5": -1.1045949782384077, "0,6": 1.3608733156253954, "0,7": 1.4403622608854385, "0,8": 1.9930178205599547, "0,9": -0.66955633329516, "1,10": 0.016935544578558837, "1,11": 0.709367892155691, "1,2": -0.38576032086559353, "1,3": 0.3036251597385955, "1,4": 0.6507464782983012, "1,5": -0.48496279371089024, "1,6": 0.8544460195493819, "1,7": -1.5688703868400529, "1,8": -0.22288051152779031, "1,9": 1.3206916265333137, "10,11": 1.5540435027418407, "2,10": 0.5797615532602101, "2,11": -1.7323237868212282, "2,3": -0.006546422655713702, "2,4": 0.25244337181602017, "2,5": 1.266179399761806, "2,6": 0.4131636325523349, "2,7": 1.1983375101344782, "2,8": 0.1681863278518061, "2,9": 1.9224383218974097, "3,10": 1.228599010803904, "3,11": -0.6668646013808393, "3,4": -1.3695967372473539, "3,5": -1.130814116775201, "3,6": -1.696765804376752, "3,7": -1.1155596624464144, "3,8": 1.6607626712645684, "3,9": 0.48941884884857867, "4,10": -1.5472242455068286, "4,11": -1.335740652793557, "4,5": -0.5831333887615218, "4,6": -1.845655045061683, "4,7": -0.29553021263581325, "4,8": -1.5457719311120561, "4,9": 0.8860654090521138, "5,10": -1.3653835525894227, "5,11": -0.44273299584693193, "5,6": 1.500731855387678, "5,7": 1.1944384358435718, "5,8": -1.6560447530254785, "5,9": 1.4883744800555094, "6,10": -0.3437696838869253, "6,11": 1.2106872549154502, "6,7": -1.0158531789140777, "6,8": -0.025961285562314806, "6,9": -1.511430839852479, "7,10": 1.9669390560053728, "7,11": 0.110026184836725, "7,8": 0.03562515311932035, "7,9": 0.6893339127774625, "8,10": -1.7057433952276009, "8,11": -1.9834029226024046, "8,9": -1.0189119958286255, "9,10": -0.24187246714564026, "9,11": 0.8194811403301876}, "bias": {"0": -0.9268938073675024, "1": 0.3320219180926396, "10": -0.2368942001521348, "11": 0.6789897575754404, "2": 0.07092508611913506, "3": -0.6173129230922914, "4": 0.5252817574218498, "5": 0.08960177397437197, "6": 0.4065464104207779, "7": -0.9462034980480523, "8": 0.5825895033542665, "9": 0.3319785807692941}}