{"Q": {"0,1": 0.08140660320035664, "0,10": -1.5346400393694553, "0,11": 1.553965920272352, "0,12": 0.9941092952389137, "0,13": -1.0446950309301144, "0,14": 0.9245751289308033, "0,15": 0.8800034546621789, "0,16": -0.9996870763261732, "0,2": -1.3151508437046782, "0,3": 0.4862708352070211, "0,4": -1.8358239491393804, "0,5": 0.5039764354656491, "0,6": 0.18052529407458096, "0,7": -0.04015302867633741, "0,8": -1.2716288089736563, "0,9": 1.9777789187762171, "1,10": 0.5301108521191265, "1,11": -0.13626236091042676, "1,12": 0.7688852746300197, "1,13": 0.5666657871196672, "1,14": 1.5223661451670485, "1,15": -1.477879094006775, "1,16": 1.8851763335125096, "1,2": 1.5000264536264893, "1,3": 1.6413908704577875, "1,4": 1.3280414215930003, "1,5": -0.10493471902281915, "1,6": 0.5835604682833408, "1,7": -0.5929712758291221, "1,8": 0.7849291254517401, "1,9": 1.9880382972463186, "10,11": -0.35620032587303374, "10,12": -0.7978731038182141, "10,13": 1.483372113162948, "10,14": 1.3450330323674287, "10,15": -0.2173586464669186, "10,16": 1.4110878663832276, "11,12": 0.5178444839278362, "11,13": 1.387870555661265, "11,14": -1.6202757693738192, "11,15": 1.8749318324802564, "11,16": 1.868914116983388, "12,13": 1.3984828138625476, "12,14": -0.07615509140662491, "12,15": -0.47665068164537105, "12,16": -1.6369914175115037, "13,14": -1.5255347605145952, "13,15": -0.48624601081834085, "13,16": 1.0795756106244365, "14,15": 1.5678609468206788, "14,16": -1.2353527760412475, "15,16": 0.5425990131807974, "2,10": 0.976909523462842, "2,11": -1.5734021833955576, "2,12": -0.06806889758092538, "2,13": -0.6799113439230484, "2,14": 1.894042544026211, "2,15": 0.3847316871154596, "2,16": 1.0173613891661408, "2,3": 1.483509546218892, "2,4": 1.486459373831194, "2,5": -1.3384860122119506, "2,6": 0.2202793076857925, "2,7": 1.9749264802773445, "2,8": -1.1599173984097182, "2,9": 1.5618735003872346, "3,10": 1.352126348525391, "3,11": 1.2985968833453678, "3,12": 0.517609780404138, "3,13": -0.3313592933392524, "3,14": -1.837132057735607, "3,15": 1.3616798175212903, "3,16": -0.4934427473178018, "3,4": 0.6347307577088168, "3,5": -0.2704361629085388, "3,6": -0.7899601883259493, "3,7": 0.3298809850642317, "3,8": -0.22985889037537666, "3,9": 1.375731951267753, "4,10": 0.9150851569729963, "4,11": -1.8529171454180449, "4,12": -0.6450081348228527, "4,13": 0.36383664070885935, "4,14": -0.13114315139781585, "4,15": -0.851500681343806, "4,16": -0.013465554930280454, "4,5": -1.508375498382744, "4,6": 1.288756873564194, "4,7": 1.5215447911272881, "4,8": 0.0652108964375282, "4,9": 1.0015007819304391, "5,10": -0.0912034098730583, "5,11": -1.7753854573553647, "5,12": -0.8544615376121802, "5,13": 1.5510411994930302, "5,14": 1.6610771218890479, "5,15": 1.5011521230137856, "5,16": 1.8189180785512788, "5,6": 0.15684105576362084, "5,7": 1.3501082893787366, "5,8": 1.5578083484867018, "5,9": -1.1041738336485225, "6,10": -0.08367600079246085, "6,11": 1.4720790434555378, "6,12": -1.865517938832551, "6,13": -1.6676814578413133, "6,14": 1.9786415850112125, "6,15": -0.04869724389419483, "6,16": 1.9116619422895806, "6,7": -0.19152245843811722, "6,8": 1.1176209823348118, "6,9": -1.3076818479924825, "7,10": 0.5571032610036246, "7,11": 0.16884862335624673, "7,12": 0.6459634110566079, "7,13": -1.1214764289643395, "7,14": -1.0775880318590434, "7,15": 1.1919708485420055, "7,16": 0.6894676713258563, "7,8": 0.9958436238788964, "7,9": 0.06040886537791179, "8,10": 1.0578194017687585, "8,11": 1.4302669248180346, "8,12": -0.7814492952974126, "8,13": 0.9200666583575998, "8,14": 1.7281436106495338, "8,15": 0.02595928132799674, "8,16": 0.7208570336249704, "8,9": -0.5401325261461363, "9,10": -1.3195436750460212, "9,11": -1.5862536487367307, "9,12": -0.9945261567907626, "9,13": -0.08259216959738014, "9,14": -1.5801760187476077, "9,15": -1.6155556834177673, "9,16": 1.4372297066964212}, "bias": {"0": -0.328363764773294, "1": 0.24571169555956662, "10": 0.7110308954508906, "11": -0.6751166930672998, "12": -0.09403118039150793, "13": -0.697566388324828, "14": -0.9185761003667194, "15": 0.40019684653461374, "16": 0.8163745629344992, "2": -0.8188257167413893, "3": 0.8393132676513124, "4": -0.14081806727909751, "5": 0.0636272896136525, "6": -0.9901540822489943, "7": -0.12451875558637404, "8": 0.8336138984588417, "9": 0.586238965507569}}