{"Q": {"0,1": 1.9120208050573666, "0,2": -1.1634779314874089, "0,3": 0.0798711970813808, "0,4": 1.044216055939894, "0,5": 0.6203765831267085, "0,6": -0.5200229853869174, "0,7": 0.8083542879195731, "0,8": 1.2657912871636583, "0,9": -1.8812275746942095, "1,2": -0.9468013728392717, "1,3": 0.21512589667210413, "1,4": -0.5852085325118463, "1,5": 0.5227495337288763, "1,6": 0.10296734714341182, "1,7": 1.367626919499247, "1,8": -0.15189235863281647, "1,9": 0.10569465061303651, "2,3": 1.539385483681008, "2,4": -1.5914808863183851, "2,5": -0.698839389113548, "2,6": -1.2525172279587955, "2,7": 1.2990569846167075, "2,8": -0.6137366788406569, "2,9": 0.8931557212693622, "3,4": -0.6562303688007676, "3,5": 0.4149015711336683, "3,6": -0.3856728327648957, "3,7": -1.9379108430332197, "3,8": -1.3607506014761617, "3,9": -0.47591629665897983, "4,5": 0.772949902467098, "4,6": 0.6398377064779455, "4,7": 0.5676631723202203, "4,8": 1.8326586039747172, "4,9": -1.934791590751844, "5,6": 1.2797835651210887, "5,7": 1.3836863020554193, "5,8": -1.1531632303387451, "5,9": 1.1828637326361457, "6,7": 0.9708577447479869, "6,8": 0.45804101760855964, "6,9": -1.7070650567206425, "7,8": -1.3605397269230624, "7,9": -1.1460701209707378, "8,9": -1.8403989220601962}, "bias": {"0": 0.6909822454518317, "1": 0.410825711010816, "2": -0.9496845247744818, "3": 0.16897004809224425, "4": -0.9058390880004039, "5": 0.7637293597456407, "6": -0.10897781874663526, "7": -0.23721042790225422, "8": 0.03639355476914985, "9": 0.9818018108831532}}