{"Q": {"0,1": -1.0305501186462562, "0,10": 1.9976182877050173, "0,11": -1.1340861533028836, "0,12": -1.0766120121369949, "0,13": 1.6445565187857754, "0,14": -1.6736055876449902, "0,15": -0.49532043807045634, "0,16": -1.9947758086373755, "0,17": 1.4416631937640112, "0,18": -1.9121862168103512, "0,19": -0.6266033208292314, "0,2": 1.646669153309412, "0,3": 0.3473687020992222, "0,4": -0.7017123546259132, "0,5": 1.4904802029979654, "0,6": -1.3282408224912987, "0,7": 0.6724360775585927, "0,8": -0.9945578536551909, "0,9": 0.8147151836053936, "1,10": 1.8383905636904494, "1,11": -1.0673025137012648, "1,12": 0.05759289842476267, "1,13": -1.9355901661280481, "1,14": 0.321945775109302, "1,15": -1.7272066557380832, "1,16": 0.09070751972534508, "1,17": -1.970153297284198, "1,18": -1.7857814962058698, "1,19": -1.9181341934796174, "1,2": -0.9175781174442892, "1,3": -0.9240503091226469, "1,4": -1.5412085663366981, "1,5": -1.8200191675147779, "1,6": 1.5556063997525844, "1,7": -1.7494777631542417, "1,8": 1.93148402273411, "1,9": -1.4174500440969209, "10,11": 0.3858888573795296, "10,12": -0.05986220769341433, "10,13": 0.20413741441549993, "10,14": -1.5343199631459674, "10,15": -0.5444223358607898, "10,16": -1.3733471167227034, "10,17": 1.8735380632818628, "10,18": 0.5716478641170908, "10,19": -1.7339322696907162, "11,12": -0.4942719460251652, "11,13": 1.8549546055417756, "11,14": -1.06964648173896, "11,15": -0.35770601134435864, "11,16": 0.8211108785038568, "11,17": -0.5963653025829245, "11,18": -1.7219672347540649, "11,19": -0.8287614155911216, "12,13": -0.26143559061822685, "12,14": -0.8077408431121409, "12,15": -0.5779735293503001, "12,16": -0.7295425093827044, "12,17": -1.4460161541991337, "12,18": -0.6727798739628295, "12,19": -1.4573822762010558, "13,14": 1.7323852677353, "13,15": -1.5743924118295674, "13,16": -1.841579048273481, "13,17": -0.5556258654561628, "13,18": 1.431531243647385, "13,19": 0.8047419625458301, "14,15": -0.4688966450705667, "14,16": -0.784368723761121, "14,17": -1.4315778817354952, "14,18": 1.6579106376134471, "14,19": 1.2979503606278278, "15,16": -1.4128921265570655, "15,17": -0.09871139492006265, "15,18": 0.6538230797618945, "15,19": 1.1088734837606191, "16,17": 1.135949571905451, "16,18": 0.3972510932748672, "16,19": 0.24157251952655434, "17,18": -0.3282899381968565, "17,19": 0.9653076428051617, "18,19": 1.827972360899293, "2,10": 0.7610742329203242, "2,11": -0.652387629937305, "2,12": -0.07277431440788806, "2,13": 0.683587732614189, "2,14": -1.9028331008137065, "2,15": 1.6473551980068892, "2,16": 1.1044260975526883, "2,17": -1.2846779437645761, "2,18": 0.386651338432074, "2,19": 0.42846557123971873, "2,3": 0.07034785446696512, "2,4": 1.0748794373878972, "2,5": 1.6767175682941966, "2,6": -0.26949779616232705, "2,7": -0.4690614924231311, "2,8": -1.9863769714477786, "2,9": -0.3202830536034189, "3,10": 1.4642842269979623, "3,11": 1.6210760241974378, "3,12": -0.19774314925806502, "3,13": -1.2370940574193563, "3,14": -0.7680094587262154, "3,15": -1.302332583870398, "3,16": 0.47639454642883905, "3,17": 0.23281918763610765, "3,18": -1.1554849147338198, "3,19": -1.7525078611954577, "3,4": -1.8677801527838995, "3,5": -1.7679873746080412, "3,6": -1.6880919733486128, "3,7": 1.5096684860758671, "3,8": 1.6135746891656781, "3,9": -0.34030476159327083, "4,10": 1.642154456988289, "4,11": 0.9992939295309831, "4,12": 1.6267156404916587, "4,13": -1.3115995781170744, "4,14": -1.4564147835437806, "4,15": -1.0020994524249427, "4,16": 0.8451319412077316, "4,17": 0.15462417409281404, "4,18": 0.0984920056521097, "4,19": -1.5341639877015, "4,5": -1.97975028994126, "4,6": -1.5121225385362176, "4,7": -0.6761855385982516, "4,8": -1.5256837772650838, "4,9": 1.994976175150426, "5,10": 0.8961936057961979, "5,11": 0.9687581907051159, "5,12": -0.030444373123891477, "5,13": -0.2298967749547427, "5,14": 0.4956696363827473, "5,15": 0.2370581414497428, "5,16": -0.9114325386512458, "5,17": 0.7370755535797113, "5,18": -1.8867528125195698, "5,19": -1.5859239797565272, "5,6": -0.3322069966556236, "5,7": -1.9229190245597003, "5,8": 1.4175609096574875, "5,9": -1.5225930109081371, "6,10": 1.929759397132289, "6,11": -1.558960407022386, "6,12": 0.12540922783550812, "6,13": 1.2486161721162112, "6,14": -0.4996924605254036, "6,15": 1.0435020447660914, "6,16": 0.5917679030170988, "6,17": 0.058302692462445016, "6,18": -1.442166253804202, "6,19": 1.104739124633102, "6,7": -1.3576290008489451, "6,8": 1.7008542015637444, "6,9": -1.286129562419081, "7,10": 0.09674930669588067, "7,11": -1.1289709425284689, "7,12": 1.0860663031107465, "7,13": -1.4989205074654848, "7,14": 0.3125380870882024, "7,15": -1.3627468310756168, "7,16": 0.9631399849487741, "7,17": -1.896381670651401, "7,18": -1.1419148537693369, "7,19": -1.8565266144629158, "7,8": -1.75555866616671, "7,9": -0.12759886219021688, "8,10": -0.6901764398573129, "8,11": -0.22046926665106525, "8,12": -0.18537318608976605, "8,13": -1.829590976615774, "8,14": 0.5756837907287675, "8,15": -1.504603213083196, "8,16": -1.4841750849941433, "8,17": -1.5694125292702603, "8,18": -0.04113218267272423, "8,19": 0.13936446877680853, "8,9": 0.8478970022443981, "9,10": 0.8240344695024096, "9,11": -1.2957899052654915, "9,12": -0.9813380570148116, "9,13": 1.7095748489606915, "9,14": -0.652172427960525, "9,15": -0.25896117054967327, "9,16": 0.9367006051855302, "9,17": -0.4696843342811863, "9,18": 1.0985022423565844, "9,19": 1.8306483577517003}, "bias": {"0": -0.01797286943684484, "1": 0.9177081060198247, "10": 0.6734892550851637, "11": -0.45779567480338645, "12": 0.7223839276967661, "13": -0.05763171207611828, "14": 0.21497314071774287, "15": -0.08389684244632001, "16": -0.7264708861187343, "17": -0.9184752372269331, "18": -0.48457294764771075, "19": 0.030250421829439267, "2": 0.6553067955417904, "3": -0.8217023542753119, "4": -0.11562218670125657, "5": 0.8745790645121698, "6": -0.37067606624270044, "7": 0.747708348030997, "8": 0.7737567661726843, "9": -0.14916234201116474}}