{"Q": {"0,1": 1.1081068089290733, "0,10": -1.1493788386236332, "0,2": -0.07955985521717057, "0,3": -1.8014892708215005, "0,4": 0.6103371630596035, "0,5": 1.294413417441456, "0,6": 0.6361417345406255, "0,7": -1.3969206676120423, "0,8": -0.3124711699747391, "0,9": 0.8495092198152561, "1,10": -0.08490061668769222, "1,2": 0.18996955592409082, "1,3": 0.8034831007424286, "1,4": 1.3453530975264543, "1,5": -0.9164884251592209, "1,6": -0.15631359649211296, "1,7": -1.1265439541766318, "1,8": -1.4505670467397094, "1,9": -1.7760903658127223, "2,10": -1.1598013074439004, "2,3": 1.8530761324346745, "2,4": -0.4286048868508776, "2,5": 0.7023421285347595, "2,6": -1.9276524399450645, "2,7": -1.675635863053738, "2,8": -0.6311181959135239, "2,9": -1.0956761974728337, "3,10": 1.614402959513924, "3,4": -0.6099849345945199, "3,5": -0.12609100719143163, "3,6": -1.142895752635141, "3,7": 0.03404421451104778, "3,8": -1.4810902544170985, "3,9": 1.7266309391623254, "4,10": -1.7591715649680117, "4,5": 0.9705805969191243, "4,6": -1.7833978560830572, "4,7": -1.3808015820868742, "4,8": 0.8182757905478346, "4,9": 1.802545029010969, "5,10": 0.5707584486948352, "5,6": 1.5904911813540061, "5,7": -0.03524368503266917, "5,8": -0.5852132549208662, "5,9": -1.6363643245165789, "6,10": -1.5048034781002304, "6,7": 1.470675429083184, "6,8": -1.942552329804521, "6,9": 0.3260488482069821, "7,10": -1.4616515538608654, "7,8": -1.9886156923443687, "7,9": -0.7252466732580016, "8,10": 1.4792974727298915, "8,9": -0.3081339617361665, "9,10": -1.899635001385794}, "bias": {"0": -0.020182034194908605, "1": -0.21572045191624922, "10": 0.14930771109198648, "2": 0.9945278374283417, "3": 0.49301583463944576, "4": 0.6536929444421002, "5": -0.5086619398109573, "6": 0.5124375050071577, "7": 0.8527603393241214, "8": 0.4783431447669446, "9": -0.37491799857606667}}