{"Q": {"0,1": 0.602595609799871, "0,10": -1.0705492323759067, "0,11": -0.5813378856037961, "0,12": -1.6546647667501695, "0,13": 0.04696294160124781, "0,14": 1.510324246274637, "0,15": 0.9802027539148197, "0,16": -1.7248419658165757, "0,2": -1.1965871036799571, "0,3": 1.897911545939429, "0,4": 1.0409818934699282, "0,5": 1.8263255720046856, "0,6": -1.2122327613157267, "0,7": -1.8074301509820927, "0,8": 0.4871292306663255, "0,9": -1.5520279094176725, "1,10": -0.1923814124756631, "1,11": 1.5063755256079019, "1,12": -0.033213427589827926, "1,13": -0.8502791829758198, "1,14": -0.1056655575415748, "1,15": 0.1741735940815765, "1,16": -0.8518001060417126, "1,2": -0.938606620058386, "1,3": -1.8876855359052853, "1,4": -0.7158972469130078, "1,5": 0.8046154260732434, "1,6": -1.2987034104052686, "1,7": -0.7220600253345801, "1,8": -1.22016178533698, "1,9": -1.4374788457235268, "10,11": -1.2265877764812525, "10,12": 1.0435990976697425, "10,13": 0.8382588553172376, "10,14": 0.6628224168704526, "10,15": 0.2462270596402405, "10,16": 0.7612418586341834, "11,12": -1.357688064360279, "11,13": 0.5283106684931833, "11,14": -0.7465700353292966, "11,15": -0.643029863331233, "11,16": 1.7524882139932352, "12,13": 1.2280742988267965, "12,14": 1.2701280916172828, "12,15": -0.9341298527996957, "12,16": 1.2678822443522022, "13,14": -0.65386655980328, "13,15": -0.35667796023032095, "13,16": -0.910668903853443, "14,15": -1.8599672256796804, "14,16": 1.998550018427839, "15,16": 1.0771836095170886, "2,10": 1.7950013663608453, "2,11": 0.7466432288194866, "2,12": 1.094785422892452, "2,13": 1.8827261440984642, "2,14": 0.46189027023095486, "2,15": -0.8143788885560013, "2,16": 1.1098295399732758, "2,3": 1.181578612990577, "2,4": -0.2563341730342059, "2,5": -1.9620780422083532, "2,6": -0.7231864167182938, "2,7": -0.34692269095894135, "2,8": -1.4424822278999714, "2,9": -0.852391485165886, "3,10": -1.5146719734964065, "3,11": 1.4881027325667406, "3,12": -1.1134162417190065, "3,13": -0.04804059135587213, "3,14": -1.3670992808495313, "3,15": 0.04378460226018355, "3,16": -1.8593748291676202, "3,4": 0.6370232169412078, "3,5": -0.38302231661174035, "3,6": -1.7156071521173444, "3,7": 1.859148454097157, "3,8": -1.1281815081152478, "3,9": 1.2827017928590325, "4,10": -1.2928595527666888, "4,11": -0.644756846844039, "4,12": -0.5391287315523203, "4,13": 0.9005739545797109, "4,14": -0.7940538879119314, "4,15": -1.0146272503478873, "4,16": -1.4344231795610622, "4,5": 1.496172482166465, "4,6": 0.5438673717259985, "4,7": 0.17521655058393382, "4,8": -1.361586814859764, "4,9": -0.7869858192962282, "5,10": -1.311698663726681, "5,11": 1.4017486959266643, "5,12": -1.0912477672249623, "5,13": 1.9929560205324934, "5,14": 1.0031431497719163, "5,15": 0.533164295677103, "5,16": 1.7750026997089994, "5,6": -0.5638211253587428, "5,7": 1.7102286035286753, "5,8": -1.443662184993756, "5,9": -1.0719905168840844, "6,10": 0.6876769157476414, "6,11": 1.0839713585898405, "6,12": -0.7277847328204268, "6,13": -0.1531915808960833, "6,14": -0.007181709089189692, "6,15": 1.1250858366276488, "6,16": 0.8615055751498009, "6,7": -0.8488293105884019, "6,8": -0.13944710250210823, "6,9": -1.2231408569954305, "7,10": -1.7194157526362441, "7,11": 0.4451225729975272, "7,12": 0.9099655108792417, "7,13": 0.594501651580996, "7,14": -0.3003301598502368, "7,15": -0.3626768355670036, "7,16": 1.6525343608317455, "7,8": 1.400579422669456, "7,9": 0.0461813214339144, "8,10": 1.8288168735336963, "8,11": -1.7642991546526297, "8,12": 1.6472194193890837, "8,13": 1.01617107979461, "8,14": -0.7810633347572584, "8,15": -0.8397081043535368, "8,16": -1.4717856513082537, "8,9": 1.245573785664313, "9,10": 1.0617858171836216, "9,11": -0.18467729800058086, "9,12": 1.6604442602961842, "9,13": 0.6989668621165857, "9,14": 1.0403192891136963, "9,15": -1.93661465619259, "9,16": 1.6055041561085024}, "bias": {"0": -0.6918892720307677, "1": 0.4951273508216216, "10": -0.8004907974296394, "11": -0.14364843688423923, "12": 0.8279437243297019, "13": 0.8971271121873099, "14": -0.3651141234267612, "15": -0.37638967499906095, "16": -0.6449849176597335, "2": -0.5679116217197087, "3": 0.5896678618715547, "4": -0.5532411598229454, "5": -0.4710644233230836, "6": -0.28453004479986443, "7": -0.4346310078130309, "8": 0.2269815132855788, "9": 0.29339808705504455}}