{"Q": {"0,1": -1.7693012617922115, "0,10": -0.2205230296527163, "0,11": -0.8411776931740822, "0,12": -1.96377154108156, "0,13": -0.3393099326069673, "0,2": -1.7957176356780051, "0,3": 0.13176750999218623, "0,4": 1.777399895335002, "0,5": 0.18074572457614435, "0,6": 1.7422171960125037, "0,7": -1.6805545380859104, "0,8": -0.4035850509829473, "0,9": 0.12966009541898726, "1,10": -1.8157522912932964, "1,11": 1.875859708161375, "1,12": -0.8648926872847915, "1,13": 0.5062351553574356, "1,2": -0.38417745897581135, "1,3": -1.8192500424121913, "1,4": 1.482105493398321, "1,5": 1.6739831703477193, "1,6": 1.5795337936004792, "1,7": 0.31280419736398635, "1,8": 0.7762473470082725, "1,9": 1.4722928092329526, "10,11": -1.7188155094974986, "10,12": 0.9850077270985991, "10,13": 1.3714424376232586, "11,12": -0.40172101009169836, "11,13": 0.7149351840621359, "12,13": 0.00415125898323776, "2,10": -1.119341898289913, "2,11": -1.7586912795032879, "2,12": -1.155096492426511, "2,13": -1.124755968925704, "2,3": 0.8557540241131223, "2,4": 0.09689544501812364, "2,5": 0.8557710150149909, "2,6": 1.264280118075642, "2,7": -1.640357517138817, "2,8": -1.8719833169603128, "2,9": 0.21840826975919825, "3,10": 1.9250019342127636, "3,11": -1.905944816501321, "3,12": 0.3037753002686485, "3,13": -1.8894723638020428, "3,4": 1.3118016566192856, "3,5": 1.7484383122222775, "3,6": 0.8644167050287135, "3,7": 1.371444127567174, "3,8": -0.7017185656489326, "3,9": -0.8136863508755203, "4,10": 0.8110610458153804, "4,11": -0.6328122085369614, "4,12": -0.21121709462467386, "4,13": 1.5681823230070595, "4,5": 1.0166624109195777, "4,6": 0.48325190926669714, "4,7": 1.1944162092573123, "4,8": 0.5099059266787949, "4,9": 1.5387853576697172, "5,10": -1.3268821386723184, "5,11": 0.055837601159276495, "5,12": 1.3525753520261694, "5,13": -0.23604913564459507, "5,6": -0.9697003352089575, "5,7": -1.7932260151437842, "5,8": 1.7242699994292172, "5,9": -1.354936009292608, "6,10": 1.070588023097741, "6,11": 1.1402074831618778, "6,12": -0.8505463357021728, "6,13": -1.4279110621427695, "6,7": -0.5318439406908033, "6,8": -0.7118272471374785, "6,9": 1.2492121826384666, "7,10": -0.038133149116514, "7,11": 0.916484590295445, "7,12": -1.376918450044709, "7,13": 1.84043885608753, "7,8": -1.8934923924947946, "7,9": -1.7877185487529363, "8,10": 1.521419169508242, "8,11": 1.4168699189892267, "8,12": -1.7341037993769506, "8,13": 1.955710173782693, "8,9": -1.307140489406268, "9,10": -1.0213406054780139, "9,11": 0.5248556904199742, "9,12": 1.33706640446889, "9,13": -1.095934246968398}, "bias": {"0": -0.9974322801899584, "1": 0.7838568091570761, "10": -0.23419303572277594, "11": -0.9690576485698612, "12": -0.7992594413760521, "13": -0.8245990449485452, "2": 0.5378139979074368, "3": -0.5139480471340785, "4": 0.017467160967825635, "5": 0.44533600291835174, "6": 0.09167881390312438, "7": 0.6719902185308446, "8": 0.41356654364908607, "9": 0.510709629385655}}