{"Q": {"0,1": -0.40502894058129124, "0,10": -1.4851499338528842, "0,11": -0.6432998527457578, "0,12": 1.7613106019442073, "0,13": -1.3063504395453656, "0,14": 1.9145320294062267, "0,15": 1.1260108278458296, "0,16": 0.24822793881413574, "0,2": 0.10154986578104674, "0,3": -1.81401042769647, "0,4": 0.007778229247131563, "0,5": 1.3352677982778172, "0,6": 0.6514803726932965, "0,7": 1.7795056094468187, "0,8": 1.5971364925420266, "0,9": -0.898662514417135, "1,10": -0.8937575482525069, "1,11": -0.5923640856743413, "1,12": -0.47797640627377946, "1,13": 1.16887976032146, "1,14": 1.9727119426161828, "1,15": -0.9102088593084829, "1,16": 0.8208831925088922, "1,2": 1.0367070943030812, "1,3": 0.9422649162585368, "1,4": -1.2312142622270184, "1,5": -0.4678538845204745, "1,6": -0.9073729893768427, "1,7": -1.121635626844765, "1,8": -1.2685919059634543, "1,9": 0.0014359162378729806, "10,11": -1.3691560794742266, "10,12": 0.9654763899836549, "10,13": -1.4125786455813842, "10,14": 1.2999239381223293, "10,15": 1.6925255818835039, "10,16": 1.0264817871610203, "11,12": 1.3319209001561378, "11,13": -0.5032695680357673, "11,14": -1.5576420865751204, "11,15": -1.8382296950192258, "11,16": 1.274233125999261, "12,13": 0.42509752447484894, "12,14": -1.3326194692526205, "12,15": 0.6768093483177351, "12,16": 1.047292784927342, "13,14": -0.9656565011232288, "13,15": -0.03083262719453117, "13,16": 0.3611422882295261, "14,15": -1.0634008035731526, "14,16": 1.6021999833999034, "15,16": -1.8865817338095585, "2,10": -1.2819949229113585, "2,11": -0.9879271395772298, "2,12": 1.9956585206972477, "2,13": 1.3762944542489097, "2,14": -0.7104165810159606, "2,15": 1.921173453010498, "2,16": -1.531902637564202, "2,3": -0.06614363783398725, "2,4": -0.6292818426737523, "2,5": 1.9464223752113239, "2,6": 1.20084084556348, "2,7": 0.8128827284584648, "2,8": -0.49469115680154063, "2,9": -0.006307948700897015, "3,10": -0.12718558358609044, "3,11": 0.8542341828777715, "3,12": 1.1492967869213082, "3,13": 1.8422399561147476, "3,14": -1.4356835848293308, "3,15": 0.577387361756887, "3,16": -1.3097641114548528, "3,4": -0.25612700071076855, "3,5": -1.5335425332884651, "3,6": 0.7774704969235913, "3,7": -0.7075151454365107, "3,8": -1.1598728825254816, "3,9": -1.3372070998157697, "4,10": -0.9069938207871373, "4,11": -1.7892357761312323, "4,12": 1.0714190250367501, "4,13": -1.4575904865764255, "4,14": 0.7796498720222864, "4,15": -1.5737050154347663, "4,16": -1.5051577434692516, "4,5": -0.190295734120836, "4,6": 1.1014263419857748, "4,7": 1.3881578990606287, "4,8": 0.8687472901747442, "4,9": -1.4794545724844026, "5,10": 1.002518917877953, "5,11": 1.6473239943421318, "5,12": 0.4606837603429579, "5,13": 1.7731968067908732, "5,14": -1.1553409259094711, "5,15": -0.7004120758284889, "5,16": 1.598393702511479, "5,6": 0.6200613129687733, "5,7": -0.9539967915666114, "5,8": 0.7780308186443889, "5,9": 1.9087314725882556, "6,10": -0.765869161343725, "6,11": 0.5450139699725987, "6,12": 1.3059085820312708, "6,13": -0.7544485629302047, "6,14": 0.3399975821585599, "6,15": -1.0996272089113233, "6,16": 0.1064437500973816, "6,7": -0.3039887615863752, "6,8": -1.7705307875785934, "6,9": -0.5366786444246867, "7,10": 0.14671672257026325, "7,11": -1.5819074658393455, "7,12": -0.5817643163793278, "7,13": -1.0317700410056, "7,14": 0.9997775592319065, "7,15": -1.5108026387250977, "7,16": 1.888371442352641, "7,8": -0.08348839004342246, "7,9": 1.9210430563987337, "8,10": 0.6668059047001953, "8,11": -0.45164840424117214, "8,12": -1.3597387004121329, "8,13": 1.0355221581705432, "8,14": 1.9547298952930094, "8,15": 0.674695299675288, "8,16": -1.2127561080483789, "8,9": 0.45626872379145134, "9,10": 0.6221815840546623, "9,11": 0.4727312403816524, "9,12": 1.7163788658907517, "9,13": -0.043951954474808375, "9,14": 0.2265662847158274, "9,15": -1.8969149801395044, "9,16": -0.7211890209835494}, "bias": {"0": -0.4133004339461923, "1": 0.005698100076521939, "10": -0.40175743427346666, "11": 0.7818299280388807, "12": -0.13333262058293993, "13": -0.8166063564448762, "14": -0.13450417081521415, "15": -0.03777093286106159, "16": 0.4873267574032645, "2": -0.02753562163505663, "3": -0.4477328221288521, "4": 0.11450899809785864, "5": 0.6052287903249589, "6": -0.8213143164921655, "7": 0.22597568915137844, "8": -0.3025043799089573, "9": 0.993873816000983}}