{"Q": {"0,1": -1.0593309429047273, "0,10": -0.8791957049587258, "0,11": 1.5016248589136496, "0,12": 1.0207859890168587, "0,2": -0.8873247827040673, "0,3": -1.7982567588299512, "0,4": -0.9555325541453943, "0,5": -1.404427862987529, "0,6": 1.4875588057197784, "0,7": 1.9622520233803198, "0,8": -0.1470156118004522, "0,9": -1.2715464597361166, "1,10": 0.01985742215609676, "1,11": -1.9483640373856739, "1,12": 0.9349980603301549, "1,2": 1.2220131115797366, "1,3": -0.7426951221137728, "1,4": -1.9663254729737445, "1,5": -1.1829962837986971, "1,6": 0.03964815995147397, "1,7": 0.6716405980795215, "1,8": -0.7803841583951483, "1,9": 0.9449629958602128, "10,11": 1.3233926551951343, "10,12": 0.8868762518202491, "11,12": -1.9636128768121162, "2,10": 1.785964027039852, "2,11": 1.9813319037867174, "2,12": 0.6631150984295959, "2,3": 0.5499992639478255, "2,4": -1.7498080044978845, "2,5": 1.568634132651781, "2,6": -1.5098920605606407, "2,7": 1.1464662294913017, "2,8": -0.6864976658239321, "2,9": -0.985306494013777, "3,10": -1.056320026613716, "3,11": 1.0482085956029716, "3,12": 1.4673143925137926, "3,4": 0.3333678041899395, "3,5": -1.5615723193519488, "3,6": 1.2086056474037115, "3,7": -1.245337420187397, "3,8": -1.6904855115085846, "3,9": 0.15385384261720425, "4,10": 0.7252115055852184, "4,11": 0.2774506179520655, "4,12": 0.16894049701019442, "4,5": 1.7079049857138155, "4,6": -0.36034627893171756, "4,7": -0.11519710489307444, "4,8": -0.8879020179673507, "4,9": 1.3011190204861132, "5,10": 0.916013111461917, "5,11": -1.3982385998928821, "5,12": 0.4419572349428522, "5,6": -0.4786690565481546, "5,7": 0.30299876407204707, "5,8": -1.209124413809715, "5,9": 1.354109766148952, "6,10": 1.392637975747418, "6,11": 0.03523646385659074, "6,12": 0.06115278625342002, "6,7": 0.44597047921771305, "6,8": -0.20838873705228078, "6,9": -1.3857282364854986, "7,10": 0.054525018804960634, "7,11": -1.2348521453350525, "7,12": -1.9630823168196323, "7,8": -0.46464311949734416, "7,9": 1.1584868122966783, "8,10": -0.7909159738151215, "8,11": 0.4651956770531087, "8,12": 1.739623919998654, "8,9": 1.2081486165914885, "9,10": -1.5704185253544458, "9,11": 0.7046980160035927, "9,12": -0.25609999009595485}, "bias": {"0": -0.2770200030629535, "1": 0.9501624286307186, "10": -0.5766786921538458, "11": -0.5093115504110284, "12": -0.5994441193340436, "2": -0.7780955656788118, "3": 0.38798339800208015, "4": 0.5423445488441407, "5": 0.35558533363784917, "6": 0.9120742169365668, "7": 0.028495376410108797, "8": 0.4486230844496235, "9": -0.48931791283878967}}