{"Q": {"0,1": -0.813538336185085, "0,10": 0.6760811920480796, "0,11": 0.7289601791308309, "0,12": 0.7016944228359856, "0,13": -1.8714806475074952, "0,14": -0.9733011448306477, "0,15": 0.6079413215213436, "0,16": 0.49318815558953055, "0,17": -0.6567779970430943, "0,18": -0.1391851266242803, "0,19": -1.903840579526741, "0,2": -1.421577553207717, "0,3": 1.171953722375083, "0,4": 0.4628502191609676, "0,5": 0.8775933820717277, "0,6": -0.9584211453139866, "0,7": -1.8815177680779702, "0,8": -1.0853425397042358, "0,9": -0.5574518187152582, "1,10": 0.5190551328686905, "1,11": -1.9988653672390488, "1,12": -1.0353445848867375, "1,13": 0.5776925853259662, "1,14": 0.7750883353065428, "1,15": -0.7337123878625209, "1,16": 0.42076067145878016, "1,17": -1.7865181127961005, "1,18": 1.154723749505274, "1,19": 1.9469644406803552, "1,2": 0.011542080701593793, "1,3": 1.8195477694932043, "1,4": 0.5421137542649959, "1,5": -1.785392675631225, "1,6": 1.310134736537027, "1,7": 1.4008950580577033, "1,8": -0.6420905648726412, "1,9": 1.5848042795748412, "10,11": 1.2898442025233154, "10,12": -1.4436163499553203, "10,13": -0.7778143470509287, "10,14": 1.0097652023725932, "10,15": 0.983465030641637, "10,16": -0.25212341998143684, "10,17": -0.693250587884187, "10,18": 0.6169226917391772, "10,19": 1.7324355042305193, "11,12": -0.02960935854219393, "11,13": -0.3028009882836682, "11,14": 1.065270272034426, "11,15": 0.42308251354489723, "11,16": 1.7264725523693523, "11,17": -0.3885539319297542, "11,18": 0.5643347909959986, "11,19": 0.16729287407527416, "12,13": -0.5765464042301458, "12,14": -0.9137075611505554, "12,15": -0.6703990261908195, "12,16": 1.9929978722972677, "12,17": -0.4389261060655092, "12,18": 0.5953487416803616, "12,19": -0.8941403520486575, "13,14": -0.6154214679109198, "13,15": -1.1641332660086015, "13,16": 1.367232730398205, "13,17": 1.1754484216595715, "13,18": -1.7780095185058808, "13,19": -1.7248227108295433, "14,15": -0.14322597086344313, "14,16": -1.6983472913398177, "14,17": 0.9360130182263262, "14,18": 0.8371956807537209, "14,19": 0.891379120832684, "15,16": -1.4728005391153158, "15,17": 1.9837944197000619, "15,18": -0.280045619460485, "15,19": 0.10604323878731581, "16,17": 0.8403370928665366, "16,18": -1.2246351950479548, "16,19": -0.2690221737860603, "17,18": 1.5002357695592887, "17,19": -1.4881986973378178, "18,19": 0.12305616955255516, "2,10": 0.17415348057235258, "2,11": 0.6845317287012809, "2,12": 0.9757695294562185, "2,13": -1.359688327357262, "2,14": 0.6863095688913958, "2,15": -1.595505075802853, "2,16": -1.1194781778216383, "2,17": 0.5354793133980613, "2,18": -0.7615929123642378, "2,19": -0.9301309584796162, "2,3": -0.17907081347043796, "2,4": -1.5990308152051504, "2,5": 1.820046682670434, "2,6": 0.9485553254611565, "2,7": 1.541990500180693, "2,8": -1.4219714871425517, "2,9": -1.2295886284900228, "3,10": 1.470300437666788, "3,11": 1.7282551907392478, "3,12": -1.3188045211947288, "3,13": -1.3440899952706777, "3,14": -0.5542864774757241, "3,15": 1.3640271698709414, "3,16": 1.7615021570933007, "3,17": -0.41105266992675693, "3,18": 0.516636199567746, "3,19": -1.1010806164234337, "3,4": -1.568166568384386, "3,5": -0.09381015017846206, "3,6": 1.1757693465674306, "3,7": -1.8222103313878928, "3,8": -0.9396501967108848, "3,9": -0.8540399078919281, "4,10": -0.4158313335542956, "4,11": 1.1763288813545207, "4,12": 0.9460346633818579, "4,13": 0.6483722971479673, "4,14": -0.7909439321884766, "4,15": 1.3397350649225204, "4,16": 0.7168011524358398, "4,17": 0.04716904247010856, "4,18": -1.1699298745268587, "4,19": -1.4351011369826008, "4,5": -0.6093269453667509, "4,6": -1.5461638199183172, "4,7": 0.19856049711380575, "4,8": -1.4126536924617192, "4,9": -0.14481983183302738, "5,10": -1.8345731056621624, "5,11": 0.09528783697661103, "5,12": -1.312024584664, "5,13": 1.0940346666571954, "5,14": 0.8977308168749496, "5,15": 1.4049149377314123, "5,16": 0.5134357342046498, "5,17": 0.504145476732329, "5,18": -0.8802947432635091, "5,19": 0.6782337516347505, "5,6": -1.9506445478900996, "5,7": 0.6485157406216424, "5,8": 1.9729473994145663, "5,9": -0.554847345573529, "6,10": -0.30312666791421394, "6,11": -0.23306598133174772, "6,12": -1.9292242581861299, "6,13": 0.5857068093652886, "6,14": -1.578327241785435, "6,15": 0.4053469954716791, "6,16": 1.7311180520746428, "6,17": -0.7148752976002521, "6,18": 1.5445733653125884, "6,19": 0.29024345066840374, "6,7": 1.4317700552806438, "6,8": 1.6791533320787306, "6,9": -0.09359592470023204, "7,10": -0.17322996648441613, "7,11": -0.1578810771079069, "7,12": -0.5649733185139598, "7,13": 0.46266306056208073, "7,14": -0.6185910026882171, "7,15": -1.111382552946353, "7,16": -1.273000283477344, "7,17": 1.3585364244234808, "7,18": 0.3105129791641801, "7,19": -0.7274929169296804, "7,8": -0.6445451958044521, "7,9": -1.4013367058457953, "8,10": -1.9919914024137988, "8,11": -1.3640775468691388, "8,12": -0.4765255230783816, "8,13": 0.8616247966793478, "8,14": -1.2577252085984423, "8,15": -0.39066555456839636, "8,16": 1.6930888384364517, "8,17": -0.3747660675555382, "8,18": -1.5243865265261443, "8,19": -0.8680180939114628, "8,9": -0.7342847039531142, "9,10": -1.47498204689784, "9,11": 1.9144770795059198, "9,12": -1.7652211896843077, "9,13": 1.256119239486544, "9,14": -0.9103229099622778, "9,15": 1.6437772711257792, "9,16": 0.21526701713903185, "9,17": 1.6680395887050103, "9,18": 0.49008626666815536, "9,19": -0.3181185432524076}, "bias": {"0": 0.2759206126249065, "1": -0.23144399663385617, "10": -0.5039597620844367, "11": 0.5256427490457782, "12": -0.23016315685807887, "13": -0.8787273257107115, "14": -0.4625366987442896, "15": -0.7439485459458242, "16": -0.7062300556750891, "17": 0.385216517437009, "18": 0.04727718108352885, "19": 0.002625987877503455, "2": -0.7934853325566209, "3": -0.41883991824975997, "4": 0.9424490259841349, "5": -0.4822680673379114, "6": -0.7554434718497149, "7": -0.9402539690231537, "8": -0.7735855569065067, "9": 0.9452609022456855}}