{"Q": {"0,1": 0.6547641432572346, "0,10": 1.3358582933648995, "0,11": -1.820655213452861, "0,12": -1.7838086790874765, "0,13": -0.1112950390897085, "0,14": -0.2856073713744429, "0,15": -0.29337749065560903, "0,16": -1.084992608389023, "0,17": 0.27295272223301126, "0,2": 0.8208853172429778, "0,3": -1.7534132506854792, "0,4": -1.9086520699714296, "0,5": 1.375531211285768, "0,6": -0.9708751084591496, "0,7": 0.40097601520729453, "0,8": -1.3701019417596565, "0,9": 0.11959386680828077, "1,10": -0.984047703994805, "1,11": -1.286337088808292, "1,12": -0.7632113933189024, "1,13": -1.429760457692606, "1,14": -0.40301553829641934, "1,15": 1.0495634833817409, "1,16": 1.5478793259298298, "1,17": 0.18293862422955165, "1,2": 1.522691868869361, "1,3": -1.3815968197722097, "1,4": -1.1873513721183038, "1,5": 0.9993499969456745, "1,6": -0.6034897738500815, "1,7": -0.5819067348479177, "1,8": -0.19951894006908422, "1,9": 1.7243829810713716, "10,11": 0.3214976256989277, "10,12": -1.5040932836677414, "10,13": 1.2743106548994976, "10,14": -1.8533790013557474, "10,15": -0.7619308712889277, "10,16": 0.09673789142064448, "10,17": -0.5688242435330237, "11,12": 0.6931531580838621, "11,13": -0.7831773791992624, "11,14": -0.9718158370625374, "11,15": 0.5200853437888826, "11,16": 0.20439629734511833, "11,17": 1.681654620100809, "12,13": 1.0673851895728963, "12,14": -1.624617322318945, "12,15": -0.9224941675601008, "12,16": 0.993395178860077, "12,17": -1.927910334536573, "13,14": 0.5646237889067849, "13,15": 0.5366790145922753, "13,16": 1.050038708522834, "13,17": 0.4128555574833883, "14,15": -1.1597231661933018, "14,16": 0.33784719341604896, "14,17": -0.5152790883233678, "15,16": 0.5359641105293953, "15,17": 0.15290148539153936, "16,17": -0.19260515362620767, "2,10": -1.1520897846299745, "2,11": -0.09165629433243483, "2,12": -0.48025292498129124, "2,13": -0.8030853861462095, "2,14": -1.0650869579995326, "2,15": 0.6956170871519833, "2,16": -0.25341012129314633, "2,17": -1.122166951796188, "2,3": -0.6173814833486468, "2,4": -0.1342010787866723, "2,5": -1.341494156025694, "2,6": -1.118646570947666, "2,7": 1.0932577654366904, "2,8": -0.4601412610202962, "2,9": 0.8424722180817401, "3,10": -0.5347479941931428, "3,11": 0.11680516000418573, "3,12": 1.1123638269830214, "3,13": 0.676384859524906, "3,14": 1.5650406179610816, "3,15": -1.8966218918894278, "3,16": 0.5317825379342351, "3,17": 0.07532596019503757, "3,4": -0.7294998061527713, "3,5": -1.723353193569741, "3,6": 0.9181776955788941, "3,7": -0.8289738555049562, "3,8": -1.7444014608750265, "3,9": -0.005957943601840654, "4,10": 1.1670432740029058, "4,11": -0.29040330988312313, "4,12": -1.8264702924871692, "4,13": -1.3964792896597555, "4,14": 1.8613604334554705, "4,15": 1.5351367935482259, "4,16": 0.014284161026031583, "4,17": 1.9603528351121695, "4,5": 0.4361824287014189, "4,6": -0.046031738670504474, "4,7": 0.3059621515904878, "4,8": -0.6325140220498717, "4,9": 0.47264908538717565, "5,10": -0.24673408184205892, "5,11": -1.6110717627157198, "5,12": 1.0633827660898652, "5,13": -1.6267760119700152, "5,14": 1.7230485958055306, "5,15": -0.7906040618576666, "5,16": -0.6413793346119521, "5,17": 0.7288490065965472, "5,6": -0.36431941770294474, "5,7": -0.44400399037666327, "5,8": -0.8963703478362413, "5,9": -1.51430224463942, "6,10": 0.6905497107662795, "6,11": -1.0667441947588001, "6,12": -1.37725497735356, "6,13": -0.5816240225745144, "6,14": -1.2191234902076862, "6,15": -0.45899267606047633, "6,16": -1.759343879252548, "6,17": -1.8163227565644542, "6,7": -0.872127475396796, "6,8": 0.8211417469697104, "6,9": -1.4899414658094874, "7,10": 0.49426202024051547, "7,11": -1.6625292942512315, "7,12": -0.40040491457827043, "7,13": -1.5448204665449374, "7,14": 0.06460557754935303, "7,15": -1.7416447696715425, "7,16": 1.5181977144617869, "7,17": 1.2633855498785729, "7,8": -1.8985840884898826, "7,9": -0.9184846915300819, "8,10": 0.558800117262007, "8,11": -1.4775815009968443, "8,12": -0.9409605805082961, "8,13": 0.7324566172772808, "8,14": -0.6950314443169949, "8,15": -1.4187062081399198, "8,16": 1.6553807770704538, "8,17": -0.4994902832673409, "8,9": 0.59778108917999, "9,10": 1.7018853584733047, "9,11": -0.15843352103515995, "9,12": 0.9305407118274736, "9,13": 0.6303626188356986, "9,14": -1.0417517737559527, "9,15": 1.9042094757752484, "9,16": -1.489029887405879, "9,17": 1.9025102178226758}, "bias": {"0": 0.3904172513671953, "1": 0.7358976022943404, "10": -0.06429184651990427, "11": -0.8780916310244569, "12": -0.7030341407894727, "13": 0.8693990385751156, "14": -0.17242711150607226, "15": 0.3286257272962021, "16": 0.6133717971356001, "17": 0.3931555371313322, "2": 0.4498133417713337, "3": 0.8616162955311044, "4": -0.30894456895132594, "5": 0.6804618608137842, "6": -0.04265735032828388, "7": 0.5004201866263704, "8": -0.7305862400511509, "9": -0.7327945878328639}}