{"Q": {"0,1": -0.8603506632163773, "0,10": 1.3491035620427994, "0,11": 1.3582955211270806, "0,12": 0.3472495948056342, "0,13": -1.6308420597368265, "0,14": 1.312499574664305, "0,15": 1.7496789461365787, "0,16": 0.16303419739355318, "0,2": 1.1051951435459584, "0,3": -1.982675303875498, "0,4": 0.9072002634073768, "0,5": 0.15238826078428636, "0,6": 1.8915098340962735, "0,7": -1.0529821241590094, "0,8": 0.5852053768954697, "0,9": 0.7936034310954101, "1,10": 1.8119702409378613, "1,11": 1.239941372917793, "1,12": 1.8272377156342374, "1,13": -1.9214935023326642, "1,14": 1.9491184355824616, "1,15": 0.8294469267425266, "1,16": -1.416120855392292, "1,2": 0.8998327155869665, "1,3": -1.2594110848489954, "1,4": 1.5440564387860243, "1,5": -1.5823619095648018, "1,6": 0.10884965201279506, "1,7": -0.9661519235796572, "1,8": -1.5135098967963714, "1,9": 1.2571336265343738, "10,11": -0.1851781843039486, "10,12": 0.16521745160720513, "10,13": 1.1476580401328613, "10,14": 1.9883793090894941, "10,15": -0.8003018296434079, "10,16": 0.37096524289289157, "11,12": 0.9903973931139665, "11,13": -1.9921684941488982, "11,14": -0.2629217864870972, "11,15": 0.29072098835330706, "11,16": -0.7862069096804616, "12,13": -0.26460329808815786, "12,14": 1.4587473710311039, "12,15": 1.437782018298746, "12,16": -0.6461048910560327, "13,14": 1.9293551488671117, "13,15": 0.762498784213113, "13,16": -0.28407780512333636, "14,15": -0.39442648109822986, "14,16": 0.5390871551554426, "15,16": 1.2093827547299099, "2,10": -1.3859353857044203, "2,11": -1.405973321765186, "2,12": 1.9778984085912867, "2,13": 0.9187566840883048, "2,14": 0.2004405803129563, "2,15": -1.5210538322232492, "2,16": 0.04402565453957852, "2,3": 0.49881060128036614, "2,4": 0.7800300382540417, "2,5": -1.543616231149696, "2,6": -0.9990492429154432, "2,7": -0.8694027922943666, "2,8": 0.3005734833405791, "2,9": -1.773593815017601, "3,10": -1.5653637250351076, "3,11": 1.78056249790941, "3,12": -1.5494186417476157, "3,13": -1.0562928559432585, "3,14": 0.11730467646015663, "3,15": 1.5915786658509035, "3,16": 0.5626289379776983, "3,4": -1.187113016879068, "3,5": -0.9791475205442834, "3,6": -1.1528125765568586, "3,7": 0.6680506863822089, "3,8": -0.7833501964307414, "3,9": -1.5681476769080889, "4,10": -1.8540072977224837, "4,11": 1.591362955393198, "4,12": -1.0829159731125952, "4,13": 0.23459630304397594, "4,14": -1.720702540472813, "4,15": 0.06306464960977243, "4,16": -0.7238384633455146, "4,5": -1.6691444772674942, "4,6": 1.9778685435601484, "4,7": -0.3345902288233069, "4,8": 0.521675432958415, "4,9": 1.5300910681252011, "5,10": 0.7636732780152431, "5,11": -1.5511594894283642, "5,12": 1.9749634507210834, "5,13": -0.5202453838715506, "5,14": 1.8677455666314131, "5,15": 0.9916106125121549, "5,16": -1.1472480677883112, "5,6": 1.6179946680411348, "5,7": -1.8571390020320755, "5,8": 1.2308420133813196, "5,9": 1.136772121673681, "6,10": 0.016442532522948028, "6,11": -1.4657636899610735, "6,12": -1.376972927783365, "6,13": 1.149491564081424, "6,14": 0.9605748527903955, "6,15": -1.1448114627488026, "6,16": -1.567962311745604, "6,7": -1.274182597958676, "6,8": -1.887481018291982, "6,9": -0.5313600939339422, "7,10": 0.04342257604429278, "7,11": -1.638956629609054, "7,12": -0.04647074804146634, "7,13": -1.3684245201793463, "7,14": -0.7859402584517206, "7,15": -1.896711320190004, "7,16": 1.5237875677365618, "7,8": 0.6406431804116313, "7,9": 1.3386240117406016, "8,10": -0.9441228517340945, "8,11": -0.9920491691976818, "8,12": -1.0514344285570885, "8,13": 0.8713974874859529, "8,14": -1.3766034006856356, "8,15": 0.2408314420020643, "8,16": 0.4985397703931924, "8,9": 0.638616354799979, "9,10": -1.153454265719796, "9,11": -1.3626738683678736, "9,12": -1.443139858869022, "9,13": 0.37786552239461235, "9,14": 1.294521795679458, "9,15": -1.8003294523303492, "9,16": 0.6831474450972581}, "bias": {"0": 0.5295061062218422, "1": -0.889359569603219, "10": -0.826363960527086, "11": 0.23178329791328167, "12": -0.536013366252484, "13": -0.9811789826974693, "14": -0.04925641728616004, "15": 0.5589474855233494, "16": -0.04380640875289976, "2": -0.7090493328588772, "3": 0.9896152247113972, "4": 0.07880431801217513, "5": 0.5502571186597909, "6": -0.7093442434510495, "7": 0.5387461953117287, "8": -0.8783275142043545, "9": -0.5953771933067535}}