{"Q": {"0,1": -1.7344587955197968, "0,10": -0.956736501859393, "0,11": -1.935390826136119, "0,12": 1.2114365217161414, "0,13": -1.5271775037515671, "0,14": -1.0770169490877501, "0,15": 0.7691222848968517, "0,16": -1.5779512331343932, "0,2": 0.6862967359416303, "0,3": 0.43147758999995167, "0,4": -0.7813640507235871, "0,5": -1.8465876181229262, "0,6": -0.6757439351284322, "0,7": 1.666948017679799, "0,8": 0.50625596474806, "0,9": 1.674874303184739, "1,10": -1.9073326247719349, "1,11": -1.8784329155602149, "1,12": -0.8396814520405811, "1,13": -0.624809158622063, "1,14": -0.6885472897218579, "1,15": -1.4731586419443587, "1,16": -0.33851281077190754, "1,2": 1.9195735344888525, "1,3": 0.10926807346020695, "1,4": 1.1342566824731364, "1,5": -1.6296153983935429, "1,6": 0.2577108649073927, "1,7": -0.7230938338823343, "1,8": -1.7851747576995725, "1,9": 0.2607816036012993, "10,11": -0.4644374301272869, "10,12": -0.8719308416198768, "10,13": -0.8452115937695024, "10,14": 0.11976813783892926, "10,15": 1.4670832740985835, "10,16": 1.639380116367993, "11,12": 1.6153846971027992, "11,13": -0.21196410151531486, "11,14": -1.8225282496143254, "11,15": -1.9338679817463413, "11,16": -0.29569465993953603, "12,13": -0.10963601712589899, "12,14": -0.9124789244522189, "12,15": -0.014726400698480635, "12,16": 1.694448862548378, "13,14": 0.05107994854306286, "13,15": -0.29871014678046626, "13,16": -0.6974494665127149, "14,15": -0.14955069674479216, "14,16": 0.2680212372974866, "15,16": 1.3277538741416102, "2,10": 0.984390807132693, "2,11": 0.5266758341407631, "2,12": -0.9237612591910054, "2,13": 0.9942442613471725, "2,14": -1.9749536149935043, "2,15": 1.6600439581095148, "2,16": 0.5187047642625395, "2,3": -1.6244438659266063, "2,4": 1.7481322656413587, "2,5": -0.9531229876594027, "2,6": 0.5854254422758016, "2,7": -1.1184406934110096, "2,8": -0.4688154332245955, "2,9": 0.6579692927192564, "3,10": 1.1189334507008395, "3,11": -1.1059435423563335, "3,12": -0.44327536233957376, "3,13": -1.2510778436556231, "3,14": 0.2667622798316063, "3,15": -1.584495445827267, "3,16": -1.0182342583638282, "3,4": -0.4892453856162038, "3,5": 1.7993152978903093, "3,6": 0.3522851866920309, "3,7": 1.4870266748963346, "3,8": 0.7208030310188125, "3,9": 1.7444712264378706, "4,10": 0.8320402983103126, "4,11": -0.7414545950135016, "4,12": -1.2744412381358243, "4,13": -0.04198527501309757, "4,14": 0.43443247326329715, "4,15": 0.644160834603964, "4,16": -1.9666519632991175, "4,5": -0.5658755303999841, "4,6": -1.3314088672545608, "4,7": 0.5307289813404807, "4,8": 0.6828194043372995, "4,9": -1.6921129264903474, "5,10": -1.7693218228119139, "5,11": 1.9442566108097292, "5,12": 1.7841499508802716, "5,13": -0.835338852692249, "5,14": 1.0224668155598602, "5,15": 1.5665811646824825, "5,16": 0.5088303819995614, "5,6": 0.3714656273045924, "5,7": -0.1753309933875884, "5,8": -1.1801535027334435, "5,9": -0.09941996514895601, "6,10": -1.5685970069687993, "6,11": -0.4437169364624731, "6,12": 1.5299661555538155, "6,13": -0.9938500720051571, "6,14": 1.0245932483912945, "6,15": -1.3329651927166841, "6,16": -0.4071369097273454, "6,7": 1.04882983860599, "6,8": 0.8278039756734903, "6,9": -1.3216637124742925, "7,10": 0.801023691178266, "7,11": 1.782331700586722, "7,12": -0.8736199075555429, "7,13": -0.077960537907384, "7,14": 0.9400502974949587, "7,15": -0.21137362584039865, "7,16": 1.9545864385498444, "7,8": -0.9569826076031052, "7,9": 1.746061873095079, "8,10": 1.1469353615678548, "8,11": -0.6488380475498468, "8,12": 1.5125167322743263, "8,13": 0.6564830114943887, "8,14": 1.6441612425898264, "8,15": -0.43718026921259856, "8,16": 0.6538230900083217, "8,9": 1.8108941813950543, "9,10": 1.6714086557673813, "9,11": -1.462973213605704, "9,12": 0.4725329753622427, "9,13": 0.33476481667585745, "9,14": 1.6062731354427706, "9,15": 0.6891985136179897, "9,16": 0.9746579382482614}, "bias": {"0": 0.1262674120642182, "1": 0.43237250566483065, "10": 0.26267165039822715, "11": -0.7353621267093897, "12": 0.32588660889978405, "13": 0.43890211329455986, "14": 0.26178331653010223, "15": 0.9551955922213617, "16": -0.34069867985733726, "2": 0.007674395164446235, "3": 0.562500821747693, "4": 0.5615201716824703, "5": 0.7803892454437593, "6": 0.31021271327986555, "7": -0.9054271120803927, "8": -0.005920986713872978, "9": -0.682475769263303}}