{"Q": {"0,1": -0.809377870202129, "0,2": 1.4672357573219368, "0,3": 1.275244271403384, "0,4": 1.6407592442353294, "0,5": 1.6345775489627257, "0,6": 1.0874977043862617, "0,7": -0.9299197267785115, "1,2": 0.18111997280009584, "1,3": 0.39461965940182386, "1,4": -0.15196760144011323, "1,5": -0.5403134279284916, "1,6": -0.6974857861699326, "1,7": 1.4285019683926223, "2,3": 1.2410942314303215, "2,4": 0.11572396018178699, "2,5": 0.40577602471334817, "2,6": 1.261570459574823, "2,7": -0.5863417600596388, "3,4": 0.5997671401350755, "3,5": 1.616251932051055, "3,6": -1.4508078045691444, "3,7": 0.011936385714313325, "4,5": -0.5833134285860813, "4,6": 1.220520798691549, "4,7": -0.5739619560945677, "5,6": 1.8991455025716024, "5,7": -0.40964968861842355, "6,7": -1.4611752057603287}, "bias": {"0": -0.5324809837517401, "1": -0.6750352096320953, "2": 0.14931695210557727, "3": -0.7854562208979254, "4": -0.6913269525520271, "5": -0.36505947859094223, "6": 0.7720734469937742, "7": -0.5509280993422194}}