{"Q": {"0,1": 0.9014641294681041, "0,2": 1.5180471212851963, "0,3": -0.7506342046032919, "0,4": -0.08801841549012934, "0,5": -1.942655032104783, "0,6": 0.09829444199192405, "0,7": 1.443413588565456, "0,8": -1.3810134794239959, "1,2": -1.1888627233988607, "1,3": 0.7162833438714165, "1,4": 0.9673566790034323, "1,5": 1.0979957553140878, "1,6": 0.07396908451256046, "1,7": 0.8141939944907026, "1,8": -1.7238505831039403, "2,3": -1.251428892735364, "2,4": -1.3619820201819204, "2,5": -1.4375052278615912, "2,6": 0.07760327199341255, "2,7": 0.505708783038171, "2,8": 1.414860302096594, "3,4": -1.7843152177577353, "3,5": 0.49938051605282086, "3,6": -1.8461026794308104, "3,7": 0.5325396556659445, "3,8": 1.7019295624756459, "4,5": 1.516345811057517, "4,6": 0.91787105449077, "4,7": -1.1546086307370769, "4,8": -0.18510405298940524, "5,6": -0.26603961400112563, "5,7": 0.48862143047974893, "5,8": -1.8091935308459681, "6,7": 0.2891364825215894, "6,8": -0.04988440436280239, "7,8": -1.3054573632295772}, "bias": {"0": 0.7664350009937233, "1": -0.33984162035968923, "2": -0.37251215513748637, "3": -0.5622249854524841, "4": -0.564423652346042, "5": 0.2842344875615448, "6": 0.41172827428806547, "7": 0.36131565971022184, "8": -0.6568276360729299}}