{"Q": {"0,1": -0.4918091311811761, "0,10": -0.5834665783094608, "0,11": 0.38464315981335107, "0,2": 0.9965517010921983, "0,3": -0.42242380497598697, "0,4": -0.6870505726867653, "0,5": -0.7950036266068263, "0,6": -0.028111911088516628, "0,7": -0.02563314164603181, "0,8": -0.005292992952000031, "0,9": -1.2523697699500547, "1,10": 1.599785725718864, "1,11": -0.4970359498407837, "1,2": -1.6458294216317193, "1,3": -0.8141033615503015, "1,4": 1.0153329362905756, "1,5": -0.7922774141366276, "1,6": -0.21500563258374772, "1,7": 1.4122531123833544, "1,8": -1.2481340840381048, "1,9": 1.857040695281901, "10,11": -0.45062042423826476, "2,10": -1.5050829843293219, "2,11": 0.2573732093852228, "2,3": -0.4510354575595983, "2,4": -1.3844389580595187, "2,5": 1.336045089004854, "2,6": -1.2959777033029627, "2,7": -1.6659267929407826, "2,8": 1.6988271087264333, "2,9": -0.6725897189289398, "3,10": 0.512389463513911, "3,11": -1.0109167028779265, "3,4": 0.6432092266441147, "3,5": -0.34443740637945597, "3,6": 0.5538906950757121, "3,7": -0.2937526333891429, "3,8": -0.9972145361190687, "3,9": -1.5651514682519796, "4,10": -0.7982958534479758, "4,11": 0.7960627736070793, "4,5": -0.9749678622276643, "4,6": 0.8988349147608647, "4,7": -0.8049330466774207, "4,8": 0.8495245572956143, "4,9": -0.06683075630674651, "5,10": 1.958687896611984, "5,11": -1.934679405267684, "5,6": -0.01974060996324445, "5,7": -1.593164410029034, "5,8": 0.53170345648511, "5,9": -1.3219092626174556, "6,10": 0.3321283895580067, "6,11": 1.2044145997365687, "6,7": -1.6841165669322553, "6,8": -0.43012164982758216, "6,9": 0.44186700125185707, "7,10": -1.4349748077503057, "7,11": 0.49669616859780596, "7,8": -0.9053303012108334, "7,9": -1.7504436559492533, "8,10": 0.0631022628343354, "8,11": 0.8015990020457697, "8,9": -0.15221274532338347, "9,10": -1.840077934093019, "9,11": 1.4127927591862428}, "bias": {"0": 0.44418274256307777, "1": -0.28396548491302265, "10": -0.5147290622803915, "11": 0.6631471485618021, "2": -0.8873599804419003, "3": 0.11148016553571383, "4": -0.7106982048247306, "5": 0.7010082819907166, "6": -0.40833689117017213, "7": 0.8767896109617102, "8": -0.2684547582012611, "9": -0.8217288339037587}}