{"Q": {"0,1": -0.14209342722411034, "0,10": -0.10236230394700874, "0,11": -0.5762857537384249, "0,12": 0.25367281454889623, "0,13": -0.8521025976421877, "0,14": -0.8363247944335521, "0,15": -1.3263333794439651, "0,16": 1.8036029802804787, "0,17": -1.8675274229710705, "0,18": 0.7041876775717824, "0,2": -0.6176072851325127, "0,3": -0.16323233853208619, "0,4": 0.7732054749683779, "0,5": -0.49090027919997814, "0,6": -0.11724806480694383, "0,7": 1.8650198780632676, "0,8": -0.8101159335146035, "0,9": -1.4219769814123575, "1,10": -1.544646247806635, "1,11": 0.7173450974549911, "1,12": 1.7770120420853526, "1,13": 0.3962236097420435, "1,14": 0.15651667648901313, "1,15": 0.03220218577259493, "1,16": 1.321686078672767, "1,17": -0.4182004254370657, "1,18": -1.8972440863358888, "1,2": -0.05678204924345476, "1,3": 0.91506925566159, "1,4": 0.3571580181927687, "1,5": -0.6057960671807159, "1,6": -1.237326033038503, "1,7": 0.7273690578172101, "1,8": 0.5753418807490096, "1,9": -0.4567625680543963, "10,11": -0.009067616304692105, "10,12": 0.14549882358310695, "10,13": -1.1376189107600876, "10,14": 1.0803369203124387, "10,15": -1.6187959141091368, "10,16": 1.6218716942225893, "10,17": 1.0795047837865432, "10,18": 1.9216164446972592, "11,12": 1.9819551159630824, "11,13": -0.24759989969277418, "11,14": 0.9788395289760325, "11,15": 1.4316499064937243, "11,16": -1.6205453015797588, "11,17": 1.2093788160718009, "11,18": -1.8820668406533771, "12,13": 0.855854234020236, "12,14": 1.6784273267777685, "12,15": 1.6072395457663333, "12,16": -0.48847227584689046, "12,17": 0.5755439176116774, "12,18": 0.17901045436553442, "13,14": -0.7619712783892165, "13,15": -1.6272666858430522, "13,16": -1.7976245975010525, "13,17": -0.05950046718812274, "13,18": -1.143761068593442, "14,15": 0.4617169010394804, "14,16": 1.5673362090390959, "14,17": 1.0177455690931452, "14,18": -1.2099852370351618, "15,16": -0.8605275472823206, "15,17": -1.4204206204479761, "15,18": 0.37391773316562427, "16,17": -0.04735168725739669, "16,18": 1.0988005579632958, "17,18": -0.8854276713392601, "2,10": 1.400503255327425, "2,11": -1.3360925362708223, "2,12": -0.8994187430276694, "2,13": 0.8568898334622421, "2,14": 1.150871454039153, "2,15": 0.956211181484079, "2,16": -1.8900523816474757, "2,17": 0.8950318912578616, "2,18": -1.12937328965584, "2,3": 0.995260801624454, "2,4": 1.0205235681702423, "2,5": -0.6717933529932836, "2,6": -1.1620207002971226, "2,7": 1.8304850999800313, "2,8": 1.9423184117213266, "2,9": -0.5761206895965323, "3,10": 0.9355919368581898, "3,11": 1.4509074705502192, "3,12": -0.16622997541720652, "3,13": 0.7013920534457836, "3,14": 0.5598034719242686, "3,15": 0.5982494765879309, "3,16": -0.7381775028474271, "3,17": 1.7381718298797777, "3,18": -0.45800705203162106, "3,4": 1.5122521253646948, "3,5": 0.8359479575729036, "3,6": 1.6769570766355115, "3,7": -1.5680389075103833, "3,8": 0.11639502704992921, "3,9": 0.6665299965799849, "4,10": -1.7943520301150242, "4,11": 0.713576548597517, "4,12": 0.4108788383753721, "4,13": 1.7738868411627262, "4,14": -1.74528004870798, "4,15": -0.8230644630295156, "4,16": 1.3942540254425526, "4,17": 1.516321766747502, "4,18": -1.196261022891981, "4,5": -0.08443654089123731, "4,6": -1.4088169956162613, "4,7": -0.8587682735930722, "4,8": 1.6836602143180115, "4,9": -0.7346154125649473, "5,10": 0.9559567667328581, "5,11": 0.32168162594926164, "5,12": -0.6377798095847864, "5,13": -0.2900513834860665, "5,14": 0.9649150110144351, "5,15": 1.4880873111608195, "5,16": -0.4820991853809451, "5,17": 0.20087211690000162, "5,18": -0.1321024718969599, "5,6": 0.02905619687040284, "5,7": -1.8739061939063717, "5,8": 0.43116196070760626, "5,9": -0.640790384708346, "6,10": -0.8194989313847469, "6,11": 1.9484255262380827, "6,12": 1.7862926472159333, "6,13": 1.7605377448853612, "6,14": 0.9028624807506351, "6,15": 0.033910262713073624, "6,16": -0.3711538693592087, "6,17": -1.9760722131740645, "6,18": -0.6565987757451754, "6,7": -0.3938957728341572, "6,8": 0.399429435612765, "6,9": -1.3241176393237644, "7,10": -0.8809484935219714, "7,11": 0.34872345536807714, "7,12": -0.7051156519917532, "7,13": 0.635753013262252, "7,14": 0.23924005270047966, "7,15": -1.5229884458703187, "7,16": 0.13475310759512293, "7,17": 0.9325096817876779, "7,18": 1.0172537073910948, "7,8": 1.5511205402896993, "7,9": -1.244413193613711, "8,10": -0.3467525290291391, "8,11": 0.45503101724547523, "8,12": -1.2624555579666494, "8,13": -1.5861023585252614, "8,14": -1.2333679676774705, "8,15": 0.05218162823169559, "8,16": -1.6800051463257515, "8,17": -1.9944647580149568, "8,18": 0.8068022113960138, "8,9": -0.5587547320128201, "9,10": 0.7042664607157509, "9,11": -1.4289179524957971, "9,12": -1.034316027934643, "9,13": -0.6181241912539224, "9,14": -0.5331048132579075, "9,15": 0.3049874714284013, "9,16": -0.26306248283249367, "9,17": -0.9005704688678593, "9,18": -1.6080344527276558}, "bias": {"0": -0.49840063090757525, "1": -0.8865471922595649, "10": -0.8950868115104109, "11": 0.454867023372135, "12": -0.5554221104786912, "13": -0.9201362837985634, "14": -0.485281368442561, "15": 0.8803047228395635, "16": 0.6106893304416037, "17": 0.7147655769795804, "18": -0.8005758445953575, "2": -0.717957775236572, "3": 0.6753689877642715, "4": -0.5032331799104115, "5": -0.5298014203714021, "6": 0.03825090713957735, "7": -0.2592993622915649, "8": 0.2578972401377466, "9": -0.18172310868494668}}