{"Q": {"0,1": -0.011142670237338503, "0,10": 1.291866293533289, "0,2": -1.4138038905581318, "0,3": 1.2590766555877408, "0,4": -0.9257205076966875, "0,5": -1.1464508748321398, "0,6": 0.39967508706608745, "0,7": 1.235659455728777, "0,8": -1.5858600495945119, "0,9": -0.8607248234877938, "1,10": -0.12158892242746555, "1,2": -0.9210327614378415, "1,3": 0.8355478628903472, "1,4": 1.7292908380389411, "1,5": 0.127559678140178, "1,6": 0.3065238891042865, "1,7": 0.6180525024783123, "1,8": -1.3797103291106145, "1,9": -1.6257706861820727, "2,10": -1.8196219892950718, "2,3": -1.954978619989928, "2,4": 0.2597236056602741, "2,5": 1.3756491774717032, "2,6": -1.6417341479183647, "2,7": -0.7073984405387392, "2,8": 0.9999929778303578, "2,9": 1.1761723142269371, "3,10": -1.545632783559728, "3,4": -1.092016248334906, "3,5": -0.6345725732244403, "3,6": -0.3867346094916715, "3,7": 1.1657144980890828, "3,8": 0.7789665155998553, "3,9": -0.6426374438349707, "4,10": -1.9356417023705417, "4,5": -1.9937560132511067, "4,6": -1.1048147695266595, "4,7": -0.10806480279277375, "4,8": 0.034402140031827955, "4,9": -0.2161268553850948, "5,10": 1.929448419217712, "5,6": 0.7844368796004706, "5,7": -1.582168445868212, "5,8": 1.6906614220398248, "5,9": 1.0079954231999313, "6,10": -1.4895926070116023, "6,7": -0.8599261161335221, "6,8": 0.27466936902735917, "6,9": 1.496075295055316, "7,10": -1.4034566587116966, "7,8": -0.8566916340953088, "7,9": 1.2460068282726438, "8,10": 1.4678303181845562, "8,9": 1.958931834810508, "9,10": -1.7728294477330668}, "bias": {"0": -0.24910415781388573, "1": 0.4633979495537901, "10": -0.6864492884655966, "2": 0.15184784323986356, "3": 0.675317895413984, "4": 0.5283409531491061, "5": 0.2176326545989009, "6": 0.6603128345331633, "7": -0.9705810744218382, "8": 0.49482060823895346, "9": -0.9810226835305835}}