{"Q": {"0,1": 0.5389916150492975, "0,10": 1.0990161199768118, "0,2": -1.923092789459361, "0,3": 0.3241382776829811, "0,4": 0.6993762007724964, "0,5": -0.5734136389116888, "0,6": -1.6184490173875026, "0,7": -1.2236979534947618, "0,8": -0.3682263774775816, "0,9": -0.3076333306209933, "1,10": 1.3416546035533288, "1,2": -1.0371665866874373, "1,3": 0.4964483168411111, "1,4": -0.16022483155344647, "1,5": -1.8591636707138406, "1,6": -0.4714082850445469, "1,7": 1.2677241705847382, "1,8": 1.4306254411747896, "1,9": 0.9113679394092644, "2,10": -0.33766648867214766, "2,3": 1.2914640475828985, "2,4": -1.4236567977248202, "2,5": -1.2578740573727787, "2,6": -1.9656193127013837, "2,7": 0.7517342319668492, "2,8": 0.4274470090020097, "2,9": 1.4742636968000777, "3,10": 1.4361874058463031, "3,4": -0.9329202161387622, "3,5": -0.9024219771677422, "3,6": -1.4505266119815814, "3,7": 1.7795025684855976, "3,8": 0.012711454216061124, "3,9": 0.7788597612755646, "4,10": 1.2643035936672202, "4,5": 0.47775014242132263, "4,6": -0.12426883694534974, "4,7": -1.123741121615696, "4,8": -1.317941878207999, "4,9": -0.449214328681828, "5,10": 1.7697542705701679, "5,6": -1.3450876827871232, "5,7": 0.9526274788335432, "5,8": -1.611947878265262, "5,9": 0.8662397797424752, "6,10": 0.24827176790014915, "6,7": 1.4281740843338606, "6,8": -0.29447854508918114, "6,9": 0.5399832376328799, "7,10": -0.0259359765734688, "7,8": -1.8932603386498341, "7,9": -0.6566856295193113, "8,10": -0.15583230131620063, "8,9": -0.39570519166034845, "9,10": 1.6018414503772118}, "bias": {"0": 0.9660405175020619, "1": -0.27998779424143283, "10": -0.9819873880118197, "2": 0.7929817500149525, "3": -0.8292027136556799, "4": -0.24558157739205333, "5": -0.32672689281228484, "6": 0.88890591570934, "7": 0.0332698936604503, "8": 0.56386050131686, "9": 0.4853239652050756}}