{"Q": {"0,1": -0.4528022822896678, "0,2": 0.24656181729666127, "0,3": 0.8365985193742462, "0,4": -1.0260334818025347, "0,5": -1.524936547846203, "0,6": 0.26268893618324185, "0,7": 1.6260109813014392, "0,8": 1.3000657386549306, "0,9": -1.8363790136491702, "1,2": -0.35862598415770064, "1,3": 1.9756539160187114, "1,4": 0.388340068848128, "1,5": -1.564521433407767, "1,6": 0.8872883539027105, "1,7": -1.799360010466649, "1,8": 1.5814801443159339, "1,9": 0.41195707323141795, "2,3": 1.3239650574777175, "2,4": -1.4641578220760074, "2,5": 1.7858283496885683, "2,6": 1.9165389728239588, "2,7": -0.7041687367857126, "2,8": -1.006184966204486, "2,9": -1.0021612325430316, "3,4": 0.9892610718467987, "3,5": -1.1562449966257597, "3,6": 1.1655813066453486, "3,7": -0.45261836440327263, "3,8": 1.8365272899999487, "3,9": -1.139649016942788, "4,5": -1.9081994506646862, "4,6": -1.5321067298357254, "4,7": -0.4897303773265187, "4,8": 1.6467596288462856, "4,9": -1.2611975944559854, "5,6": -0.7885505397619643, "5,7": -0.5396185996275302, "5,8": -1.7654407833142427, "5,9": 0.7574072644004981, "6,7": 0.09105192781170146, "6,8": -1.3855258366075596, "6,9": 0.5788851664309602, "7,8": -1.9257835255566627, "7,9": 1.2999703282119186, "8,9": 1.6011206338129411}, "bias": {"0": 0.50248512924207, "1": 0.810780643098286, "2": -0.7521903768518503, "3": -0.041487605051443666, "4": -0.7979556196409041, "5": -0.8454636497688592, "6": 0.21850843880360293, "7": -0.5222061676128724, "8": -0.6918288235671741, "9": -0.24694778702583764}}