{"Q": {"0,1": -1.9096035470696067, "0,2": 0.17238482281111134, "0,3": 0.5724638491181526, "0,4": 0.5265453520522141, "0,5": 1.2410655922650915, "0,6": -0.07733472178154832, "0,7": 0.5779854375235223, "1,2": 1.1780844168967541, "1,3": 1.8322230068580665, "1,4": 0.591922944726401, "1,5": -0.1358668631219091, "1,6": 0.4778392304652712, "1,7": -1.7380394909614427, "2,3": 1.0665199896504465, "2,4": -1.3642198483221457, "2,5": -0.20343842154458036, "2,6": -1.4718067282499478, "2,7": 1.514202831942415, "3,4": 0.5493180095328967, "3,5": 1.175573618977706, "3,6": 1.0369634484664476, "3,7": -1.4574815602369835, "4,5": -0.7148755899974186, "4,6": -0.06902630116847819, "4,7": 1.3710265266500028, "5,6": -1.521789256647919, "5,7": -0.9713275355376711, "6,7": 1.3912482166223552}, "bias": {"0": 0.8155090579964703, "1": 0.6044442741500045, "2": -0.21124369908042318, "3": -0.15088833532408774, "4": 0.4512109011543657, "5": -0.42794862685820867, "6": 0.06377382655784891, "7": 0.6038461158312192}}