{"Q": {"0,1": -0.21921236994386373, "0,10": -1.1461825794593903, "0,11": 1.6429216610507016, "0,12": 1.6081999527396897, "0,2": -1.4437725859687798, "0,3": -1.944420484545497, "0,4": 0.4862476045928976, "0,5": 0.9807013291445852, "0,6": -0.3190061159111166, "0,7": -0.40664369178663007, "0,8": 0.2744888810742845, "0,9": -0.2165982748196451, "1,10": 1.898874755991181, "1,11": 1.4473366120744293, "1,12": 0.9418034744217207, "1,2": 1.240812075014658, "1,3": -1.6927805332081038, "1,4": 1.3592731564066356, "1,5": 0.07713892721618043, "1,6": 0.16297674420331765, "1,7": 0.5143866378903046, "1,8": -1.3722930518729477, "1,9": -0.5520318823201009, "10,11": -1.8471130804757134, "10,12": -0.6940234829664078, "11,12": 0.6715044384339519, "2,10": -1.219002250090114, "2,11": 1.03008843760376, "2,12": -1.0935295698828909, "2,3": 1.7126423216469848, "2,4": 0.5043340191387617, "2,5": -1.9671143319004587, "2,6": 0.4386663769058101, "2,7": 0.24394379099705388, "2,8": -0.34177018824740113, "2,9": -1.379205984072514, "3,10": 1.774886455289772, "3,11": 1.07752402325481, "3,12": 1.3721861740378296, "3,4": 1.682699236786946, "3,5": -0.7281796659348481, "3,6": -0.14817975364702418, "3,7": -1.2691758118498813, "3,8": -0.2615791323077059, "3,9": -0.02373909714931255, "4,10": -1.4075296811244522, "4,11": -1.1322741029633678, "4,12": 1.6765485905524375, "4,5": -1.3029593726099775, "4,6": 0.13025879112296757, "4,7": -0.17826245278766706, "4,8": 0.8013789357534153, "4,9": 1.7698930266752102, "5,10": -0.5210966209501433, "5,11": 1.9897858727342963, "5,12": 0.999750012494494, "5,6": 0.3881028685801633, "5,7": -1.883384437058289, "5,8": -1.1478681012461847, "5,9": -0.12935247451143184, "6,10": -1.9368210776258765, "6,11": 1.703424785474175, "6,12": -0.4072408963851517, "6,7": -1.79438958681594, "6,8": -0.663933722910417, "6,9": 0.4816415979588071, "7,10": -0.4638518282016535, "7,11": -1.7437455268586946, "7,12": 0.7212051937633088, "7,8": -0.6197367022953779, "7,9": -1.7882102965901354, "8,10": 0.32700825139621914, "8,11": -0.7773531673364795, "8,12": 0.6446424349674258, "8,9": 0.796424327129797, "9,10": -1.6890847763443473, "9,11": 1.6338279614689553, "9,12": 0.6652631207675488}, "bias": {"0": -0.2187153743584056, "1": 0.6207155358675636, "10": 0.5506918678768471, "11": 0.9320086077337342, "12": 0.01375148713469887, "2": 0.5631577599693924, "3": 0.8496727452435946, "4": 0.4734498180813027, "5": -0.24181334305211877, "6": -0.5862751543909797, "7": -0.6885289663508343, "8": -0.5756646707369726, "9": 0.07806908849244176}}