{"Q": {"0,1": 1.4198528223766718, "0,2": -1.6410934985949233, "0,3": -1.6712447006705968, "0,4": 0.324601095861325, "0,5": 0.4596775034379048, "0,6": 0.7386405770819531, "0,7": -1.9171771851840735, "0,8": 0.20473207567820495, "0,9": 0.7288014225960171, "1,2": 0.4741463365350218, "1,3": 1.9888928103772003, "1,4": 0.3481597820439175, "1,5": 0.647390380361673, "1,6": -0.10267779082680573, "1,7": -0.38817878241294856, "1,8": 0.9894955971670019, "1,9": 0.4020455825482525, "2,3": 1.1684598152307752, "2,4": -1.0190566953057392, "2,5": -0.25999029873448576, "2,6": -1.8964695354965837, "2,7": -1.163205211846455, "2,8": -1.5122355506961043, "2,9": -1.1294214214563594, "3,4": -0.7903900990428161, "3,5": 0.6565863828169487, "3,6": -1.664249786817237, "3,7": -1.2171764828839997, "3,8": -0.5804751761295548, "3,9": 1.9410574965260672, "4,5": -0.10393867570557891, "4,6": 1.9827429024309962, "4,7": -1.8838819846754613, "4,8": 1.248425835494153, "4,9": 0.7622835392431462, "5,6": -0.5814606665375002, "5,7": 0.5260378813589073, "5,8": 0.526152598160941, "5,9": 1.820574587324855, "6,7": 0.058593714180755097, "6,8": 0.2590988102426883, "6,9": -0.8209293472947028, "7,8": 1.1420806397811747, "7,9": -0.9566539046020783, "8,9": 1.225606616281266}, "bias": {"0": -0.5034076163004333, "1": 0.8862950040152773, "2": -0.10304629823787015, "3": 0.34731723199573206, "4": -0.35709927146442255, "5": -0.3740337984333797, "6": 0.7880400864894126, "7": -0.9655930760078644, "8": -0.21494323267711346, "9": -0.7786299856414416}}