{"Q": {"0,1": 0.3796208116704811, "0,10": -1.0259197077040314, "0,11": 0.4135081973959749, "0,12": 1.572399754032943, "0,13": -0.6100157829854602, "0,14": -1.2601372032306433, "0,15": 1.9787400194828657, "0,16": 0.728234309682438, "0,17": 1.718727843658821, "0,2": -0.24735759058110673, "0,3": -1.0698996367871998, "0,4": 0.3340879098861569, "0,5": 1.3173474005217014, "0,6": -1.3695096143959922, "0,7": -1.4056192270961643, "0,8": 0.06822661581554135, "0,9": 0.5131749615439278, "1,10": -0.5503885648259201, "1,11": -0.11086759930900891, "1,12": -1.0565356723733297, "1,13": -0.5437496338951311, "1,14": -1.2495165226252904, "1,15": -1.9352177906355617, "1,16": 0.10674967057781881, "1,17": -0.366574791809509, "1,2": -0.20123001980196475, "1,3": 0.8676598078916995, "1,4": 0.6157520770260447, "1,5": 1.4890297440601152, "1,6": 0.5847922962110825, "1,7": -0.512661570359406, "1,8": 0.37408362034697573, "1,9": 1.2720578309816521, "10,11": -0.19107616567676322, "10,12": -0.9592859954626807, "10,13": 1.3177686624921812, "10,14": 0.6475779514720981, "10,15": -0.19899122511382794, "10,16": 1.3865456025639364, "10,17": 1.254168893025911, "11,12": -1.7783996659107153, "11,13": -0.0021478287666036877, "11,14": -0.2973119531127928, "11,15": 1.436372282850431, "11,16": -0.020302728394831604, "11,17": 1.200396990759979, "12,13": 0.6611316396650522, "12,14": -0.6287999990524784, "12,15": 1.3733141500727495, "12,16": 0.7998140895753312, "12,17": -0.47869173455342917, "13,14": 0.5787345139269586, "13,15": 1.5486956954293967, "13,16": -1.687374427151532, "13,17": -0.5508030580322854, "14,15": 0.5596225843010831, "14,16": -0.21019287089308403, "14,17": 1.5254308811202488, "15,16": 1.438678278550387, "15,17": 0.11512748722322508, "16,17": 0.13495925013700383, "2,10": 1.7433582048374552, "2,11": -1.199837111724435, "2,12": 0.5124133958042019, "2,13": 0.798078345349098, "2,14": 1.363117818337889, "2,15": 0.5524461680384594, "2,16": 0.7116375409148228, "2,17": -0.7398236300903149, "2,3": 1.2390047504770414, "2,4": -0.9329466113323903, "2,5": 0.24155881195283468, "2,6": -1.397262088967497, "2,7": 1.1287843141624214, "2,8": 1.040957582542997, "2,9": 1.813716775669651, "3,10": 1.609511770198461, "3,11": -0.5999327177890925, "3,12": 0.8161874742800563, "3,13": 0.030826006532806094, "3,14": -1.433546846711299, "3,15": -0.6739565525250724, "3,16": -1.2912689174439196, "3,17": -1.5889199851836437, "3,4": -0.659634711328327, "3,5": -1.2873694218836338, "3,6": -0.17948404700286735, "3,7": -1.5866946066678844, "3,8": -0.668434902547117, "3,9": 0.1805045919652133, "4,10": 1.2986759881469232, "4,11": -0.5942772451674414, "4,12": -0.2417657479488753, "4,13": -0.9283142760713439, "4,14": 0.2826322920857445, "4,15": 1.7551615362404283, "4,16": -1.1681641351094054, "4,17": 0.5177226436139395, "4,5": 1.772292825884652, "4,6": 1.8854241860127394, "4,7": 0.3991831002895063, "4,8": -0.14037832123342486, "4,9": 1.3704165889023026, "5,10": 1.367022042039232, "5,11": 0.7384122779455824, "5,12": 0.408784028502009, "5,13": -1.6004241954431349, "5,14": -0.640087688716775, "5,15": -0.25759410423767815, "5,16": -0.41790087018421573, "5,17": -1.6682197216774708, "5,6": -0.7372634457097469, "5,7": 1.2468067477664593, "5,8": 1.6796487645728688, "5,9": -0.29952102734054664, "6,10": 0.47847979489975634, "6,11": 0.669262871608753, "6,12": 0.04880041298980187, "6,13": 0.32570747521198884, "6,14": 0.7284987526744451, "6,15": 0.5153923613449773, "6,16": 1.237571240084839, "6,17": 1.1537309499533492, "6,7": 0.09015733124669678, "6,8": -1.472759280614183, "6,9": -0.3892374930358624, "7,10": 1.9682616081555468, "7,11": -1.8176359230270323, "7,12": 1.9827290221387384, "7,13": -0.38632106624447404, "7,14": -0.6687307278705101, "7,15": -0.8540082442399228, "7,16": -0.371002645370472, "7,17": -0.5897817692570317, "7,8": -0.7559442107224283, "7,9": -0.0483675302817268, "8,10": -1.8566035706591748, "8,11": 0.8163965707850966, "8,12": -1.6895928047240543, "8,13": -0.06316493759703468, "8,14": 1.5488982231879427, "8,15": -1.969724662715791, "8,16": -0.6578684003070081, "8,17": 0.12135697647568078, "8,9": 0.6748839340959729, "9,10": 1.823211971744581, "9,11": 0.4318217619014231, "9,12": -0.6265855046879434, "9,13": 0.870201337937639, "9,14": -1.105907315617635, "9,15": -0.8851761274198968, "9,16": 0.7129711557973426, "9,17": -0.17426936864175024}, "bias": {"0": 0.6964110072336795, "1": -0.8229290307753427, "10": 0.35180118153441997, "11": -0.2872318332314403, "12": -0.621934969349015, "13": 0.9754882754858236, "14": -0.9107941650104101, "15": 0.16429038347744007, "16": -0.35468359247689984, "17": 0.10031614708647574, "2": 0.01852138156156302, "3": -0.2952230895437824, "4": 0.16209427847892077, "5": 0.2711634261991678, "6": -0.36411208787253146, "7": -0.0029500166704190534, "8": -0.04208672647768985, "9": -0.8241375830422377}}