{"Q": {"0,1": 0.1135148703303619, "0,10": 0.922784587765253, "0,11": -0.024346235678245787, "0,12": -0.0014112101604539795, "0,13": 0.3209645138570205, "0,14": 1.9695791412208425, "0,15": 0.9693425120783359, "0,16": 1.2908324396639368, "0,17": -0.7101779305231948, "0,18": 1.7738957913252054, "0,2": 1.3982109185603213, "0,3": 0.5475887166852549, "0,4": -1.2763306800182477, "0,5": 0.3187157633408524, "0,6": -1.7934543158936456, "0,7": 0.9739663705414343, "0,8": 0.06251369440619836, "0,9": -0.49120661349708117, "1,10": 0.07405568231136073, "1,11": 1.3983416459303877, "1,12": -1.7662893502392976, "1,13": -0.004822841743561845, "1,14": -1.283936570573974, "1,15": -0.9970990271796176, "1,16": -0.21357588757427282, "1,17": -0.14384379129084124, "1,18": -0.18760067425448934, "1,2": 1.4323874387638424, "1,3": -1.6799194410092269, "1,4": -1.6576600765870868, "1,5": -0.3751191927957551, "1,6": 1.4036709664415223, "1,7": 1.1428679581314505, "1,8": -1.2685127844838395, "1,9": -0.16745597046136051, "10,11": 1.1203729677435312, "10,12": -1.3447688755594518, "10,13": -0.7799417044606423, "10,14": -0.6221579029109616, "10,15": 1.2186183814625506, "10,16": -1.0408347333268217, "10,17": 1.7252568604454446, "10,18": -0.5032790882886609, "11,12": 0.47179170709162976, "11,13": -1.5630093408870316, "11,14": 1.0749662800191087, "11,15": -1.6635363130176049, "11,16": -0.46979749664393733, "11,17": -1.0008540062073723, "11,18": -1.8665917949671638, "12,13": -0.660592144275844, "12,14": -1.9994771825775741, "12,15": 1.5311771474763196, "12,16": -0.8090533358313743, "12,17": 0.7832520665434535, "12,18": 0.15670282226538967, "13,14": 0.30757653719577327, "13,15": -1.8805858057434337, "13,16": -0.1989721883778648, "13,17": 0.48485887499308467, "13,18": -1.864045766987347, "14,15": 0.03911102378896514, "14,16": -0.8359429197031694, "14,17": -0.09686589939341284, "14,18": 1.034267171879876, "15,16": -1.0641631915480891, "15,17": 0.06942489928718709, "15,18": -0.48494738829084794, "16,17": 0.7550096563359618, "16,18": 1.9841457855965698, "17,18": -0.5504406504257515, "2,10": 0.4184126352864648, "2,11": 0.20661111127123988, "2,12": 0.6210058527666282, "2,13": 0.3275471384207975, "2,14": 0.6895617253209516, "2,15": 1.401575298495565, "2,16": -1.3409426976007341, "2,17": -0.5570100860108833, "2,18": -0.6171512446745262, "2,3": 0.3809693084504233, "2,4": -0.8641571674320421, "2,5": -1.166805733804957, "2,6": 0.20281000138222227, "2,7": 1.3592080446449977, "2,8": 1.4277731880028521, "2,9": -1.9030148867405603, "3,10": -1.8822052511168574, "3,11": -0.8436013344718396, "3,12": 1.012293729027415, "3,13": -0.12688016558672865, "3,14": 1.6933847702838243, "3,15": 1.5688587109451348, "3,16": -1.9660547193427242, "3,17": 1.908468186746389, "3,18": 1.7588275047738202, "3,4": -1.0741412736269766, "3,5": -0.2255700870898596, "3,6": 1.9511002278271121, "3,7": 1.576572091762051, "3,8": 1.8627142891588169, "3,9": 1.782406505748014, "4,10": -1.602977643075497, "4,11": 1.1307234892537648, "4,12": -1.090265474612373, "4,13": 0.6418797875019191, "4,14": 1.898025150401168, "4,15": -0.37680965522495447, "4,16": 1.1272396906001263, "4,17": 0.9376650595410214, "4,18": -1.8411831483184522, "4,5": -0.14067501260153836, "4,6": 1.614316509610703, "4,7": -1.0352250570899981, "4,8": 1.43804379830393, "4,9": 1.481118128183034, "5,10": 1.0410850274924228, "5,11": 0.951747464767676, "5,12": 1.157541943702678, "5,13": 0.9992164979686797, "5,14": 1.3732434254216472, "5,15": -0.7316832592101057, "5,16": -1.5599571287016625, "5,17": 0.525585665254233, "5,18": -1.521806878163758, "5,6": -0.028889828363698022, "5,7": -0.5534540727370536, "5,8": 1.9468280898341548, "5,9": -1.245580679416519, "6,10": -1.9547518442607648, "6,11": 1.6254198633851882, "6,12": -1.954184926075472, "6,13": 1.9182595768068977, "6,14": -1.4118773566759928, "6,15": 1.5693798769773535, "6,16": 1.7639389441737245, "6,17": 1.9320234806328194, "6,18": -1.8868804507793726, "6,7": 1.087577259665533, "6,8": 1.5445302508585868, "6,9": -0.6478831969644956, "7,10": 0.5588689070666395, "7,11": -0.8313518251048233, "7,12": 0.3713603337997635, "7,13": -0.7217429327447213, "7,14": -1.0687403161768105, "7,15": 1.0050284601587158, "7,16": 0.5209568454737692, "7,17": -1.929273788646193, "7,18": -0.07318005104715519, "7,8": -1.9104812952394483, "7,9": 0.038663890603108264, "8,10": -0.2018749656628227, "8,11": 0.6394910934405105, "8,12": -0.869755543207769, "8,13": 0.23977502072321943, "8,14": -0.9102763097114726, "8,15": 0.24466194165685984, "8,16": -1.145679570923237, "8,17": -1.8078470740776589, "8,18": 0.9578672064942264, "8,9": 0.22016776172619368, "9,10": -1.3592957925231701, "9,11": -1.4233378910973298, "9,12": 0.2768455867564241, "9,13": -0.6751520182201323, "9,14": -1.310111129493774, "9,15": 0.047663031644396, "9,16": -1.809163582725584, "9,17": -0.5208131651609751, "9,18": 1.3406362047884657}, "bias": {"0": -0.17355383965722693, "1": 0.9944729549465356, "10": -0.6445122662482776, "11": -0.3597048690814679, "12": 0.19937486685458983, "13": -0.8909632736625863, "14": -0.8325693569508628, "15": -0.5767483339692099, "16": 0.21799014575697773, "17": -0.4126683861025551, "18": -0.05827584545133924, "2": 0.44095869127073173, "3": -0.5083275703775227, "4": -0.6776324792432324, "5": 0.4390328634437586, "6": 0.29415274383240786, "7": -0.026596673996689413, "8": -0.2549832653461399, "9": -0.15586108411177224}}