{"Q": {"0,1": 0.1844579315124566, "0,10": 1.8884713674821474, "0,11": 1.4044573655263508, "0,12": 0.2654834007373177, "0,13": 1.5360674746837946, "0,14": -0.9290730205441409, "0,15": -0.5770227693026588, "0,16": 1.9607678480077673, "0,2": 1.6180190311494256, "0,3": 1.0749761783377072, "0,4": -1.0325217748209519, "0,5": -0.7777806376017455, "0,6": -1.7630943135403032, "0,7": 0.5620625620274877, "0,8": 1.85160318449296, "0,9": -0.7137026187732238, "1,10": -0.6509190066306569, "1,11": -1.88665563838163, "1,12": -1.9363541591878168, "1,13": -0.7726151786821229, "1,14": -1.6040647585560155, "1,15": -1.6408586350164112, "1,16": -1.2168750570197568, "1,2": 1.2055668528200165, "1,3": -0.32752141254696765, "1,4": 0.9196242897918094, "1,5": -0.42032217232655356, "1,6": -1.2156509613982638, "1,7": 1.772767062054946, "1,8": 0.9732319565623411, "1,9": -0.9617047916544594, "10,11": -1.2365249247768149, "10,12": -1.8447283681981643, "10,13": 0.330590222606733, "10,14": -1.0584390910912744, "10,15": 0.7529698751954794, "10,16": 1.8328255462888587, "11,12": 1.648937509107114, "11,13": 0.03686711894705441, "11,14": 0.5803842074312087, "11,15": -1.924182792120979, "11,16": 1.0309905493238065, "12,13": -1.9821428061204145, "12,14": -0.040868685240755376, "12,15": 0.9184891926687424, "12,16": 0.973163725723559, "13,14": 1.8158509319375948, "13,15": -0.3703993214603112, "13,16": -0.9721325445844844, "14,15": 0.22434912903889304, "14,16": 0.9651107335171947, "15,16": -1.250749201684319, "2,10": -0.28898891250034, "2,11": -0.4196044615714851, "2,12": 0.7686219586831005, "2,13": -0.5525726185694109, "2,14": -0.8673199793457362, "2,15": 0.8667428288144023, "2,16": -1.0604408391189857, "2,3": 1.0694945069797117, "2,4": -1.048901329715323, "2,5": -0.3464006313736827, "2,6": 1.2579165786947706, "2,7": -0.6468479649649992, "2,8": -0.9442711629177203, "2,9": 1.4025340725791318, "3,10": 1.6212406806226838, "3,11": 0.06510146857877608, "3,12": -0.3546932896884911, "3,13": -0.007313316427923766, "3,14": -0.9982532955165446, "3,15": -1.2635661104781324, "3,16": -0.40016564974807256, "3,4": 0.5631391789348377, "3,5": 0.4311241744423646, "3,6": 0.19747924600879285, "3,7": -0.987743436011923, "3,8": 1.9249182987511322, "3,9": -0.7371002123690369, "4,10": 0.9638208623264672, "4,11": -0.20143757729468215, "4,12": 1.1679551541418398, "4,13": 0.8091798739990064, "4,14": -0.8125090490463243, "4,15": 1.9445131093462678, "4,16": -1.600945750566122, "4,5": -0.35148754404104166, "4,6": -1.3130026269884714, "4,7": 1.3929709520876496, "4,8": 0.3588372054880664, "4,9": -1.4125076698775847, "5,10": -1.1635318214639092, "5,11": -0.12272079227126387, "5,12": -1.9157986927860406, "5,13": -0.7555969312677218, "5,14": 0.8669818177724222, "5,15": 0.4979084676022616, "5,16": 1.0432192082593565, "5,6": 0.9880665435917533, "5,7": 0.6100278151153464, "5,8": -0.3287428562938568, "5,9": 1.9730877387072066, "6,10": -0.43775471181237036, "6,11": -0.48244548304687784, "6,12": -0.41640333051516043, "6,13": 0.12199249016280822, "6,14": 1.045590424783013, "6,15": 0.8959144498026967, "6,16": 0.5777314788963048, "6,7": 0.7540283719106267, "6,8": -1.2634630713558375, "6,9": -1.0986814543320431, "7,10": -0.6635321155382505, "7,11": -1.2257332415962705, "7,12": 0.9750494815406685, "7,13": 0.09600090260276106, "7,14": 1.094733018405544, "7,15": 0.5647957742409084, "7,16": 1.5895784860190796, "7,8": -0.4414677296651828, "7,9": 0.06129590624499315, "8,10": -0.2160280769432097, "8,11": -1.4516651908954206, "8,12": 1.3343790918996676, "8,13": -1.5638310449871415, "8,14": 0.6645780793625589, "8,15": 1.260942756592108, "8,16": 1.4678635917471534, "8,9": 0.38609285512055935, "9,10": -0.11529163718807878, "9,11": 0.7810843413237922, "9,12": -0.6396302475179501, "9,13": 1.1280615131656209, "9,14": -1.1753505964763766, "9,15": 0.9938690760957738, "9,16": -0.8973704176173176}, "bias": {"0": -0.5354127667605268, "1": 0.6891950688767079, "10": -0.13960193508787566, "11": 0.5210359885644513, "12": 0.7268119662187476, "13": 0.9641624910807964, "14": -0.9541665033955706, "15": -0.32014047133956014, "16": 0.48826269315992055, "2": 0.6083881031740845, "3": -0.396098983526465, "4": -0.6145808336374681, "5": 0.36160387789759385, "6": -0.5331352229477659, "7": -0.5380604595746046, "8": 0.5786820912823987, "9": -0.5100981172874559}}