{"Q": {"0,1": -1.040318156457185, "0,10": 0.8610890633302914, "0,2": 0.5530763829595253, "0,3": 1.5772608777352697, "0,4": 0.9902828312777086, "0,5": 1.3426337689422256, "0,6": -0.49791532111781134, "0,7": -0.3705579268889978, "0,8": -1.911925173928779, "0,9": 0.13227532265471043, "1,10": -0.2645981100393553, "1,2": 1.820158014746169, "1,3": -1.6958166469047242, "1,4": 1.1525717975977687, "1,5": -1.8500604544226942, "1,6": 1.8265479049351798, "1,7": 1.9518666298098744, "1,8": 1.4794925823656655, "1,9": -0.3722137075215146, "2,10": 0.22286257929024078, "2,3": -0.1825430308844651, "2,4": 1.874723852389415, "2,5": 0.47003435535443394, "2,6": -1.6795128517081932, "2,7": 1.830485313372456, "2,8": -1.3471971157252045, "2,9": 0.5945134951085271, "3,10": 0.6720348401199079, "3,4": -0.1893901551059245, "3,5": 1.6997093669371357, "3,6": -1.3817368974752218, "3,7": -1.6431478869755263, "3,8": 1.9194314732539306, "3,9": 1.2452715739128024, "4,10": -1.557824838368258, "4,5": 1.0460005111565822, "4,6": 0.10411399191676729, "4,7": -1.7036452844946712, "4,8": 0.4184235794331155, "4,9": -0.09072233160709464, "5,10": 0.6844964971462497, "5,6": 1.1322816003558152, "5,7": 1.3552000927073102, "5,8": 0.1815893273773761, "5,9": 0.5321902572085078, "6,10": -1.4126105874034987, "6,7": -1.970302341540155, "6,8": 0.26039219725189655, "6,9": 0.2377815000103416, "7,10": -0.42236462103132766, "7,8": -1.443799349621243, "7,9": 0.930233869752211, "8,10": -1.2748991710458406, "8,9": -0.5044924179811576, "9,10": 0.35744341348511677}, "bias": {"0": -0.01227740933434962, "1": -0.3622843535526443, "10": -0.24392639871203414, "2": -0.7644886037422718, "3": 0.5237322422810691, "4": -0.03922429227458846, "5": -0.46599937644924716, "6": -0.46809471198786645, "7": -0.24193238386910387, "8": -0.9561928386329508, "9": 0.45194783913379966}}