{"Q": {"0,1": -0.9632159158183282, "0,10": 0.6732880652315338, "0,11": 1.6308251055963785, "0,2": -0.6390161120457232, "0,3": 1.9466027359776419, "0,4": 1.8256872954864178, "0,5": -1.0290323821114864, "0,6": -1.8321813370649953, "0,7": -1.1381911630832082, "0,8": -1.9694783429276463, "0,9": -1.290872720506103, "1,10": 1.2752867118651299, "1,11": 0.8387662014515018, "1,2": -0.10529649851576117, "1,3": -1.6968020406580688, "1,4": 1.083605127656576, "1,5": -0.19054170172087836, "1,6": -0.6609764214171503, "1,7": -1.2783692740908834, "1,8": 0.37064308533303914, "1,9": -0.8233744904983156, "10,11": 1.3990698049574433, "2,10": 0.9800479761059022, "2,11": 0.3098340094773695, "2,3": -0.31548873917312514, "2,4": -0.772145539579197, "2,5": -1.4538405668678687, "2,6": -1.8135098220234047, "2,7": -1.9824400947095118, "2,8": 0.14772617935850052, "2,9": 1.8567629655534899, "3,10": -0.20362284704821487, "3,11": 1.1287381008322526, "3,4": -1.219109726658552, "3,5": -1.4287834104772577, "3,6": 1.4597375855595272, "3,7": -1.8687849637407057, "3,8": 0.473447448654853, "3,9": 1.21782944990286, "4,10": 1.8471944885840115, "4,11": -0.10713151143720179, "4,5": -1.060337126824304, "4,6": -0.4564754438996981, "4,7": -1.036837596207954, "4,8": -1.9472539728318718, "4,9": 1.5151354934453707, "5,10": 0.42253863094618893, "5,11": -1.4422740608573141, "5,6": 1.9814024021731593, "5,7": -0.6247074718075649, "5,8": -1.5393802989412921, "5,9": -1.4465626809929444, "6,10": -1.3378942970761756, "6,11": -0.07653603858723335, "6,7": 0.2838201947408261, "6,8": -0.1693985264351201, "6,9": 1.0347039749681688, "7,10": -1.910206148251354, "7,11": 1.6179835815684043, "7,8": -1.3965235712320534, "7,9": -1.5520388881666816, "8,10": 0.11270708995887446, "8,11": -0.27928728664439895, "8,9": -0.23712712220428322, "9,10": -1.6767448205192528, "9,11": -1.440347577891377}, "bias": {"0": -0.33121947037619304, "1": 0.8052549930354687, "10": 0.9923627717093637, "11": 0.16169376231499144, "2": 0.4036189734553026, "3": 0.16020016337300635, "4": -0.5043215695187901, "5": -0.7463480761872912, "6": -0.12659648898287457, "7": 0.40543514659166546, "8": 0.07728574567456836, "9": -0.5663591336209552}}