{"Q": {"0,1": 1.9010715886311562, "0,10": -0.536869799203533, "0,11": -0.6455170807303934, "0,12": 0.40642798900903765, "0,13": 1.2772773059634908, "0,2": -0.842766990086417, "0,3": -0.4609846543569529, "0,4": -1.8605791099341222, "0,5": 1.356647306064327, "0,6": 1.8891947830257525, "0,7": -1.1089945718948604, "0,8": 0.011729019402937357, "0,9": 1.0018247077240248, "1,10": 0.004248044942686935, "1,11": -1.3288919482645194, "1,12": 1.2799880950894886, "1,13": -1.7135304962206006, "1,2": -1.376163685776234, "1,3": -0.12258105910061001, "1,4": 1.9542102225943832, "1,5": 0.1592045009943477, "1,6": -1.6045882731069852, "1,7": 0.5538465467068896, "1,8": 1.0984345362115557, "1,9": -0.1991701764470326, "10,11": 1.019970920559829, "10,12": -0.8645893702172018, "10,13": 1.620173093328353, "11,12": -0.339754469357465, "11,13": -0.1531357812185603, "12,13": 0.624745492339803, "2,10": -0.48975561125007605, "2,11": 0.9028798822269035, "2,12": -1.3348621613352156, "2,13": -1.9933942693925375, "2,3": 0.06678183574615248, "2,4": 0.32635224081838743, "2,5": 0.4340570691057022, "2,6": 0.010429626064394348, "2,7": -0.15960920806346435, "2,8": -1.2721182938992492, "2,9": -0.17762874576012244, "3,10": 1.6665802188768826, "3,11": 0.6022067900104049, "3,12": -0.0006392932240841809, "3,13": -1.6743951697768047, "3,4": 1.63631009907589, "3,5": 1.6294567244482074, "3,6": 0.7272703958539859, "3,7": -0.6171037467830898, "3,8": -0.049288346977132136, "3,9": 0.6900203796280246, "4,10": 0.008836649364361904, "4,11": -1.4385386905012, "4,12": -1.4977614515509887, "4,13": -1.1216808374602865, "4,5": -0.7789452270991317, "4,6": -0.394416035949805, "4,7": 1.5447196160696461, "4,8": 1.9573167678217294, "4,9": -1.4713379827136461, "5,10": -0.08932250433343425, "5,11": -0.6633453752594534, "5,12": -1.6659602148220274, "5,13": -0.4513149073221978, "5,6": -1.5524260657028779, "5,7": 1.4429793706204577, "5,8": -1.454536046026, "5,9": -0.1980879462720302, "6,10": -0.1423579306708609, "6,11": -1.3249172919486587, "6,12": 1.7630391524116291, "6,13": 0.9075421363307519, "6,7": -1.4920555044442567, "6,8": 1.6802215516399017, "6,9": 0.980668887996933, "7,10": 0.05772590178407411, "7,11": 0.036468666118961934, "7,12": 0.4717450105020302, "7,13": -0.01928966585598646, "7,8": 0.28895418136842244, "7,9": 1.7314352379479248, "8,10": 0.6881336866145635, "8,11": -0.330825465178886, "8,12": 0.5855474128336877, "8,13": -0.6037116206944462, "8,9": 0.1512117123130472, "9,10": -0.1455273008257465, "9,11": -1.5543324547266342, "9,12": 1.1395190327775042, "9,13": -0.15833565905446179}, "bias": {"0": 0.5291294408271991, "1": -0.590247358688518, "10": -0.6595267864880148, "11": 0.9720215678441961, "12": -0.26912834893622706, "13": 0.6406063142577725, "2": 0.3480967438497049, "3": -0.30564967981049573, "4": -0.022087120591197662, "5": 0.33961267578345544, "6": 0.23671246862998152, "7": -0.6819401211238967, "8": -0.6862506165833677, "9": -0.4868174594054051}}