{"Q": {"0,1": 1.8117751945732667, "0,2": 1.6967992230453568, "0,3": 0.6728053222338328, "0,4": 1.0002406644669923, "0,5": 1.1122134990553314, "0,6": -0.73546692470173, "0,7": -0.31380298653520056, "1,2": 1.423515535910855, "1,3": -0.45318143071926276, "1,4": -1.046439270142832, "1,5": -0.642587082853606, "1,6": 0.4331717220749036, "1,7": -1.125807541170893, "2,3": 0.5770033012365583, "2,4": 0.257869666802387, "2,5": 1.4210898160932093, "2,6": -1.1899411086934792, "2,7": -0.05384858201235154, "3,4": -0.319441931514445, "3,5": 0.5715202946956435, "3,6": -0.3580007282759188, "3,7": 1.4461110245499746, "4,5": 0.0838203099247643, "4,6": 1.570128983751133, "4,7": 1.473826771688389, "5,6": 1.9382971951220895, "5,7": -1.9026175338106421, "6,7": -0.0004676413626119036}, "bias": {"0": 0.9990546766758783, "1": 0.7104180131128353, "2": 0.27340466145063336, "3": 0.7080753245028855, "4": 0.7096095375796638, "5": -0.935369524768269, "6": 0.05650054126622983, "7": -0.8312212715109009}}