{"Q": {"0,1": 0.8862900655111208, "0,10": 0.9467966970079615, "0,11": -1.3802843649922498, "0,2": 1.4783885689916905, "0,3": -1.7596777702147857, "0,4": -1.0320255021755194, "0,5": -1.632031775386352, "0,6": -1.8169670164384755, "0,7": -0.05554106579733409, "0,8": -1.1736550930777718, "0,9": -0.7446498628742897, "1,10": 1.0643064098984065, "1,11": 0.4195076750827109, "1,2": -1.0921490982365243, "1,3": -1.9891367182776438, "1,4": -0.809436541552238, "1,5": 1.438976328231957, "1,6": 0.36343330770111804, "1,7": -1.4804631300699072, "1,8": -1.4786529810039264, "1,9": -1.4025729802066778, "10,11": 1.3864008397562406, "2,10": 1.8792653319756205, "2,11": -0.8668060092276928, "2,3": 1.6393594669752392, "2,4": 1.5744038184201812, "2,5": -0.549888898307064, "2,6": -0.66255246806799, "2,7": 1.509268196827768, "2,8": -1.0933332660139796, "2,9": 0.013872258377524815, "3,10": -0.04737892835770818, "3,11": 0.6043616937893641, "3,4": -0.017087531799399702, "3,5": -0.24388744637172133, "3,6": -0.5274373828411516, "3,7": 0.27990059812037904, "3,8": -1.5278285242800997, "3,9": -1.0367220818066278, "4,10": 0.30094330172204264, "4,11": -0.27178942218911617, "4,5": -1.8854000681507546, "4,6": 1.0147426391399366, "4,7": 1.774225467084769, "4,8": 0.016701771081005568, "4,9": -0.37196550945773854, "5,10": 1.5909849225075807, "5,11": -1.8054725123932283, "5,6": 1.5279224666260656, "5,7": 1.8427770794304696, "5,8": 0.6499939563161097, "5,9": 0.05730769026506577, "6,10": -0.24160742594194407, "6,11": 1.9964032456895913, "6,7": 0.5804374944018091, "6,8": -1.656207592309828, "6,9": -1.9752820892603595, "7,10": -0.5441985484805247, "7,11": 1.3628204821143024, "7,8": 0.5676903682945471, "7,9": -1.2160189378019624, "8,10": 1.350980914076454, "8,11": 1.9103498373351404, "8,9": -0.26868173615397595, "9,10": -0.9572685057707409, "9,11": -0.7757570064567227}, "bias": {"0": 0.1632472420416533, "1": -0.9708677104943981, "10": -0.65153829929153, "11": 0.10140821716637327, "2": 0.8766472681219226, "3": -0.8330352033758845, "4": 0.03740272581741477, "5": 0.5714556794795795, "6": 0.9535639762406687, "7": 0.8381517783779937, "8": -0.9000517163055521, "9": 0.7234987874575483}}