{"Q": {"0,1": -0.11172778029463881, "0,10": 0.9907053833163548, "0,11": -0.12310151824228655, "0,12": 0.7676975698812867, "0,13": 1.3258008975300335, "0,14": 0.4613789582726011, "0,15": 1.0301147859943343, "0,16": 0.16167340017803244, "0,2": -1.597185256270302, "0,3": -1.5350504660470108, "0,4": 0.3880771474713467, "0,5": 0.17668746928800783, "0,6": -1.3312780668565733, "0,7": 0.7854326776329694, "0,8": -1.7133729155758006, "0,9": 0.18950870623741656, "1,10": 1.601904525550093, "1,11": 0.21358684147373053, "1,12": 1.6965341004656715, "1,13": -1.4658266997211769, "1,14": -1.519727984391825, "1,15": 1.7955040800833806, "1,16": 0.8798856628902811, "1,2": 0.6409118588464326, "1,3": -1.7735749729601458, "1,4": 0.47416615923625516, "1,5": -0.5260874914878659, "1,6": 0.49512649230338335, "1,7": 0.780355176392534, "1,8": 1.8476529011600977, "1,9": 0.3190201615641466, "10,11": -0.4086658029240082, "10,12": -0.13833070608743814, "10,13": 0.19117569742546614, "10,14": -0.965079762890678, "10,15": 0.6951181101993833, "10,16": -1.3630274158458966, "11,12": 1.506401557524792, "11,13": 1.9558081034420582, "11,14": -1.456561890615451, "11,15": 1.5576840228746542, "11,16": -0.10296793530423631, "12,13": -0.06585025102324016, "12,14": 1.4055630390565454, "12,15": -0.027485455937457104, "12,16": 1.3273762604343142, "13,14": 1.6076499481942825, "13,15": 0.6389972474017696, "13,16": -1.3765595604084142, "14,15": 1.9972978045379892, "14,16": 1.49367039946722, "15,16": 1.7152866987223776, "2,10": 0.018279635464028665, "2,11": -1.9101211277310886, "2,12": 0.4638672953361036, "2,13": -1.8115447239760272, "2,14": 1.563588908382913, "2,15": 0.742765262880039, "2,16": -1.723354109125924, "2,3": 0.21681468189802944, "2,4": -0.407843364853683, "2,5": 1.714384071110155, "2,6": -0.6771579956828968, "2,7": 0.26331715109587606, "2,8": 1.5883237887365524, "2,9": -0.6300075204205093, "3,10": 0.4583058032916414, "3,11": 0.43939968330800383, "3,12": -1.213510508585487, "3,13": -0.4725271703696583, "3,14": 1.683394505748054, "3,15": 1.936681626329554, "3,16": -0.5448767749737691, "3,4": -1.5688657130217205, "3,5": 0.8051814763777236, "3,6": -1.600729535819934, "3,7": 0.6421460654215978, "3,8": 0.9851177726220453, "3,9": 0.8753740587452317, "4,10": 1.6171825704163947, "4,11": 0.6393554210664028, "4,12": 0.10238762431669857, "4,13": -0.33090659250956245, "4,14": -1.8462073972939792, "4,15": 0.6891591774988797, "4,16": 1.3714370182407167, "4,5": 1.564861702631295, "4,6": -1.4678646028669875, "4,7": -1.658437014399495, "4,8": 0.6487434510970247, "4,9": -1.8126267511293146, "5,10": 1.706240939947922, "5,11": 1.2685779786693003, "5,12": -1.4106790245256997, "5,13": -1.7533979883511517, "5,14": 0.06609831684545542, "5,15": 1.0084349054301383, "5,16": 1.5114713942565752, "5,6": 0.3737502422969441, "5,7": -0.34831502987872476, "5,8": 0.8561796562010469, "5,9": 0.10474777816346403, "6,10": -0.5619890346861611, "6,11": 1.783380444934771, "6,12": -0.756214189344155, "6,13": -0.8273321555438096, "6,14": -0.35119714463855045, "6,15": 0.9951068749922984, "6,16": 1.8926563864781838, "6,7": 0.10517742361408988, "6,8": 0.557666562922448, "6,9": -0.5469608140955802, "7,10": -0.2043335903775536, "7,11": -0.8530083959113588, "7,12": -0.8904881591912477, "7,13": 0.5624669044800701, "7,14": 0.3566430852972915, "7,15": -0.3206825306815939, "7,16": -1.2609724131059528, "7,8": -0.9340625405546774, "7,9": -1.5756345786037214, "8,10": 0.40746999032997877, "8,11": -1.7253325523564853, "8,12": 0.6395200643950214, "8,13": -1.1233359233140017, "8,14": 0.4479131953978661, "8,15": 0.7379879441424877, "8,16": -1.492238566478087, "8,9": -0.5699913825192549, "9,10": 0.9829941989856237, "9,11": -0.5028976865133483, "9,12": 0.8667986844301359, "9,13": 1.6520024201297328, "9,14": -0.23203300563058216, "9,15": 1.2637007491875636, "9,16": -1.965296924120993}, "bias": {"0": 0.9498022968344659, "1": -0.5461040143293345, "10": 0.3544637351460067, "11": -0.6991510721298866, "12": 0.21828561062025575, "13": 0.8468696861740928, "14": -0.18864700364221942, "15": 0.3576012044241521, "16": 0.6949468801410732, "2": -0.13383449224713484, "3": -0.15420618802030783, "4": 0.013218122041964042, "5": -0.8840536274463273, "6": 0.8168788426958682, "7": 0.28084519026436694, "8": 0.07420966270425655, "9": -0.38774597217383655}}