{"Q": {"0,1": -0.3376293883175352, "0,10": 0.821242775060385, "0,11": 0.36803505246836776, "0,12": -1.4505053562490176, "0,13": -0.10235015724907415, "0,14": 0.8278168572089313, "0,15": -0.7786334819336069, "0,16": 1.040221860848514, "0,17": 0.548032899390714, "0,2": -0.7622828250599527, "0,3": 0.09920575306259538, "0,4": 0.3000116859827209, "0,5": 0.5768691840506075, "0,6": -1.9524632508049762, "0,7": -0.21511201554527393, "0,8": 1.3478006646073832, "0,9": 1.779627444531, "1,10": -0.08705005353718231, "1,11": 1.6408118959265656, "1,12": 0.047102923823044485, "1,13": -1.1420680966394383, "1,14": 0.41177075046560274, "1,15": -1.181455004467146, "1,16": -0.6308671922167552, "1,17": -1.1520338422292435, "1,2": 0.4711444687368367, "1,3": 0.8267931274968601, "1,4": -0.46681517741750245, "1,5": 1.6530830725312673, "1,6": -0.4438865645681416, "1,7": -1.8712756216104713, "1,8": 1.3395886256782994, "1,9": 1.430179946411248, "10,11": -0.9759783818725571, "10,12": -1.2422875729832326, "10,13": -0.2742823233215317, "10,14": 1.785522778115884, "10,15": 1.227029236054248, "10,16": 1.6079816598909167, "10,17": -0.5458085818516127, "11,12": 0.7200193420928329, "11,13": -0.9303266747695669, "11,14": -0.5803345118838208, "11,15": -0.20408172983933603, "11,16": 1.3627907373154566, "11,17": -1.2077063545217634, "12,13": -0.9322129355317048, "12,14": 1.207866342591689, "12,15": 0.6517302873610276, "12,16": -0.2006241230166057, "12,17": -1.7251016333960907, "13,14": 1.0017007904624782, "13,15": 1.5386575254839236, "13,16": -0.41841198408077673, "13,17": 1.215014584370092, "14,15": 1.6852670831776764, "14,16": 1.2742923533490984, "14,17": -0.2569543774933578, "15,16": 1.1156769474758153, "15,17": -1.2291298315228252, "16,17": -1.8528437605714503, "2,10": -1.337765274813969, "2,11": -0.22824740714528913, "2,12": -1.2798093347762816, "2,13": 1.2015148357042653, "2,14": 1.180860881193226, "2,15": 0.2020819175816042, "2,16": 1.061745561345531, "2,17": -0.5167822759264458, "2,3": 1.148831109173392, "2,4": -0.7827826105732343, "2,5": -0.5612307842064541, "2,6": 1.5218743925267497, "2,7": -0.1085892558798105, "2,8": -0.17706162587266583, "2,9": -1.0684426449787305, "3,10": -0.08571837317437758, "3,11": 1.9223926728219727, "3,12": 1.4800126754068788, "3,13": -1.4023962841341793, "3,14": -0.7023318978121607, "3,15": -0.21730520986757007, "3,16": 1.1682763392322273, "3,17": -1.834872825671301, "3,4": 1.4179662321544777, "3,5": 1.8224614725451254, "3,6": 1.7938642233606235, "3,7": -1.5229853538075013, "3,8": -0.4443999724715817, "3,9": -1.9773954259434356, "4,10": -1.9696072051758846, "4,11": 0.19506217667958348, "4,12": 1.520564800398113, "4,13": -0.5772599007269021, "4,14": -1.9096772026920967, "4,15": 0.017230061284982057, "4,16": -0.22913987334264574, "4,17": -0.7030105865070935, "4,5": -1.6266217587080645, "4,6": 1.0722055598283249, "4,7": -0.43547065025561515, "4,8": -1.7181615733565976, "4,9": 1.2125905406091744, "5,10": -0.4849928433666406, "5,11": -1.9414116106523975, "5,12": 0.8441328501185321, "5,13": -1.5415797797509558, "5,14": 0.2609920510120811, "5,15": -0.1931902800579488, "5,16": -0.3287732673133723, "5,17": -1.5965921421935856, "5,6": 1.277991574293051, "5,7": 1.4025133114327812, "5,8": 0.4976600425291413, "5,9": 0.7594206332945324, "6,10": 0.7211744210408599, "6,11": 1.95795595016472, "6,12": 1.111253981600464, "6,13": 1.7966731312372226, "6,14": -0.053508563815187316, "6,15": 1.911668790895634, "6,16": 0.40683411111544077, "6,17": -0.3033842075717659, "6,7": -0.8998872650059138, "6,8": -0.4152938254389409, "6,9": -0.7132018192411489, "7,10": 1.6017423080045985, "7,11": 1.361482466687841, "7,12": 0.21927192095810977, "7,13": -1.7881056986299075, "7,14": 1.639176975710543, "7,15": -0.11778268087775956, "7,16": 1.6116701646317404, "7,17": -1.7245693059370026, "7,8": 0.9870479037920754, "7,9": 0.559387372163048, "8,10": 0.8884061486982087, "8,11": 0.39069504958799817, "8,12": 1.3341010975610335, "8,13": -0.3666925246607553, "8,14": 1.9806530791529227, "8,15": -0.41550089217977515, "8,16": -1.2832381196193006, "8,17": -0.4699323961576969, "8,9": 1.0118289012414978, "9,10": -0.18128566719234707, "9,11": 1.6805910449014347, "9,12": -0.438323015930548, "9,13": -0.5834914332207557, "9,14": -0.40748826183858755, "9,15": 1.1260723860369204, "9,16": -0.42204936158756157, "9,17": -1.9555395954932915}, "bias": {"0": -0.9288564373413555, "1": -0.5571238559467975, "10": 0.1818468874560204, "11": -0.3398818764615812, "12": 0.4899033654885756, "13": 0.7754398702362244, "14": 0.17868913295873767, "15": -0.1566217888288275, "16": -0.1509267085250714, "17": -0.5546417316076369, "2": -0.5378606978594611, "3": 0.8274783224741789, "4": -0.19606537835927118, "5": -0.4952404796470362, "6": -0.8464230754628252, "7": 0.560925600953756, "8": 0.7804025939899779, "9": -0.8034900255190518}}