{"Q": {"0,1": 1.1739025441814834, "0,10": -1.6178850290568763, "0,11": -1.003069251713304, "0,12": -0.593281371526853, "0,13": 1.0455335231340053, "0,14": 0.4044652417380368, "0,15": -0.47736587864908175, "0,16": -1.076564728513902, "0,17": -1.5380481068572514, "0,18": 0.8548698036472011, "0,19": 0.9854534501480461, "0,2": -0.7522597464832619, "0,3": -0.3851031584999518, "0,4": 0.6041460369245986, "0,5": 0.7383886523813472, "0,6": -0.29337599191380503, "0,7": 0.10488188702542312, "0,8": 1.4392537975370994, "0,9": -1.5145234599871569, "1,10": 0.25430898998734985, "1,11": 1.7991673718861727, "1,12": -1.999352936891825, "1,13": 0.9772886983196134, "1,14": -0.582528922752739, "1,15": -1.3908895624216262, "1,16": -0.7751487852197547, "1,17": 1.3552932840472414, "1,18": 1.4500004740626604, "1,19": -0.9041370836540596, "1,2": 1.9134292023540387, "1,3": 1.468752759508321, "1,4": -0.6540520447781129, "1,5": -0.9443651093086047, "1,6": 1.2561894146691905, "1,7": -0.12528771963363727, "1,8": 0.7090739548951817, "1,9": 1.1875414256129528, "10,11": 0.31920099290075443, "10,12": -1.4263386688718858, "10,13": 0.44553607230739356, "10,14": 1.6021630517676484, "10,15": -1.7879502637897309, "10,16": -1.9121329197212242, "10,17": -0.3272435990785687, "10,18": 0.44950433447202576, "10,19": -1.8837746402147202, "11,12": -1.0556981786033668, "11,13": 0.8275696041080454, "11,14": 1.6191221459496847, "11,15": -0.34751352463873886, "11,16": -0.7862412383770612, "11,17": 1.0647888212774768, "11,18": -0.9657999663696195, "11,19": -1.020633113131522, "12,13": -1.6233636336994457, "12,14": 0.566636934896954, "12,15": 0.9070350818846524, "12,16": 1.2110677529719664, "12,17": -1.3328617933586435, "12,18": -0.8378357780336043, "12,19": -1.580898996376138, "13,14": 1.8212907065707324, "13,15": 1.5914123394178126, "13,16": 0.2963431806422596, "13,17": 1.1519123366955393, "13,18": -1.0877245534808582, "13,19": 0.09634886871112824, "14,15": -0.3583200754080553, "14,16": 0.5032134279733982, "14,17": -0.24041771799090528, "14,18": -1.492201365949084, "14,19": -0.14972661752582628, "15,16": -1.3946943716132716, "15,17": 0.6113753917792675, "15,18": -0.1397940218927145, "15,19": 1.9598903881975258, "16,17": 0.7496500359023051, "16,18": -1.0967774258514775, "16,19": -0.12502159447721262, "17,18": 0.1557141189937412, "17,19": 1.6433482276586417, "18,19": 0.19971685867926858, "2,10": -1.0267717276857646, "2,11": -1.0156542690514114, "2,12": -1.4854469036115807, "2,13": 0.03078645922740586, "2,14": -1.3182783048977074, "2,15": 0.33668387111270004, "2,16": 0.34440455457295105, "2,17": -1.852322660037247, "2,18": 1.9001192724841847, "2,19": -1.4517617367914228, "2,3": -1.324945700670094, "2,4": 0.4875874400714566, "2,5": -0.23840856016401357, "2,6": 1.7121377219072094, "2,7": -0.8171297315236328, "2,8": 1.305533834116685, "2,9": -1.9561172298946494, "3,10": -0.4048169635832348, "3,11": -1.4721148912878905, "3,12": 0.17908273175840428, "3,13": -0.05475248561426582, "3,14": 1.1023083690930648, "3,15": 1.836790202414666, "3,16": 0.07827943738710363, "3,17": -0.5475764299472932, "3,18": 0.7243614432301912, "3,19": 0.13725692268434253, "3,4": -1.199390090713174, "3,5": -1.3218536044466025, "3,6": -0.4835953016295482, "3,7": -0.3004399813653005, "3,8": -1.7665248814934587, "3,9": -0.42954134507151664, "4,10": -0.5609186818403571, "4,11": 1.9870556354099644, "4,12": -1.967161796340514, "4,13": 1.791554720284326, "4,14": 0.4840176436359438, "4,15": -1.601983940355605, "4,16": 1.0582161418507567, "4,17": 1.335229190487044, "4,18": -0.3534229763877912, "4,19": -1.4631192659977197, "4,5": -0.30647335025132705, "4,6": 1.9960126268741187, "4,7": 0.8113461535462374, "4,8": 0.01985921808848623, "4,9": 0.0715536498023277, "5,10": 0.7077843628654055, "5,11": -1.480655181766949, "5,12": -0.6197420732993382, "5,13": 0.19048027434395598, "5,14": -0.15604280359324907, "5,15": -1.6861379760640536, "5,16": 0.24632539628259353, "5,17": 0.3267486562686104, "5,18": 1.310628878113354, "5,19": 0.04826955945062661, "5,6": 0.19510506124328542, "5,7": 1.286148412076355, "5,8": -1.2324169338365891, "5,9": -0.5433587507647979, "6,10": 1.8920066423006796, "6,11": 0.07267344623729954, "6,12": -1.8477577279593294, "6,13": -0.8295313744009603, "6,14": -0.3620682721812778, "6,15": 1.899765678910644, "6,16": 1.7550747239437263, "6,17": 1.6677009443993023, "6,18": 1.7958487965328387, "6,19": 1.0471545766795303, "6,7": -0.4633390664549806, "6,8": -1.8061500348969535, "6,9": -0.2266048461935175, "7,10": 0.9115898364333499, "7,11": 1.7814476420219014, "7,12": -0.6383095736210223, "7,13": -1.5446792976389916, "7,14": -0.20566376336741987, "7,15": -0.06940417350436778, "7,16": -0.9767268872359391, "7,17": 1.5890652362008213, "7,18": -1.4845412786201386, "7,19": -1.397320824861425, "7,8": -1.975783959866087, "7,9": 1.6196706066946431, "8,10": 0.2602528052253792, "8,11": 1.7043506088961649, "8,12": 1.0209188104312235, "8,13": 1.4442056804779786, "8,14": -1.897555865519513, "8,15": -0.3631217131778479, "8,16": -0.8621621529780237, "8,17": 1.023353596677353, "8,18": -0.25023925726552676, "8,19": -1.861618614381796, "8,9": 1.3733067056630088, "9,10": 1.8287893421453325, "9,11": -1.0396780921740745, "9,12": -1.9907560180839168, "9,13": 1.4271966270535787, "9,14": -1.6825599401398241, "9,15": 0.47890801278828254, "9,16": -0.494761646791126, "9,17": 1.5519335804494943, "9,18": -1.5681574249189154, "9,19": 1.9366940356022777}, "bias": {"0": -0.053724115815947604, "1": 0.7157486049544699, "10": -0.26222253236711235, "11": -0.9458899790604292, "12": 0.38553362344063524, "13": -0.769391989886786, "14": 0.8476413336583601, "15": 0.12451454234145887, "16": 0.641850611081803, "17": -0.2813391223291595, "18": -0.015862704796143046, "19": 0.6119457013847955, "2": 0.3726371147587928, "3": 0.3706207426897461, "4": 0.013576697260928361, "5": -0.38326034225066263, "6": 0.45830720911804645, "7": 0.31839046881321487, "8": 0.28089280090336044, "9": -0.011495993815058947}}