{"Q": {"0,1": 1.2273937619385142, "0,10": -0.9191657317348749, "0,11": -0.8535567088983216, "0,12": -1.1124878725904104, "0,13": -0.2008207908580002, "0,14": 1.4973171864154664, "0,15": -0.01985411572664919, "0,2": 0.691570188856323, "0,3": 1.7311907887499598, "0,4": -0.8613563529570407, "0,5": 0.23172045151768028, "0,6": 0.6136586212131929, "0,7": 0.8891271237047844, "0,8": -0.1566749743827196, "0,9": -1.1758275393030013, "1,10": 0.47255123760188944, "1,11": 1.4330765700475263, "1,12": 0.6576759125231, "1,13": -0.02552233085836253, "1,14": 0.8169311658804488, "1,15": 0.9022055057697287, "1,2": -0.7388309112367994, "1,3": 0.09043227083460792, "1,4": 1.0054928555663438, "1,5": 1.1585089677096576, "1,6": -1.187653872158486, "1,7": 0.9979153458779417, "1,8": -0.8715319532006172, "1,9": 1.9251053885260685, "10,11": -1.9426316276052398, "10,12": 0.057343864248482035, "10,13": 1.51806537671247, "10,14": 0.8650798433563973, "10,15": -0.6691701883438976, "11,12": -1.7682031046802749, "11,13": -1.3303448363471877, "11,14": 0.8041682190706654, "11,15": -0.24020061448619057, "12,13": -1.343838272432981, "12,14": 1.5055314338714951, "12,15": -0.9370170516821097, "13,14": -0.731666140027055, "13,15": -1.9803206369602817, "14,15": 1.7759805287594874, "2,10": 1.3281349344422595, "2,11": 1.7417511792468918, "2,12": -0.00908442102703555, "2,13": 1.4786097151930777, "2,14": 1.1470058785730552, "2,15": -1.8116739492134286, "2,3": 1.8617880347835252, "2,4": -1.8836051914159806, "2,5": 1.8761467320696208, "2,6": -1.3651333809024142, "2,7": -0.24595237978966678, "2,8": -1.8908868440087985, "2,9": 0.28073319686840215, "3,10": 0.7548141517595379, "3,11": 1.8810241996844241, "3,12": -1.553556935923798, "3,13": 0.3393490747977004, "3,14": 0.7819854737335961, "3,15": 0.36407329405670197, "3,4": -1.5365288679045368, "3,5": -0.6481550574189758, "3,6": 0.12782216644693634, "3,7": 0.6528976618442317, "3,8": -1.5749715891967635, "3,9": -0.5150038307489138, "4,10": -0.632681987420133, "4,11": 1.7630772548103595, "4,12": 1.6971322445765464, "4,13": 0.37493660788663297, "4,14": -1.9980382861259622, "4,15": 0.24709161521573986, "4,5": 1.6375764147165333, "4,6": -1.7037584732023747, "4,7": 0.4348828072716149, "4,8": 0.3877437708796534, "4,9": 0.04971032842829359, "5,10": -0.8903882477188771, "5,11": -0.7503366130770881, "5,12": -0.7137617632239923, "5,13": -1.9562583058912697, "5,14": 0.9674109317544515, "5,15": 1.7180465693016909, "5,6": -0.7346849472906243, "5,7": -1.8592752092995064, "5,8": -0.9069711492214227, "5,9": -1.1585915432409393, "6,10": -1.5801025313298331, "6,11": -1.779053120693332, "6,12": -0.35283065737977326, "6,13": -0.4859418521979455, "6,14": -0.38614707589570374, "6,15": 0.5257695376469425, "6,7": -1.6979749946471063, "6,8": -1.992138775564456, "6,9": 1.3734753220322533, "7,10": 1.379613594898518, "7,11": -1.3656414061854596, "7,12": 0.6157801540053298, "7,13": -0.2519272686580045, "7,14": 1.312453480631104, "7,15": 1.9586055491170669, "7,8": -1.8240364906322943, "7,9": 0.08718352410109587, "8,10": -0.6837711473030281, "8,11": 0.6864261785995547, "8,12": 0.8028433025621515, "8,13": 0.4338106378412694, "8,14": -1.0670785628897321, "8,15": -1.905945006702483, "8,9": 1.2634848081490846, "9,10": 1.3272149047828021, "9,11": 1.2840589537029121, "9,12": 0.9338997621480556, "9,13": -0.5282452076305986, "9,14": 1.1851229391269378, "9,15": -0.7151625210363766}, "bias": {"0": -0.3457075521440087, "1": -0.7718688855256424, "10": 0.7438224839784993, "11": 0.1292927809163278, "12": 0.6075230914308043, "13": 0.39517846522561206, "14": -0.5769091101772506, "15": -0.051636102240607995, "2": 0.44387929872879184, "3": 0.2951387404144554, "4": 0.9213943849739528, "5": 0.6828516980570276, "6": -0.6322158340843083, "7": -0.12236133058900744, "8": -0.20297458815738834, "9": -0.23324868572448865}}