{"Q": {"0,1": 1.1873556845911417, "0,10": -0.09131355160807741, "0,11": -0.11647941076716295, "0,12": 0.31976974988332163, "0,13": -1.520801546186243, "0,14": -1.8763391559404963, "0,15": 1.8486939596223397, "0,16": -0.926177196568255, "0,17": -0.03833135024155476, "0,2": -0.14226934401411961, "0,3": 1.1432628849952908, "0,4": -1.6176182584159506, "0,5": 1.7070534309014773, "0,6": 0.5330188022664886, "0,7": -1.8156971244687465, "0,8": 1.3879201599242532, "0,9": -1.8659022507535763, "1,10": -1.5490288434184385, "1,11": -0.9942836325469862, "1,12": 1.4843822652701841, "1,13": 0.16150914899241142, "1,14": 0.4949703097328011, "1,15": -1.8932325524097102, "1,16": 1.3006262026550326, "1,17": -1.4267897547039947, "1,2": -1.8627403384797478, "1,3": -0.6540642332132465, "1,4": -1.25183144263704, "1,5": -0.07159144843451504, "1,6": -1.5706837825407405, "1,7": -1.5189285633109026, "1,8": -0.08768987551180452, "1,9": 0.20384896787034767, "10,11": -1.0429551226885976, "10,12": 1.0706497989204347, "10,13": -1.9838770442874685, "10,14": -1.3975655489875183, "10,15": 1.2626066754583443, "10,16": 1.8203412600345579, "10,17": 1.6386934923904573, "11,12": -1.2264361930916987, "11,13": 1.2462531054056827, "11,14": -0.4523376338776939, "11,15": -0.12682574824238335, "11,16": -1.3982769687638346, "11,17": 0.7761835813891413, "12,13": -1.290858580877198, "12,14": -0.969133680083214, "12,15": -1.6928663604777174, "12,16": -1.412558596431444, "12,17": -1.5111279421199715, "13,14": -0.7253716591460768, "13,15": 0.8578161832486666, "13,16": 0.8017206015631353, "13,17": 0.026751527484607962, "14,15": 1.7019905569342848, "14,16": 1.4732228430247383, "14,17": 1.8637770378456002, "15,16": 0.9150453211236371, "15,17": 1.7782266012942047, "16,17": -0.03478466005391434, "2,10": 0.7597486463744816, "2,11": 0.8128769789047832, "2,12": 1.6520917624695852, "2,13": 1.8340030377847993, "2,14": -0.18479242943937146, "2,15": -0.3191130084261773, "2,16": 0.9576594840146253, "2,17": -0.7555010542196228, "2,3": -1.8970725363849907, "2,4": -1.7169747552402845, "2,5": 1.8426682306690396, "2,6": 0.9921837754149943, "2,7": -1.1860046077244535, "2,8": 1.8165410619215328, "2,9": 0.3299281040223949, "3,10": 0.8632667687032658, "3,11": 1.3462599747881865, "3,12": -1.8246024479220408, "3,13": 1.6091706713544909, "3,14": -0.6344290912873092, "3,15": -0.05881262981362223, "3,16": -1.9360104433611118, "3,17": 1.4774842338772838, "3,4": -1.6069594499480573, "3,5": 1.6046011712853812, "3,6": -1.3762652462985612, "3,7": -0.41429250938266593, "3,8": -1.8420941149701742, "3,9": -0.024656472127569273, "4,10": -1.0951007425886319, "4,11": -0.1004664441565426, "4,12": -1.7371531739952752, "4,13": -1.7968029385273057, "4,14": -0.23502963059303061, "4,15": 1.6714464687922628, "4,16": 0.16500618457713845, "4,17": -0.5378976625166203, "4,5": 0.1884023371093897, "4,6": 0.8249177832370238, "4,7": 0.3030950249055415, "4,8": -0.31970584612423014, "4,9": -0.9180165600826098, "5,10": 0.7883741392842398, "5,11": 1.3279262055074055, "5,12": 0.5613108406091514, "5,13": 1.3303969871224002, "5,14": -1.6757360931170164, "5,15": -1.4172854277764908, "5,16": -1.6086377033072212, "5,17": -0.9198066764754418, "5,6": -0.09869117700611607, "5,7": 0.015199585540591976, "5,8": 0.3255592747855003, "5,9": -1.2430071604713202, "6,10": -0.7715730075622327, "6,11": -0.24755328801454013, "6,12": 1.31331939817741, "6,13": 0.02585562185628998, "6,14": 1.7939666833358707, "6,15": -0.7754396814191349, "6,16": -1.416454731895365, "6,17": -0.5739501417262676, "6,7": 0.9687547336369375, "6,8": -0.9565385190300937, "6,9": 1.0801898616642776, "7,10": -1.4235155838592508, "7,11": -1.5749825746041077, "7,12": -1.8883590955066247, "7,13": -1.2153582872659796, "7,14": 1.933660681142952, "7,15": -1.761627932599806, "7,16": -0.25423342741647037, "7,17": 1.2141141716070156, "7,8": -0.8740491965469794, "7,9": 0.25807207419286815, "8,10": 1.0514064985791944, "8,11": -1.6738619201120555, "8,12": 1.6082165524437961, "8,13": 1.5094875836582426, "8,14": -1.7790071793561335, "8,15": 0.08184297857915457, "8,16": 1.2927914351079108, "8,17": -1.3152169773128732, "8,9": -1.5574682078513487, "9,10": 0.34613801361867536, "9,11": 0.8915757942284075, "9,12": -0.9591887376274539, "9,13": 1.560534119687048, "9,14": -0.7936939542887038, "9,15": 1.6355632235470736, "9,16": -1.6777532430488384, "9,17": 1.5579562683077244}, "bias": {"0": -0.40852630931493694, "1": -0.9252506206991389, "10": 0.43479423542160744, "11": -0.631974023813058, "12": -0.43076543030624204, "13": 0.5100789032492994, "14": -0.7981864516558921, "15": 0.7702082241370947, "16": -0.3064990582040197, "17": 0.1515981640385231, "2": 0.7638486729010587, "3": -0.308148988275309, "4": 0.9394890376335641, "5": -0.6999378171361232, "6": -0.4409617188195716, "7": 0.5621996341283335, "8": 0.5529257616974617, "9": -0.3795435934367175}}