{"Q": {"0,1": 1.0724091638582722, "0,10": 0.9327999776357943, "0,11": 0.04473620105043752, "0,12": -1.902881024822205, "0,13": -0.4945481176719406, "0,14": -1.400058536368078, "0,15": -1.6999032514351535, "0,16": -0.9389021447282264, "0,17": 0.20956368577361228, "0,18": 0.5224050403400424, "0,2": -1.224315242866397, "0,3": -0.9091493563825517, "0,4": -0.913010348134375, "0,5": 0.38557175010280753, "0,6": 1.2476926633398988, "0,7": -1.8895959408474523, "0,8": -1.0376299514343974, "0,9": 0.1504107786851021, "1,10": 0.6156429701369466, "1,11": -0.9823015588278539, "1,12": -1.0792311608521241, "1,13": 0.7940286041869582, "1,14": 0.04421936324530851, "1,15": 1.0675380598969109, "1,16": -1.7554182771865339, "1,17": 0.311966232586776, "1,18": 1.7794081927413639, "1,2": -0.7560355684190059, "1,3": -1.6246341477001596, "1,4": -0.10463442467889994, "1,5": 1.9422057239579238, "1,6": -1.7006249209285031, "1,7": -1.762961386735343, "1,8": 0.8428586504172402, "1,9": -0.33654968727374834, "10,11": 0.6973195909489385, "10,12": -0.32286878613839143, "10,13": -0.13181869832168314, "10,14": -0.308096408287168, "10,15": 1.2754413227802797, "10,16": -0.10229871584583661, "10,17": -1.0990937407694923, "10,18": 0.6438240745965214, "11,12": -0.9827747270818175, "11,13": 1.1095874466259987, "11,14": 0.7587908353977015, "11,15": -1.6877183880155888, "11,16": -0.23987473335390108, "11,17": -0.8613499034924743, "11,18": 0.8456377844895524, "12,13": -1.4401721644051464, "12,14": 1.8012053697233883, "12,15": -1.436945729257003, "12,16": -1.47385441681292, "12,17": -1.5187959583969848, "12,18": -0.9253292025433559, "13,14": -1.2107273593093018, "13,15": -1.3812815512231786, "13,16": 1.5482752773713893, "13,17": 1.8987158863163458, "13,18": -1.2415013648889173, "14,15": -0.6115371615574561, "14,16": -1.23566715146264, "14,17": 0.9946973457575505, "14,18": -1.9512333062120155, "15,16": 1.8352349830154426, "15,17": 0.8834292198730482, "15,18": 1.7915150301280622, "16,17": -1.3505813272501785, "16,18": -0.24170002370423482, "17,18": 0.8167128145183069, "2,10": 0.3604476577986562, "2,11": 0.27130224792747937, "2,12": -1.450141186090443, "2,13": -0.747575747751863, "2,14": -1.3433518353769247, "2,15": -1.4169500307040441, "2,16": -0.0752564490032892, "2,17": -1.0442921240238738, "2,18": -1.447494937080489, "2,3": -0.015001906626445738, "2,4": -0.35582977139042127, "2,5": -1.2482939391802148, "2,6": -0.2482176647756349, "2,7": 0.49634818646006895, "2,8": 1.7518270048522813, "2,9": 1.1662256763652157, "3,10": -0.44257031739990893, "3,11": 0.09233333993505743, "3,12": 0.8322894353861678, "3,13": -0.6727815270267925, "3,14": 1.1297370156485171, "3,15": 1.5982145587550645, "3,16": -1.8510997338944364, "3,17": 1.4354457698785112, "3,18": 1.4213784788024588, "3,4": 0.8300868967047661, "3,5": 1.5614924441673255, "3,6": 1.27187039235552, "3,7": -0.3274201250972024, "3,8": -0.6509481364405869, "3,9": -1.3236182534026648, "4,10": -1.6478586470718781, "4,11": 0.9648435242327396, "4,12": -0.6088798630817118, "4,13": 1.598153643825281, "4,14": -0.7194340282029694, "4,15": -1.9863704607090216, "4,16": -0.13694281574405265, "4,17": 1.6163270162344419, "4,18": -1.7754581475453475, "4,5": -1.9424967079881466, "4,6": -1.3676579099459714, "4,7": -0.5508791598367648, "4,8": 0.2982140559233093, "4,9": -0.21526274395398337, "5,10": -0.2502095222407825, "5,11": -1.1965174385648627, "5,12": 0.2475605721851264, "5,13": -0.24442045398955692, "5,14": -0.3106978037046946, "5,15": -1.8017201619954566, "5,16": 1.7845699580395022, "5,17": 0.586371898386036, "5,18": -1.5958487781723614, "5,6": -0.14211318266873763, "5,7": 1.8445402684447334, "5,8": 0.9975608870590928, "5,9": 0.8055330473135456, "6,10": -0.21842945057730123, "6,11": 1.7580716642226903, "6,12": 0.7761708949352908, "6,13": -1.283382845434053, "6,14": 0.9567583323043793, "6,15": 0.4367297530466865, "6,16": 1.2613758083055266, "6,17": 0.9157546364927427, "6,18": 0.11311879920434276, "6,7": -1.4209002005440965, "6,8": -0.1852799478682372, "6,9": 0.5367998875992508, "7,10": -0.6962674422462052, "7,11": -1.3708388309840949, "7,12": 0.619501089416977, "7,13": 0.49406266757840767, "7,14": -1.3888983400889736, "7,15": 1.8222701210083585, "7,16": -0.5097936898827427, "7,17": 0.7739603769319574, "7,18": 1.8494587442124053, "7,8": 0.5918209594602959, "7,9": -1.1420179994188757, "8,10": 0.5104930395254801, "8,11": -0.02293459235673545, "8,12": -0.13111445792401, "8,13": -0.5231846855580446, "8,14": 1.9816538602855385, "8,15": -1.7065934953259823, "8,16": 0.62642179987487, "8,17": -1.2949215797013913, "8,18": 0.060642149307022386, "8,9": 0.41191728070821254, "9,10": 0.7247149254017797, "9,11": -0.13639319300795805, "9,12": 0.13539181538092304, "9,13": -0.7084700046474315, "9,14": 0.14518801937978498, "9,15": -1.217264875730749, "9,16": -1.4324931877041291, "9,17": -1.5070952358313336, "9,18": -0.042047751646029585}, "bias": {"0": 0.9895204225569845, "1": 0.40906008390699045, "10": -0.30605008788565846, "11": -0.8511388358716008, "12": -0.6944294870018826, "13": -0.05529670866925307, "14": 0.743531662690029, "15": 0.46806278249939237, "16": 0.896071816619356, "17": 0.41494677477999864, "18": -0.7294610631998191, "2": 0.8987083402987495, "3": -0.420162476081577, "4": 0.09300152525601613, "5": 0.40340269750756774, "6": 0.169783273658332, "7": -0.7498739707423381, "8": 0.7211973808315002, "9": 0.16375407755963156}}