{"Q": {"0,1": 0.3357745184576997, "0,2": -0.8011172641839202, "0,3": 0.6870824498162498, "0,4": 0.23261443312230945, "0,5": 0.6886997555192291, "0,6": -0.6044293963820313, "0,7": 0.40037973631270285, "0,8": -1.5325644473537663, "1,2": 0.7568976843679875, "1,3": -0.579549747497909, "1,4": 0.31205831211247625, "1,5": -0.49417669010934606, "1,6": 0.34975613972307595, "1,7": -0.8126167358941658, "1,8": -1.0226740494024638, "2,3": 0.5630162862833203, "2,4": -1.4284021877381425, "2,5": 1.3985043809845377, "2,6": 1.8287358293566545, "2,7": -1.7286921225339418, "2,8": 1.2479894533660327, "3,4": 1.9514588712495988, "3,5": 1.8598475289632495, "3,6": -1.6514356191761812, "3,7": -0.994649907607235, "3,8": 1.6891913778543315, "4,5": -0.3334721788469319, "4,6": 1.043985029439686, "4,7": -0.21525654324374743, "4,8": 1.0443776425995202, "5,6": 1.7638560439995938, "5,7": 1.8659507810469105, "5,8": -0.3045798976115708, "6,7": 0.559000356298335, "6,8": 0.6167271901248075, "7,8": -0.5174649062269245}, "bias": {"0": 0.33298907567217695, "1": -0.7539788635406186, "2": 0.7564900540803094, "3": 0.8904832251169228, "4": 0.5581414053702936, "5": 0.7975918051876778, "6": -0.6658298672795624, "7": -0.5807149186773661, "8": 0.9964297742309194}}