{"Q": {"0,1": -1.1024845526156044, "0,2": 0.9825101069569966, "0,3": -0.7552696528495835, "0,4": -1.91035010545201, "0,5": 0.667907332624754, "0,6": 1.4789091387223214, "0,7": 0.9463260400063, "1,2": -1.2147407174440552, "1,3": -1.1320868323305922, "1,4": -0.6501491090499614, "1,5": 1.7824415924242745, "1,6": -0.26733449988266145, "1,7": -1.3664755875431696, "2,3": 1.5685437425508835, "2,4": 1.551055921023162, "2,5": -0.2992392771615915, "2,6": -0.37507605046390236, "2,7": 0.4999371689134682, "3,4": 0.2017549990862384, "3,5": 1.7944112590585877, "3,6": -1.2897721474092356, "3,7": -0.6251139311498033, "4,5": 0.8572578206162738, "4,6": 1.8687649217834008, "4,7": 1.3373857881266038, "5,6": -0.732874482734005, "5,7": -0.4814579340955678, "6,7": -1.4387083424505138}, "bias": {"0": 0.06215259198751899, "1": 0.557860328351151, "2": -0.8758819162479841, "3": -0.5464001722486578, "4": -0.44404349483995276, "5": 0.9264493133724838, "6": -0.31793933529113105, "7": -0.1771840874397712}}