{"Q": {"0,1": 0.851583100699191, "0,10": 1.4667643509575274, "0,11": 0.8772238712886464, "0,12": 1.213294809908768, "0,13": 0.1645226172049692, "0,14": -0.23147560459591476, "0,15": -1.4589206112124087, "0,16": 0.6027363499404412, "0,2": 1.4290661487507132, "0,3": 0.1036404480794264, "0,4": -0.3232633268593301, "0,5": 0.14529377208786043, "0,6": -1.200486208724131, "0,7": -0.9821449741607529, "0,8": 0.4126828039661916, "0,9": 0.06263010740312591, "1,10": -0.017958836723382277, "1,11": -0.5432385075841246, "1,12": -1.6137616301457962, "1,13": 1.4190217758474462, "1,14": -1.0433048316645466, "1,15": -0.31960622128390836, "1,16": -1.5758385294966826, "1,2": 1.1398837934112152, "1,3": 0.6991534744867436, "1,4": -1.8711286528671507, "1,5": -1.6757534262991194, "1,6": 1.9166490057969452, "1,7": -0.20092405841362249, "1,8": 0.08205671214100985, "1,9": -1.2351396406507864, "10,11": -1.274829735443829, "10,12": -1.9142010300099406, "10,13": -1.0916546231822797, "10,14": -1.8612977128613606, "10,15": 1.549054897485521, "10,16": -1.055777965038939, "11,12": 0.45357500052991595, "11,13": -0.21559236152761274, "11,14": -0.07047740073321851, "11,15": 0.5098299206791861, "11,16": 0.6000255184789034, "12,13": -1.7273833750418652, "12,14": 0.5889669757705613, "12,15": 0.6755189138392557, "12,16": 1.2647741400897679, "13,14": -1.8195618622882934, "13,15": 1.4225232343059417, "13,16": 1.4282081497519052, "14,15": -1.7420038193599297, "14,16": -1.0171838197611325, "15,16": -1.3884329974251748, "2,10": 0.4983072125333434, "2,11": 1.8607650958702973, "2,12": 1.8175919260444204, "2,13": -1.7552525733849431, "2,14": -1.6489187794228353, "2,15": -0.6100874889826575, "2,16": 0.7140475530992885, "2,3": -1.1302894024155803, "2,4": -1.678782636670539, "2,5": -0.603930211041015, "2,6": -1.345169861763953, "2,7": -1.6800451664222291, "2,8": 1.954831736162241, "2,9": 1.8507492430519532, "3,10": 1.8033305120635297, "3,11": 0.6613440185188497, "3,12": -0.6621360966220955, "3,13": 1.0601331980388098, "3,14": 1.7653733612428173, "3,15": 1.8188194838609384, "3,16": -1.935644036996416, "3,4": 0.9405092272214386, "3,5": -1.31749336317485, "3,6": 0.9908077932808084, "3,7": -0.09795000644997076, "3,8": -0.04377178245952695, "3,9": 1.8155047555528947, "4,10": -1.6611175360869863, "4,11": -0.9121030263299148, "4,12": 0.27161300713500136, "4,13": -1.5453500638643844, "4,14": -0.32298764420490667, "4,15": -1.007390247192689, "4,16": -0.4919721602097793, "4,5": -0.5085447561238863, "4,6": 0.7365001301907452, "4,7": -0.01759941066083126, "4,8": -1.6089850749434937, "4,9": -1.9871615683449924, "5,10": 1.7577153650020447, "5,11": -0.8839233345699387, "5,12": -1.4621203356197308, "5,13": -0.15541850437227156, "5,14": -1.336839217902257, "5,15": 1.4875317339774332, "5,16": 1.9748415525185563, "5,6": 0.17307201708755215, "5,7": 0.3948047749141441, "5,8": -1.1696265828469765, "5,9": 0.9858727930617786, "6,10": -1.7318151508618205, "6,11": 1.2201833415132328, "6,12": -1.1488732552430228, "6,13": 1.7686765621067133, "6,14": 0.9716240978330415, "6,15": -1.517609626519592, "6,16": 1.1610876800809726, "6,7": -1.4681001353547796, "6,8": 1.09056498316377, "6,9": 1.9786335635346224, "7,10": -1.7125408987648223, "7,11": 1.3826034727566974, "7,12": -1.6360929350098732, "7,13": -1.6067694415798215, "7,14": -0.846763036766168, "7,15": -0.8443159489693453, "7,16": 1.1160480907244437, "7,8": 1.5408409321284489, "7,9": 0.8113089409843046, "8,10": 1.829007168384022, "8,11": -0.31487812758589406, "8,12": 1.339822026280891, "8,13": -1.071173494188701, "8,14": 0.004031964874038341, "8,15": 1.398650452233261, "8,16": -0.37884038445657797, "8,9": -0.8140550208293025, "9,10": -1.7425039389142962, "9,11": 0.8729875998385492, "9,12": -1.7345194983591377, "9,13": -1.8532847312309557, "9,14": -0.49129673861932543, "9,15": -1.173070469316304, "9,16": -0.5397415373562975}, "bias": {"0": -0.21281964965236821, "1": 0.3366167950710115, "10": 0.027166117019595815, "11": -0.453632945996028, "12": 0.6102961672586535, "13": 0.9657076909948534, "14": -0.9231735327080124, "15": 0.8897308316514845, "16": -0.25139738868419403, "2": -0.19797242272138416, "3": 0.22795639937665624, "4": -0.4285020618378548, "5": 0.09394230466951314, "6": -0.9738528215886573, "7": 0.22201868416232284, "8": -0.5888402196999913, "9": -0.9487783779979384}}