{"Q": {"0,1": 0.6098169582457111, "0,10": 0.5068813942014256, "0,11": -1.961229303054104, "0,12": -1.9991626714593531, "0,13": 1.0870937470972049, "0,14": 1.7937276158875197, "0,15": 1.3396220754727084, "0,16": -1.933132923000437, "0,17": 0.4783271412117873, "0,18": 0.6213338322086721, "0,2": -1.4545049121597748, "0,3": 0.5229616428858392, "0,4": 1.610931776776396, "0,5": -1.7044310875723014, "0,6": 0.5000692306591743, "0,7": -0.9095031915136804, "0,8": 1.7995851933937144, "0,9": -0.004581823699433052, "1,10": 0.175931080174625, "1,11": -0.6832952108112491, "1,12": 0.23911349885678046, "1,13": -1.053975981674189, "1,14": 0.9795559842976682, "1,15": -1.5857840154880996, "1,16": -1.5659722088186911, "1,17": 0.4689531441412953, "1,18": -1.2775812261687243, "1,2": -1.4385214535548752, "1,3": -1.3890774420494552, "1,4": -0.34101572861480367, "1,5": -1.3560707999573398, "1,6": -1.9817426914988698, "1,7": -1.221628399837284, "1,8": -1.8030566305487574, "1,9": -1.3843413230100245, "10,11": -1.381573871746813, "10,12": 1.9549432424877495, "10,13": 0.001984456609878116, "10,14": -1.3554932558749453, "10,15": 0.7575778031486569, "10,16": 0.9620174311034067, "10,17": 1.0422942711375263, "10,18": -0.5912768437433611, "11,12": -1.2331712074897805, "11,13": 1.1389199963461811, "11,14": 1.4104185454635552, "11,15": 0.8659611647817576, "11,16": -0.21019224537917358, "11,17": 0.4832707573531607, "11,18": 1.9958004774889035, "12,13": 0.24737083748542954, "12,14": -1.9935965601226022, "12,15": -1.7014737186724411, "12,16": 0.7288418538866708, "12,17": -0.7994060878708344, "12,18": -1.3907592040829848, "13,14": 0.32301980259577645, "13,15": -0.61542214634831, "13,16": -0.2575451437582754, "13,17": -1.0070099351771402, "13,18": -1.2729632604906596, "14,15": -0.5133584895635437, "14,16": 0.7462230524356772, "14,17": 0.6929945256643486, "14,18": -1.648417186328571, "15,16": 0.028201140544776848, "15,17": -0.013521361287423428, "15,18": 0.11602710156405438, "16,17": -1.47259082758627, "16,18": 1.8814176097172566, "17,18": 1.795831597948462, "2,10": -1.5609204940874268, "2,11": -0.24937670498164355, "2,12": 1.861407123985812, "2,13": 0.21255048563661605, "2,14": -1.445097312637519, "2,15": 0.5427421962754386, "2,16": -1.4834130926295575, "2,17": 0.8640767345244309, "2,18": -1.0989399620605753, "2,3": -1.4043104810999698, "2,4": 0.7353568572083797, "2,5": 1.4691552445653722, "2,6": 1.199247690362955, "2,7": -1.0157186089484718, "2,8": 1.0446238683667106, "2,9": -1.4968873236691014, "3,10": 0.211181851779231, "3,11": -1.8786776922111863, "3,12": -0.9504441393438996, "3,13": -0.33941257616036946, "3,14": 0.7074888400127426, "3,15": -1.6524520843425803, "3,16": -0.4320162598750663, "3,17": -0.5057423767951614, "3,18": 0.9054447283426552, "3,4": -0.8440273201098698, "3,5": -0.500332804420029, "3,6": 1.2835514366429006, "3,7": -0.011308031855232326, "3,8": 1.6090711290612312, "3,9": 1.146382516349708, "4,10": -0.10982022885799614, "4,11": 0.9160400775948068, "4,12": 0.6659698227326909, "4,13": -1.447228214660667, "4,14": -0.45193679113172003, "4,15": 1.7119915939142012, "4,16": -0.08610734401044562, "4,17": 1.780432845440786, "4,18": 1.0179809526811434, "4,5": -1.6360042284863563, "4,6": 0.786157046563809, "4,7": -1.29194741929342, "4,8": -1.5919445953682536, "4,9": -0.05089728014779382, "5,10": 1.5885450655611502, "5,11": 0.8007610987932772, "5,12": -0.009824916116207838, "5,13": -1.4710587451615056, "5,14": -0.0941891766620162, "5,15": 0.5716465524806105, "5,16": -0.9071136477636097, "5,17": 0.6872444147967673, "5,18": 1.7072311057561498, "5,6": 1.5033107440153728, "5,7": 1.5671627761872688, "5,8": -1.8575978356893725, "5,9": -1.036552453381291, "6,10": 1.3847716286966407, "6,11": -0.47933086561821314, "6,12": -0.3483306469004579, "6,13": -0.381535685594395, "6,14": 1.3675895835408647, "6,15": -0.18973069257670216, "6,16": 1.2047768882887069, "6,17": -0.9607830301388365, "6,18": -0.483341489373859, "6,7": 0.4461619811483284, "6,8": -1.0015233990170294, "6,9": 1.3092951084730418, "7,10": 1.6833156672779004, "7,11": 1.0075111208438576, "7,12": -1.5334858530326345, "7,13": 1.2016119671436063, "7,14": 1.1758318034279198, "7,15": -1.2398816225351474, "7,16": -1.514556817003192, "7,17": 0.1196171125916421, "7,18": 0.9887973545454569, "7,8": 0.8686538560196926, "7,9": -0.5780108622820688, "8,10": 1.737757602413478, "8,11": -1.3465424520604432, "8,12": -1.8409366960293028, "8,13": -0.8228909794722039, "8,14": 0.9131397404640778, "8,15": -0.2759461366960383, "8,16": 1.1621575008400438, "8,17": 1.9278276572042836, "8,18": -1.4949283338207326, "8,9": 0.029549024501589916, "9,10": 1.7460241583783649, "9,11": -0.24767418973556632, "9,12": 0.21308776298270882, "9,13": -0.9249517753117185, "9,14": 1.1860104540896255, "9,15": -0.09450451888609201, "9,16": -0.3273471032681403, "9,17": -0.045876470706702754, "9,18": -0.048040937597010114}, "bias": {"0": 0.5884972598059222, "1": -0.5327810047353259, "10": -0.7745546666277598, "11": -0.27231567031715365, "12": 0.27736970526694327, "13": -0.1548109642101696, "14": -0.9061834221857978, "15": -0.13678652412351378, "16": 0.9869512776242788, "17": -0.8135836893006496, "18": 0.4144577490569257, "2": -0.225302062989293, "3": -0.32970386852268674, "4": -0.2415008931026581, "5": 0.7886004182447091, "6": 0.6937569589576762, "7": -0.802659189655405, "8": 0.8274917332611098, "9": 0.8358887500515793}}