{"Q": {"0,1": -1.6864061471702363, "0,2": -1.5176979097671222, "0,3": -0.21997495827397096, "0,4": 1.681142793890774, "0,5": -0.8760880998020797, "0,6": -0.6832004735068762, "0,7": 0.6715167288876307, "0,8": -0.5815376622247244, "0,9": -1.5565472137873901, "1,2": -1.3698862084090733, "1,3": 1.752962100876076, "1,4": 0.8223124368371475, "1,5": -0.37836439165713776, "1,6": -0.05445349532542254, "1,7": -0.08168467030825965, "1,8": -1.9779810960403053, "1,9": -0.10164701782051466, "2,3": -0.6572295513395368, "2,4": -0.12802995745600398, "2,5": -0.6638876110400638, "2,6": -1.855289665569472, "2,7": 0.6631320316984781, "2,8": 1.3586666781414047, "2,9": -0.5340011879292184, "3,4": 1.850969533878657, "3,5": 0.12774601278436926, "3,6": -0.7761824016853094, "3,7": -0.8036297362788836, "3,8": 0.6927697377255599, "3,9": -1.4177448868029767, "4,5": 1.169658353493975, "4,6": 0.6498243432709003, "4,7": -1.5190457716956787, "4,8": 1.9669159241521257, "4,9": -0.558568986285827, "5,6": -0.9743597288278898, "5,7": -0.8337102045284328, "5,8": -0.3723465831933348, "5,9": 0.844116991245242, "6,7": -1.3039541819232743, "6,8": 1.4291350904078914, "6,9": 0.23505261503316754, "7,8": -0.7708362120901038, "7,9": 1.8932043699845433, "8,9": 0.7859492187963912}, "bias": {"0": -0.708989760901634, "1": -0.7408567585840877, "2": -0.1673759089221014, "3": -0.3689287053756134, "4": 0.5763917470547468, "5": -0.07117066354140467, "6": 0.04067380950868471, "7": -0.6258891692457746, "8": 0.6941126342892592, "9": 0.0958411438817679}}