{"Q": {"0,1": -0.9073757273701686, "0,10": 0.8280379314575961, "0,2": -1.143976227035152, "0,3": 1.4255065158445697, "0,4": 1.1986350190115282, "0,5": -1.9605043137470939, "0,6": -1.0882010670214037, "0,7": -0.4615487167825907, "0,8": -0.6934575689448459, "0,9": 0.2714983619993503, "1,10": 1.8452208654218434, "1,2": 0.3894368372832111, "1,3": 0.1432014952620233, "1,4": 0.9107594459469137, "1,5": 1.3002273717681452, "1,6": 0.014523701058335003, "1,7": 1.9196452995883928, "1,8": 0.38478330353652, "1,9": -1.2326026455001542, "2,10": 1.8205195109144334, "2,3": -0.19209061109918224, "2,4": -0.7661726099414858, "2,5": 0.21609731624683448, "2,6": 1.1685104740823085, "2,7": -1.5598502598288744, "2,8": 0.019416755990054213, "2,9": -0.6096187781346916, "3,10": 0.7297516100309891, "3,4": 1.8167965630164953, "3,5": 1.7116412484180583, "3,6": 0.49822300687805354, "3,7": 1.4246349912474239, "3,8": -1.706726054105121, "3,9": -0.8955804899713273, "4,10": -1.021658996223699, "4,5": 0.45001591637038985, "4,6": -0.4633561390487544, "4,7": -0.7546814061036504, "4,8": 1.8601826098579872, "4,9": -1.3546155362118997, "5,10": 0.9147470015657699, "5,6": -0.2619876330985993, "5,7": -0.6108255212045473, "5,8": -1.9145415353688051, "5,9": 1.8193555149180631, "6,10": 1.459704393856668, "6,7": -0.5748105081607116, "6,8": -1.3578174543711663, "6,9": 0.29311056830650184, "7,10": -1.2436195124853322, "7,8": -0.00747333000945849, "7,9": 1.171672532280657, "8,10": -0.2059211756828625, "8,9": -0.5059045098759292, "9,10": -1.3192953324094931}, "bias": {"0": 0.6975401372206023, "1": -0.20084784173238024, "10": -0.04236892204148046, "2": -0.3327322819956622, "3": 0.904575921101181, "4": -0.3892255367715929, "5": 0.79250197029191, "6": -0.40180371747226973, "7": 0.8489147671601338, "8": -0.043367201442839676, "9": -0.17533096963514017}}