{"Q": {"0,1": 0.14322057345345574, "0,10": 0.6225260669577874, "0,11": -1.7723522235349836, "0,12": 1.7855211634452837, "0,13": 0.9997116825497332, "0,2": -1.3622829134979928, "0,3": 0.8049811000499543, "0,4": -0.26206893248266594, "0,5": -1.222522445172192, "0,6": -0.41922865189592606, "0,7": -0.5575127302279084, "0,8": 0.09634447580379968, "0,9": 1.5797302671764442, "1,10": 1.1095643364660948, "1,11": -1.4505651545759743, "1,12": 0.17161779090136653, "1,13": -1.2616014307887475, "1,2": 0.07937342790999269, "1,3": -0.28083480717591547, "1,4": -0.5171443151329504, "1,5": 0.8703892639495727, "1,6": -1.7661239037025864, "1,7": -0.36449813730806335, "1,8": 0.15011918750034559, "1,9": -0.9239181763450306, "10,11": 0.23111435487006116, "10,12": -1.0947754699011667, "10,13": -0.9828926763107235, "11,12": 0.11960235163961697, "11,13": -1.552815148000732, "12,13": 1.2442099790868046, "2,10": 0.5084644282358668, "2,11": 0.9301440859399466, "2,12": 0.37655401631829566, "2,13": 1.6285344208689656, "2,3": -0.054550085524943004, "2,4": 1.6084998057280218, "2,5": 1.1792767119843925, "2,6": 0.14029170424114135, "2,7": -0.2982208168295104, "2,8": -0.8965098298275556, "2,9": -1.429254423113747, "3,10": 1.7671283747209525, "3,11": 0.0003254953129214755, "3,12": 0.45516711054632264, "3,13": -0.0025162361080490747, "3,4": 1.2143175063844165, "3,5": -1.782036407672976, "3,6": 1.2421750355782528, "3,7": -0.2098510436592136, "3,8": 1.595782568533437, "3,9": 0.1881401601587016, "4,10": -0.6776533119799462, "4,11": -1.6342817427975587, "4,12": -0.10779193250671382, "4,13": -0.6461758153138923, "4,5": 1.648446661082164, "4,6": 1.3632183417096773, "4,7": 1.8365282897575748, "4,8": -1.9279490894609745, "4,9": 1.1705639698153658, "5,10": -1.1495460708329976, "5,11": -1.84774459202636, "5,12": -0.7003576188582339, "5,13": -0.4391530808284996, "5,6": -0.6247282925567483, "5,7": 1.455640845992562, "5,8": -1.0706166461740847, "5,9": 1.220033434737556, "6,10": 1.619346884812252, "6,11": -1.6415298676184311, "6,12": -1.2482617403353382, "6,13": -1.8666041716545219, "6,7": -0.06711208634627841, "6,8": 0.033226935230997956, "6,9": 1.6406958562464862, "7,10": 1.1540505517818134, "7,11": 1.935977433941658, "7,12": 1.5716527394140232, "7,13": -0.3870234933229728, "7,8": -0.47380834811337724, "7,9": 1.4448303951046806, "8,10": -1.1895473441467352, "8,11": -0.0320976751619102, "8,12": -1.1846566221961927, "8,13": -1.920570201210967, "8,9": -1.3295124050536034, "9,10": 1.5230894393809042, "9,11": -1.075893132198328, "9,12": 0.101152418271933, "9,13": -1.0768167458743134}, "bias": {"0": -0.5103296216046369, "1": 0.9075618622944532, "10": 0.40650327825816146, "11": 0.8906710302287104, "12": 0.5502631705450134, "13": 0.14544580131449414, "2": -0.17690650240584316, "3": -0.8554640304217394, "4": -0.8262363250567601, "5": 0.35512102625987696, "6": -0.31984495966187865, "7": -0.42120515309754647, "8": 0.6120550946440833, "9": 0.6055565247758972}}