{"Q": {"0,1": 0.06247051529121617, "0,10": -0.01649613132991412, "0,11": -0.8230806632227892, "0,12": 1.3532952364552915, "0,13": 1.329493204204407, "0,14": 0.9689709268161635, "0,15": -0.3289272531244345, "0,16": -0.4044918762234504, "0,17": -0.2281399319923545, "0,18": 1.9675405542257973, "0,19": -1.463633947552188, "0,2": -0.014176388514746119, "0,3": 0.4568297976264635, "0,4": 0.5241091393964905, "0,5": 0.6433564663459999, "0,6": 1.58014271730333, "0,7": -0.3929210013896425, "0,8": -1.3246014462328084, "0,9": -1.4333058144664226, "1,10": -0.9675652486026167, "1,11": -0.7653864034935918, "1,12": -0.4028742402514873, "1,13": -1.443462423332945, "1,14": 0.6167088695222573, "1,15": 0.49136421978045863, "1,16": -0.7105725581004001, "1,17": -1.8482279303214986, "1,18": -0.891537376028162, "1,19": -1.3246286403634189, "1,2": 1.0448947282941456, "1,3": -0.9263969276606816, "1,4": -0.5489500355040571, "1,5": 1.7785708483886657, "1,6": 0.40530211533425, "1,7": -1.8317245866506444, "1,8": -0.7161170727601847, "1,9": -1.7121157527380348, "10,11": 1.4806689021916877, "10,12": 1.8990162852943753, "10,13": -0.3777624182815331, "10,14": 1.8308635329055813, "10,15": -0.20986264413285438, "10,16": -0.5013776235151317, "10,17": 1.7040071200843787, "10,18": 1.5582136758012095, "10,19": 0.03789692794308941, "11,12": -0.06001598392616092, "11,13": -0.09252245563144212, "11,14": -0.5628106664943973, "11,15": -1.7950513364960816, "11,16": 1.336511894504989, "11,17": 1.4757512683213379, "11,18": -1.9700193066196272, "11,19": -0.671893507273313, "12,13": 0.7653445195790849, "12,14": 0.7825230435479709, "12,15": 1.137870072230223, "12,16": -1.4361974854815616, "12,17": 1.7708515391918795, "12,18": -0.9610044595610758, "12,19": -0.08385481730646482, "13,14": 0.4939606832736638, "13,15": 1.1100430450137662, "13,16": 0.4163259833252497, "13,17": 0.9631577761459478, "13,18": 1.6810224288015125, "13,19": 0.700260653218221, "14,15": 1.440324444834094, "14,16": 0.7192561274040035, "14,17": -0.7837758789308311, "14,18": -0.013351432984821443, "14,19": 0.8797688582052001, "15,16": 1.474509306175673, "15,17": -0.9317095008847707, "15,18": -1.7856348648754654, "15,19": 1.1127331268804168, "16,17": 1.6831650323217322, "16,18": 1.9465390696598384, "16,19": 0.6989817157034524, "17,18": 1.3396479801124883, "17,19": 0.14372761917143206, "18,19": 1.8497544750548482, "2,10": 0.8792952395429268, "2,11": -1.6124436944578049, "2,12": -1.305823637830498, "2,13": -0.7622281188561235, "2,14": 1.2642668324161894, "2,15": 0.11656649201134783, "2,16": -1.2248498799808982, "2,17": -0.6717094996418358, "2,18": 1.8797125487675705, "2,19": -0.6267489786150882, "2,3": 1.6408572871920253, "2,4": -0.8800579469439067, "2,5": 0.8939967895308567, "2,6": 1.4103734028821515, "2,7": 0.3324710666175741, "2,8": 0.6040319670294729, "2,9": 0.38510280673916064, "3,10": -0.8209138056621361, "3,11": -1.3009690581411153, "3,12": -1.4090764602940378, "3,13": 0.5032574192895272, "3,14": -1.136290722501439, "3,15": -1.571913955956913, "3,16": 1.7176499880913236, "3,17": 1.8277364922649864, "3,18": 1.7047772223046809, "3,19": 1.7084774718749114, "3,4": 0.2340745378463711, "3,5": 1.4740750839788932, "3,6": 0.5639934994395781, "3,7": 1.1206280002357478, "3,8": 0.8924610737903884, "3,9": 0.25082510498947475, "4,10": -0.8673647344912863, "4,11": 1.7289979372617217, "4,12": -1.0729492838560932, "4,13": -1.7302357054721735, "4,14": 1.7674801830102207, "4,15": -1.0224303319434043, "4,16": 0.2726943345066437, "4,17": -1.187174545299619, "4,18": 0.8853259600979113, "4,19": 1.5445512225522862, "4,5": 0.8063493612514687, "4,6": -1.0725751366485219, "4,7": 0.8739864258032171, "4,8": 1.7763318703243924, "4,9": 1.261911386632646, "5,10": -0.4954899750610826, "5,11": -1.5458818718791485, "5,12": 1.7983956929035267, "5,13": 0.0002019874337730876, "5,14": -0.6702115370012516, "5,15": 0.6891003340008468, "5,16": -0.03340686111674618, "5,17": 1.4909103942814887, "5,18": 0.41841818196659375, "5,19": -0.46621512072638716, "5,6": 0.6832133567311409, "5,7": 1.6879464929954877, "5,8": 1.2311528097431155, "5,9": 0.9578175788126995, "6,10": 1.4204671539647356, "6,11": 0.5646180014388702, "6,12": -1.8009119471540491, "6,13": -0.3147460045016022, "6,14": 0.3025040739502254, "6,15": -1.024151474928106, "6,16": 0.2800709251703566, "6,17": 0.9783681533838062, "6,18": -1.0953041523273597, "6,19": -1.980834077498888, "6,7": -1.7416996295417313, "6,8": -0.6621226206425157, "6,9": 0.6013004103164339, "7,10": 1.2605276348121017, "7,11": -1.6889544217687824, "7,12": 0.7577908009007288, "7,13": 0.029179674178805293, "7,14": 0.0591924425593473, "7,15": 1.3212888710510455, "7,16": 1.2104810051036776, "7,17": -1.747223875564981, "7,18": -0.9069680333228995, "7,19": 0.44254146279181406, "7,8": -1.256729213337663, "7,9": 0.7554600608831201, "8,10": 1.9767416221395493, "8,11": -0.6107438771679923, "8,12": 0.32010084607230604, "8,13": -0.6077912701168788, "8,14": -1.3057335723234336, "8,15": -1.7192509592423493, "8,16": -0.7014925092163864, "8,17": -1.4158872353578729, "8,18": 0.3885975699369748, "8,19": -1.1387309684076063, "8,9": -1.0398984963172908, "9,10": 0.3349132091208169, "9,11": 1.2294165533398633, "9,12": 0.8911968927725185, "9,13": 1.8831754611616276, "9,14": -0.47722852071028043, "9,15": -0.06133631029814035, "9,16": -0.7941152972457486, "9,17": -0.9563470789005075, "9,18": 1.532660324433432, "9,19": -1.5897497403940113}, "bias": {"0": -0.8417011028927632, "1": -0.08633139428385195, "10": -0.31274067155054097, "11": -0.01225596748050406, "12": -0.4863163608950474, "13": 0.3004577869372418, "14": 0.2949555126907222, "15": -0.47616412222141347, "16": 0.18980017419713735, "17": -0.8035666764464076, "18": -0.912662566868244, "19": 0.4320703362014817, "2": -0.16124043151491274, "3": -0.7307427450779131, "4": -0.11066582616020515, "5": -0.6526537747715786, "6": -0.7191584446560257, "7": 0.8005645779145263, "8": 0.6537792070920301, "9": 0.1866045551856279}}