{"Q": {"0,1": -1.678599018194077, "0,10": -1.9688147214598724, "0,11": -1.0318303032623062, "0,12": 1.6398865607915711, "0,13": -1.8551249716848144, "0,2": 1.2351446307879885, "0,3": -0.9294140943861158, "0,4": -1.5017334630138595, "0,5": 1.977215865880272, "0,6": -0.353358633008372, "0,7": 0.506026589300892, "0,8": 1.0208027870343157, "0,9": 1.418593871381574, "1,10": -1.8396658709287017, "1,11": 1.8639329659099748, "1,12": -0.8344238460538524, "1,13": -0.8612093783345576, "1,2": -1.4691163588686131, "1,3": 1.3203834646817874, "1,4": -1.2754646125421472, "1,5": -0.8483832417125954, "1,6": 0.13442808370343728, "1,7": 1.4271804039450724, "1,8": -1.9122409177739712, "1,9": 1.6404297784372215, "10,11": 1.1286306202554788, "10,12": -1.624841623982876, "10,13": 0.46584851687216666, "11,12": -1.637461773891129, "11,13": 0.015402029786614868, "12,13": -1.2035334761653393, "2,10": 0.19359752786538253, "2,11": -0.8736179415805783, "2,12": -1.594824734162219, "2,13": 1.3307384242808227, "2,3": 0.9261035180465873, "2,4": 0.5969738643208631, "2,5": -0.730824045285352, "2,6": 0.6788522475071779, "2,7": -1.2931817670770451, "2,8": 0.7061189984409753, "2,9": 0.5367863471700174, "3,10": 0.4737097560763406, "3,11": 1.0715629644389084, "3,12": 1.4935795191540815, "3,13": 1.2544103969263554, "3,4": 1.4031376139026421, "3,5": -0.4133478975715814, "3,6": 0.9476747652790496, "3,7": 1.0434048999677397, "3,8": 0.48746761259467153, "3,9": -0.05630606952858974, "4,10": 1.975476677195827, "4,11": 1.5270513289774152, "4,12": -0.6781073294350173, "4,13": 0.013886615617440867, "4,5": 1.257324240723122, "4,6": 1.3215411850367147, "4,7": -0.6209808736399549, "4,8": 1.9795896531196262, "4,9": 1.9217698554731517, "5,10": 1.3148632848004818, "5,11": -1.159541321345829, "5,12": 1.916302217713635, "5,13": -0.487326425666903, "5,6": -1.777400905284681, "5,7": 1.0787614782772428, "5,8": -1.050913946134091, "5,9": 1.5816360402330147, "6,10": 0.8919684691456786, "6,11": 1.5600645496787395, "6,12": 1.8373413187930665, "6,13": 1.4726917336153957, "6,7": -0.6570880680933944, "6,8": 0.6281834734257563, "6,9": -0.7796211330803136, "7,10": 1.4596886001568046, "7,11": -0.42896170625826624, "7,12": -1.393561601406132, "7,13": -0.12599246511020823, "7,8": -1.88673976066235, "7,9": 1.2859866576169048, "8,10": -0.11809818042930242, "8,11": 0.16187640483409993, "8,12": 0.4761609544462413, "8,13": -1.2397293847407624, "8,9": -0.177625288511158, "9,10": -0.5212755574665753, "9,11": -0.159875026233963, "9,12": 0.0957564349621296, "9,13": -1.236901261355853}, "bias": {"0": -0.3156089732230931, "1": 0.7052510503545537, "10": -0.5512919457014498, "11": 0.6622730518407312, "12": 0.5902171969932846, "13": 0.05696985743153049, "2": -0.8099161973335567, "3": 0.03277760011465025, "4": -0.03306235742245067, "5": -0.8559833337610012, "6": -0.9706492003882781, "7": 0.00994721053425085, "8": 0.23662135788832828, "9": -0.0655258241182457}}