{"Q": {"0,1": 0.3221879326271426, "0,10": 1.205191693355506, "0,11": 1.0042686354203, "0,12": 1.4475142324582149, "0,13": 1.0067029093537125, "0,14": -0.9779162320013288, "0,15": -1.528722625350163, "0,16": 0.611385540858695, "0,2": 1.3532138222215315, "0,3": 1.3518151404317793, "0,4": 0.7436455101599866, "0,5": 0.7267662617199853, "0,6": 1.2473735971925004, "0,7": 1.7589370756793024, "0,8": 0.5216863726872001, "0,9": -1.6076089094740822, "1,10": -1.8556027302728704, "1,11": 1.6000546252355266, "1,12": 0.9509897805414576, "1,13": -1.9034686064986568, "1,14": 0.687794138542571, "1,15": -0.7087985053192538, "1,16": -0.5237066710783602, "1,2": 1.2722582892687937, "1,3": -0.763976256068418, "1,4": 0.355307484421612, "1,5": 1.1350652436335356, "1,6": 1.0097317100522392, "1,7": 1.9860371286358078, "1,8": 0.7129929359127272, "1,9": -0.310576120058466, "10,11": -1.6572570105879745, "10,12": 1.3430799843145795, "10,13": 1.3186564123987967, "10,14": 1.6182941266619886, "10,15": 0.794688380929748, "10,16": -0.940675583425647, "11,12": 1.3026409043669536, "11,13": 0.8674140034033995, "11,14": 0.6038333397687872, "11,15": 0.6376591420115818, "11,16": 1.1688628448596088, "12,13": 1.6604576293862428, "12,14": -1.6625705684948908, "12,15": -1.2541024429141667, "12,16": 0.10874233281587165, "13,14": -0.47007326745158284, "13,15": 1.8972244988852882, "13,16": 0.4278581395912644, "14,15": -0.16290134517356236, "14,16": 0.8135496924263634, "15,16": -1.831232913396093, "2,10": -1.2535521887006635, "2,11": -1.8766181135896534, "2,12": -1.4599840400206539, "2,13": -0.8684805570017962, "2,14": 1.2708712563179754, "2,15": 1.5146672407775026, "2,16": -0.4176247193566809, "2,3": -1.669783570983351, "2,4": 1.3767531488465186, "2,5": -0.244083777538727, "2,6": -0.12189895357518532, "2,7": 1.225014658495866, "2,8": 0.9454927942892812, "2,9": -0.5528164846201191, "3,10": 1.131038311308206, "3,11": 1.9431126156142344, "3,12": -1.6950030073002202, "3,13": 0.741003736785582, "3,14": -0.449905423985534, "3,15": 1.7466173218182175, "3,16": -0.9737679129640244, "3,4": -0.5163239791858487, "3,5": 0.7179900081259265, "3,6": 1.8657857306991183, "3,7": 0.09059235627897166, "3,8": -1.0594381322018998, "3,9": 0.27728854108810363, "4,10": -1.23047013250918, "4,11": -1.4497746594287286, "4,12": -1.0468639633023153, "4,13": 0.9951990217976943, "4,14": -0.6750486767553285, "4,15": -1.9237032901727424, "4,16": 1.4630193068604918, "4,5": -1.1477325310710338, "4,6": -0.8822823787266536, "4,7": -1.1576524788102365, "4,8": 0.32238209809486973, "4,9": -0.4679326982946943, "5,10": 0.1471887405181409, "5,11": -1.6131870488376783, "5,12": -1.2757295760284095, "5,13": 0.887707828003172, "5,14": -1.757391502860096, "5,15": -0.7008437004254504, "5,16": 1.7020160680279734, "5,6": -0.19157686507211524, "5,7": -1.758400021905441, "5,8": 0.34358141201876835, "5,9": 1.1555025015535993, "6,10": -1.327732001617111, "6,11": -0.5609944949953731, "6,12": 0.6405659982354912, "6,13": 1.321240391158542, "6,14": 1.6540828347138898, "6,15": 1.5134913314912133, "6,16": -0.23957319435637903, "6,7": -1.2533842128689723, "6,8": 0.8141533419735585, "6,9": 0.8799873940376024, "7,10": -0.8216732319375457, "7,11": -1.6017925038561498, "7,12": -0.05370473596224512, "7,13": -0.514815453506301, "7,14": 1.457130449412722, "7,15": -1.9429162301866345, "7,16": 0.6019719790959317, "7,8": -1.7301260738244348, "7,9": 1.5307445672867788, "8,10": 1.2100568323719032, "8,11": -1.964167904100119, "8,12": -1.9972583432795212, "8,13": -1.4938775712147336, "8,14": 0.6074017179012903, "8,15": 1.956737178051096, "8,16": 1.6697278743902153, "8,9": -0.05057770487029334, "9,10": -1.5833059648039685, "9,11": 1.9405008841561915, "9,12": -1.7988407212189648, "9,13": -0.8180883547651003, "9,14": 0.9969843271055008, "9,15": 1.7844989587979896, "9,16": 0.5842502941660603}, "bias": {"0": -0.95727341866811, "1": 0.7099245315044231, "10": -0.08785239248008314, "11": -0.18561429772185467, "12": -0.26037466782550345, "13": -0.5311290309384598, "14": 0.6185459658327759, "15": 0.7977465837672217, "16": -0.4075681087350782, "2": -0.9211553377266586, "3": 0.7758243482317164, "4": 0.6522201376471004, "5": 0.17811055145741062, "6": -0.8455240927119645, "7": -0.3525071058326297, "8": 0.8471358421477488, "9": 0.011767471546874964}}