{"Q": {"0,1": -1.6282310335338326, "0,10": -0.5648292930732843, "0,2": 1.8603278416513636, "0,3": 1.6517497410150686, "0,4": 1.5769771793437681, "0,5": 1.0527707278677658, "0,6": 1.6740599457890273, "0,7": 1.2006399529488947, "0,8": -1.9685517040936267, "0,9": -0.13077673361009445, "1,10": -0.8119173700728588, "1,2": -0.4055358041927195, "1,3": -1.6318025318647678, "1,4": 1.9433053213748344, "1,5": -0.5192932943031723, "1,6": 0.8926678939534662, "1,7": -0.16990416809149345, "1,8": -1.5306884502077214, "1,9": 0.15510771136006563, "2,10": 1.0773874238089096, "2,3": -0.8011210466529968, "2,4": 0.015475399539995216, "2,5": 0.2867248210493596, "2,6": 0.4187107897215365, "2,7": -1.3778555876729786, "2,8": 1.424732744034706, "2,9": 1.2823395926737455, "3,10": -1.8030673039478686, "3,4": 1.3587352627669955, "3,5": -0.31801092407576403, "3,6": 1.868277720057149, "3,7": 1.0175726118972008, "3,8": -1.9282490533825114, "3,9": 1.3976457175820087, "4,10": -0.8511395461235653, "4,5": -0.9536594033539036, "4,6": -0.5655048372104625, "4,7": 1.8956053893178186, "4,8": -0.7226611360268289, "4,9": 1.411144504966518, "5,10": 1.7637781082826467, "5,6": -1.5209122429802626, "5,7": -0.7320350115620773, "5,8": -1.5600530162882076, "5,9": 1.7637296006075998, "6,10": -0.5847594917659062, "6,7": 1.4451908627698686, "6,8": 1.6222167796154698, "6,9": -1.6110342358538223, "7,10": 1.9994275808485935, "7,8": 1.257522292160313, "7,9": 1.0291819616826263, "8,10": -1.0846367387885159, "8,9": 1.2541710810463407, "9,10": 1.8265244209756415}, "bias": {"0": 0.15450490835712327, "1": -0.910629563861127, "10": 0.6229856554870117, "2": 0.3791121845060357, "3": -0.22795791087434458, "4": 0.3129770056781007, "5": 0.3715270169429632, "6": -0.09350086148797421, "7": -0.995492617769733, "8": 0.31709728440479434, "9": 0.7365533536382809}}