{"Q": {"0,1": 1.4085952708740868, "0,10": 1.515425983033496, "0,11": 0.5209807317168713, "0,2": 0.783204042982832, "0,3": -1.0288869491869987, "0,4": -1.7360691401307404, "0,5": 1.548517812229468, "0,6": -0.2082923883146406, "0,7": 0.6709775039102639, "0,8": 0.6660463614394754, "0,9": -0.10013125290949398, "1,10": -0.03778689133893254, "1,11": 1.0024585802181596, "1,2": 1.122846740120432, "1,3": 0.6416687882339747, "1,4": -1.9623889617608397, "1,5": 0.12959496850488472, "1,6": -0.8848778144703333, "1,7": -1.7837708513415529, "1,8": 1.3874834305899015, "1,9": 1.2938424547584888, "10,11": -1.8313191302350926, "2,10": -0.36051568125480626, "2,11": -0.9251414794975377, "2,3": 0.5610005162537237, "2,4": -0.35845383454486024, "2,5": 0.2478695259350645, "2,6": -1.1755881121201175, "2,7": 1.0274337087753929, "2,8": 0.09640894420933055, "2,9": 1.0491964881431701, "3,10": -1.0179047058163282, "3,11": 1.059399759469271, "3,4": 1.7592545613303798, "3,5": -0.4706856946369036, "3,6": -0.24629655693454344, "3,7": -0.9741542066009519, "3,8": -1.4482437736202693, "3,9": 1.2032618371649728, "4,10": 0.6263141157847611, "4,11": 0.9012716235248619, "4,5": 1.0183674672551661, "4,6": 0.6121802173969026, "4,7": 0.44840725010197113, "4,8": -0.6871144183392395, "4,9": -1.5509569849810618, "5,10": -0.2024392221264817, "5,11": -1.0584180412228608, "5,6": -0.8308673222952323, "5,7": 1.8202981957748117, "5,8": 0.03312064591375652, "5,9": 1.9331825374645488, "6,10": 1.1703608746215286, "6,11": 0.4559789509420038, "6,7": -1.5712378803928466, "6,8": 0.9993010523837484, "6,9": -0.09910354752032102, "7,10": -0.0300194682787569, "7,11": 0.08668700726398093, "7,8": 1.4255362847570026, "7,9": 1.6962944131389577, "8,10": -1.2523737581462915, "8,11": 0.9258957771697851, "8,9": -0.8935895350477305, "9,10": -0.7620767525683676, "9,11": -1.1768683713215613}, "bias": {"0": 0.029247173077268762, "1": 0.2335082687160721, "10": 0.24030008279624648, "11": 0.19161313193588292, "2": 0.8397896168473695, "3": -0.4571936181935716, "4": 0.6481128818481594, "5": 0.9793308252033917, "6": -0.46316233397067363, "7": -0.3178381823479661, "8": -0.40645839618702784, "9": -0.5490572289746911}}