{"Q": {"0,1": 1.9712603637756518, "0,2": 1.1623060001852727, "0,3": 0.706866116071875, "0,4": 0.230778489247363, "0,5": 1.4571870031019638, "0,6": 0.2693349913550134, "0,7": -0.23179720130520298, "1,2": -1.1027988957086197, "1,3": -1.1992234122359182, "1,4": -1.5610462895494015, "1,5": 0.7097060951112537, "1,6": 1.1092601685762915, "1,7": 1.7678619856568716, "2,3": -0.8226379034942548, "2,4": -1.3756283099549553, "2,5": 0.8981911736456207, "2,6": -1.8160527070497996, "2,7": -1.8007428736028657, "3,4": -0.3735705546364536, "3,5": 1.9676994986578449, "3,6": 1.3158177038618355, "3,7": 0.6580098121250777, "4,5": 1.9861942680382856, "4,6": -1.0150286477982613, "4,7": 1.4067181759270682, "5,6": -1.5991623810295224, "5,7": -0.7264733523045503, "6,7": -0.21187830838522403}, "bias": {"0": 0.09031336096691955, "1": -0.3341145468619906, "2": 0.46177336704181626, "3": -0.4068775020286719, "4": 0.41910395556208724, "5": -0.08744804820508723, "6": 0.9679511937560286, "7": 0.15621601951035924}}