{"Q": {"0,1": -1.0037339210766323, "0,10": 0.30143639236079256, "0,2": -1.8133370365902328, "0,3": -0.1439048323349006, "0,4": -0.5200516592570454, "0,5": 1.3052948475614823, "0,6": 0.2846865558067506, "0,7": -0.7460105498290437, "0,8": 1.0435093041187238, "0,9": 1.6228759509955593, "1,10": -0.40115793819985734, "1,2": 0.48600344298513276, "1,3": -1.0409848331724496, "1,4": 1.1560310100366662, "1,5": 0.9034713478432366, "1,6": 0.05620547584498281, "1,7": 1.7622872235509046, "1,8": -0.24968489835362595, "1,9": 1.2551678637196444, "2,10": 1.0761717695576158, "2,3": -1.6058741714257487, "2,4": -1.1902678674411469, "2,5": -0.011232734304409409, "2,6": 1.5070469477714754, "2,7": -0.36827531246976175, "2,8": -1.7689688142480868, "2,9": 1.182427922236883, "3,10": -1.2529288865128825, "3,4": 1.6857176571681305, "3,5": 1.3168292811281428, "3,6": 0.6399164053707249, "3,7": 1.395469788009688, "3,8": 0.19810801723523763, "3,9": 0.1727071715459645, "4,10": 0.3222602390394118, "4,5": -0.3271578026967674, "4,6": 1.857301346019904, "4,7": 1.5297138028656647, "4,8": -1.3080020774356087, "4,9": -0.5649526618143188, "5,10": 1.148883129068679, "5,6": -0.39458854849479286, "5,7": 1.8879180544549397, "5,8": -0.4650472558941048, "5,9": 1.3108726568611102, "6,10": 0.6661106901429874, "6,7": -1.0962571785292963, "6,8": 1.618910250935067, "6,9": 1.0926273117500878, "7,10": 0.9018805174187805, "7,8": 1.7085443109591374, "7,9": 0.7647488634828266, "8,10": 1.9818728473578329, "8,9": -1.9030624489687789, "9,10": 1.2565953702428128}, "bias": {"0": 0.32041559036198053, "1": -0.7656634040338488, "10": -0.6766566563146912, "2": -0.5734304111507964, "3": -0.873465371643831, "4": 0.4587656965264062, "5": -0.7771933966923084, "6": 0.7665775622842168, "7": -0.6446593944696493, "8": -0.5404819512882941, "9": -0.15833135261173292}}