{"Q": {"0,1": 0.5748682945867678, "0,10": -1.8702043178368912, "0,11": 1.1219760210411769, "0,12": -0.4012641215331616, "0,13": -0.0002257238902427794, "0,14": -1.1048513456139135, "0,15": -1.8291739733454273, "0,2": -1.6405318363507133, "0,3": -1.7673833266148002, "0,4": 1.7776669275473966, "0,5": 0.6045493367319246, "0,6": 1.9576984898028074, "0,7": -0.023881775226353597, "0,8": 1.977004301222756, "0,9": 1.8001732369702426, "1,10": 0.613624416976946, "1,11": -1.4408348850620412, "1,12": -1.1861171390228678, "1,13": -1.0705190123088628, "1,14": -1.6286766898287128, "1,15": -1.7753551103067067, "1,2": -1.750415742160607, "1,3": 0.4311697847330831, "1,4": -0.9968538088913692, "1,5": -0.20721481503772488, "1,6": 1.999820748531186, "1,7": 1.3314003741617677, "1,8": -1.8597856104867225, "1,9": 0.6555203633191828, "10,11": 0.27376853199013285, "10,12": -1.038048023673999, "10,13": -0.3966998749395674, "10,14": -1.363144276900031, "10,15": -1.575266306566803, "11,12": 1.903389060085202, "11,13": -1.4916590013227387, "11,14": 1.390612054294031, "11,15": 0.26657452111167057, "12,13": 1.3854979889900751, "12,14": 0.44166712914385897, "12,15": -1.7870414297048982, "13,14": -0.433043541197752, "13,15": 1.8756461254736458, "14,15": 0.2528985154446364, "2,10": 1.0834681113920621, "2,11": -0.33084450398249565, "2,12": 0.11618964046471758, "2,13": -1.8753458481009937, "2,14": -1.5852534802687468, "2,15": -1.0683191473905653, "2,3": -0.10096406991102569, "2,4": -1.046469551018565, "2,5": 1.5090812111202179, "2,6": 0.8874341616976738, "2,7": 0.230855134163646, "2,8": -1.4233309345718226, "2,9": 0.4708069861191868, "3,10": -0.8767225306797584, "3,11": 0.614671633564456, "3,12": -0.5381610858691599, "3,13": 1.0526849851099676, "3,14": 0.36669572300871867, "3,15": 1.5656099959458314, "3,4": -0.36781807725282745, "3,5": -1.651170318262948, "3,6": 0.7101219679583477, "3,7": 0.37070581370124067, "3,8": -1.6391804470697169, "3,9": 0.21497133997694595, "4,10": -0.7867816012036557, "4,11": -0.5339375515259657, "4,12": 0.6422845644872197, "4,13": -0.5739834401057231, "4,14": 1.1816507895653667, "4,15": 1.953064555393074, "4,5": -0.6094342137776443, "4,6": -1.4726918251983516, "4,7": -1.2851338339657925, "4,8": -0.4088201840531358, "4,9": 0.7151885163008695, "5,10": -1.9265794934889358, "5,11": 0.04462556276336338, "5,12": 0.4508172110584492, "5,13": -1.13970361446773, "5,14": -0.7247760502773963, "5,15": -0.36947285199991065, "5,6": 1.2984470774821633, "5,7": 0.6704540241313377, "5,8": -1.5602724308004463, "5,9": 0.01702676538675929, "6,10": -1.1197380010607643, "6,11": 1.0529420765300213, "6,12": 0.819950339636295, "6,13": -1.2985886035216319, "6,14": -0.06404899517797791, "6,15": -1.0381878227733417, "6,7": 1.5564207195828113, "6,8": 0.8703687436352952, "6,9": -1.5886699214215958, "7,10": 0.8156309841593115, "7,11": 1.5868634737503555, "7,12": 1.4666723802840598, "7,13": -1.940642637113882, "7,14": 0.18475367535091536, "7,15": 0.783549611348425, "7,8": -1.1154148821680185, "7,9": -0.19455215282387428, "8,10": -0.2770918867752963, "8,11": -1.2342016077135538, "8,12": 0.5163777269796075, "8,13": -0.8798588431717147, "8,14": -0.004924990549026731, "8,15": 1.9475020120408928, "8,9": -1.0236755349233846, "9,10": 1.6434645959248089, "9,11": 0.5250669926482359, "9,12": 0.653020085860434, "9,13": 0.7686925284950283, "9,14": 0.24465228564951458, "9,15": -0.6794232428526654}, "bias": {"0": 0.09268124073569561, "1": -0.8762410013463049, "10": 0.8357255022407104, "11": 0.05761161335334508, "12": 0.408795303289301, "13": 0.9502328461086693, "14": 0.43765849124184353, "15": 0.008639240158965888, "2": 0.6982574710113296, "3": 0.35033570298088024, "4": 0.398319784274644, "5": -0.5395488352113902, "6": -0.4523872751494651, "7": 0.6032858795353828, "8": -0.6080807860901909, "9": 0.5978974232564984}}