{"Q": {"0,1": 1.9953410685921678, "0,10": 1.9427186030686827, "0,11": -1.6980434120170864, "0,12": -1.083742814661242, "0,13": 1.8062305009516542, "0,14": -1.417479584381386, "0,2": 1.323329628706099, "0,3": 0.6152211418243558, "0,4": -0.36576761398730806, "0,5": 0.5741243008147472, "0,6": 0.2658212836483429, "0,7": -1.1049258711839474, "0,8": 1.0296310028732938, "0,9": 0.7537713974094205, "1,10": -0.33349422250822247, "1,11": -1.4247115372512518, "1,12": -1.0450852212769268, "1,13": 0.41565164496946405, "1,14": 0.7799175083542877, "1,2": -0.4635293668697531, "1,3": 0.09175890731415937, "1,4": -0.02790564675692231, "1,5": -1.1495316503597706, "1,6": -1.0436729583956823, "1,7": -0.6648753199162698, "1,8": 1.6362518203158207, "1,9": 1.284251189440993, "10,11": 1.8759815012670016, "10,12": -0.03522969573694468, "10,13": 0.4514359718557195, "10,14": 0.35824184316871266, "11,12": -1.6143836855929505, "11,13": 1.361759586608772, "11,14": 0.45281968976664366, "12,13": 0.14558660936496937, "12,14": -1.3201304190844074, "13,14": -1.3360027748542214, "2,10": -1.2826010027282555, "2,11": 1.540005113404356, "2,12": 1.1903704205141072, "2,13": 0.34797286468838884, "2,14": -1.9295395981300474, "2,3": 0.9217292363480674, "2,4": -0.9213799335663788, "2,5": 0.4906067774988032, "2,6": -0.7053741078773283, "2,7": -1.994290799022969, "2,8": -1.2116824442520109, "2,9": 1.2855972727142189, "3,10": 1.3611173687786047, "3,11": -0.07425483075982875, "3,12": -0.6193185111563033, "3,13": 1.9295654350776283, "3,14": 1.9346014705941563, "3,4": 0.26519497677141013, "3,5": -0.13651868155155533, "3,6": -1.6525571635531162, "3,7": 0.601243753566624, "3,8": 1.5040698529467562, "3,9": 0.2446949600453352, "4,10": -1.8829422788415835, "4,11": 0.05903332031250974, "4,12": -0.5072812001472227, "4,13": -1.043363529452579, "4,14": -1.7996251868171607, "4,5": 1.8411010083871795, "4,6": 0.9350224282870179, "4,7": -0.5098921673934491, "4,8": 1.3886973336294677, "4,9": -1.22629010217582, "5,10": 1.1909132541773046, "5,11": -0.784694723504717, "5,12": 0.9505726712380791, "5,13": 0.7173066395498964, "5,14": 0.1839669712135703, "5,6": -1.0235242847760815, "5,7": 1.6263919949424843, "5,8": 0.8060707128052913, "5,9": 1.8455004715042231, "6,10": -0.9233737413725089, "6,11": 0.3021459909566895, "6,12": -0.4686420666814852, "6,13": 1.027094911286305, "6,14": 1.5356358931957597, "6,7": 1.065617727277003, "6,8": 1.589327934847688, "6,9": 0.8227323896624705, "7,10": 0.10525334915844597, "7,11": 1.8533751486929453, "7,12": 1.662678423456454, "7,13": -1.4302455657421231, "7,14": 1.2815495333696552, "7,8": 1.6353879751540572, "7,9": -0.38074124148894084, "8,10": -1.6869880922809388, "8,11": -1.748571921362803, "8,12": -1.8308135298973705, "8,13": 0.2811788763426124, "8,14": -1.511847180334255, "8,9": 0.49784880332649406, "9,10": -1.944220965056128, "9,11": -0.49847645398516205, "9,12": -0.04775958301832128, "9,13": -1.5760871855201999, "9,14": 0.860098309815986}, "bias": {"0": -0.6100260998144107, "1": 0.1913162444916401, "10": -0.5231115650024769, "11": -0.6140470343102378, "12": 0.832781272672642, "13": 0.5202633219047528, "14": -0.6390006703510236, "2": -0.21243425854570397, "3": -0.13261846416493728, "4": -0.3026260456421146, "5": 0.014648988384740047, "6": -0.3869702658279981, "7": 0.722925977572987, "8": 0.933882918089975, "9": 0.08474207269085565}}