{"Q": {"0,1": 0.5181915358467393, "0,10": 0.18114308455417794, "0,11": -1.6608582565207755, "0,12": 1.8585952700116586, "0,13": 0.936798154635071, "0,14": 0.2478518771642202, "0,15": -1.0002903358418473, "0,16": 1.5846300781504312, "0,2": -0.891248643657812, "0,3": -0.30435667831943336, "0,4": 0.05199073600142334, "0,5": -1.6629170435415968, "0,6": 0.6680754207468471, "0,7": -0.20861410959592463, "0,8": -0.6796153185173512, "0,9": -0.8114001392518819, "1,10": -0.17284373104451412, "1,11": -1.6812875158161416, "1,12": -0.8871511675319028, "1,13": 1.7231172974294107, "1,14": 1.516178896714027, "1,15": -1.1923057596695674, "1,16": -1.0377677265630076, "1,2": 1.801995135840667, "1,3": 0.31043622349463273, "1,4": -1.3879258043077631, "1,5": -1.7852111217576776, "1,6": 0.6244711706174639, "1,7": 0.6830980036538405, "1,8": -0.29284883335753564, "1,9": 0.16050506279940002, "10,11": 1.7149327939526082, "10,12": -0.23242247634927926, "10,13": 0.13951945475290195, "10,14": 1.6725989303865187, "10,15": -1.296629338971948, "10,16": 0.015855725593699077, "11,12": -0.7744007153457608, "11,13": -0.4588740369937496, "11,14": 1.0169695566638408, "11,15": 1.125219367889736, "11,16": -0.7656516708161178, "12,13": -1.0015368824020277, "12,14": -1.0828115270556915, "12,15": -1.3769618731906497, "12,16": 1.3095135161504476, "13,14": 0.9094479016729435, "13,15": 0.5051098061458092, "13,16": 1.762907309223276, "14,15": 1.3862644875023724, "14,16": -0.15059394669849313, "15,16": -1.7539673559170628, "2,10": -0.8657330723758694, "2,11": -0.32056802779074944, "2,12": 0.17290130594551867, "2,13": 0.3404802064949908, "2,14": 0.24655784449194895, "2,15": 0.927243072301883, "2,16": -0.2821181641580872, "2,3": 0.37226544737306666, "2,4": -1.554794104302803, "2,5": -1.0693058333246959, "2,6": -0.322279535041492, "2,7": -0.19324822357995997, "2,8": -1.7983386041781357, "2,9": 1.144039793360578, "3,10": 1.5164263600289924, "3,11": -0.1286762799857728, "3,12": -1.0001001922763253, "3,13": -0.9891118093078597, "3,14": 1.6717106070861538, "3,15": 1.110161548923509, "3,16": 1.7571490346193803, "3,4": 1.5752110847679734, "3,5": 0.5020428706170383, "3,6": -1.680010065570944, "3,7": -1.2887927097412208, "3,8": 0.8770462146882134, "3,9": 1.5574971157849298, "4,10": -0.12737699577152162, "4,11": -0.5897629324696916, "4,12": 0.33707825968110905, "4,13": 0.9973872622401303, "4,14": -1.8872265394222159, "4,15": -1.7072289727095171, "4,16": 1.429202605998365, "4,5": -0.5814179918874975, "4,6": -0.1880045820720082, "4,7": 0.8140338445464259, "4,8": -1.3726797850932688, "4,9": 1.7676131515720384, "5,10": -1.4563758454329978, "5,11": 0.17248887828489057, "5,12": -0.5962376087651102, "5,13": -0.4456921723850251, "5,14": -1.6536725426074956, "5,15": -1.726725716027694, "5,16": 0.23034497221581773, "5,6": -1.6170971772780285, "5,7": 1.2986106391393024, "5,8": -0.9074102756437248, "5,9": 1.9176365169475327, "6,10": 0.1607648303255922, "6,11": -1.1146316433806636, "6,12": 1.9578956366924292, "6,13": 1.3103879486616252, "6,14": -0.1291630178190113, "6,15": 0.13663773988961347, "6,16": -1.0677128390452366, "6,7": 0.41254874454392887, "6,8": -1.7940835473757115, "6,9": 0.17669035376553843, "7,10": 1.5068651543621145, "7,11": 1.5514263310663647, "7,12": 1.6374818078791549, "7,13": 1.2083798901752054, "7,14": 1.7931676227183693, "7,15": -0.43212242066427686, "7,16": 0.43804330263928826, "7,8": 0.3711799544040808, "7,9": -0.046217895149815114, "8,10": -0.2277630781721336, "8,11": -1.9166452954726974, "8,12": -0.8207282323624101, "8,13": 1.8782630684991157, "8,14": -1.4298382765759219, "8,15": 1.530800200604597, "8,16": -1.0905154810351076, "8,9": 1.8740695118194304, "9,10": 0.4769505135214769, "9,11": -1.3487225503569538, "9,12": 0.9303502092594975, "9,13": -1.6149868718231124, "9,14": 1.993457568660348, "9,15": 1.121139404268828, "9,16": 0.76865832868778}, "bias": {"0": 0.12580788665702758, "1": 0.48326732078266543, "10": 0.42858540916882903, "11": 0.9933718231112563, "12": -0.43952617114730175, "13": -0.9681477559597986, "14": -0.2853681981585776, "15": 0.3551041300966511, "16": 0.7457737804880287, "2": 0.6518444883436769, "3": 0.6293925370494484, "4": -0.644046603061309, "5": 0.1658841261973194, "6": 0.09097363356695776, "7": -0.10926791074970987, "8": -0.8524378813185949, "9": 0.29364957368642464}}