{"Q": {"0,1": -1.2812394700843677, "0,10": -0.987232214595402, "0,11": -1.9903732418865068, "0,12": 1.1407475124890523, "0,13": -0.9300809902865765, "0,14": -1.959746833299488, "0,15": -1.8068884303339838, "0,16": -1.9591459328186294, "0,2": 0.09758860437487771, "0,3": -0.7517091356903478, "0,4": -1.9857078803954535, "0,5": 1.5599544587865837, "0,6": 1.2353492047175418, "0,7": -0.1483605159501371, "0,8": 1.015304281182766, "0,9": 1.5245607466859208, "1,10": 0.38567422827359543, "1,11": 0.14828596072246913, "1,12": -0.6744879783389379, "1,13": 1.608112063693071, "1,14": 1.4566623583328195, "1,15": 0.2128115505432686, "1,16": -1.620679190504449, "1,2": -0.3202298940020305, "1,3": 0.3906604692079565, "1,4": -0.36632790048661645, "1,5": -0.06763143129849469, "1,6": 1.8559344545366336, "1,7": 1.9031849505015308, "1,8": -0.7758639138626129, "1,9": -1.702287289407133, "10,11": 0.21493144844274736, "10,12": 1.4187638887971898, "10,13": -1.2437172933365188, "10,14": -1.265569375641427, "10,15": -1.818831804037269, "10,16": -0.3427719340907003, "11,12": 0.23558744646406415, "11,13": 1.924686823049245, "11,14": -1.3362915386531746, "11,15": -0.2901149934123075, "11,16": 1.567503088174099, "12,13": -0.7133340323032056, "12,14": -0.12209664979649215, "12,15": -1.9458889954590366, "12,16": 0.4647775756160195, "13,14": -1.8974322625148026, "13,15": -1.526126905796747, "13,16": -1.8567106675601805, "14,15": 0.9068577958123627, "14,16": -1.5211176717275365, "15,16": 0.12878026354180028, "2,10": -1.6538573253054087, "2,11": -1.6936104710498245, "2,12": -0.7233487561536336, "2,13": -0.2500043085363859, "2,14": -0.22038616092551422, "2,15": -0.8803895626351776, "2,16": 1.9320325267333778, "2,3": 1.7588443469925577, "2,4": 0.38732462781346033, "2,5": 1.4306703795153246, "2,6": -0.15186125256671001, "2,7": 0.2511975798606181, "2,8": -1.0675200460777874, "2,9": -0.03980804130406845, "3,10": -1.49525455159013, "3,11": 0.8158197595592842, "3,12": 1.3107110845122643, "3,13": -0.7435047644846131, "3,14": -1.2280396098163942, "3,15": 0.9587176744780606, "3,16": -0.48029926323799144, "3,4": -0.4527857937835691, "3,5": -0.48057252340776513, "3,6": 1.0364972813823408, "3,7": -1.3550360793160072, "3,8": -0.8314868570842671, "3,9": -1.1126557220709699, "4,10": -1.4399912422832024, "4,11": -0.9312964595816675, "4,12": 1.4164950066279896, "4,13": 1.0659805095882455, "4,14": 1.050016190571386, "4,15": -1.9809232533211905, "4,16": 1.9545224489187953, "4,5": 0.4130477686701739, "4,6": 1.5422394724481552, "4,7": -0.28495638806601464, "4,8": -0.05519711565425833, "4,9": 0.7255315195932521, "5,10": 1.8400594208600376, "5,11": 0.6300279671884059, "5,12": 0.7513164465660562, "5,13": -1.7569827060250964, "5,14": -0.6451047787174198, "5,15": -0.9983402108662123, "5,16": 0.7876333965330917, "5,6": -1.479938259136396, "5,7": 0.8856169714146227, "5,8": 1.3914350906392112, "5,9": 1.4769456977069129, "6,10": -0.8850081985743912, "6,11": 1.21668540149768, "6,12": -0.7806829340426535, "6,13": 1.7779491951802116, "6,14": 0.0381113963453541, "6,15": -1.8871475461459122, "6,16": 0.8575536556856234, "6,7": -0.8615153237231219, "6,8": 0.41016078256200306, "6,9": -0.5284482104177086, "7,10": -0.587756452091234, "7,11": -0.14144491040331753, "7,12": 0.6602751955984933, "7,13": -0.37739114795440454, "7,14": 0.2896516633624877, "7,15": -0.1702814088438651, "7,16": 1.4387639048757537, "7,8": -1.236737073300275, "7,9": 0.8100909974740063, "8,10": 0.20891731351470844, "8,11": 0.5966177468087608, "8,12": 0.07772759845904664, "8,13": -1.0518212854906746, "8,14": 1.2722855869183922, "8,15": 1.3364707297466105, "8,16": -1.018014756869194, "8,9": 0.7043302127550954, "9,10": 0.1438163913700774, "9,11": 0.08707880592300521, "9,12": -1.3884581227698551, "9,13": 1.2333041057635072, "9,14": 1.9172233743977212, "9,15": 0.561590902108263, "9,16": -0.5038490234842241}, "bias": {"0": 0.7989647676438785, "1": 0.0914543875375966, "10": 0.7805481826558862, "11": 0.6031476582253339, "12": -0.2707990613915554, "13": -0.5948118648989413, "14": 0.608941984287644, "15": 0.9249649997851142, "16": -0.22247689179518626, "2": -0.42088351978414984, "3": 0.48301139601259635, "4": 0.9502567797532961, "5": -0.86380378967932, "6": -0.9077350315746631, "7": 0.9886534332640369, "8": -0.12584927324240414, "9": 0.5500567746218785}}