{"Q": {"0,1": -0.08846604657325097, "0,10": -1.5193796399071373, "0,11": 0.9062375997162171, "0,12": 1.4856856172573352, "0,13": -0.5596020414218588, "0,14": 1.7120909831681366, "0,15": -0.8973415438979839, "0,2": 1.505632091198918, "0,3": -1.1718321999618824, "0,4": 0.158560347328645, "0,5": 1.7861850057673925, "0,6": -1.816089613837005, "0,7": -1.9772940060723503, "0,8": -1.1918927042058702, "0,9": 1.0575102254525168, "1,10": 0.15346381426744404, "1,11": 0.7422541489215333, "1,12": -0.3044589962100419, "1,13": -1.6792032474452143, "1,14": -0.13151660326513825, "1,15": -1.6110129475832347, "1,2": 0.6024607721193811, "1,3": -1.618741435821903, "1,4": 1.4585802787941962, "1,5": 0.9329944175489966, "1,6": -1.6461932105897978, "1,7": 0.8559181373879174, "1,8": -1.052519487793075, "1,9": 0.6188586628675514, "10,11": 0.6356076237831734, "10,12": -0.10525830432298422, "10,13": 0.7990183055453333, "10,14": -1.4199532922233535, "10,15": -1.8135471354111017, "11,12": 1.8276227636624398, "11,13": -1.2202931861966464, "11,14": -0.25599095872312994, "11,15": 1.6085356351221711, "12,13": 0.703908191051867, "12,14": 0.3388678000259797, "12,15": 0.03941896934454814, "13,14": -1.4242682169689158, "13,15": 1.7126931404500043, "14,15": -1.8720753177639176, "2,10": -1.8608481597515074, "2,11": 1.5384339034993548, "2,12": -1.1701004107232187, "2,13": -1.7985574276362688, "2,14": -0.3175793411266308, "2,15": 1.3682767601026837, "2,3": 0.5296188889028546, "2,4": -1.7044701602557235, "2,5": -1.5277126153027414, "2,6": -0.8856342339070813, "2,7": -0.4121775656847211, "2,8": -0.8059298762897424, "2,9": -1.3456749874165723, "3,10": -1.531975267637824, "3,11": 1.1254003551458966, "3,12": 0.8852513747128388, "3,13": 1.5212103948671598, "3,14": 0.3763552356008919, "3,15": -0.3469539010343752, "3,4": 0.3131739421105477, "3,5": -1.502364107201255, "3,6": 1.162833845304418, "3,7": -1.2011689448173963, "3,8": 1.5179117004635874, "3,9": -1.7299974358494419, "4,10": 0.7805213569054565, "4,11": -0.2076419479095959, "4,12": -1.217508738780893, "4,13": -1.994578233254345, "4,14": -1.5006608933479066, "4,15": -0.8662506330982627, "4,5": -0.0704529855855478, "4,6": 1.3938668959025873, "4,7": -0.2274171408989667, "4,8": -0.3116218316854056, "4,9": 0.5194592846183319, "5,10": 1.9681519998143777, "5,11": -1.5506594865642391, "5,12": 1.7892232402292172, "5,13": 0.16929945583734263, "5,14": -0.3626515814488447, "5,15": 0.512871217731425, "5,6": 0.7215628925020381, "5,7": 1.6952593434318945, "5,8": -0.6838852578419212, "5,9": 1.0854119229596808, "6,10": -0.7106009057703604, "6,11": 0.2785503700676313, "6,12": -0.24478619176082983, "6,13": 1.107997488104584, "6,14": 0.27478696940260816, "6,15": 1.6700285868122875, "6,7": -0.1680073645091853, "6,8": -1.2442995494439733, "6,9": -0.4349108635510288, "7,10": 0.5987357152428983, "7,11": -0.21226996460424186, "7,12": 1.7492183553757723, "7,13": -0.7472958858164671, "7,14": -0.04091506543874335, "7,15": 1.8966487045119313, "7,8": 0.1131851359314644, "7,9": -0.932162081369948, "8,10": -1.589544162573202, "8,11": 1.2991831147283905, "8,12": -1.177756169430118, "8,13": -1.4097917109288396, "8,14": 0.6612168089231694, "8,15": -1.21425787150649, "8,9": -0.8473868615639049, "9,10": -1.9318521366260697, "9,11": 0.2969057689433048, "9,12": -1.1224598633625753, "9,13": -1.982791960424528, "9,14": 1.3996962893020557, "9,15": 0.34604246538024697}, "bias": {"0": 0.2532482278428847, "1": 0.8201023575812485, "10": 0.6394297875506716, "11": 0.3626337284623744, "12": 0.2671481962925535, "13": 0.5742329475093266, "14": -0.3109214094936448, "15": -0.6271143446619674, "2": 0.5403774713083904, "3": 0.9250686941153234, "4": -0.6974968955634226, "5": -0.2815363397628836, "6": 0.7169784527024383, "7": 0.8429059659994658, "8": -0.3935075947121527, "9": -0.6011635410306884}}