{"Q": {"0,1": -1.781699980862542, "0,10": -1.9919909725027787, "0,11": 0.8031175071777352, "0,12": -1.8125591649507378, "0,13": -1.1779190609019299, "0,14": 1.4256176164934096, "0,15": 1.3093929075525792, "0,16": -0.7071403615263439, "0,17": -0.6199740515616892, "0,18": -1.4554243784873777, "0,19": -1.6456369592829851, "0,2": -0.8479061927532916, "0,3": 1.6159933877263573, "0,4": -1.08840886071919, "0,5": 1.8248997952420645, "0,6": -1.3053171464502977, "0,7": -1.1992579912061134, "0,8": 1.986476581796952, "0,9": 0.802449720163243, "1,10": -1.7436386632760295, "1,11": 0.8676014434272723, "1,12": 0.6315781918820744, "1,13": 0.4629520091359134, "1,14": 0.011289224991625435, "1,15": 0.4338061404720941, "1,16": -1.999056955927875, "1,17": -1.7610002558729407, "1,18": 0.11324059026567124, "1,19": 0.7358369896954322, "1,2": -1.4888693344698605, "1,3": -0.024685656039403536, "1,4": 0.8080263935378471, "1,5": 0.8361517226654587, "1,6": -0.9321573194610031, "1,7": 0.18662770515412808, "1,8": -1.9947914248314897, "1,9": -0.31437719344045556, "10,11": 1.891179975523038, "10,12": 0.9419950577960337, "10,13": -0.14933871198239235, "10,14": -0.5147232797654087, "10,15": -0.808484333048026, "10,16": 0.8185385288461253, "10,17": 0.8950707669110529, "10,18": 0.23423811782066206, "10,19": 1.935754584353766, "11,12": 0.5013060377166623, "11,13": -1.4803098339567806, "11,14": -1.5266312550976227, "11,15": -1.1622914006487606, "11,16": 0.07699669671611975, "11,17": 1.2533789858343996, "11,18": 0.7080551870185618, "11,19": 0.38288728739034417, "12,13": -1.375808605336641, "12,14": 1.244943249897648, "12,15": -1.9105763330311674, "12,16": 1.405047097140233, "12,17": 0.7224939988636199, "12,18": -0.31474814986445576, "12,19": -1.0769018814216862, "13,14": 1.24002179198412, "13,15": 1.565866543048409, "13,16": -0.53953553778691, "13,17": 0.36924885448822087, "13,18": -0.2663288124214378, "13,19": -0.3069978257944812, "14,15": -0.6934741973711191, "14,16": -1.2966738341925041, "14,17": -0.2533857622088518, "14,18": 0.8265757867186387, "14,19": 1.421249435843392, "15,16": 0.9986442551889794, "15,17": 0.5257580470311733, "15,18": 0.23963101737049186, "15,19": -1.8721758488889457, "16,17": -1.6246840804273917, "16,18": -1.0858427009761829, "16,19": 0.7180175776683395, "17,18": 0.6834401663900964, "17,19": 1.4992603435704872, "18,19": -1.7994556843504395, "2,10": 1.9637075952379939, "2,11": -1.078391856610561, "2,12": -0.638651405572618, "2,13": 1.5940537222422844, "2,14": -0.9818282066248392, "2,15": 1.4620292182163501, "2,16": -1.0007243284180083, "2,17": -1.2398435512057242, "2,18": -1.948281757606479, "2,19": 0.5015323443942834, "2,3": 0.889085302573295, "2,4": -0.9239866401410572, "2,5": 0.05002481745110332, "2,6": 1.873501562527648, "2,7": -0.7266128355468444, "2,8": 0.9815394793411443, "2,9": -1.4709322619378744, "3,10": -1.564926570751704, "3,11": -1.6753675370867165, "3,12": -1.8725877746452593, "3,13": 1.0627827465097925, "3,14": -1.1744857564809723, "3,15": 1.5999086318617728, "3,16": 0.7223901516258486, "3,17": 0.15664901135781628, "3,18": 0.34279635811929055, "3,19": 1.0244225716334103, "3,4": 0.05612472224438214, "3,5": 1.827349649944169, "3,6": -1.2873831566359866, "3,7": -0.6572134652152082, "3,8": 1.7414129907444855, "3,9": -0.4997438536153864, "4,10": 0.38455878951753686, "4,11": -0.3604345019761732, "4,12": -0.32664161092658706, "4,13": -0.6325152041071354, "4,14": 1.7611556180646204, "4,15": -1.0912589968189148, "4,16": -1.704364031579921, "4,17": 0.6579606907633075, "4,18": -0.5573590875986074, "4,19": -1.3667617479362564, "4,5": 1.2139275672405092, "4,6": 0.91579682364927, "4,7": -1.2384192912439236, "4,8": -0.0413190444693301, "4,9": 1.7771533453587742, "5,10": 0.9324261531724822, "5,11": 1.9642343219958849, "5,12": -0.5533375192284544, "5,13": 0.6565067907248796, "5,14": -1.4840432130763364, "5,15": 1.6166975541349236, "5,16": 0.3890172226074, "5,17": -0.14711040722084334, "5,18": 0.048339264462652576, "5,19": -1.730954090385361, "5,6": -1.3668882010078365, "5,7": -1.0659490804828384, "5,8": -1.7266110227754479, "5,9": 1.3381528832327603, "6,10": -0.5072020320602877, "6,11": 1.3332603401693426, "6,12": 1.1464154644985922, "6,13": 1.0301238139721027, "6,14": -0.6851501482767559, "6,15": 1.2525176975211392, "6,16": -1.4230585657371226, "6,17": 1.8103375654104856, "6,18": -0.8221306745835975, "6,19": -1.6333654098120585, "6,7": 0.24572518895399664, "6,8": -1.3622791671217591, "6,9": 0.6820685297915441, "7,10": -0.9966931608305778, "7,11": 1.1066674900939222, "7,12": 1.4271832060638934, "7,13": 0.9986525732555052, "7,14": 1.5958345955840203, "7,15": -1.102652518782512, "7,16": -1.9053687851407917, "7,17": 1.0944457204568692, "7,18": -1.2964274594838718, "7,19": 0.45762346013895305, "7,8": 1.9032826159304137, "7,9": 0.6945033141850323, "8,10": -0.3059110437168777, "8,11": 0.36918608970147027, "8,12": 1.2087418076939502, "8,13": 0.6271509557606434, "8,14": 1.624870089727506, "8,15": 1.5282705678979305, "8,16": 0.5965781454273102, "8,17": -0.9446522878939332, "8,18": -0.04245143162153697, "8,19": 0.8739278761670377, "8,9": -1.9561139164299268, "9,10": -1.3436263191959426, "9,11": -1.4747896525517188, "9,12": 0.26462698661214556, "9,13": -1.2091935042801247, "9,14": -1.3925629030288533, "9,15": -0.053567437069639734, "9,16": -0.1999098874422942, "9,17": 0.31119235403433176, "9,18": 1.1160529616517927, "9,19": 0.010136879007043298}, "bias": {"0": -0.49437895710653357, "1": 0.5696910169013867, "10": -0.06938623990298831, "11": -0.6071617944798255, "12": -0.4320409067951909, "13": -0.07781637460593216, "14": -0.6883593525519245, "15": 0.13097842892511946, "16": -0.4579073647990197, "17": 0.04780700443179575, "18": 0.7937019006159598, "19": 0.7528692112819411, "2": -0.9834842544031, "3": 0.19439099054764508, "4": 0.896751538160915, "5": -0.3251278348745732, "6": -0.40242499387566455, "7": 0.5276373780113919, "8": 0.2517069023843106, "9": -0.07671354540864783}}