{"Q": {"0,1": 1.3456758917675748, "0,10": 0.9832484475428171, "0,11": -0.3518823566893743, "0,12": -0.4842805590357169, "0,13": -0.7893793072585056, "0,14": 0.9615288862238591, "0,2": -1.5217285207482019, "0,3": 1.9444195717063901, "0,4": 0.19811909522808557, "0,5": 0.4349206736247764, "0,6": -0.2742474060824551, "0,7": 1.9711668692920887, "0,8": 1.9435307745468022, "0,9": -1.4298697117332027, "1,10": -0.7339688144601975, "1,11": 1.0114332354084694, "1,12": 0.890345107249487, "1,13": 0.6086069502999107, "1,14": 1.960803856501704, "1,2": 1.523486519589774, "1,3": -1.2524132121381926, "1,4": 0.5536615441691097, "1,5": -1.1494010282975111, "1,6": -0.6608230316812578, "1,7": 1.5139877329424625, "1,8": -1.0447091853498858, "1,9": 0.14944155610154342, "10,11": 1.5516050281959028, "10,12": -0.23545071547751517, "10,13": 0.11622595967071314, "10,14": 0.9719357122722703, "11,12": 1.5495448978774045, "11,13": -1.3166890146960357, "11,14": -0.70986968929039, "12,13": -0.45160685824330704, "12,14": -0.01450418088678429, "13,14": -0.960997778289165, "2,10": 1.874277358421954, "2,11": -0.33535655175724743, "2,12": -0.9529752286605429, "2,13": -0.8286522680862167, "2,14": 1.819154149947651, "2,3": 0.1746372265876932, "2,4": -1.6331199554615785, "2,5": -0.3633682607855935, "2,6": 0.9859806283267911, "2,7": -1.200956570641039, "2,8": 1.108599003193516, "2,9": -1.4811238257034818, "3,10": -0.8617290386968284, "3,11": -0.10415234169906018, "3,12": -1.2767626976183446, "3,13": 0.8104964868736455, "3,14": -1.3739761257452412, "3,4": 0.34675006218591564, "3,5": 0.8886249744088581, "3,6": 0.8708390110022663, "3,7": 1.8959599770497682, "3,8": -0.7524327620887594, "3,9": 1.3492732344757754, "4,10": -0.7843121766247512, "4,11": 0.8245198767066375, "4,12": 0.6990221874108316, "4,13": -0.5756385737619563, "4,14": -0.6390732485578301, "4,5": 0.056483426035947915, "4,6": -1.8853315440666516, "4,7": -1.8581822998941195, "4,8": 0.53803722751312, "4,9": 0.38838307929610716, "5,10": 0.7634218309753038, "5,11": -0.3907558266941664, "5,12": -1.2781407678037549, "5,13": 1.3669925556735167, "5,14": -0.9254377860321563, "5,6": 1.861356593636312, "5,7": 0.3205941542913755, "5,8": 0.05177930859873303, "5,9": 1.4885224087729632, "6,10": 1.8094121332525241, "6,11": -1.609560176477105, "6,12": 1.473082951936295, "6,13": 1.7404516376201093, "6,14": -0.6665287561852531, "6,7": 1.1662686735410812, "6,8": 0.6363896330759009, "6,9": 0.9140149387097316, "7,10": 1.478076613354339, "7,11": -0.3690824064178324, "7,12": 1.3763247796311742, "7,13": 0.8195315092724016, "7,14": 0.6376176769996018, "7,8": -0.16240341438337458, "7,9": -0.6739912194325228, "8,10": -0.7533858926005772, "8,11": -1.713471550965454, "8,12": 1.8319027487220665, "8,13": -0.29383752619683134, "8,14": 1.0089731286687083, "8,9": 0.5901481208934021, "9,10": 0.7392020482800357, "9,11": 1.0521201648653657, "9,12": -1.4342048643451752, "9,13": 1.6868931817023483, "9,14": 0.6887719322727768}, "bias": {"0": 0.13641555788851578, "1": 0.3994762831358305, "10": 0.5280791864963004, "11": -0.40224590065976384, "12": 0.2093942782978251, "13": -0.6256137518854061, "14": -0.5315792540994146, "2": 0.6840246633165126, "3": 0.2939426857132328, "4": 0.28404058798615495, "5": 0.6502990257573906, "6": 0.44724733203581546, "7": 0.41257066732506464, "8": 0.527542571473969, "9": 0.11599518272829434}}