{"Q": {"0,1": 1.1732230207814176, "0,10": 1.8097427109683788, "0,11": -1.0567836453307193, "0,12": 1.9973842789378637, "0,13": -0.14669080920088318, "0,14": 0.4865126476258088, "0,2": -0.6001542936340387, "0,3": -1.9377953906620546, "0,4": 0.026339748889905756, "0,5": -1.7057900862371014, "0,6": 0.39885225874110075, "0,7": 1.5937663061239098, "0,8": -0.10317904800900557, "0,9": 0.6672833233291189, "1,10": -1.559110874737252, "1,11": -0.7196800620724577, "1,12": -0.8164217357888948, "1,13": 1.6888557118436984, "1,14": -1.816799958259339, "1,2": 1.7967429763712572, "1,3": -0.5622910687932587, "1,4": -0.780100237715101, "1,5": -0.5235438613029237, "1,6": 0.057946874583915786, "1,7": 1.5039508310420842, "1,8": -1.6112933665014513, "1,9": 1.597920585516007, "10,11": -0.852001498058768, "10,12": 0.5213644235703963, "10,13": 0.5578645958077155, "10,14": 0.7166824725780501, "11,12": 1.6585423614195238, "11,13": 0.01727763128063664, "11,14": -1.318759134095087, "12,13": 1.636026768405031, "12,14": 0.4456497710613956, "13,14": -0.11959919188735091, "2,10": -1.8947959080030121, "2,11": -0.4838272428648813, "2,12": -0.21107730556613413, "2,13": -0.9326333726037204, "2,14": -1.895512149951038, "2,3": 0.18591187380981822, "2,4": 1.5187068574479632, "2,5": 1.8768636907382152, "2,6": -1.055550640080983, "2,7": -1.853005995368913, "2,8": -0.8497386614751816, "2,9": 1.4865670464436929, "3,10": 1.9629364603249546, "3,11": 0.4520188632497444, "3,12": -0.8602581733162196, "3,13": -1.239164741001022, "3,14": 1.86744728835387, "3,4": 0.8729442949394968, "3,5": 0.7634223769117812, "3,6": -0.28055133000436827, "3,7": -1.9263829029767243, "3,8": -1.0941841688715082, "3,9": 1.1732722596475917, "4,10": 1.1003751063803704, "4,11": 1.3392138465991184, "4,12": -1.6993769598444968, "4,13": -0.6754956793018501, "4,14": 0.7981404533429104, "4,5": 0.7321794444975644, "4,6": 1.607068699025087, "4,7": -0.5961078118676917, "4,8": -1.9356377299139664, "4,9": 0.31104981737175175, "5,10": -0.7448207781967899, "5,11": -0.15382651481934184, "5,12": -0.06955322862141955, "5,13": -1.0173085157413704, "5,14": 0.25264545173273945, "5,6": -1.8472937428880725, "5,7": -0.35626470938956656, "5,8": -0.1499635137508002, "5,9": -0.3428294282664912, "6,10": -1.139356984016243, "6,11": -1.0764542016184953, "6,12": 0.2938256038639908, "6,13": -1.2919625355035755, "6,14": -1.7710098582759457, "6,7": 1.4530406903695812, "6,8": -1.8124223898868808, "6,9": -0.0630470553485929, "7,10": 0.9086277429648932, "7,11": 1.0851186383138454, "7,12": 1.2857738165496966, "7,13": 0.6238405383049321, "7,14": 0.7061752194667323, "7,8": -1.865203187764556, "7,9": -1.7223107698575686, "8,10": 1.285340189003576, "8,11": 1.1811205864239973, "8,12": -0.2223474204971767, "8,13": -1.8626715454096754, "8,14": 0.8471233809268943, "8,9": 1.0386943902336077, "9,10": 1.1409914040313276, "9,11": -0.8098916439839172, "9,12": 1.5254244610285332, "9,13": 0.6170678765190858, "9,14": -1.9659416284680535}, "bias": {"0": -0.9178367764727657, "1": -0.8611651159330849, "10": 0.6241694855024054, "11": 0.6363249971206468, "12": 0.4410207442852403, "13": 0.4091948662235192, "14": -0.5233944062400884, "2": 0.791837576317185, "3": 0.37224911989829956, "4": 0.00854310699154448, "5": 0.8734049584209727, "6": -0.8551723299418847, "7": -0.8198306555082999, "8": 0.6963553198178365, "9": -0.1538458796097779}}