{"Q": {"0,1": -0.7947755912222112, "0,2": 1.2931574580687095, "0,3": -1.0918058080070208, "0,4": -1.2959647622055344, "0,5": -1.720031468651087, "0,6": 0.21897842127937484, "0,7": 1.1320937938452613, "0,8": 0.8971042338107602, "1,2": 0.3220754121035183, "1,3": 1.7673898373532229, "1,4": -0.7956271772894419, "1,5": 0.3328977796321402, "1,6": 0.449516632418145, "1,7": 0.9925449001485345, "1,8": -1.9807869845141268, "2,3": -0.12328374982732981, "2,4": -0.7895931473572975, "2,5": 0.5297130087555604, "2,6": -0.770754907800808, "2,7": 1.5758490890486092, "2,8": -0.450229875331456, "3,4": 0.1510575776715375, "3,5": 1.435995202662642, "3,6": 0.5342865118616231, "3,7": 1.5191046782345867, "3,8": -1.9561695551637266, "4,5": -1.697189971517437, "4,6": 0.27760781185675487, "4,7": 0.29878081740804907, "4,8": 0.22314677456831467, "5,6": -1.42563555445706, "5,7": -1.8966731334113884, "5,8": -0.12891815007057472, "6,7": -0.4286734793545812, "6,8": -0.42335813254361465, "7,8": 0.19988629348290932}, "bias": {"0": 0.7889506329958333, "1": -0.5212186223117758, "2": -0.26545907972178373, "3": 0.15923557321860282, "4": 0.2352351786591511, "5": -0.6180549569656084, "6": 0.9358669103325179, "7": 0.8523060102735576, "8": -0.369360696426678}}