{"Q": {"0,1": 0.19199686661958815, "0,2": 1.7421702688417242, "0,3": 0.9961802854822048, "0,4": 0.003905412110644324, "0,5": 0.5005834505296658, "0,6": -1.2165589345736625, "0,7": 0.09098740724747989, "1,2": -0.8147567796248136, "1,3": -0.5858450196382874, "1,4": -0.2051459845395791, "1,5": -1.3065576840195248, "1,6": 0.42391107792305505, "1,7": -1.9721998708310724, "2,3": -1.034564425668465, "2,4": 1.735277761333398, "2,5": 0.6443268695526383, "2,6": -1.8362645737014258, "2,7": 0.6827283337950152, "3,4": -0.477921216556628, "3,5": 0.20310031507277682, "3,6": 1.2927835691115441, "3,7": 1.636905667298386, "4,5": -1.8230531844774607, "4,6": 1.9678183926793498, "4,7": 0.5156699307618351, "5,6": 0.21537725416617182, "5,7": 0.2860232232884843, "6,7": -1.7569056281047568}, "bias": {"0": 0.3836939536077413, "1": -0.5188352115491748, "2": -0.10292811075525687, "3": 0.3923652515001774, "4": 0.39452513456922134, "5": -0.7379812228481251, "6": 8.233512648114782e-05, "7": -0.2898090916941689}}