{"Q": {"0,1": -0.6240745538421821, "0,10": -1.3716088742533805, "0,11": 0.46050303271237736, "0,12": -0.27737852735804225, "0,13": -1.6649888324267352, "0,2": 1.249843838221481, "0,3": -0.14645559891064375, "0,4": 0.003848367897658189, "0,5": 1.2058307151787533, "0,6": -0.6994978449875604, "0,7": -1.890228720231868, "0,8": 0.005594857315051716, "0,9": 0.5759498345225138, "1,10": 0.7320238767005494, "1,11": -0.8441080421254386, "1,12": 1.9634507833084922, "1,13": 0.7208844053243935, "1,2": -1.3795739496073733, "1,3": -0.7853373214169745, "1,4": 1.2869489041214295, "1,5": 0.763559489385945, "1,6": -0.7669071925688238, "1,7": -1.3774897107249529, "1,8": -1.7177363672645392, "1,9": -1.753587690964976, "10,11": 1.99478324250917, "10,12": -1.8910288396416166, "10,13": 0.7555578986776701, "11,12": -1.7796952098504244, "11,13": 1.9981393278088313, "12,13": 0.6597196195983317, "2,10": -1.7717702385742897, "2,11": -0.5443511907782699, "2,12": -1.7795362635731684, "2,13": -0.09896997480166458, "2,3": -1.458031662108311, "2,4": -1.3752129336346273, "2,5": 0.4713276885253941, "2,6": -1.5609715809318883, "2,7": -0.5139805843297216, "2,8": 0.43301927593410694, "2,9": -0.18965781427169803, "3,10": 1.6666625350225206, "3,11": -0.844172822469754, "3,12": -0.6872797439830172, "3,13": -1.8053535804626164, "3,4": -1.671076635639075, "3,5": -1.454201902046739, "3,6": -0.6125389985864271, "3,7": -0.3955308885825586, "3,8": -1.3870038672733793, "3,9": -0.11421391809891945, "4,10": 0.8493864796513151, "4,11": -0.6379769063591141, "4,12": 0.37069459551864625, "4,13": -0.4905110880636072, "4,5": -0.6102678672950614, "4,6": -1.0793417541804673, "4,7": -0.19538749038824488, "4,8": 1.6970328799062053, "4,9": -1.8180855551633175, "5,10": -1.221428560293535, "5,11": -0.3771544435319494, "5,12": -1.2459975508463592, "5,13": -0.748020396906421, "5,6": 0.16206182291199056, "5,7": -1.424907524531637, "5,8": 1.8201528697498626, "5,9": 0.006488353380521339, "6,10": 1.5845648574901072, "6,11": 0.164129976703018, "6,12": 0.46072086309914884, "6,13": 0.48904580318704527, "6,7": 0.29869068881290284, "6,8": 1.8308242246460074, "6,9": -1.4316274749460427, "7,10": -0.8669339361896022, "7,11": -1.6596051797801636, "7,12": 0.3953937032408392, "7,13": 1.9690336686041974, "7,8": 0.9004345259800823, "7,9": 1.002630150033506, "8,10": 0.24904159156401917, "8,11": 0.09093282095564614, "8,12": 1.6238512818746509, "8,13": 0.11199116563603662, "8,9": -0.6390050653320674, "9,10": -1.474330277333026, "9,11": 0.6985286497382011, "9,12": 0.4628282650764888, "9,13": -1.4559296393577439}, "bias": {"0": -0.8166006865551847, "1": 0.8231867829241895, "10": 0.29484053860610393, "11": -0.7119340580505469, "12": 0.2795616212659511, "13": -0.27961846680614455, "2": 0.30164266304321674, "3": -0.8511291522154687, "4": -0.3151278737759342, "5": -0.5604529678928294, "6": 0.4054008506794897, "7": 0.5057601479855702, "8": 0.9212162178140615, "9": -0.8026684035468672}}