{"Q": {"0,1": 1.991427590511757, "0,10": 1.795731049594139, "0,11": 0.7902351905892737, "0,12": -1.1839817315945762, "0,13": 1.3370371297557186, "0,14": -0.7510498781951314, "0,15": -1.7803750177297548, "0,16": 0.6938776217762146, "0,17": 0.6249200682721772, "0,18": 1.1391139014600662, "0,2": 1.7647041715879763, "0,3": -1.3423984143698853, "0,4": 0.8643266020178686, "0,5": 1.2900905696064813, "0,6": -0.6879026747245462, "0,7": 1.6436937141594021, "0,8": 0.5759309906951868, "0,9": -1.7004485372077722, "1,10": -0.11421519968396598, "1,11": -1.0762209533848792, "1,12": 0.9258438610963213, "1,13": -1.7342042138905498, "1,14": 0.6758003371594681, "1,15": 1.1909940870391695, "1,16": 0.8632311458410951, "1,17": 1.619258922848425, "1,18": 1.4465067753049463, "1,2": 1.1517174802350127, "1,3": 1.1227905931260151, "1,4": -1.6524003723087146, "1,5": 0.0516291648457079, "1,6": -0.018101054331234767, "1,7": 0.5883726520294927, "1,8": 0.753655165262912, "1,9": 0.7431638050395213, "10,11": 0.8384347747017635, "10,12": -0.7020210468625074, "10,13": -0.5242896287804482, "10,14": 1.4153090088263411, "10,15": -1.1871370316304293, "10,16": 1.7243464645353805, "10,17": -0.156021264745406, "10,18": 1.2253019585944673, "11,12": -0.6591426170885213, "11,13": -0.6981014665019507, "11,14": 0.5328383011515241, "11,15": 1.3404974751720355, "11,16": 0.6164210049254946, "11,17": 0.33467863050482727, "11,18": 1.7049114839022512, "12,13": -0.9918585783037961, "12,14": -0.40325168257972654, "12,15": 1.1271705229896676, "12,16": -1.8221223111096911, "12,17": 1.9764652550467319, "12,18": 0.3074992230180893, "13,14": 0.5826038045641404, "13,15": -0.44490469560711254, "13,16": 1.8173529372173576, "13,17": -1.008360444378551, "13,18": 1.5972174911524646, "14,15": -0.35311244027762356, "14,16": 0.7450094934708642, "14,17": -0.9072154970630577, "14,18": 0.5103754285046063, "15,16": 0.4305115415805205, "15,17": 1.3099539449248838, "15,18": -0.5626198677768799, "16,17": 0.28680339647481556, "16,18": 1.523162534909634, "17,18": -0.0008030483893115559, "2,10": 1.130613253456462, "2,11": -0.20923933349654034, "2,12": 1.3476963070520074, "2,13": 1.6918743149009083, "2,14": 0.04616851595541682, "2,15": -0.6543313492134009, "2,16": 1.7292680216248413, "2,17": 0.26257423170024774, "2,18": 1.705939931811793, "2,3": 0.01650909588858518, "2,4": 0.14220351992631297, "2,5": -1.848854835469759, "2,6": -1.6409171260832585, "2,7": 1.713299233264546, "2,8": 0.5059293053922205, "2,9": 1.0407552521800154, "3,10": -1.614710052068839, "3,11": -0.40037382897708573, "3,12": -0.19966629653937185, "3,13": 1.814658943786657, "3,14": -0.5207408231027211, "3,15": -0.5920706951418162, "3,16": -1.6091700855663245, "3,17": -0.24648876041560497, "3,18": 0.45422209292671667, "3,4": -0.9834272455785835, "3,5": 0.11084586585832712, "3,6": -1.5081263071012843, "3,7": -1.5642593753151712, "3,8": 0.8271375976900917, "3,9": 0.04243458556921853, "4,10": -0.017419946877443415, "4,11": 1.9870609800326369, "4,12": 1.9343164321494486, "4,13": 1.3627431561682606, "4,14": -0.8196812051078655, "4,15": 1.517299995047006, "4,16": 0.8320679253223129, "4,17": 1.4029455597160907, "4,18": 1.9113514992287501, "4,5": 0.11620734689783907, "4,6": 0.8974809385742097, "4,7": 1.5764682142830124, "4,8": 1.0857027995158854, "4,9": -0.057275130574113486, "5,10": 0.8123740987421919, "5,11": -0.15170509946874455, "5,12": 1.0643904321413054, "5,13": -0.0587872512136145, "5,14": 0.7661151949585965, "5,15": -0.8143091403369613, "5,16": -0.29894429625316876, "5,17": 1.2852516135566607, "5,18": 0.6692504091210556, "5,6": 0.45903612187005116, "5,7": -1.5534661029093964, "5,8": 1.884320399283804, "5,9": 0.030959894553584277, "6,10": -1.2173131427196764, "6,11": -1.3073497833809289, "6,12": 0.4682222206926876, "6,13": 0.11319481993285807, "6,14": 0.42071297790883433, "6,15": -1.4047464942560066, "6,16": -0.6309491790331441, "6,17": -0.06578736742841906, "6,18": 0.783980973619216, "6,7": 1.1122713150722832, "6,8": -1.7303784339573114, "6,9": 0.2598036505956589, "7,10": -0.2406106598981408, "7,11": -0.34280723495679544, "7,12": 0.4339170086586708, "7,13": 0.906491504782482, "7,14": -0.5732703416936515, "7,15": 1.123842380202266, "7,16": 0.5919099624445221, "7,17": -1.5619864047763818, "7,18": 1.8675686117859875, "7,8": -0.25699740909433677, "7,9": 1.6189147045414796, "8,10": -1.1088423470828568, "8,11": 0.962775507347664, "8,12": -0.7727079929002891, "8,13": -1.941390448800668, "8,14": 0.7739647094888618, "8,15": -0.4479083351892168, "8,16": -0.6861340378810628, "8,17": -0.3269241447217093, "8,18": 1.73741901077228, "8,9": -1.3278840377575616, "9,10": 0.03588121235937791, "9,11": 0.7973699961228813, "9,12": 0.6372278489070382, "9,13": 1.9546754015041081, "9,14": -0.20324151535509616, "9,15": -1.195291326420123, "9,16": 1.997346507661236, "9,17": 0.19672271301017474, "9,18": -1.788315049197772}, "bias": {"0": -0.07869130168894478, "1": 0.060597356999019025, "10": -0.3519137690724219, "11": -0.22256669122153894, "12": 0.5481400749245342, "13": 0.5472425145442534, "14": -0.49220934323314625, "15": -0.72638301120371, "16": -0.06955212380056408, "17": -0.9588360054232643, "18": 0.4431275943345889, "2": -0.2715686681966285, "3": -0.5066815839248269, "4": 0.7796249347531379, "5": 0.8933757476818227, "6": 0.10042940674152634, "7": -0.6565088684511344, "8": -0.4419473968076355, "9": -0.43569797092162177}}