{"Q": {"0,1": 0.19672711462942027, "0,10": -0.5457019130386755, "0,11": -0.42200842881602574, "0,12": -0.7457086785113538, "0,13": -1.8172737882987833, "0,14": 1.0169328337083052, "0,15": -1.0502608015040589, "0,16": -1.7510358868177782, "0,17": -1.5133103198872018, "0,18": -1.1742495546978402, "0,2": 0.7819321240456958, "0,3": 1.6669368627723622, "0,4": 1.3368476909683955, "0,5": -0.3876585799326113, "0,6": 0.2561001920299959, "0,7": 1.5325879522026566, "0,8": -1.8167699754189872, "0,9": -0.19641980325732744, "1,10": 0.7993368802843825, "1,11": 1.3575728564548317, "1,12": -1.992377477664291, "1,13": -0.2526933554251829, "1,14": -0.6937183938933815, "1,15": 0.903997643667763, "1,16": 0.5216159638754552, "1,17": 0.16123043757497335, "1,18": 0.34077300125746035, "1,2": -1.430451480268792, "1,3": -0.421660930488434, "1,4": 0.6671006955628442, "1,5": 0.8422562765525106, "1,6": -0.8253096716719748, "1,7": -1.2188997235793013, "1,8": 0.9310553542586484, "1,9": -1.6189543736868788, "10,11": -1.1577412869841956, "10,12": -1.401266282644487, "10,13": 1.3721374511136797, "10,14": -1.8741281858492203, "10,15": -1.6709342716172082, "10,16": 1.4482372699782453, "10,17": -0.9470510633393476, "10,18": -1.2114870291561695, "11,12": -1.5395448823416298, "11,13": -0.5280829352380798, "11,14": -0.9308943316937128, "11,15": -0.4925380966542017, "11,16": 0.5122531500397276, "11,17": -0.6327379717889041, "11,18": -0.3636277793441942, "12,13": 1.422333599660695, "12,14": 0.6471856713699538, "12,15": 0.1360276105823357, "12,16": 0.48138525444084435, "12,17": -1.04997871830789, "12,18": 1.7815153009216256, "13,14": -0.9929822767566434, "13,15": 0.2699067171730545, "13,16": 1.5148652597398518, "13,17": 1.6504226245106532, "13,18": 1.1339497594301995, "14,15": -0.9624116277212331, "14,16": -0.8963075820467385, "14,17": 0.07295526458750912, "14,18": -0.8688945833949955, "15,16": 1.0587846518871022, "15,17": -1.8517365027293264, "15,18": -1.140774317617515, "16,17": 0.6200377015958214, "16,18": -1.0273063224276155, "17,18": -1.3876608229725704, "2,10": 0.2192022473102342, "2,11": -1.648850677045402, "2,12": 1.2948110771183936, "2,13": 0.5035558004636855, "2,14": 0.47568729633436346, "2,15": -0.48101231890399276, "2,16": -1.3556195042458397, "2,17": 0.8663619086747478, "2,18": 1.6365700694507943, "2,3": 0.09424313602668688, "2,4": -1.158967551138304, "2,5": 1.8134363284382298, "2,6": 1.1706439444705077, "2,7": -1.4283760208871743, "2,8": 0.11850126980171494, "2,9": -0.5424829843377914, "3,10": 0.6131657253522511, "3,11": 0.31200975000366205, "3,12": 0.33246153267226797, "3,13": -0.35534142592355433, "3,14": -0.6806117964008194, "3,15": -0.6916198559866569, "3,16": 0.7672218875649941, "3,17": 0.806713726366231, "3,18": 1.7593875605854312, "3,4": 1.747851786126886, "3,5": 0.4605172362399754, "3,6": -0.6070753681649963, "3,7": 1.90141676144109, "3,8": -1.7325865323503562, "3,9": 1.2656683769306838, "4,10": -1.9394653414653522, "4,11": 0.17968907892831787, "4,12": -1.8637783175556661, "4,13": -0.2280443338123872, "4,14": 1.1718061410042129, "4,15": -1.9323336497924828, "4,16": 1.651800753244785, "4,17": -0.27178399717845636, "4,18": 1.2002571846889016, "4,5": 1.9038387943496051, "4,6": 1.528404971766001, "4,7": -0.33549554105263324, "4,8": -0.2254824680305889, "4,9": -0.09438330758058511, "5,10": -1.722583749358765, "5,11": 0.07008543583365245, "5,12": 0.4455364747510018, "5,13": 0.0541082972708149, "5,14": 1.2814291574262104, "5,15": 1.1117217791344967, "5,16": -1.6427851626314718, "5,17": -1.54907323432754, "5,18": -1.6630392420407527, "5,6": 0.5603518180914642, "5,7": 1.2274546613773891, "5,8": 1.1805606778090705, "5,9": -1.4516825378881362, "6,10": -0.8042911244159234, "6,11": -1.0874733873983047, "6,12": -1.7370846880543245, "6,13": -0.5743085687226532, "6,14": 1.1182257923460979, "6,15": 1.31088542440154, "6,16": 0.02056455054538997, "6,17": 1.9815031105175414, "6,18": -1.975900704060639, "6,7": 0.6584917737564764, "6,8": -1.1756307730996807, "6,9": -0.08380121586472011, "7,10": 1.042742680400468, "7,11": 0.09140950539268067, "7,12": 0.7874246256954689, "7,13": -0.8311556802094269, "7,14": -0.4941347997711958, "7,15": -0.7449804783053953, "7,16": 1.299732777371338, "7,17": 0.8300239255834057, "7,18": 1.064515803174594, "7,8": -1.9662761637619712, "7,9": -0.8122352311688004, "8,10": -1.1235567115805618, "8,11": 0.8867714588580844, "8,12": 1.04148097761877, "8,13": -1.198254732750501, "8,14": 0.8790238679391846, "8,15": -1.1591435552030278, "8,16": 1.8898933927000496, "8,17": -0.30123133278358427, "8,18": -1.8028458003861827, "8,9": 1.3220053890071157, "9,10": 0.4834523742947612, "9,11": -0.011299143272335055, "9,12": -1.9942521975439478, "9,13": -0.644512499829792, "9,14": -0.8527306969726243, "9,15": 0.3741815676970801, "9,16": 1.457210408038018, "9,17": -0.9061040737761141, "9,18": 1.7576779428328626}, "bias": {"0": 0.8719145887893278, "1": -0.2512464479175063, "10": 0.39551135580710106, "11": 0.5827815508417429, "12": -0.04654302908618879, "13": 0.7083583125163508, "14": 0.4219098729643964, "15": -0.8035569018593041, "16": 0.12207382417164059, "17": 0.42605315449610637, "18": -0.6005724621376547, "2": -0.15976170344019636, "3": 0.2868921128372983, "4": 0.7791422063893667, "5": -0.90153800621387, "6": 0.29085630391010686, "7": -0.8633789399515182, "8": -0.15849011819792014, "9": -0.19035244307942212}}