{"Q": {"0,1": 0.6699506122180585, "0,10": 1.6718132606849578, "0,11": 1.2434504179533632, "0,2": 1.3306330545904332, "0,3": 0.6764219831166001, "0,4": 1.4163982166777416, "0,5": -0.5149327767468628, "0,6": -1.6497536539586748, "0,7": 0.3341543267524618, "0,8": -0.02732412851579813, "0,9": -1.8623742129677994, "1,10": -1.1782732599391417, "1,11": -1.2977790927065262, "1,2": 0.5442498110306624, "1,3": -0.18418939172660131, "1,4": 1.9224639355957294, "1,5": -1.9520047462292087, "1,6": -0.4762973597133229, "1,7": -1.6208645598003684, "1,8": 0.195103859513575, "1,9": 0.8521761570148434, "10,11": 0.48964839844181096, "2,10": -0.03189526696020639, "2,11": 0.38116488627473055, "2,3": 1.9697304120266805, "2,4": 1.6765667056543108, "2,5": 0.6024999662884714, "2,6": 0.30356381943078103, "2,7": -0.11553496062407875, "2,8": 0.9368112962227455, "2,9": 1.4775993796256732, "3,10": -1.9162553011706294, "3,11": -0.5054134272425195, "3,4": 1.792363990912003, "3,5": -1.1231284336124645, "3,6": -1.4843210823809625, "3,7": -1.8046861976450574, "3,8": -1.3739978333978562, "3,9": -1.15470682501594, "4,10": 0.34286820300102017, "4,11": 1.9461682044095219, "4,5": 0.6170171281542407, "4,6": -0.5950149454261218, "4,7": 1.4127273972276089, "4,8": -1.5792491354139515, "4,9": 0.09785255788477798, "5,10": -1.786843119020412, "5,11": -0.39483912175412783, "5,6": 0.46019863975678277, "5,7": 1.334484517828578, "5,8": 0.192593409842726, "5,9": -0.5760538591747877, "6,10": -1.6979974513764615, "6,11": 0.37674991672871716, "6,7": 0.33232843038156457, "6,8": 1.356666795520197, "6,9": -0.6362075080716454, "7,10": -1.630977487862169, "7,11": 1.318306406661633, "7,8": -1.2582489295140276, "7,9": -1.5987259615487521, "8,10": -1.09862297214439, "8,11": 1.565921797694942, "8,9": 1.8599352749676585, "9,10": -0.6111944003946905, "9,11": -0.059330244824851164}, "bias": {"0": -0.8072431545054568, "1": 0.779678631950451, "10": -0.12910578909736348, "11": -0.7130830755466868, "2": 0.8998322690113822, "3": -0.4672634878881563, "4": -0.6542479600706039, "5": -0.7449589536958103, "6": -0.4492953493363794, "7": 0.3946072353587817, "8": 0.9780864709491517, "9": -0.371156289277462}}