{"Q": {"0,1": -0.8435766978633357, "0,10": -1.8845464211556213, "0,11": 0.28861669048419225, "0,12": 0.15829471769019277, "0,2": -0.2620738292217597, "0,3": -1.3102335745002613, "0,4": 1.194725282504712, "0,5": -0.47246140176404383, "0,6": 1.4087409808006672, "0,7": 0.5976227522576631, "0,8": -0.4025587299470641, "0,9": -1.9305292442322757, "1,10": 0.856199353224552, "1,11": 1.7942129867312513, "1,12": 1.8707541065272455, "1,2": -1.4115654731557092, "1,3": -0.48189947716837267, "1,4": 1.1132527979984133, "1,5": 1.426594836760331, "1,6": 1.8197504890605747, "1,7": 1.012159679526592, "1,8": -0.7363688328613076, "1,9": -1.2692069677257716, "10,11": -1.3306542393475032, "10,12": 0.6050737001685067, "11,12": 0.8859618956864885, "2,10": -1.0668086715368714, "2,11": 1.914490014468007, "2,12": -1.0972087361131542, "2,3": -0.957280580680071, "2,4": 0.5623071677177971, "2,5": -1.7294864611635883, "2,6": 1.3835872751750449, "2,7": 1.8371900604816296, "2,8": -1.2494207954301966, "2,9": -1.40619879986945, "3,10": -0.9669386952088068, "3,11": -0.5134176813908127, "3,12": 1.79432348053609, "3,4": 1.9135951099174706, "3,5": -1.1140535781143157, "3,6": 1.2515052504678632, "3,7": -0.692784403815518, "3,8": 1.0387667813706187, "3,9": 0.6284998875464645, "4,10": 0.021496330259085372, "4,11": -1.2496886431165612, "4,12": 0.8838426387230189, "4,5": 1.2459823407976502, "4,6": -0.780681310707847, "4,7": 1.0565495033466439, "4,8": -1.1135630852012102, "4,9": 1.748257126720668, "5,10": -1.7482716265122011, "5,11": 0.1690169100683172, "5,12": 1.9192689532794653, "5,6": 1.201754121921672, "5,7": -1.2390774640309625, "5,8": -0.8404501882360091, "5,9": -1.2682620644354476, "6,10": -0.5341985368466928, "6,11": -1.3155345970717254, "6,12": -0.40490923171683724, "6,7": 1.7550009816852992, "6,8": 1.9479726733084393, "6,9": 1.804587961223881, "7,10": -0.00674162434179193, "7,11": -1.0682275944839348, "7,12": -1.1816741848172456, "7,8": -0.4302584360968318, "7,9": -1.5512653770362452, "8,10": 1.1413393405732615, "8,11": 0.8888961579376864, "8,12": 0.5883512643391686, "8,9": 0.2207075110303931, "9,10": 1.3047991491648188, "9,11": -0.5235522600066052, "9,12": 1.9289808134700461}, "bias": {"0": 0.7426117897902258, "1": 0.3354958166484481, "10": 0.20813316105962731, "11": -0.08708768423571112, "12": 0.43904580205184396, "2": -0.8180774323415814, "3": -0.8904381676209787, "4": -0.01999128849353271, "5": 0.32900477069453093, "6": -0.5803407147448891, "7": -0.6454788808332121, "8": -0.6521785039155128, "9": -0.7934015332834712}}