{"Q": {"0,1": 0.8432389389476143, "0,10": -0.6416608114318745, "0,11": 0.01970094643839637, "0,12": 1.9266559357659991, "0,13": -1.1950939151792417, "0,14": 1.5161320148054642, "0,15": -0.5275392144746593, "0,16": 1.25597116741032, "0,17": 1.9765754372722157, "0,18": 1.0442301500691933, "0,19": -0.4118510149639647, "0,2": 0.9665731040054806, "0,3": -1.669106184292505, "0,4": -1.095096401508561, "0,5": -0.15880901081439136, "0,6": -0.6085925619000543, "0,7": -0.4656775478428057, "0,8": 0.6958875961535056, "0,9": -1.6633427076792562, "1,10": -0.9036073602115686, "1,11": -0.557655579459782, "1,12": -0.46351617752811425, "1,13": 0.7869293775715462, "1,14": 0.8921352173056634, "1,15": -1.329340088341191, "1,16": 0.8361530527755661, "1,17": 1.1786163051374348, "1,18": -0.1270997138583665, "1,19": -0.7943453562293326, "1,2": 1.5932043894739345, "1,3": -1.6893997770563223, "1,4": -1.7007173894113277, "1,5": 0.8090220158730528, "1,6": 1.6760340536454077, "1,7": -1.9055189792538019, "1,8": -1.386719994336235, "1,9": 0.9536944834101204, "10,11": 1.6369726828197653, "10,12": 0.2841299630853089, "10,13": -0.9532170200516412, "10,14": -1.269586613999068, "10,15": 1.6971233795834446, "10,16": 1.6363158654819259, "10,17": -1.9924013939011975, "10,18": -0.6128257449523455, "10,19": -0.9285139309979953, "11,12": -1.8535989377021944, "11,13": 0.6987702877978128, "11,14": 1.6003308837062389, "11,15": -0.8251135145166515, "11,16": 1.2623768629538796, "11,17": 0.4825941288957565, "11,18": 1.337980217826412, "11,19": 1.551004339668511, "12,13": 1.021297610693447, "12,14": 0.7619074026150137, "12,15": 1.2951589698922934, "12,16": -0.39921409986370904, "12,17": -1.652551997625178, "12,18": 0.8641139277031424, "12,19": 0.1780065408688647, "13,14": -1.7931108880330289, "13,15": 0.42576464553215265, "13,16": 1.2458558220878406, "13,17": -1.2227055693945643, "13,18": -0.7430282938661144, "13,19": -1.1504268703252243, "14,15": 1.8914558929007943, "14,16": -1.3002991136024336, "14,17": -1.9744475491794038, "14,18": -0.786625038864075, "14,19": -0.05911021360997326, "15,16": 0.3723128148159458, "15,17": 1.9433618966785802, "15,18": 1.9381613275069118, "15,19": -0.5928919171899603, "16,17": 1.9264492437669567, "16,18": 0.06308006622794027, "16,19": 1.7621574946574716, "17,18": -1.49478870521278, "17,19": 0.7941435920970843, "18,19": -1.7662536603646384, "2,10": 0.5360782510084641, "2,11": -1.6160695003791026, "2,12": -1.4007602135702863, "2,13": 1.372651278889264, "2,14": 0.016490990192528532, "2,15": -1.1400709665308728, "2,16": 0.1430901937800484, "2,17": 0.2640887941918284, "2,18": 0.3333343659661865, "2,19": 0.9086768275646167, "2,3": -1.8291055279202761, "2,4": 0.8609645288035432, "2,5": 0.34919732399529124, "2,6": -1.434504151787293, "2,7": -1.884437098874988, "2,8": 0.5830792934974052, "2,9": 1.456561047026324, "3,10": -0.0020651939892006865, "3,11": 1.542999155132923, "3,12": -1.1415312045209114, "3,13": 0.9092251048147513, "3,14": -0.7486788412564502, "3,15": -1.8246096186470715, "3,16": -1.2163973098275762, "3,17": -0.8732987273552175, "3,18": -0.744456507076479, "3,19": 1.7748668647536174, "3,4": -0.8979076934762515, "3,5": -0.7387395593058743, "3,6": -1.1511880095465856, "3,7": 0.1734828190252462, "3,8": -0.2590012737887806, "3,9": -1.0267620264471593, "4,10": 0.5661104287552599, "4,11": -0.02073287591970141, "4,12": 1.8190419424472153, "4,13": -0.736316113693515, "4,14": -0.8425706700903959, "4,15": -1.5446608851418153, "4,16": -1.9132401126588774, "4,17": 1.795804188405342, "4,18": -0.3791484600171211, "4,19": -0.8467068520259353, "4,5": -1.7909349753419415, "4,6": -1.7304119689654756, "4,7": 0.5730291372453222, "4,8": 0.38973546365431133, "4,9": 0.48537376365632, "5,10": -0.6689200806014308, "5,11": 0.3613599279351578, "5,12": -0.9753241624779752, "5,13": 1.9453064035577525, "5,14": -0.017553609633055967, "5,15": -1.1997578694137858, "5,16": -0.16499267609755863, "5,17": -1.301159078862915, "5,18": -0.9507327465023563, "5,19": -0.5775227578306916, "5,6": 0.12631395475709617, "5,7": -0.14331825696528488, "5,8": 1.970458617691838, "5,9": 0.6616035587767031, "6,10": -1.5265042562746634, "6,11": 0.7750077520947327, "6,12": 1.6335148857576387, "6,13": -0.7439005449685565, "6,14": 1.9020261244353112, "6,15": 0.9226810687269942, "6,16": -0.45001278826432767, "6,17": -0.9284293249336821, "6,18": -1.276943732772958, "6,19": -1.690692959528663, "6,7": -0.6771897465511079, "6,8": 0.363978697805281, "6,9": 1.7199379141664966, "7,10": 1.433271505213714, "7,11": -0.5902719434614654, "7,12": -0.38711676556762864, "7,13": 0.053175999137196506, "7,14": 1.5960974603042404, "7,15": -0.2636847643344602, "7,16": 0.5823781305817359, "7,17": 0.2607639423106942, "7,18": 1.338124446350775, "7,19": 1.4824278552337287, "7,8": -1.629201109255602, "7,9": 0.13809032646169017, "8,10": -0.5799969962438758, "8,11": -1.8929564716756637, "8,12": -1.989637426431829, "8,13": 1.6516854329237902, "8,14": -1.1747636317807792, "8,15": -0.059028333253708265, "8,16": -1.8505895346540857, "8,17": -1.5726666869004613, "8,18": 1.5162798372939634, "8,19": 1.448127447614553, "8,9": -0.6115264699961998, "9,10": -0.5417342309141224, "9,11": -1.094216925636868, "9,12": -0.8253640189395175, "9,13": -1.0063930417327667, "9,14": 1.2380009947666784, "9,15": -1.7921396337893647, "9,16": -0.34251717268198467, "9,17": -0.34288615852869464, "9,18": 0.1427564521717133, "9,19": -1.17638238122036}, "bias": {"0": -0.19611683889782583, "1": -0.15324291619243735, "10": 0.06041751547457541, "11": -0.27881058907570533, "12": 0.44787135038272097, "13": -0.5207254403668813, "14": 0.979373691780981, "15": 0.7176088174503408, "16": -0.7133414108001024, "17": -0.6279648210832411, "18": -0.6419340197190093, "19": -0.791515673334175, "2": -0.28089954683903073, "3": -0.4895425383179153, "4": -0.6717404412939654, "5": -0.5371835879777211, "6": 0.38139428605349446, "7": -0.03526104491345694, "8": 0.9008306550713028, "9": 0.8298369889204826}}