{"Q": {"0,1": -1.674817085174614, "0,10": 1.2317772463309944, "0,11": 0.3887258826927864, "0,12": -0.6494476949204104, "0,13": 0.7287506672643849, "0,14": -1.895862784240641, "0,15": 0.612387076468722, "0,16": -1.6346493102641317, "0,2": -0.6770954104570235, "0,3": 0.31576246060685476, "0,4": 0.3498257776290772, "0,5": 1.9715337835301256, "0,6": 1.4052304017955346, "0,7": 1.4451234905240504, "0,8": 0.6954073791117552, "0,9": -0.10472541137477753, "1,10": 1.1375739388426958, "1,11": -1.0771877089418935, "1,12": 1.5530904742229041, "1,13": -0.7928978168432455, "1,14": -1.0340673755916474, "1,15": 0.42628549408472427, "1,16": -0.7955475333985125, "1,2": -0.7484041710126683, "1,3": 1.3205741137449443, "1,4": 0.381211310204304, "1,5": 0.07577042068064799, "1,6": -0.8955948285786626, "1,7": 1.3654453120643222, "1,8": 0.3351448802524484, "1,9": 0.8923708301282409, "10,11": 0.24154196266082684, "10,12": 1.6788443613451989, "10,13": 0.18365661296711533, "10,14": -0.3537871042865226, "10,15": -0.2746913910371309, "10,16": 1.6046477697240782, "11,12": 0.40203429909233845, "11,13": -1.8547912093176722, "11,14": -1.7606441229330883, "11,15": -0.3132079220378734, "11,16": 1.1519875433959217, "12,13": 1.1509995084816307, "12,14": 0.021855393406955415, "12,15": -1.1736734331202507, "12,16": 0.4771575048903931, "13,14": -1.826450773490898, "13,15": 1.455765057465137, "13,16": 0.534789695621428, "14,15": -1.1698576224447703, "14,16": -0.8883922682394978, "15,16": 1.894591543875257, "2,10": -0.8833398152527225, "2,11": -0.25585650089961387, "2,12": 0.06859535043776699, "2,13": -0.9026558281625054, "2,14": -0.21963766818532005, "2,15": -0.7184090803963983, "2,16": 0.54194485415502, "2,3": 1.2369247144318214, "2,4": -1.5106615201563174, "2,5": -0.5554821301120181, "2,6": 0.273831207927282, "2,7": -1.4120253540077492, "2,8": 0.8578656185640021, "2,9": 1.9009600457282714, "3,10": 1.626232210259165, "3,11": -0.327040050167283, "3,12": -1.5201566672700193, "3,13": 0.5785548325393073, "3,14": -1.0588378142814947, "3,15": 1.2935173857559263, "3,16": 0.3932702165700199, "3,4": -1.2547865758255279, "3,5": -1.0302810229118808, "3,6": 0.6341725255664912, "3,7": 0.9152902377873873, "3,8": -1.6968751327444607, "3,9": 1.754534276196463, "4,10": -1.2303037381340105, "4,11": -0.1095764475558707, "4,12": 1.6805490828955039, "4,13": 0.8438151522035384, "4,14": -1.229289572688232, "4,15": -1.8139841703238067, "4,16": 1.8735938786168136, "4,5": 0.9548329950679046, "4,6": -1.9245142368186516, "4,7": 0.5192085055536166, "4,8": 1.2970942812460051, "4,9": -0.3194612751027206, "5,10": 0.6902287034039629, "5,11": 1.2017032776822014, "5,12": 1.2209107491727451, "5,13": -1.2704607062764213, "5,14": -0.3733463261047629, "5,15": 1.1039354225019151, "5,16": -0.8839864635602797, "5,6": 0.08970621712615712, "5,7": 1.8442550932931177, "5,8": 0.4114578534708997, "5,9": 0.28462536740547195, "6,10": -0.4309340138193902, "6,11": -1.304955136836206, "6,12": 0.09053389234232112, "6,13": 0.8246124403426953, "6,14": -1.1944145625135096, "6,15": 1.7484923242498445, "6,16": 0.07040464588194251, "6,7": -1.4858128368610592, "6,8": 0.428902840230482, "6,9": 1.545466796907129, "7,10": -0.2639222711642937, "7,11": -1.5630151643264418, "7,12": -1.8864175993829941, "7,13": -0.5625236858150862, "7,14": 0.3783680023487497, "7,15": 1.1279007093252482, "7,16": 0.7518107151604085, "7,8": -1.735868268777034, "7,9": -0.07479355228025764, "8,10": 0.06059347219245259, "8,11": -0.9667537903412642, "8,12": 0.5435648763357812, "8,13": 1.071661588028677, "8,14": -1.529942700444305, "8,15": -0.9367564691396906, "8,16": -1.6843275433790619, "8,9": 1.9819872702694785, "9,10": -1.6447815442852831, "9,11": -1.550501733916315, "9,12": -0.5184193037283547, "9,13": -1.8485040889152353, "9,14": -0.43246679152125234, "9,15": -1.2883572376009962, "9,16": 0.37671473103709596}, "bias": {"0": 0.6569515967491968, "1": 0.7460243986226514, "10": 0.7708378741392379, "11": 0.2604742385529393, "12": -0.06104941992608626, "13": -0.04696003472981691, "14": -0.603293734231791, "15": -0.8774466135561687, "16": -0.7553442946696303, "2": 0.031263725601871295, "3": -0.839350261663377, "4": 0.02267727812125564, "5": 0.5514571653929714, "6": -0.6493144955266763, "7": 0.838847041634424, "8": -0.20918431186484576, "9": 0.21338569172698785}}