{"Q": {"0,1": -1.8972679403896295, "0,2": -0.3054162203852888, "0,3": -1.7936046650479658, "0,4": -0.48276384302958064, "0,5": 1.759165855729127, "0,6": -1.588303932047877, "0,7": -1.5141790706528941, "0,8": 0.6083310755067255, "1,2": -0.5975350569271631, "1,3": -1.3607968698276074, "1,4": 0.9140652378003433, "1,5": 1.096128929233608, "1,6": 0.25036308436818455, "1,7": -0.6060584233265272, "1,8": -1.2017938332348113, "2,3": 1.1220168758856017, "2,4": -1.9509651135664599, "2,5": -0.7832031099392864, "2,6": 1.6655718519764795, "2,7": -1.9399264656885955, "2,8": 0.9861741546909322, "3,4": 1.0098633601003528, "3,5": -0.6089675458651049, "3,6": -1.4801647795706088, "3,7": 1.3287177864112216, "3,8": -0.26055747449473987, "4,5": -0.2825005850398461, "4,6": -0.05448136417293048, "4,7": -0.5584675940948269, "4,8": -1.0328891375849398, "5,6": -0.20302161767739202, "5,7": 1.1367344481103068, "5,8": 0.02246441630189855, "6,7": 1.5343128110948387, "6,8": 0.5826892587444612, "7,8": 1.6286346326446877}, "bias": {"0": 0.710928123954776, "1": -0.3246975239650558, "2": -0.8660606903896804, "3": -0.32894299385258985, "4": -0.957906564777329, "5": 0.26953361693993294, "6": 0.3317955498375398, "7": -0.34256638774399084, "8": -0.20999606348769895}}