{"Q": {"0,1": -0.5481974715801816, "0,2": 1.3895842672988188, "0,3": 1.978037081474881, "0,4": -0.7741675173626552, "0,5": 0.5609289391225012, "0,6": 0.009085870191662515, "0,7": 0.6316576680768469, "1,2": 0.17212940953647937, "1,3": 1.8314146718737083, "1,4": 1.9763222665504374, "1,5": -0.34758365014083026, "1,6": -0.5537196101004782, "1,7": 1.7879921077518137, "2,3": 1.8094486302688328, "2,4": 1.4861114091520045, "2,5": 1.61709451028046, "2,6": 0.6360382686122064, "2,7": -0.15939751583734463, "3,4": -1.8602033324801486, "3,5": 1.2572901927132332, "3,6": 1.441072611581259, "3,7": -1.148477430436484, "4,5": 1.3784202926272417, "4,6": 1.5029260998890805, "4,7": 1.4764487807993878, "5,6": 0.8712018488247524, "5,7": -0.36651332578017604, "6,7": 0.6158476544396474}, "bias": {"0": 0.46768702610763757, "1": -0.9342077322374147, "2": 0.8987027901655085, "3": -0.3418448863175674, "4": -0.19966124102159033, "5": -0.8428467223404121, "6": 0.26044361795306914, "7": 0.5755391488777839}}