{"Q": {"0,1": -0.5788989703475722, "0,10": -0.15921397981167296, "0,11": 1.2831427947067358, "0,12": -1.8907724496689213, "0,13": 0.39708284336928834, "0,14": 1.587327566058582, "0,15": -0.929605247824393, "0,16": 0.12892728757372485, "0,17": -0.7466155818361262, "0,2": 0.43052603007326695, "0,3": -0.6122006634284092, "0,4": 1.0788095513692508, "0,5": -1.3212662930101646, "0,6": 0.8592565188386163, "0,7": -0.8765009838750752, "0,8": 1.588698393203881, "0,9": -0.7972754774993631, "1,10": 1.3474134230459578, "1,11": 1.5641345058261384, "1,12": -1.557344446368639, "1,13": 1.833321861069647, "1,14": -1.1657463123838707, "1,15": -0.10496620277966517, "1,16": -1.1707618898442056, "1,17": -1.5447762950074004, "1,2": -0.9800988404537541, "1,3": -1.8220675440143568, "1,4": 0.8976309940942429, "1,5": 1.5760980011555787, "1,6": 0.5346188643264971, "1,7": 1.9810684146716113, "1,8": -1.878207393707521, "1,9": 1.9380134320946323, "10,11": 0.5833115319849114, "10,12": 1.6742583043090038, "10,13": -0.6665043661626711, "10,14": 0.6957473446164597, "10,15": -0.8672940303193526, "10,16": -1.598517868854504, "10,17": -1.168600494982603, "11,12": 0.45729655568061167, "11,13": 0.41972985349895175, "11,14": 1.1922911152087448, "11,15": -0.04153673055552698, "11,16": 1.7515185699790856, "11,17": -1.0405429939306146, "12,13": -0.2928056716249623, "12,14": -1.7091862338372317, "12,15": 0.3009721095867195, "12,16": 0.6816428053668293, "12,17": 0.9107115156966481, "13,14": 1.8008344879916467, "13,15": -1.6589493093824403, "13,16": -1.728533100931981, "13,17": 0.9608303790374975, "14,15": 0.3175754994241986, "14,16": -0.6531929154609544, "14,17": -1.0027132506281862, "15,16": -0.7792865001039178, "15,17": 0.01870087183068314, "16,17": -0.22863560496633228, "2,10": 0.11244851738537465, "2,11": -1.5156878778781007, "2,12": 0.3810550881741448, "2,13": -1.4404037313401807, "2,14": 0.26457056018664193, "2,15": 1.0883929981132123, "2,16": -1.9938455695431125, "2,17": 1.4987974931958137, "2,3": 1.17797589788269, "2,4": -1.0267934941620176, "2,5": 0.38532017328854895, "2,6": -0.8904879433077042, "2,7": 0.09227948261090857, "2,8": -0.5890670763939783, "2,9": -1.2033499046455045, "3,10": -1.545157608671739, "3,11": -1.7787114663541068, "3,12": -0.03599880816249179, "3,13": -0.34644819456472886, "3,14": 1.3338819613222452, "3,15": 1.3346967389690318, "3,16": -1.0989240864519356, "3,17": 0.6170078170376723, "3,4": 0.17157733405938913, "3,5": 0.7338348488634376, "3,6": -1.7274626603962684, "3,7": 0.9724137901380288, "3,8": -0.42270196802212245, "3,9": 0.3870540297006646, "4,10": -1.2922445305386656, "4,11": 1.1299146757686738, "4,12": 0.8799325553359809, "4,13": 1.0390856366147183, "4,14": -1.2747147156080416, "4,15": -1.578787564196424, "4,16": -1.5877295123895014, "4,17": 1.7046003716693878, "4,5": -1.8025706139746092, "4,6": 1.0260945695166104, "4,7": -0.5807428848678806, "4,8": -0.9569670975888362, "4,9": -0.20617896424243032, "5,10": 0.9626817257759339, "5,11": 0.6218623339157654, "5,12": 0.7077492031025128, "5,13": -0.33154634228010016, "5,14": 0.7633938720865094, "5,15": 1.5188673929549452, "5,16": 1.6226419195127053, "5,17": 0.698896343153911, "5,6": -1.0715219854400688, "5,7": -0.48591764619229405, "5,8": -1.9263448115644133, "5,9": -0.9683681491194487, "6,10": -1.0102447847103755, "6,11": -1.4389698213197049, "6,12": -0.8490190103384174, "6,13": -0.21026452507798243, "6,14": -1.905016865490817, "6,15": -1.9787773880613657, "6,16": 0.3475493994524892, "6,17": -0.2266230842450705, "6,7": -0.011198408438794605, "6,8": -0.05038911641111499, "6,9": 1.0143717215428207, "7,10": -0.49944165020558007, "7,11": -1.31670053741844, "7,12": 1.3375044748116873, "7,13": 1.1037273965412768, "7,14": -0.21690308104104883, "7,15": 1.259987349440566, "7,16": -0.2000403094410914, "7,17": -1.7066323870847544, "7,8": 0.8664629802985884, "7,9": 0.8379073572486901, "8,10": 1.9897308633753092, "8,11": -0.37378840371034716, "8,12": -1.4334118892260808, "8,13": 0.14881386884075454, "8,14": 0.16751447742392633, "8,15": 0.037475378773742296, "8,16": -0.958122184152836, "8,17": -1.8821037192227594, "8,9": 0.8421478641282696, "9,10": 1.708415333156768, "9,11": 1.1016279004515672, "9,12": 1.5330712185278288, "9,13": 0.8954224110463773, "9,14": 1.146887084573419, "9,15": 0.13333608746118086, "9,16": 1.3436422665438044, "9,17": 1.4090779690609914}, "bias": {"0": -0.03505934511676578, "1": 0.37919190720501317, "10": 0.9136898391966606, "11": 0.5350635961788144, "12": 0.08288250002936182, "13": 0.6651501274998657, "14": 0.26639960423080145, "15": -0.8786501742344957, "16": 0.9212457516726948, "17": 0.37758083009586807, "2": 0.236186016673249, "3": 0.4360230780621872, "4": -0.6648582585790066, "5": -0.4204564767778136, "6": -0.9804145643289244, "7": 0.92399613673475, "8": -0.29777424637707495, "9": -0.7636506646444086}}