{"Q": {"0,1": -1.7399069774349813, "0,10": -0.4621040884050358, "0,11": 1.1330814350230312, "0,12": -0.5756629000989286, "0,13": -0.7951809405426458, "0,14": 0.15931622324120465, "0,15": -0.026131423681210908, "0,2": -0.23278982632929912, "0,3": 1.7797432816394414, "0,4": -1.2107527919104593, "0,5": 0.8846397172702498, "0,6": -1.8159090121546324, "0,7": 1.3023593370417066, "0,8": -1.27533361318511, "0,9": -1.4198369040832226, "1,10": 1.3383863247428471, "1,11": 1.4921095565344697, "1,12": 0.7652241908851933, "1,13": -0.3553782676797792, "1,14": -1.0214814360657218, "1,15": 0.9157266393829606, "1,2": -0.9800805019633216, "1,3": -0.697552105306027, "1,4": -0.32281915333891265, "1,5": 0.6727628543341875, "1,6": 0.5389218289905293, "1,7": -0.7134520846867192, "1,8": 0.35850535145844686, "1,9": 1.4960921376842293, "10,11": -1.6672290617465078, "10,12": -0.5618847817082653, "10,13": 0.13769134095762325, "10,14": -1.7049998053625934, "10,15": 0.8409766083747288, "11,12": 1.1441538190516263, "11,13": 1.6335195328615177, "11,14": 1.8852786461063404, "11,15": 1.815744177398694, "12,13": 1.559561451158273, "12,14": -1.927317224055073, "12,15": 0.3915032410973236, "13,14": 0.14246503581170256, "13,15": -0.11955728779812791, "14,15": 0.41822857800643476, "2,10": -0.18724679459552585, "2,11": 0.32132705388528526, "2,12": 0.6862409671310199, "2,13": 1.8302320254450515, "2,14": -1.8581242598434122, "2,15": -1.7428442973690084, "2,3": -1.688833085786401, "2,4": 0.7410665738471263, "2,5": -0.6181861476359218, "2,6": 0.9756730761192038, "2,7": -0.21804309550276058, "2,8": -0.25248926825980345, "2,9": -1.7425276294385852, "3,10": 0.707461488943824, "3,11": 1.5842446783917326, "3,12": -1.2273179049810206, "3,13": -1.3478802753526384, "3,14": -1.0805601956954054, "3,15": -0.791935442798887, "3,4": -1.7520367605236893, "3,5": 0.57520008148192, "3,6": -0.6982675471011732, "3,7": -0.03578958630230167, "3,8": 0.40596126944452005, "3,9": 1.5862795754624597, "4,10": 1.7070760644515515, "4,11": 0.6537236197262124, "4,12": 1.330635863541453, "4,13": 1.7922313293689451, "4,14": 0.7082283371254934, "4,15": 0.736137764853408, "4,5": 1.6111095698400497, "4,6": -0.30469423697703446, "4,7": 0.7574253347267597, "4,8": -1.907765709154177, "4,9": -1.5375562134915843, "5,10": 1.480579568502519, "5,11": -1.3969967447843965, "5,12": 0.5880093305314031, "5,13": -1.6557401038508006, "5,14": 1.994703581585934, "5,15": -1.9945701374504652, "5,6": -0.08355079578394031, "5,7": 0.07197676051277524, "5,8": -1.6910559995332362, "5,9": -0.2692256746765098, "6,10": 0.30779152391541675, "6,11": 0.38816622462495154, "6,12": 1.2732398954227468, "6,13": 0.721812339049063, "6,14": 1.0953826194733924, "6,15": 1.7853822353123903, "6,7": -0.33078796889447615, "6,8": 0.3467038574227672, "6,9": 0.9336153797006119, "7,10": 1.2454102842523258, "7,11": 1.855914362724019, "7,12": 1.905857005897941, "7,13": -0.43589536450627175, "7,14": 0.9029151503459958, "7,15": 1.4159774166780936, "7,8": -1.3753025937477967, "7,9": -0.9353602590780739, "8,10": -0.0866394062029312, "8,11": -0.43871189102997743, "8,12": -1.6818073645256102, "8,13": -1.5565177793362421, "8,14": -1.493108082412188, "8,15": 0.11761729908865481, "8,9": 0.9131986877807572, "9,10": 1.8185201755514355, "9,11": 0.1362539764533821, "9,12": 0.7267845772639503, "9,13": 0.9625629816797399, "9,14": -1.6845000884830994, "9,15": -1.7969281952513776}, "bias": {"0": 0.1744654232295122, "1": 0.6836703353703697, "10": 0.1802858025969698, "11": 5.7745446913726184e-05, "12": -0.3865709754208919, "13": -0.3617746037121572, "14": -0.13932233789952764, "15": -0.24877734617038127, "2": -0.6203633882892721, "3": 0.7790113207410372, "4": 0.3426750426999077, "5": -0.47493941889336555, "6": -0.2915436182009443, "7": 0.8230564248532029, "8": -0.4717389344732057, "9": 0.2523957685555007}}