{"Q": {"0,1": 1.383907904402545, "0,2": -1.610190152268709, "0,3": -0.8643209091226285, "0,4": -1.7234169278175862, "0,5": -1.6348529906228504, "0,6": 0.7926178320730481, "0,7": -0.43783150616838906, "0,8": -1.1255424606726478, "1,2": -1.1229015117734948, "1,3": 1.2880178095173744, "1,4": -0.7698841715917943, "1,5": 1.352687577376987, "1,6": 0.9555886366113131, "1,7": 0.19976445113182528, "1,8": -0.3945011418985893, "2,3": 0.077404461396124, "2,4": 0.9935432245400557, "2,5": 1.9766773134196534, "2,6": -0.32456945002280246, "2,7": 1.4542477970126946, "2,8": -0.48942058429310276, "3,4": 0.0419435989093615, "3,5": -0.3121654678952268, "3,6": -1.8669302128929166, "3,7": -1.6745019973092945, "3,8": 0.860787633543985, "4,5": -0.5686758541061954, "4,6": -1.349247364795354, "4,7": 1.0263717563880537, "4,8": 0.9353822644565559, "5,6": -0.057277996181027024, "5,7": -0.4210724054520041, "5,8": -0.1243361581410638, "6,7": -1.1777221979002568, "6,8": -0.4001480003121114, "7,8": -1.2762341947770142}, "bias": {"0": 0.5241448469294054, "1": 0.6732749402293576, "2": 0.32942874581165604, "3": -0.1753120209544088, "4": 0.20810544413681753, "5": 0.12570212422652993, "6": 0.05103289339076045, "7": -0.7702208802029271, "8": -0.6256619464173172}}