{"Q": {"0,1": 0.031369253050591794, "0,10": 1.81314276572667, "0,11": 0.07985501516889926, "0,12": 1.889461870391345, "0,13": -1.8004168435271817, "0,14": -0.6441575234093402, "0,15": 1.8444712533063545, "0,16": -1.7250030910649716, "0,2": -1.4810377159351273, "0,3": -1.8114536391637293, "0,4": 1.4065090045216833, "0,5": -1.1272359758887687, "0,6": 0.14736332694407306, "0,7": -0.659814238960863, "0,8": 1.5876068706317836, "0,9": -0.3346582449646842, "1,10": 0.23937089780699683, "1,11": 1.3782842084533837, "1,12": 1.3816190269389832, "1,13": 0.579094488660477, "1,14": -1.8347470939492179, "1,15": 1.6877416311193998, "1,16": -1.8521889837928147, "1,2": -0.20224526719408864, "1,3": -1.7105173987275797, "1,4": -1.9445980607041102, "1,5": -0.6696740747934582, "1,6": 1.1108076938895257, "1,7": 0.9198116383234378, "1,8": 1.4197497333792999, "1,9": -1.6199476621983027, "10,11": -1.1471628818025925, "10,12": 0.0647770140863888, "10,13": 1.0181253738116034, "10,14": 0.2550473801948838, "10,15": -0.7653061259067537, "10,16": -1.4171138366080935, "11,12": 0.6468255871380411, "11,13": 1.107979845198567, "11,14": 1.2543439693820755, "11,15": 0.4072371747298962, "11,16": -0.24773676222998153, "12,13": -0.3482499139200419, "12,14": 0.8525302084841497, "12,15": 1.4188443690936445, "12,16": -0.4760670044792392, "13,14": 1.0329166688594054, "13,15": 1.7912169103048603, "13,16": -0.8375910274353529, "14,15": 0.7234200824163941, "14,16": 1.1330286560740608, "15,16": 1.3314859227383304, "2,10": 1.035704448633909, "2,11": 1.6792967932220986, "2,12": -1.3728188347747259, "2,13": -1.5072507105154251, "2,14": 0.9249259169124397, "2,15": 0.8452168604776622, "2,16": 1.0396980307571098, "2,3": 0.11642913416767131, "2,4": 0.9905746382422782, "2,5": -1.2758372622861573, "2,6": 1.1336156957204064, "2,7": 0.05408209076764825, "2,8": -0.9386843784196692, "2,9": 1.6273616803692863, "3,10": -0.6305017193022455, "3,11": 0.02852804756099747, "3,12": -0.9495659120167592, "3,13": 1.9264171528176166, "3,14": 1.885274833207617, "3,15": 1.0990709883904488, "3,16": 1.3855469841384682, "3,4": 0.7219215291741361, "3,5": 0.6601187301365754, "3,6": -0.09346290495345988, "3,7": -0.6804326297785934, "3,8": 0.6532007943011844, "3,9": -1.4394400238872929, "4,10": 1.958766813798496, "4,11": 1.8654973306098483, "4,12": 1.2346398079122132, "4,13": -0.1632818486542189, "4,14": 0.3480347656391767, "4,15": -1.1580230570532128, "4,16": 0.9236818265194433, "4,5": 0.9880395475665078, "4,6": -0.36494477091342015, "4,7": 0.8465235455328042, "4,8": -1.6377257023076823, "4,9": 1.6106352656896794, "5,10": 0.47390679321397666, "5,11": 0.140122297971641, "5,12": 0.7858695226411587, "5,13": 0.08271372633087903, "5,14": 0.7335095432769041, "5,15": -0.44197954426858743, "5,16": -0.296527106538802, "5,6": -0.029451750359892337, "5,7": 1.9236282633757704, "5,8": 1.0923487702778196, "5,9": 1.1745212510616425, "6,10": -0.5146188118690307, "6,11": 0.520064584814456, "6,12": 1.7332719156172836, "6,13": 0.35257664704164027, "6,14": -1.364079081084053, "6,15": -0.5907885554865979, "6,16": 0.4991547397437528, "6,7": -1.1192274606943289, "6,8": -0.34284541417802483, "6,9": 0.8327936164889542, "7,10": -1.347024326092371, "7,11": 0.5458299463414025, "7,12": 1.881593990799424, "7,13": -0.7509586369086048, "7,14": 0.31731859397972206, "7,15": -1.740627048483089, "7,16": 0.6059984982526223, "7,8": 1.943314020441048, "7,9": 0.30627706110497854, "8,10": 0.17892206992689452, "8,11": 0.8978693679058249, "8,12": -1.399220132028948, "8,13": -0.36157177580163147, "8,14": 0.32684858827479424, "8,15": -1.5069395543457071, "8,16": -1.7733983872060568, "8,9": -1.3103469942671846, "9,10": 1.536192871461091, "9,11": 1.1288692202055923, "9,12": -1.4848432432381853, "9,13": 1.2631661744923588, "9,14": 1.6079172893252611, "9,15": -0.03292414192988602, "9,16": -0.5750792259888544}, "bias": {"0": 0.2053081014507192, "1": 0.22048558394585438, "10": 0.7053370731070971, "11": 0.2398365811534675, "12": 0.12439743518984092, "13": 0.09928768496123452, "14": 0.5783716221126747, "15": -0.41235522722809814, "16": -0.4480553305384256, "2": 0.5781337322186497, "3": -0.6746506155247247, "4": -0.13061085068385614, "5": -0.553093375690821, "6": -0.565038036704844, "7": -0.9018186159687649, "8": 0.4425529862369104, "9": -0.3038807779844148}}