{"Q": {"0,1": 0.050787160650225704, "0,10": -1.7381084449221293, "0,11": 1.2290780981056835, "0,2": -0.6379126638776644, "0,3": 1.23600131069515, "0,4": -1.1912591075664167, "0,5": 1.833618750430921, "0,6": -0.6800289480363615, "0,7": -1.3978620155258468, "0,8": 1.4565840762911981, "0,9": -1.0592302288299598, "1,10": -1.6487865701240056, "1,11": -0.7853546459216902, "1,2": -0.332424032152554, "1,3": 1.586482783705243, "1,4": -0.10409368072576441, "1,5": 0.46420505280698077, "1,6": -1.2869409788468689, "1,7": 0.28453165623409093, "1,8": -1.0406708276878933, "1,9": -0.20283942966511814, "10,11": 0.37356397524151763, "2,10": 1.103327576438331, "2,11": 0.10457973614230864, "2,3": -0.8829378314168959, "2,4": 1.0604919966828787, "2,5": 1.4476159817027114, "2,6": -1.0486183928180446, "2,7": 0.005408084391025358, "2,8": 0.8772598535286149, "2,9": 1.0743151857260917, "3,10": 1.5106660078021577, "3,11": 0.3819540660519145, "3,4": 1.4138475331428109, "3,5": 1.5511682525126838, "3,6": -1.4274533115662327, "3,7": 1.3073152397250989, "3,8": -1.1644815717237562, "3,9": -1.5024008659455022, "4,10": 0.42889715039762777, "4,11": 1.9238028691513342, "4,5": 0.5062502723866529, "4,6": 1.9772879869754862, "4,7": -1.2191084403415355, "4,8": -1.063612705448198, "4,9": 1.976174328308098, "5,10": 1.3402488515423494, "5,11": -0.1376919634145386, "5,6": 0.045337780528695415, "5,7": -1.1080319230234656, "5,8": -0.2929911576393751, "5,9": -0.5285505455797721, "6,10": -1.4890479426214887, "6,11": -0.30664845642911676, "6,7": 0.3131613438810814, "6,8": -0.5867695538285118, "6,9": 1.5834747316165663, "7,10": -0.1451374328184909, "7,11": -0.5942710660561858, "7,8": -1.8024089838987023, "7,9": 1.1301527223451378, "8,10": 1.610845323982395, "8,11": -1.5493816930559992, "8,9": -0.28133820744872073, "9,10": 1.0292082824792725, "9,11": -1.034702732623039}, "bias": {"0": 0.5178465003215609, "1": -0.6425438867171915, "10": -0.8350200160121821, "11": 0.4234877945484965, "2": -0.31215813045805163, "3": 0.9202354137546485, "4": -0.6374087738087664, "5": -0.25646291535377186, "6": -0.5484962771164275, "7": -0.31262575803230663, "8": -0.5972496574039321, "9": 0.4899540509726392}}