{"Q": {"0,1": -0.191359136028888, "0,10": 0.3474166300076016, "0,11": -0.9136838923038404, "0,12": -0.8259983081164961, "0,13": 1.7723001400854876, "0,14": 0.16367809143815437, "0,2": -0.5088313101126398, "0,3": 0.24230224761305186, "0,4": 1.1476490399542216, "0,5": 0.03468911806120678, "0,6": 0.9934053694308891, "0,7": -1.8909453063908592, "0,8": 0.9292226335110709, "0,9": 0.671230391134086, "1,10": 0.1244592391240098, "1,11": 0.2877075767541428, "1,12": 1.696910300813748, "1,13": -1.0679533126196614, "1,14": -0.8438938592727716, "1,2": -1.689604263466507, "1,3": 0.10284898804504294, "1,4": -0.5184528655816183, "1,5": -0.6276569405126682, "1,6": 1.2908481442500896, "1,7": 0.3084918733566182, "1,8": -0.6826027951807396, "1,9": -1.5047600274291657, "10,11": 1.4183132302542845, "10,12": -0.25414312191938926, "10,13": -1.9935075628164602, "10,14": 1.7011878333124946, "11,12": -0.9946495379648623, "11,13": 0.5290084783523188, "11,14": 1.3269858389504527, "12,13": -1.1886725187889753, "12,14": 0.6577275210559068, "13,14": 0.6582424810242142, "2,10": 1.7645769522866188, "2,11": -1.1938504275966904, "2,12": 1.2035557438707802, "2,13": -0.702481737960913, "2,14": -0.1733659376915142, "2,3": -0.6669091369061122, "2,4": -0.26977642554581127, "2,5": 0.9623678085502148, "2,6": 0.06547885574051149, "2,7": 0.29397928181074295, "2,8": -0.060900381118605296, "2,9": 1.1468494830195826, "3,10": 0.6828555602933659, "3,11": -1.9116005730806327, "3,12": 1.5526068866876503, "3,13": 1.6148467809837483, "3,14": 0.6979162491966684, "3,4": -1.3498139455838292, "3,5": -0.8508081031265524, "3,6": 1.3634346114102218, "3,7": 1.078379878616738, "3,8": 1.2654803660298595, "3,9": -1.5855560925853944, "4,10": -1.00332384713758, "4,11": -1.630624726667178, "4,12": 0.5913176493305081, "4,13": 0.5455755872571206, "4,14": 0.04500843804554666, "4,5": -1.4362851390862441, "4,6": -0.9267306865524096, "4,7": 0.34523592232987355, "4,8": 0.2944716955455222, "4,9": 1.4015008456228828, "5,10": 0.23117188831186963, "5,11": -1.7474462891396514, "5,12": -0.4457570210385051, "5,13": -1.9944157561629434, "5,14": 0.6839197353500603, "5,6": -0.10618211873905459, "5,7": -0.024416736553572793, "5,8": 0.09635913062408852, "5,9": 1.8702190559349203, "6,10": 1.5069316273939348, "6,11": -1.2473084689745946, "6,12": -1.6636497069822558, "6,13": -0.7540436096992207, "6,14": -0.02255950907064852, "6,7": -0.36668639253773394, "6,8": -1.270772764457532, "6,9": 0.39921622132605084, "7,10": -0.7865569184236407, "7,11": 1.1498624461928775, "7,12": -1.8359286441155445, "7,13": -1.970646439980182, "7,14": -1.214354959809806, "7,8": 1.892000771911897, "7,9": 0.6113912137821425, "8,10": -0.4979503103730627, "8,11": -1.76939521670656, "8,12": 1.597411213513884, "8,13": 1.3209230085202308, "8,14": -0.6716877352821302, "8,9": -1.550672727507047, "9,10": -0.6633330292711763, "9,11": 0.016729941500833956, "9,12": -0.007792391574193758, "9,13": 1.06286962325097, "9,14": 1.275662258551486}, "bias": {"0": -0.21112978807921312, "1": -0.2276060018985515, "10": -0.23367149424303624, "11": -0.2849475142805349, "12": -0.9967338620684691, "13": -0.18702195846622804, "14": 0.3075326288571465, "2": -0.0013578437355032946, "3": -0.8153797801429217, "4": -0.23135440625334547, "5": -0.019275152793503336, "6": 0.7359331688199249, "7": 0.2521149551331927, "8": -0.39473771370548505, "9": -0.15841176055443396}}