{"Q": {"0,1": -0.008966973787150057, "0,2": 0.0559276374610409, "0,3": 0.6475185903771252, "0,4": -1.3200369662978466, "0,5": -1.7599969180680546, "0,6": -0.531667098297592, "0,7": 1.4472189215987483, "0,8": 0.47764234567011377, "0,9": -1.8710154090758406, "1,2": -0.6483937886487916, "1,3": 1.6800745301930489, "1,4": 0.9241727473040569, "1,5": 1.0033237816738962, "1,6": -0.47877882568057295, "1,7": 0.7635262625507897, "1,8": -1.7230032218527982, "1,9": 1.6499654972841973, "2,3": 1.063533333253175, "2,4": 0.5652895791199604, "2,5": -1.5581984713331836, "2,6": -1.949714468210436, "2,7": 0.5145752746443049, "2,8": -1.0361138393135967, "2,9": -0.6233659903461524, "3,4": -0.2550854667815088, "3,5": -1.4154186234746775, "3,6": 1.529537254258706, "3,7": 0.9092597595095309, "3,8": 0.9852811823957515, "3,9": 1.7154511380914035, "4,5": -1.3318765444789098, "4,6": -1.8024939561901125, "4,7": 1.9521072615008848, "4,8": -0.49020351797791806, "4,9": 1.427559911079809, "5,6": -0.13986686577270646, "5,7": -0.7034366009478257, "5,8": -1.5397185494246672, "5,9": -1.6105160294772363, "6,7": -0.4676329452811898, "6,8": -1.1962666308803804, "6,9": -1.320927774559491, "7,8": 0.3984670954423408, "7,9": -1.4047353599900738, "8,9": -1.6108743608792846}, "bias": {"0": 0.07767810312672441, "1": 0.5122585343906492, "2": -0.773575473179513, "3": -0.2548062843531229, "4": 0.3563173507538955, "5": 0.49580165196668013, "6": -0.305941668212969, "7": -0.8390202047199533, "8": 0.2760783857925373, "9": 0.8297277867306654}}