{"Q": {"0,1": 1.65202682530904, "0,10": 0.29173347258021876, "0,11": 1.996993755743465, "0,12": 0.2694897750213707, "0,13": 0.5858004189420414, "0,14": -1.7334584798374886, "0,2": 1.9837457828445912, "0,3": -0.6345548663761016, "0,4": -0.9789236995967672, "0,5": 0.37401801431539416, "0,6": 0.6045815757279267, "0,7": -1.0737257346647424, "0,8": -1.567826167767194, "0,9": 0.8992190885585924, "1,10": -1.407783289424434, "1,11": 1.9125050965444204, "1,12": 1.4473083092712797, "1,13": 0.20987981893413865, "1,14": 1.8524062344730492, "1,2": 1.281200055433342, "1,3": -0.6547345299723148, "1,4": 0.9167582112306789, "1,5": 0.6634822956321909, "1,6": 0.3511361049171029, "1,7": 0.44325290939395634, "1,8": 0.15273262202816795, "1,9": 0.9032599383173858, "10,11": 0.3096203629267964, "10,12": 1.9415029791282747, "10,13": 0.5708713650576742, "10,14": -0.396336622719867, "11,12": 0.39511991381744727, "11,13": -1.2975365779619308, "11,14": -0.8242006411205787, "12,13": -0.8420198681085593, "12,14": 1.0401677941901633, "13,14": 0.6369622634384307, "2,10": 0.33388902983631485, "2,11": -1.1940342470380094, "2,12": 0.6483393740049634, "2,13": -0.9283051234925424, "2,14": -0.9881553851838647, "2,3": 0.9882893422545243, "2,4": -1.5034650425230853, "2,5": -1.1959215334200426, "2,6": -1.4083546312021284, "2,7": 0.34257696830787054, "2,8": -0.5080985137779885, "2,9": 1.5449387293812804, "3,10": 0.8500160597022455, "3,11": 0.12388836187056107, "3,12": -0.7014946766677621, "3,13": 1.122478663534178, "3,14": 0.6410831484528141, "3,4": -1.7838334961401312, "3,5": -0.3256311125794369, "3,6": 1.9464971038350796, "3,7": -1.3506226312132372, "3,8": -1.584680671642368, "3,9": 1.4185152182617298, "4,10": 1.8705076166853605, "4,11": -0.43961672757486747, "4,12": 1.3844907099515429, "4,13": 0.03971001728828405, "4,14": 1.8560229809524684, "4,5": -1.8205879210266485, "4,6": -1.8126386366738862, "4,7": 0.64085245521686, "4,8": -1.5898616526288736, "4,9": 1.1435128621297252, "5,10": 1.3320643901059883, "5,11": 1.25705437144862, "5,12": 0.472783685245584, "5,13": -0.5060014315588921, "5,14": 1.097693115006114, "5,6": 1.1588942252755285, "5,7": 0.2709329663422091, "5,8": 1.37204159461219, "5,9": 0.13404367246722293, "6,10": 0.1279941635471049, "6,11": -0.37103883297169604, "6,12": -1.5392386936979432, "6,13": 0.9785412523706563, "6,14": -1.8815593118529534, "6,7": 0.12079787609085102, "6,8": 1.9581132462874193, "6,9": -0.23654173485905083, "7,10": 1.4985553077459768, "7,11": -1.4107375183089954, "7,12": -1.634180294548337, "7,13": 0.7046462137250504, "7,14": 0.9596543978198349, "7,8": -0.49840887577201753, "7,9": 1.6601442550405485, "8,10": 0.06765098947620496, "8,11": -0.01578627147668632, "8,12": 1.1007860415614381, "8,13": 1.5832784696843007, "8,14": 0.9147737171004318, "8,9": -0.40377530344736945, "9,10": -1.6776200134369983, "9,11": -0.24358694841284345, "9,12": -1.1483990565113893, "9,13": -0.13358407144691897, "9,14": -0.8006774860393446}, "bias": {"0": 0.983162960757999, "1": 0.10232283864864189, "10": 0.9930986448548154, "11": -0.8185740213792578, "12": 0.21084499685176472, "13": -0.9600592470860043, "14": -0.966298951733795, "2": -0.6880354974639504, "3": 0.15238663957046206, "4": 0.4738517076740285, "5": 0.24365457394502665, "6": -0.8145955348454121, "7": 0.8293902723800348, "8": 0.39330513053780614, "9": 0.2861291533487671}}