{"Q": {"0,1": -0.9813458979346135, "0,2": 0.30642589908209716, "0,3": -0.6475058941335674, "0,4": -0.6015082271125594, "0,5": 0.1877024822062605, "0,6": 0.9474262203656427, "0,7": -0.6868117239966773, "0,8": 0.3360243664724658, "0,9": 1.0107588914354118, "1,2": 1.0743728521292466, "1,3": -1.980614762979712, "1,4": -1.2583156790340269, "1,5": 0.5862000608624913, "1,6": -1.3183731476406182, "1,7": 0.16562102765081255, "1,8": 1.4482260060224594, "1,9": 1.1325584967186995, "2,3": 0.0666726949421399, "2,4": 1.5542354275563963, "2,5": -1.8872529565810363, "2,6": -1.311971718970066, "2,7": -0.8435009406432381, "2,8": -0.04804759941625569, "2,9": -1.7261501686578224, "3,4": -1.9877374724919084, "3,5": -1.4577691843011569, "3,6": 0.41113472968393205, "3,7": 1.176732444570244, "3,8": 0.5674595937017561, "3,9": 1.1712625021209946, "4,5": 0.46578837570690856, "4,6": -0.5664909299378045, "4,7": 1.0812469009606924, "4,8": -1.4269571993872678, "4,9": 1.9350528902801822, "5,6": 0.1621597730820752, "5,7": -0.4613418748920495, "5,8": 0.2531626792473771, "5,9": -1.6876727941484506, "6,7": 0.395929791958042, "6,8": 0.5113246312466493, "6,9": 0.005610053178698227, "7,8": -1.0823406504320556, "7,9": 0.24773891599943276, "8,9": 1.8701033459916463}, "bias": {"0": 0.6595470517947939, "1": 0.6434035293317573, "2": 0.7897997059521258, "3": -0.1240419978528482, "4": -0.077284163289699, "5": 0.8747981728631393, "6": -0.07560124002273794, "7": 0.6542450874576591, "8": 0.34182615016364704, "9": -0.614979345584485}}