{"Q": {"0,1": -0.7091659025162951, "0,10": 0.40756314839816365, "0,11": -0.049350474695398994, "0,2": -0.8254052128368481, "0,3": 1.946668969350108, "0,4": -1.6442803048081247, "0,5": -0.8236992604789433, "0,6": -0.17257320065144066, "0,7": -0.022408228294328314, "0,8": -1.2596783435824501, "0,9": -1.5168789070383903, "1,10": -0.7718776539364169, "1,11": -1.609934265004716, "1,2": -0.8857797154709739, "1,3": 0.04048526006508313, "1,4": 0.9168749278513144, "1,5": 1.521601652079387, "1,6": -1.2216768731982581, "1,7": -0.20721962081632928, "1,8": -1.1504826744223289, "1,9": -1.8222067347910977, "10,11": 1.508653865748398, "2,10": -1.3885149422051102, "2,11": -1.8011874944059154, "2,3": -0.2645368061518356, "2,4": 1.0222500043532414, "2,5": 0.04723532717541845, "2,6": -1.750386146968704, "2,7": -0.19042062609651778, "2,8": 1.4745330630275424, "2,9": -0.38162624075303375, "3,10": 0.7686544312591534, "3,11": -0.0597835676882954, "3,4": -0.19694096566542907, "3,5": 0.2511870477163871, "3,6": -0.91768704185061, "3,7": -1.647301259063278, "3,8": 1.6578679899041777, "3,9": 0.6020843507492417, "4,10": -1.4235455113624575, "4,11": -0.6609144788648726, "4,5": 1.2991857584311508, "4,6": -1.0236043009149687, "4,7": -1.9887081805014373, "4,8": -0.741643284031186, "4,9": 1.3859347758970362, "5,10": 1.8423364458561644, "5,11": -1.3892470756262592, "5,6": -0.0759173231323036, "5,7": -0.8532984951745872, "5,8": 1.9671703895154886, "5,9": -1.2464113838520907, "6,10": 0.6134104580073969, "6,11": 1.3734138240859037, "6,7": 1.5290612810868138, "6,8": -0.5277064177713693, "6,9": 0.49433195256589535, "7,10": 0.8706139804950737, "7,11": -0.1014607761797155, "7,8": -1.4652360100441277, "7,9": 1.5021582227379255, "8,10": -1.004481307823749, "8,11": -1.2652247232897942, "8,9": -0.09945792530283493, "9,10": 1.3922549040133019, "9,11": 1.4840723088829413}, "bias": {"0": -0.6343733644770315, "1": 0.5255657439519297, "10": 0.2626650029473123, "11": -0.5916223147661652, "2": -0.46031491600243535, "3": 0.9160184274900285, "4": -0.2164143404769292, "5": -0.7439052034115452, "6": 0.7926080634799479, "7": -0.15488286915955762, "8": 0.39445315854248975, "9": 0.6884067248281982}}