{"Q": {"0,1": 0.1116688533847281, "0,10": 0.8796644726765934, "0,11": -0.43742055658221535, "0,12": -0.8957112986578344, "0,13": -0.6244128670690086, "0,14": 1.4253496130608956, "0,15": -0.011615500650176358, "0,16": -1.1133828710333948, "0,17": 0.24013793746307233, "0,18": 0.8558107364778622, "0,19": -0.8889022581170094, "0,2": 1.9169845749859973, "0,3": 0.9131195904215854, "0,4": -0.048751048573489, "0,5": -1.0373584680993604, "0,6": 1.6922442409657044, "0,7": -0.8813706352672543, "0,8": -0.17495087112443475, "0,9": 0.8881467500666997, "1,10": 0.58403482190587, "1,11": -1.452205328915598, "1,12": 1.9633070736419125, "1,13": -0.8517288751260601, "1,14": 1.576111346362258, "1,15": 0.049054106482917526, "1,16": 0.4825168406544269, "1,17": 1.8749723953393147, "1,18": -0.2980259769461484, "1,19": -1.6376316642996196, "1,2": -0.3855149359771537, "1,3": -0.2576552756527768, "1,4": 1.3384984275834744, "1,5": -1.7860139658801222, "1,6": -0.7249158433928669, "1,7": -1.2628853730736465, "1,8": -1.6626420885512827, "1,9": -1.1591485543394873, "10,11": -1.2883609502829616, "10,12": -0.0032279553973335595, "10,13": -0.267540336426594, "10,14": -1.099242974458385, "10,15": 0.3694571865799059, "10,16": -1.056112323717402, "10,17": 1.5568897781933133, "10,18": 1.3376638400265355, "10,19": -1.046197235064649, "11,12": 0.026646036901290415, "11,13": -1.6238050819505498, "11,14": 1.8578831688915503, "11,15": 1.747603035953719, "11,16": -0.7477860992156398, "11,17": 1.0421047391903375, "11,18": -1.8776698369819056, "11,19": -1.8851179506335916, "12,13": -0.6766733113106969, "12,14": -0.767642199499575, "12,15": -1.8049766606944084, "12,16": -1.3067964266889427, "12,17": 0.9864019284284882, "12,18": 1.680014981782525, "12,19": -1.4034624306511674, "13,14": -0.9546669118089959, "13,15": -0.5357471696248801, "13,16": -0.32481024341884623, "13,17": 0.9942980959068262, "13,18": -0.5904705277913216, "13,19": 1.5179079765854238, "14,15": -1.071444494532782, "14,16": -1.3093070252281254, "14,17": -1.7418029325066455, "14,18": 1.4370368551985706, "14,19": -1.658688149871514, "15,16": 1.9030480206647997, "15,17": 0.8151454470536819, "15,18": -0.6043893175017652, "15,19": -0.6029164496234745, "16,17": -0.9603848329698308, "16,18": 1.2194154873412386, "16,19": 1.3499721839660772, "17,18": 1.0581931046052158, "17,19": 1.7591152196655688, "18,19": 1.9224338507128942, "2,10": -1.4628051821891264, "2,11": -1.8521407909965322, "2,12": -0.8568061914394938, "2,13": -0.1736604793993215, "2,14": 0.6717505990236106, "2,15": -1.4630382066909817, "2,16": 0.16776628536420413, "2,17": 1.7303456731332587, "2,18": -0.6412708783911216, "2,19": -1.8787476101412994, "2,3": 1.7312106166680916, "2,4": -1.4442651223972658, "2,5": 0.09469113306208632, "2,6": 1.1949139383950422, "2,7": -1.0023842295469096, "2,8": -0.9349781999116349, "2,9": 1.0116094211013449, "3,10": -0.15006495767609795, "3,11": -1.2953758175011605, "3,12": 0.5305026662717229, "3,13": 0.37205099626142957, "3,14": 0.5519605477440104, "3,15": 0.4443508496306552, "3,16": -0.9002080521271205, "3,17": -0.444767290051963, "3,18": -0.16097855412161222, "3,19": -0.9668261182052094, "3,4": -0.932478798884937, "3,5": -1.9772760943487073, "3,6": 1.3652636428115361, "3,7": -1.2446306137195848, "3,8": -1.2922548209395734, "3,9": 0.20189620637887806, "4,10": 1.4393831356000457, "4,11": -0.41758965923870806, "4,12": -0.8477086857106739, "4,13": 0.869488663207207, "4,14": 0.8774549563166403, "4,15": 0.6586632785286191, "4,16": 0.9196853392435846, "4,17": -0.605366426443076, "4,18": 1.1252948521023058, "4,19": -1.675254386650137, "4,5": -0.3168984132985919, "4,6": 1.9057273383447932, "4,7": -0.8414700207428267, "4,8": -0.03646085576001745, "4,9": 1.709760663576588, "5,10": 0.5822034331409087, "5,11": -1.2891674822647214, "5,12": 0.8207624915389502, "5,13": -1.304503528084859, "5,14": 1.6285300007470354, "5,15": -0.9649731608240053, "5,16": 0.374766200140749, "5,17": -1.5195447271679328, "5,18": 0.21713132708388638, "5,19": 1.7526101407912473, "5,6": -1.956796004675608, "5,7": -1.5085556622109433, "5,8": -1.26314456809102, "5,9": 0.29534842835128394, "6,10": -0.2003004190038471, "6,11": -0.4039978656957701, "6,12": 0.33352530080621623, "6,13": 1.7242489939302583, "6,14": 1.1410900462813265, "6,15": 0.8614026224853402, "6,16": -0.16006449339973994, "6,17": 1.54323605199522, "6,18": 1.719849594430074, "6,19": -1.8351142922862684, "6,7": 0.4432533419813032, "6,8": 0.8574269770701948, "6,9": 0.46136462457993455, "7,10": -1.5714303797901303, "7,11": -0.02349815358790286, "7,12": -1.6139253282470425, "7,13": -0.23224543119483565, "7,14": 1.7804978282810247, "7,15": 0.24092103773738582, "7,16": -0.7783363103125827, "7,17": 0.09114679023583339, "7,18": -0.17361464314357455, "7,19": -1.2865535262036198, "7,8": -0.1243439116274696, "7,9": -0.3957078994247123, "8,10": 1.0996101365359578, "8,11": -0.6846415638974217, "8,12": -1.4709918498670742, "8,13": 1.9910487817251101, "8,14": -1.8664276245639133, "8,15": -1.298619292429704, "8,16": -0.7992954159075749, "8,17": 1.5452446471848331, "8,18": -0.026817986886424006, "8,19": -1.8666574690949371, "8,9": -1.5778334459281522, "9,10": 1.8397768568913762, "9,11": 1.074685057345384, "9,12": 1.3533081673943048, "9,13": -0.4869525712684242, "9,14": 0.9603149395411767, "9,15": -0.21832449073911864, "9,16": -0.3562996039150037, "9,17": 0.5592266062027358, "9,18": 0.8371529664326167, "9,19": 0.25661057547634725}, "bias": {"0": 0.4275457903710431, "1": 0.5543275093641229, "10": -0.22197052422661567, "11": -0.38035360956905584, "12": 0.5800018849348578, "13": -0.5636336976016252, "14": 0.15441264233019503, "15": 0.6309950714635582, "16": 0.5701000228073914, "17": 0.4540581028619579, "18": 0.37593886485380756, "19": 0.4929767515929311, "2": -0.30113905366012594, "3": -0.5279894396664122, "4": 0.3006653679256177, "5": -0.019047001898716776, "6": 0.7878983281185155, "7": 0.8371869358249768, "8": -0.22804923346201988, "9": -0.476490437488732}}