{"Q": {"0,1": -0.9016030131054422, "0,2": -0.8826859433938852, "0,3": -1.6538648293901836, "0,4": 1.7016450189580699, "0,5": 1.6154062004336343, "0,6": -0.7309718561019771, "0,7": 0.8953348553911087, "1,2": -1.1042146945112683, "1,3": 0.3548966712540471, "1,4": 0.6586286600460705, "1,5": -1.058057169697698, "1,6": -1.7995850690105257, "1,7": -1.6984368293665906, "2,3": 1.748124469631673, "2,4": -0.0864543002296112, "2,5": 1.309049332216253, "2,6": 0.419302032816419, "2,7": 1.6214927072149252, "3,4": 0.029431986121115195, "3,5": -1.4603469239122764, "3,6": -1.4395764286346382, "3,7": 1.0640396586221903, "4,5": -0.34206572735655527, "4,6": -0.7323176020019244, "4,7": -0.43219839264507076, "5,6": 0.47517280132061623, "5,7": 1.1311799092801733, "6,7": 1.3225698769076009}, "bias": {"0": -0.1995139706609932, "1": 0.7316645607556382, "2": 0.89111762036993, "3": -0.7615767067605932, "4": -0.9189392422493126, "5": 0.22465054204247115, "6": -0.9181133549432783, "7": 0.38420085863941145}}