{"Q": {"0,1": -0.5966458903651817, "0,10": 0.660376042737131, "0,11": 0.9208126624807487, "0,12": 1.809968252989909, "0,13": 0.3385794467147716, "0,14": 1.8687382136689243, "0,15": -0.9027892686676875, "0,16": -1.1132895669439726, "0,2": 0.444716336981946, "0,3": 1.9808991849365514, "0,4": -0.6617273384636859, "0,5": 0.2645400795841293, "0,6": 0.46564470976371686, "0,7": -0.22203366608007036, "0,8": 1.5212113957078008, "0,9": -1.8427386171732203, "1,10": 0.9298214717333666, "1,11": 0.4506540529003211, "1,12": 0.022395761804162806, "1,13": 0.6456409892348769, "1,14": -1.3564125053937328, "1,15": 1.8287439863884392, "1,16": -0.5277457954393912, "1,2": 1.6066813836113876, "1,3": -0.5314891470320426, "1,4": 0.693875638476829, "1,5": 1.910476405522779, "1,6": 1.1919528357603837, "1,7": 0.8085051850000649, "1,8": -0.44810440201293256, "1,9": 0.8671206686214648, "10,11": 0.133067379380575, "10,12": 1.5119201795714248, "10,13": 0.9021509948599564, "10,14": -1.9652973739544013, "10,15": -1.6560614583135917, "10,16": -0.6405316294250136, "11,12": 0.5309581335891012, "11,13": -1.250484044350832, "11,14": 1.2737692029619767, "11,15": -1.2127036806361668, "11,16": 0.8331908615410129, "12,13": 0.2788228956331045, "12,14": 1.7969749579592658, "12,15": -0.9528995520135544, "12,16": 1.3211042320102075, "13,14": -0.8957840235476926, "13,15": -0.3658222565954694, "13,16": 1.935268426020032, "14,15": 0.5409329191481573, "14,16": 1.9287416969532116, "15,16": 1.901145778356554, "2,10": -1.486059402424385, "2,11": -1.9111464787571144, "2,12": 1.0410967173669157, "2,13": -1.5830062230112412, "2,14": 0.5184741579585981, "2,15": -1.8338136718191302, "2,16": 0.20499578648537486, "2,3": 0.5089080878929724, "2,4": 1.2240735101002498, "2,5": -1.060336675636607, "2,6": -1.6595204613888535, "2,7": -0.1821371405621095, "2,8": 1.352694618506829, "2,9": 0.3291311699492261, "3,10": 1.2367987942315164, "3,11": 0.47689946843178754, "3,12": 0.5696169606917629, "3,13": -0.9007040119096148, "3,14": 1.1506347495140865, "3,15": -1.793279231189064, "3,16": 1.4630940050218961, "3,4": -1.233936007039937, "3,5": -0.17294314922726173, "3,6": -1.1201299010188746, "3,7": -1.6058692597259925, "3,8": -0.5097983802965791, "3,9": 1.1448266231290276, "4,10": -1.4987445070345413, "4,11": -1.7482822947135852, "4,12": 1.7366391925207498, "4,13": -1.416117464889966, "4,14": 1.8128485303102613, "4,15": 1.7752748966996061, "4,16": 1.1446928890474197, "4,5": -0.13564379914033653, "4,6": -0.8262314113927909, "4,7": -1.1318899932771598, "4,8": -0.12450065720452974, "4,9": -0.9742904674889901, "5,10": 0.4475745296654283, "5,11": -0.4307793487761251, "5,12": 0.30240891860834207, "5,13": 0.6514351193280556, "5,14": 0.2914196031725629, "5,15": -1.949888077375967, "5,16": -1.5331892664987588, "5,6": -0.9201190786017359, "5,7": 1.759235382383932, "5,8": -1.9840540649375944, "5,9": 1.9450371399320812, "6,10": -1.362238102015266, "6,11": 1.3452416279192452, "6,12": -0.2680710386089826, "6,13": -0.3212486020401939, "6,14": -0.01153157697068119, "6,15": -1.6115633549300177, "6,16": -1.0618929156448207, "6,7": 1.13881440147938, "6,8": -0.38886738258400655, "6,9": 0.6055783214815187, "7,10": 0.995662033962041, "7,11": 1.54866575044433, "7,12": -0.8895568889854437, "7,13": 0.9392719098270859, "7,14": 0.701616837532979, "7,15": -0.4885779044182259, "7,16": -0.10006464154907269, "7,8": 1.4482723389436254, "7,9": -0.6125572671976931, "8,10": -1.3146409560959715, "8,11": -0.9299514748228734, "8,12": 0.7449314009094157, "8,13": 1.8146358949272847, "8,14": 1.4896375960784751, "8,15": 1.9868488776891584, "8,16": -0.7559121731844001, "8,9": -1.8084028291866154, "9,10": -1.3278546165849696, "9,11": 1.7542857785780983, "9,12": 0.29635718387055654, "9,13": 0.46884384662472867, "9,14": 0.16412715585842808, "9,15": -1.8946561103702373, "9,16": -0.38641504581865194}, "bias": {"0": -0.08157713036768799, "1": 0.3395476361437626, "10": 0.32048858407361003, "11": -0.6570431883985357, "12": 0.19847042943253923, "13": -0.30985182098279607, "14": 0.23118762964859285, "15": 0.621790524805443, "16": -0.35919030528458684, "2": 0.07745375842724012, "3": -0.48656503144287755, "4": 0.03330365679389158, "5": 0.3357995545621266, "6": -0.10923409442260534, "7": 0.8279956216364734, "8": 0.433697516783925, "9": 0.06955626698483819}}