{"Q": {"0,1": 1.8479342068601063, "0,2": 0.07756817853671416, "0,3": 0.6040135240220108, "0,4": -0.32636849087081465, "0,5": -0.024214555269225002, "0,6": 1.8682476749017933, "0,7": 1.8140953543910396, "0,8": -0.7424804494154347, "1,2": -1.4409663493816756, "1,3": -0.34877379119439755, "1,4": 1.1536630470754257, "1,5": -1.9816775786296623, "1,6": -0.6271734845967702, "1,7": -1.2061529773040571, "1,8": 1.5457891612745018, "2,3": -1.5076054281404758, "2,4": 1.3291002544135444, "2,5": -0.8219887105823105, "2,6": -0.24932506175679015, "2,7": 1.2406135688780142, "2,8": -1.8449293276838046, "3,4": 0.7707352153718992, "3,5": 0.5765683084023197, "3,6": 0.6631239273067862, "3,7": 0.7464929604587529, "3,8": 0.4552227447899977, "4,5": 1.870705241724722, "4,6": -0.4327403661810325, "4,7": -0.9213612887297713, "4,8": -0.1023085287232659, "5,6": -0.5805358362569817, "5,7": 1.3536104932982016, "5,8": 1.6154226363113366, "6,7": -0.5861396757983734, "6,8": -0.017932734171560938, "7,8": 0.9790241023627764}, "bias": {"0": 0.09743323164871187, "1": 0.736157722588433, "2": -0.31443529302283335, "3": 0.39627770743765756, "4": -0.4399943992234001, "5": 0.9162388739357661, "6": -0.7920783694647888, "7": -0.5795780769411087, "8": 0.9352638193537364}}