{"Q": {"0,1": -0.617481151020109, "0,2": 0.0034707026395039975, "0,3": -1.9830149435852715, "0,4": 1.5937123925078565, "0,5": -0.9071503219100481, "0,6": 0.6662654497136304, "0,7": -0.2994917465813365, "1,2": 0.08842735610336838, "1,3": -0.2351600983700166, "1,4": -0.385233310816977, "1,5": 0.19974063684406929, "1,6": 1.1920492356787, "1,7": -0.11075566172319196, "2,3": 1.219649278283836, "2,4": -1.4011157194729535, "2,5": -1.40229577976451, "2,6": 0.6943386326690968, "2,7": 0.5826174299697366, "3,4": 0.14766750270049744, "3,5": -0.13254737556418172, "3,6": 0.14948066539587046, "3,7": -0.2560996445032777, "4,5": 1.1841352195591441, "4,6": 1.9858338115463035, "4,7": 1.3125167815687377, "5,6": 0.5556026272337484, "5,7": -0.020913597553967822, "6,7": -0.4993944090742346}, "bias": {"0": -0.7984773923900907, "1": -0.291911496525602, "2": 0.39614471574712606, "3": -0.07371029730303058, "4": -0.17471815196868978, "5": 0.605595107829817, "6": 0.0969901598639269, "7": -0.5663945778799147}}