{"Q": {"0,1": -1.6229841224471073, "0,10": 0.05299928145844479, "0,11": -0.651142896926932, "0,12": 0.8490542663789618, "0,13": 1.8514631637946009, "0,2": 0.43162388318393496, "0,3": -0.004572667997366775, "0,4": -0.3982025280876118, "0,5": -0.6805017509839839, "0,6": -1.3844003107118374, "0,7": -1.0358030047661075, "0,8": 0.3044645818300884, "0,9": -0.1580803491599645, "1,10": 0.5306461187114762, "1,11": -1.902350410103502, "1,12": 0.9249214245364148, "1,13": -0.30849213190235014, "1,2": 1.5057135075892134, "1,3": -1.6776090124463292, "1,4": 0.43875770754136223, "1,5": 0.041412606210467384, "1,6": -1.3868990370983743, "1,7": 0.13308560505656786, "1,8": -1.623026633559657, "1,9": -0.061550997446217615, "10,11": -0.8523835439429122, "10,12": 1.5754753186468786, "10,13": -1.9150283576303941, "11,12": 0.11964651478994703, "11,13": -0.30761410808506584, "12,13": 0.3726738910136258, "2,10": -1.1054269102236023, "2,11": -1.5945485149012533, "2,12": -1.5869162596662134, "2,13": -0.08225132048786143, "2,3": -0.8322800864122053, "2,4": 0.25886486795863917, "2,5": 1.393239908442565, "2,6": -0.2456082076705557, "2,7": -0.6481687299013457, "2,8": 1.1689730108919911, "2,9": 0.7305921620452942, "3,10": 1.0020986194824895, "3,11": -0.3763851427477358, "3,12": -0.8114442280236163, "3,13": -1.1407476281005042, "3,4": 1.026085971520072, "3,5": -0.14694663142655484, "3,6": -0.40041044667183856, "3,7": 1.404721120522432, "3,8": 0.7086468396394903, "3,9": 0.7217413526207164, "4,10": 0.3875689079988569, "4,11": 0.8548612953620367, "4,12": -0.3117252104384294, "4,13": 1.2574824905887612, "4,5": 1.258861552587526, "4,6": -0.9132034266924078, "4,7": -1.2031138859989277, "4,8": 1.7035264717404544, "4,9": 0.9092172170168289, "5,10": 0.3646591575745526, "5,11": 0.5108217434965869, "5,12": -0.5794685807457034, "5,13": -0.08119968761010643, "5,6": -1.680916610324315, "5,7": 0.8339232214797287, "5,8": -1.9024482459202958, "5,9": 1.688425603893489, "6,10": 0.7224546636680271, "6,11": 1.2421372894082556, "6,12": 0.0018260769673599242, "6,13": -1.43283254020055, "6,7": 0.9223780233603787, "6,8": 0.9866585532713801, "6,9": -0.9280952252739922, "7,10": -0.24130196831940154, "7,11": -0.687983480915149, "7,12": -1.4177008620622535, "7,13": -1.8052566586134318, "7,8": 0.7720442944329315, "7,9": 0.40203422947331546, "8,10": 1.605237433505462, "8,11": 0.08483844783806571, "8,12": 1.4813521441047137, "8,13": -0.10057171347183447, "8,9": 1.5960411101258676, "9,10": -0.7441486054049893, "9,11": -1.242310202538346, "9,12": 0.20810445896495366, "9,13": -0.4520970235818136}, "bias": {"0": -0.773957386699909, "1": 0.38982722275980075, "10": -0.5536274925029865, "11": 0.7534440654141805, "12": 0.5089910147156691, "13": 0.1647410415359829, "2": -0.1550158297739177, "3": 0.9145110816648716, "4": 0.7518304185171889, "5": -0.18887971016308902, "6": -0.7267444943174504, "7": -0.5548889565008241, "8": -0.5080261508990502, "9": 0.9006643263402359}}