id,x_bits,score
exp1,11000000,1.0
exp2,10100000,0.5
exp3,01010000,-0.5
exp4,00001100,1.0
g1_cand0,00000111,3.3124787944640737
g1_cand1,01100011,4.211671175833834
g1_cand2,01100110,4.349368758178506
g1_cand3,11100000,3.6371627246689235
g1_cand4,00010111,4.003736689385505
g1_cand5,00000111,2.8643569309908576
g1_cand6,11101101,6.992242294263248
g1_cand7,10100000,2.4875548879752847
g1_cand8,10000111,4.101236702788775
g1_cand9,01000011,2.9626614482321845
