{"Q": {"0,1": -0.3341951954232907, "0,10": -0.7528455608551337, "0,11": 0.3901745831233949, "0,12": 0.07518153703455299, "0,13": 0.2540327692020674, "0,14": -1.0419735545601032, "0,2": 1.9392395435072984, "0,3": -1.843207106909667, "0,4": 1.7844800682517672, "0,5": 1.78452646050979, "0,6": 0.859324780111963, "0,7": -1.4962131424524108, "0,8": -0.16550938117281477, "0,9": -1.6097611243715058, "1,10": 1.141040800880679, "1,11": 1.5240066045084353, "1,12": 1.949018256257729, "1,13": 0.48226525226143124, "1,14": 1.989816415299225, "1,2": -0.13833319838850766, "1,3": 1.931440126785405, "1,4": -0.29680568302814114, "1,5": 1.9441534330126231, "1,6": -0.30820902390710136, "1,7": -0.11390041138504747, "1,8": -1.7791864975830811, "1,9": -0.04497626116258058, "10,11": 0.0064679054340488484, "10,12": -1.610173179245792, "10,13": 0.9583986277054657, "10,14": -1.6733343510582412, "11,12": 1.1096033550234345, "11,13": -1.8898434046195787, "11,14": -0.08144466549198048, "12,13": 1.0144364205528347, "12,14": 0.8604902025304848, "13,14": -1.3750602120371158, "2,10": 0.8147462412767714, "2,11": 0.9227484418498331, "2,12": 0.8505367490286955, "2,13": -1.5833585389474951, "2,14": -1.598753712912215, "2,3": -0.5908744423684258, "2,4": -1.0428279560654978, "2,5": 1.4372948398539047, "2,6": -1.9824914934193631, "2,7": -1.0553482470671258, "2,8": 1.078196910691509, "2,9": 1.0585208616849084, "3,10": -0.44461757116014367, "3,11": 0.17344877518749824, "3,12": 0.32940626588645694, "3,13": -1.2227282285791206, "3,14": -0.8879303446057643, "3,4": -0.7057235382160476, "3,5": 0.4648387949417523, "3,6": -0.008045767837614903, "3,7": -0.3594490986217109, "3,8": -0.0022146483236475945, "3,9": 1.4879665735224208, "4,10": -1.9548177474062483, "4,11": -1.8239369788140514, "4,12": 0.09209121168869316, "4,13": 1.2627877753380585, "4,14": -0.9562070993054412, "4,5": -0.06087382855487977, "4,6": -1.5583371404968078, "4,7": 0.376456903421031, "4,8": -1.294925020072479, "4,9": -1.1233532930149606, "5,10": 0.5641268263244958, "5,11": -0.787874862924101, "5,12": 0.09024756670026379, "5,13": 0.7184715119779908, "5,14": 1.2965223469799154, "5,6": 0.7420206576326187, "5,7": -0.5081978687143027, "5,8": -0.9551787673962786, "5,9": 1.090200739036446, "6,10": -1.0669461623778274, "6,11": 1.8394924356063247, "6,12": -1.0438855810005774, "6,13": 1.5549160049379767, "6,14": -0.9650861391630827, "6,7": 0.28526598718258267, "6,8": 1.5364555610140158, "6,9": 0.7747886442842407, "7,10": 1.1619066941899803, "7,11": -1.5862324537296097, "7,12": -1.2177770877064105, "7,13": -0.3786653406747993, "7,14": -1.6130441434504923, "7,8": 1.801106042160947, "7,9": -1.9036082927241318, "8,10": 1.4783778334927216, "8,11": -0.5064836921212188, "8,12": 0.1502760915027963, "8,13": 0.7651495337724645, "8,14": -0.3017422279376549, "8,9": 0.402174525902657, "9,10": -0.01812191612070535, "9,11": 0.1886096829457391, "9,12": -0.8231022874914031, "9,13": -0.6809153879017344, "9,14": 1.5738061137838613}, "bias": {"0": -0.20977164001548076, "1": -0.7968053643833277, "10": -0.48798974895711966, "11": -0.9312493618462445, "12": 0.6553971331864228, "13": -0.7879331367820477, "14": -0.8248197393819181, "2": -0.4777895485502681, "3": -0.7517545380695312, "4": 0.8289052936549968, "5": 0.7581192960892065, "6": 0.2523864636724744, "7": -0.39885273278879674, "8": -0.955226232016257, "9": 0.3619074174089576}}