{"Q": {"0,1": 1.2893694995732536, "0,10": 1.2191585240280567, "0,11": 0.37599031827198326, "0,12": -1.1735193068656695, "0,13": 0.2721619768130443, "0,14": -0.4760195817147612, "0,15": -1.4610413988021107, "0,16": -1.5019648831508992, "0,17": 1.6430594906178126, "0,18": -1.7771037715278286, "0,19": -1.5340472176245301, "0,2": -0.49289906045785825, "0,3": -0.991649744002062, "0,4": -1.635568447769503, "0,5": -0.7055933875721938, "0,6": 1.8976587518867825, "0,7": -1.707930750949913, "0,8": -0.6723214782001148, "0,9": 1.8798350786543918, "1,10": -1.9909041548416617, "1,11": 0.8704833068411135, "1,12": 0.396012309573595, "1,13": -0.10620561153617603, "1,14": -1.8605657965127729, "1,15": 1.3147956543653412, "1,16": -1.9170211614150738, "1,17": 0.9337943838427938, "1,18": 0.3738377011580125, "1,19": -1.455815484347919, "1,2": 0.6697622947841264, "1,3": -0.09934810994574317, "1,4": -0.5181350876998656, "1,5": 1.9248192122227081, "1,6": -0.18261168407079387, "1,7": 1.1362569157557147, "1,8": 1.0728002178612353, "1,9": -1.9768112103403008, "10,11": 1.7250408048096912, "10,12": 1.0522842819362879, "10,13": -0.4061565517761285, "10,14": 1.9589769651018352, "10,15": -0.4108104296358941, "10,16": 0.8945686018927073, "10,17": 0.3185334172824317, "10,18": 1.8377297318224044, "10,19": 0.03272993608213648, "11,12": -1.3461284211749125, "11,13": -1.6261107665731398, "11,14": -0.17010411508599255, "11,15": -0.21282680390539666, "11,16": 1.7877170208342972, "11,17": 0.6699357974843618, "11,18": 0.476512300024448, "11,19": 1.4044840462693662, "12,13": -0.3282844606159223, "12,14": -0.19262399078610892, "12,15": 1.59561957997713, "12,16": -1.4942884904342368, "12,17": -0.700831624979875, "12,18": 1.6705293819318334, "12,19": -1.1853557795396688, "13,14": 0.8205723280155879, "13,15": -0.27952086374483853, "13,16": -0.8012815070361077, "13,17": 1.2914144271957606, "13,18": 1.613404857192219, "13,19": 1.3838688056352466, "14,15": -1.676288597522694, "14,16": -0.11383513070402573, "14,17": -1.9036911646268582, "14,18": 0.6871722004545711, "14,19": 0.6415510590891706, "15,16": -1.942077610306864, "15,17": 1.9369485407856772, "15,18": -1.8542799803020515, "15,19": 1.7032108866101199, "16,17": -0.6915852474802211, "16,18": -0.6149919969728126, "16,19": 1.941915606015407, "17,18": -1.640200364260115, "17,19": -0.785160952308912, "18,19": 0.14583202551666385, "2,10": 0.799021187203421, "2,11": -0.36674584522554365, "2,12": -1.8504858257103778, "2,13": -1.0928053744271407, "2,14": 1.6835488807428436, "2,15": 1.2834271314432826, "2,16": -0.3500051595543505, "2,17": 0.2651650697171388, "2,18": 0.34358361237916846, "2,19": -0.06655040297612835, "2,3": -0.053033379293584204, "2,4": -1.1860626359529842, "2,5": -0.8896860662887907, "2,6": -0.15747728772228564, "2,7": 0.4252202265472338, "2,8": -1.61569067550287, "2,9": -1.939163000372436, "3,10": -0.05217510620519139, "3,11": 1.8911019994399054, "3,12": -0.21308383844573786, "3,13": -1.3249409348166736, "3,14": -0.13275790633221485, "3,15": -1.9545477683247743, "3,16": 0.4625408297479945, "3,17": -1.3347746657433603, "3,18": -0.441256301405069, "3,19": 1.4058599141543038, "3,4": -0.6657097938832885, "3,5": -1.8044477328516781, "3,6": 1.0314955551088016, "3,7": -0.4261593558332595, "3,8": -1.830028293332501, "3,9": -1.3377633431683327, "4,10": 1.362903676227928, "4,11": 1.251831048079055, "4,12": 1.3983370489184885, "4,13": 1.2267505389762556, "4,14": -1.0061583659118227, "4,15": -0.0382202224535364, "4,16": -1.3754203795578825, "4,17": -1.725364369358592, "4,18": -0.0278918030813311, "4,19": 0.07714483238059033, "4,5": 0.2375071467076344, "4,6": 1.8971475724625622, "4,7": -0.945414414445219, "4,8": -0.5066521870341694, "4,9": 1.6466322320887534, "5,10": 0.6381766377755955, "5,11": 0.5759237578289911, "5,12": -1.2025086552233608, "5,13": -1.149717216989698, "5,14": -1.5083715168324212, "5,15": 1.9573151765380987, "5,16": -1.5660534861300848, "5,17": 0.41673733739329055, "5,18": 0.8281037491781644, "5,19": -1.0537416433693823, "5,6": -0.22369596726194674, "5,7": -1.0370932721871604, "5,8": -1.5753609635393198, "5,9": -0.4714513671211189, "6,10": -0.47719951145656925, "6,11": -0.26550830285198845, "6,12": 1.7776939142868873, "6,13": -0.5423614500774261, "6,14": 0.8444044657418939, "6,15": -1.2262218392925894, "6,16": 1.2513861697553383, "6,17": -1.86069918648399, "6,18": -0.889212225891777, "6,19": -0.2952665025610912, "6,7": 0.21063331986815825, "6,8": -0.13617619819111626, "6,9": 1.5736278534921713, "7,10": 0.308666439958734, "7,11": -1.5956357989406813, "7,12": -0.4298154933667644, "7,13": 0.11143074196478109, "7,14": -1.228028793860029, "7,15": -1.9637429686101373, "7,16": -0.8516714742231, "7,17": 0.4106645248889347, "7,18": 1.1715517995336238, "7,19": 0.6764103295083479, "7,8": -1.5941956867583582, "7,9": -0.5636089163338265, "8,10": 0.9798010929176661, "8,11": -1.8237886301649158, "8,12": 1.1920498819860286, "8,13": -1.9805837702528906, "8,14": 1.6692435701349218, "8,15": -1.493415591678462, "8,16": -0.4074882294967117, "8,17": -1.772830112608307, "8,18": 0.5171812901754613, "8,19": -0.1548744126232826, "8,9": 0.7282046875037103, "9,10": 0.401547575740139, "9,11": 1.2621346026068094, "9,12": -1.9407639482622723, "9,13": -0.26181761577922735, "9,14": 0.606464911560737, "9,15": 0.48008045872470007, "9,16": -1.6548192574323597, "9,17": 0.07542140532106867, "9,18": 0.6465309065942053, "9,19": -0.7153844783250749}, "bias": {"0": -0.4475866585701975, "1": 0.576630262950081, "10": 0.17679059317238632, "11": 0.7876850987831485, "12": 0.17045993149840855, "13": 0.7378758272672319, "14": -0.8167282017301138, "15": 0.4772392534247236, "16": 0.33235989016246137, "17": -0.2539570635812649, "18": -0.7047037293601457, "19": -0.6747762767852974, "2": 0.4871785276939147, "3": 0.520415081054928, "4": -0.7972349472277154, "5": 0.9122865573950905, "6": 0.2548082202503963, "7": 0.8618893664993581, "8": 0.4737294926677831, "9": 0.0445849014054811}}