{"Q": {"0,1": 1.7133192784653617, "0,10": -0.2924478916866331, "0,11": -0.758775356974581, "0,12": -0.1914116412171376, "0,13": -1.8478572769982806, "0,2": 0.6106960738571301, "0,3": 1.2839185221803437, "0,4": -0.09636231594791322, "0,5": 0.627131728092555, "0,6": 1.6924051177921986, "0,7": 1.0125608420496843, "0,8": 0.0953953834849206, "0,9": -0.09827418768769736, "1,10": 0.014524348765103667, "1,11": -1.2200886698884341, "1,12": -1.2945256042148139, "1,13": -0.06296730524518424, "1,2": 0.4617340771947003, "1,3": -1.9759307956557874, "1,4": 0.24070159183054685, "1,5": 1.511866601145095, "1,6": -0.5375900128611688, "1,7": -1.2797977310279798, "1,8": -1.730038007903989, "1,9": -1.0940396465841764, "10,11": 1.77563490121576, "10,12": 1.9623689888618512, "10,13": 0.6898411615482267, "11,12": -0.6833297496022248, "11,13": 0.18617209158810644, "12,13": -1.2620176931031812, "2,10": 0.1313065387637904, "2,11": 0.2655791165097581, "2,12": -0.7606656473477615, "2,13": -1.8334821213793457, "2,3": -0.8552050292980553, "2,4": -0.22356808828358288, "2,5": -0.8883646864465451, "2,6": -0.0005131116452079532, "2,7": -0.23526880214635337, "2,8": -1.981601311083229, "2,9": -1.5098228662036934, "3,10": -1.0440193894448764, "3,11": -1.7661049831360485, "3,12": 0.5785299928843362, "3,13": 0.6853586209265017, "3,4": 0.9957150286277483, "3,5": 1.957857623143091, "3,6": 0.8433527524237165, "3,7": 0.5985019699063634, "3,8": 0.10676892744762956, "3,9": -0.2613964698628739, "4,10": -1.1629849862357902, "4,11": 1.3859328126153518, "4,12": -0.9117836587664678, "4,13": 1.3052815774058475, "4,5": -1.3273054520322702, "4,6": 0.37630020169998923, "4,7": 1.0738607473594608, "4,8": 0.3454588979983466, "4,9": 0.06806774923534942, "5,10": 0.22514933178198637, "5,11": 1.596338812905064, "5,12": -0.6391935039124261, "5,13": 1.1564832569605672, "5,6": -1.0587034894475935, "5,7": 0.9064004106231738, "5,8": -1.0994664858900718, "5,9": -1.6470267577921587, "6,10": -0.07624824540680297, "6,11": -0.39664780437030167, "6,12": -0.9209500923005911, "6,13": -1.5641286915626114, "6,7": 0.5650856912414826, "6,8": 1.2294588440243048, "6,9": -1.3137167099625908, "7,10": 1.9194217174927886, "7,11": -1.7118837444749033, "7,12": 1.3473528667400578, "7,13": 0.6551972606643766, "7,8": 1.5314233647350837, "7,9": 0.7031959289954228, "8,10": -0.521066239575553, "8,11": 1.6594243751258224, "8,12": -0.5871169184946146, "8,13": 1.9973994125206782, "8,9": 0.5675346948869096, "9,10": 1.188411233547233, "9,11": 1.7032314594213847, "9,12": -1.8577716931383081, "9,13": 0.03134232892121602}, "bias": {"0": -0.4026641567127536, "1": -0.2995902243359827, "10": -0.5916789471723369, "11": -0.5141573759026581, "12": -0.904103298239618, "13": 0.2173181964361186, "2": 0.04197990993223799, "3": -0.6157265127573506, "4": 0.48134966442586324, "5": -0.5663522886354968, "6": 0.9111030921549712, "7": -0.7264241457271559, "8": 0.429042968192072, "9": 0.4692605707644175}}