{"Q": {"0,1": -1.570478912904138, "0,10": -0.17286350036515818, "0,11": -1.1439898854189399, "0,12": -0.8054470270370411, "0,13": 1.4052382658010392, "0,14": -0.0397427530530039, "0,15": 1.07629226297286, "0,16": -1.9967229136901379, "0,2": -0.5929697127707803, "0,3": -1.6826310113671914, "0,4": 1.0423207713672933, "0,5": 0.41627529999280233, "0,6": 1.1789564979140894, "0,7": 1.29812153649379, "0,8": -1.688392814665502, "0,9": 1.6223890753549006, "1,10": 0.7239563220189638, "1,11": -1.665185117450208, "1,12": -1.5354217479562018, "1,13": -0.802555483239523, "1,14": -1.284835733505513, "1,15": -0.2870336389947967, "1,16": 1.306805096321693, "1,2": 0.4331821321321887, "1,3": 0.3622518503494456, "1,4": 1.939239653767304, "1,5": -0.8428381445090611, "1,6": 0.11747820741983572, "1,7": 1.3990040416100218, "1,8": -0.08538505246876937, "1,9": 1.9764952142067171, "10,11": 0.16552096826833695, "10,12": 1.9848093217099798, "10,13": -0.11960018233425318, "10,14": 1.0435550844655146, "10,15": -1.9277367292358636, "10,16": 1.9419495007296987, "11,12": 0.16484990109214426, "11,13": -0.5534863276640096, "11,14": -1.9623971500719843, "11,15": -0.7397188234918901, "11,16": 0.3904842896115577, "12,13": 0.8721616310589395, "12,14": -0.9259305901048047, "12,15": 1.0335886592614938, "12,16": 0.5196263579329536, "13,14": -1.051753903793149, "13,15": 0.7212643808255765, "13,16": -0.954634494144114, "14,15": -1.5989127058010304, "14,16": -0.4348927612111315, "15,16": -0.4004005236959083, "2,10": -0.5869079705998548, "2,11": -1.86548440086099, "2,12": -0.9727347206807915, "2,13": -1.416803259904686, "2,14": -0.3423972444679033, "2,15": 1.473013212672532, "2,16": -1.6439757170938272, "2,3": -1.5440004341405102, "2,4": -0.41246153257497387, "2,5": -1.6971951634093072, "2,6": -1.5320812380367852, "2,7": -1.9173799640999527, "2,8": -1.048870207144169, "2,9": 0.6648759983231596, "3,10": 0.6214110733041913, "3,11": 1.0664135914497135, "3,12": 1.6104464320766105, "3,13": 1.8362140783245504, "3,14": 1.3347675714776677, "3,15": 0.01860886848129928, "3,16": -0.5603494657368158, "3,4": -1.6025338457056755, "3,5": 0.4744413947888413, "3,6": -1.4520928139099594, "3,7": -0.3106596817273486, "3,8": 1.0958798704757329, "3,9": 0.8230414929719418, "4,10": 0.8625482610386053, "4,11": -1.8826743125884842, "4,12": -0.37479328832610515, "4,13": -0.8266566551305399, "4,14": 1.0939042758800253, "4,15": -0.6069431151961218, "4,16": 1.0989206706635883, "4,5": 0.454114274238794, "4,6": -1.3667448200762533, "4,7": -1.3669056264998307, "4,8": 1.4849519963619815, "4,9": -1.307770426253077, "5,10": 1.8593401930546145, "5,11": 0.8883819327050979, "5,12": -1.0362192063803497, "5,13": -0.15859111758217903, "5,14": -1.9235081767349214, "5,15": -1.1839585758634619, "5,16": 0.3212739733178034, "5,6": -0.037105719882853716, "5,7": -0.2286554277860029, "5,8": -0.009961302070698341, "5,9": 0.2387794678026549, "6,10": 1.3677509522885631, "6,11": -0.5144140872859175, "6,12": -0.6885622758630809, "6,13": -0.8377333406489615, "6,14": 0.40346290959358955, "6,15": -1.2509788235250565, "6,16": 0.9995452449023796, "6,7": 0.14839684974146383, "6,8": 1.7479211503660914, "6,9": 1.2356090056252058, "7,10": -1.2861094047481814, "7,11": -0.6463985227549478, "7,12": -0.7390314753452176, "7,13": -0.6911707537443994, "7,14": -1.2503734871970722, "7,15": 1.4324627518248265, "7,16": -0.7878547818621722, "7,8": 1.1593089447065363, "7,9": -0.47635049869640333, "8,10": 0.7034204129643786, "8,11": -1.476279470447011, "8,12": -1.6049399850629222, "8,13": 1.8899672673074535, "8,14": -1.5006911850492761, "8,15": -0.6910171350242633, "8,16": 0.0699334611973721, "8,9": 0.8284506735466417, "9,10": 1.5666661297009132, "9,11": 1.3711354205363318, "9,12": -0.8085841264978169, "9,13": 1.6754300971093565, "9,14": -0.15758159944304717, "9,15": -1.4049156146784765, "9,16": -0.8631452372653854}, "bias": {"0": -0.03403572148655298, "1": 0.32285466511851246, "10": 0.8646037339064969, "11": 0.9286319881124521, "12": 0.9310052055906046, "13": 0.03223250383417464, "14": -0.672924426307163, "15": -0.6820053958808381, "16": 0.47470943379434427, "2": -0.3230556556309703, "3": 0.2574265143359944, "4": 0.8753084768402117, "5": -0.4197556798427613, "6": -0.9138172456951004, "7": -0.6474763984045855, "8": -0.04228296808377685, "9": -0.7205360373931409}}