{"Q": {"0,1": -1.002291708235361, "0,10": 1.977408238819537, "0,11": 1.8133429771511769, "0,12": -1.2880933237184804, "0,13": -1.0221680637134765, "0,14": 1.2030192682894318, "0,15": 0.8401939928841755, "0,16": -0.5930406377583597, "0,17": -1.6128631143392886, "0,18": 0.6400932384724114, "0,2": 0.47422178276423343, "0,3": -1.917155651238287, "0,4": -0.026108414235729516, "0,5": -1.1161881216175864, "0,6": -0.25260432037921987, "0,7": 1.682573178048171, "0,8": 0.8369301203267736, "0,9": 1.244654696500855, "1,10": -1.6510374493139373, "1,11": -1.064856034259026, "1,12": -1.1353671147139717, "1,13": 0.9880582272702867, "1,14": 0.8374446086416563, "1,15": 1.1412166922598512, "1,16": -1.0018548140247487, "1,17": -0.12333702533798574, "1,18": -1.0709572524018625, "1,2": -1.7894926858824007, "1,3": 0.7536444898460668, "1,4": 0.09238443903902605, "1,5": 1.2346987521987818, "1,6": 0.24552572188346788, "1,7": -0.401933051719773, "1,8": 0.9567740418715376, "1,9": 1.4100188705978915, "10,11": 1.059512528888861, "10,12": 1.0264230163601935, "10,13": -1.097522836455147, "10,14": -0.7576905690433144, "10,15": 1.1002165857052653, "10,16": -1.2132198859253789, "10,17": 1.4508920032780432, "10,18": -1.961708524347424, "11,12": 0.5195197563784939, "11,13": 0.20197196664715067, "11,14": -1.287263724078557, "11,15": -1.6576513651849907, "11,16": 0.30061389406297856, "11,17": 0.8905785535488207, "11,18": 0.5877852552866107, "12,13": -0.2614211407162603, "12,14": 1.894258783527957, "12,15": -0.22786333935737701, "12,16": 0.791572637173664, "12,17": 1.3216057530936443, "12,18": -0.7283857115120465, "13,14": -1.0851094128336958, "13,15": 1.2116421454243422, "13,16": 0.2234946902245727, "13,17": -1.1205164115787491, "13,18": -0.7125343543242697, "14,15": 1.0019971939331973, "14,16": 0.782624928173342, "14,17": -1.215757242298448, "14,18": 1.1758961657806042, "15,16": 0.32938013263555543, "15,17": -1.1853713562983228, "15,18": -0.551591374219802, "16,17": -1.5069847141345716, "16,18": 0.26171290264884695, "17,18": 0.821683790019935, "2,10": -0.7517936002251333, "2,11": -1.4681478439730618, "2,12": 1.5120221401096634, "2,13": -1.6631887519854107, "2,14": 1.2525492401596683, "2,15": -1.4558944188841187, "2,16": -0.3555140638839003, "2,17": -1.3987401407471864, "2,18": -1.0112143816974641, "2,3": 1.373110113433874, "2,4": -1.6953207005883697, "2,5": 1.16867197479896, "2,6": 0.9990193444314057, "2,7": 0.8832401180986538, "2,8": -1.7845770347884078, "2,9": 0.30408066450727, "3,10": 1.3577115396168415, "3,11": 1.1474470537981216, "3,12": 1.7949316147065373, "3,13": 0.4034322545485405, "3,14": -1.2498580463537206, "3,15": 1.2386138296171327, "3,16": 0.9781862226735116, "3,17": -1.8601159621515646, "3,18": 1.2042078380665555, "3,4": 0.8968007490544418, "3,5": -1.5436862492435983, "3,6": 0.4814641872619041, "3,7": 0.49655908646993074, "3,8": 0.6626350191875936, "3,9": 0.09189822695540961, "4,10": -0.29782348658665025, "4,11": 1.3126403916671254, "4,12": 1.7117488454035907, "4,13": -1.81743559508539, "4,14": 1.091929429367791, "4,15": -1.0489837895056722, "4,16": 0.8112090938703451, "4,17": 1.324780086012479, "4,18": -0.9549405816873504, "4,5": 0.7876261915717566, "4,6": -0.24900670314652595, "4,7": 1.8336565125844797, "4,8": 0.9484216325513333, "4,9": 1.3851393171927628, "5,10": 1.912328782681377, "5,11": 0.4912417077488387, "5,12": -1.6653912287219539, "5,13": 1.143501102899814, "5,14": 1.3894594254237793, "5,15": -1.7330480845794898, "5,16": -0.6561548179181957, "5,17": 0.3552661960836927, "5,18": 0.9434608173022774, "5,6": -0.8926858251370886, "5,7": 0.38340340112070637, "5,8": 0.19484521211954098, "5,9": 0.20036963596406876, "6,10": 1.058344314339024, "6,11": 0.27079894431083673, "6,12": -0.6911786514415632, "6,13": 0.031178210635088632, "6,14": -1.7269290666538097, "6,15": 0.7947011880997819, "6,16": -1.3935898490064873, "6,17": -1.743445216964488, "6,18": 1.2770789610075846, "6,7": -0.2906124353968993, "6,8": -0.48600473719686876, "6,9": -1.864313362504309, "7,10": 1.5101743090326116, "7,11": -0.17129155252986372, "7,12": -1.875445610465119, "7,13": 1.8351330838486901, "7,14": 1.4502749992697672, "7,15": -0.26345378741330006, "7,16": 0.02721209765187238, "7,17": 0.8350422930831982, "7,18": -0.1312428379303925, "7,8": -1.2018070116782549, "7,9": -0.4639279916814134, "8,10": 0.9332665941825655, "8,11": -1.3678327576897837, "8,12": 0.621320158544425, "8,13": 0.16354861739946847, "8,14": 0.16343697886539044, "8,15": 0.41094108774088944, "8,16": 1.0217850757391735, "8,17": 1.4092328224569655, "8,18": -1.2996793805000677, "8,9": 1.1657025302884154, "9,10": -0.2991610984012478, "9,11": -0.8173320268577706, "9,12": 1.9251543998210452, "9,13": 0.098960763582844, "9,14": -1.263206896893855, "9,15": -1.605857718611079, "9,16": 0.8596064138273709, "9,17": -1.3800199047807835, "9,18": -1.411047410123237}, "bias": {"0": -0.7981004949947559, "1": -0.3005481890243711, "10": -0.9489837975499655, "11": -0.7620606883032173, "12": -0.7862979835398409, "13": 0.1544941074850421, "14": -0.961506274493189, "15": 0.797483240013102, "16": 0.7078574448250914, "17": -0.354567544404778, "18": -0.9717799511047496, "2": 0.0030850964052593355, "3": -0.6345263264953187, "4": 0.8653645242584542, "5": 0.9691467945227619, "6": -0.4942124150610139, "7": 0.8099745921205719, "8": -0.12077603627181799, "9": 0.02922317125377516}}