{"Q": {"0,1": 0.7330451010180106, "0,2": 0.7116621189886874, "0,3": -1.7453022738285178, "0,4": -1.5077531962000466, "0,5": 1.4277091243623126, "0,6": 0.415838389346034, "0,7": -0.5862648106464534, "0,8": -0.7175491781341647, "1,2": -1.2310120142501062, "1,3": 1.795683258996275, "1,4": 1.5805609202521582, "1,5": -1.286146274866708, "1,6": 0.44930842799102866, "1,7": -1.263799219258392, "1,8": 1.6688144339272055, "2,3": 1.7307625410543048, "2,4": 1.0242438042836, "2,5": -1.494439997533905, "2,6": 1.2610546243731129, "2,7": 0.378629476708749, "2,8": 1.6073945175564552, "3,4": -1.5066959310743449, "3,5": 0.426232084064019, "3,6": 1.7330206858481434, "3,7": -0.8175837903654211, "3,8": -0.4948047699543636, "4,5": 1.3273217370624741, "4,6": 0.501114544457081, "4,7": -1.8803758071697971, "4,8": -0.7011580589757065, "5,6": 1.065405355761734, "5,7": 0.5380640831548442, "5,8": -1.9815151876081916, "6,7": 1.8822419266228296, "6,8": -0.635452695015533, "7,8": 0.7008959441553335}, "bias": {"0": 0.1606705129522008, "1": -0.3767245819525271, "2": -0.954713543733001, "3": 0.3286148894026726, "4": 0.9884509778983093, "5": -0.11152912297170547, "6": 0.28425047075187493, "7": -0.4472212153623203, "8": 0.6303254177500615}}