{"Q": {"0,1": -0.3578939594425292, "0,10": -1.3883138399307078, "0,11": -1.870270390312906, "0,12": 1.9672294778935915, "0,13": 0.8777754859819344, "0,14": -1.582873251510299, "0,15": -1.8219206337860085, "0,16": -1.3502406978354977, "0,17": 0.3539581890811965, "0,2": -1.6057222727233436, "0,3": -0.9572555168082544, "0,4": -0.6420797022416385, "0,5": -0.7114577328115734, "0,6": -0.7319435323917141, "0,7": 0.5365327598747061, "0,8": 0.149318396889913, "0,9": 0.7937990274793583, "1,10": 0.5429280669388792, "1,11": 1.23314050437302, "1,12": 0.14152340066731206, "1,13": -0.3107131677954804, "1,14": 0.7947128541302564, "1,15": 1.3162088300710137, "1,16": 1.8186276320287442, "1,17": 1.0237961711713806, "1,2": 0.6213029101087626, "1,3": -0.4756578659820958, "1,4": 0.24446680343319782, "1,5": -0.8384723381345061, "1,6": -1.4987589077489627, "1,7": 0.8691812686812312, "1,8": 1.5603594417968263, "1,9": 0.979485434348101, "10,11": -0.20456078653951248, "10,12": -0.1330788179310547, "10,13": 1.9665976337676367, "10,14": 0.15807964317153012, "10,15": 0.8750920568431022, "10,16": 0.5898718654221731, "10,17": -0.3618569527579232, "11,12": 0.7672107437831492, "11,13": 1.7782336779181018, "11,14": 0.8123777386212345, "11,15": 0.8875118424118211, "11,16": 0.11328059246428879, "11,17": -0.2511774653509655, "12,13": 1.0140420921209206, "12,14": -1.3244600284857628, "12,15": 0.3186071185352266, "12,16": 0.9736326803623925, "12,17": -0.6937989110772573, "13,14": -0.5737337130250646, "13,15": -1.0897408190931817, "13,16": 0.19758105531858972, "13,17": 0.893020915483941, "14,15": 0.23411982303234868, "14,16": 1.2366236769999142, "14,17": -1.6543859681107933, "15,16": 1.472254007434541, "15,17": -0.553407556609586, "16,17": -1.6552843713420864, "2,10": 0.5973153714525066, "2,11": 0.06541815141196983, "2,12": -0.650777258275324, "2,13": -0.8439886637871425, "2,14": 0.4229863514150427, "2,15": 0.847292818463341, "2,16": 0.7835690217487641, "2,17": 0.43414521335700673, "2,3": 1.7341962209118003, "2,4": 1.3308506024580944, "2,5": 0.7924326462346327, "2,6": -0.8235851598385486, "2,7": 1.8937831152195956, "2,8": -1.0157044170290233, "2,9": -0.7812754730709326, "3,10": -1.8559075877854703, "3,11": 0.4610359193692819, "3,12": -0.308627439053069, "3,13": 0.35784950101764945, "3,14": -0.2636307663240611, "3,15": 1.1642478827941525, "3,16": -0.31341846782270677, "3,17": -1.381036579077994, "3,4": -1.5385583717071265, "3,5": 1.178895151876167, "3,6": -0.23308694103153282, "3,7": 0.8941279049005408, "3,8": 1.791014950054349, "3,9": -0.9747176659017045, "4,10": 0.25704500140887276, "4,11": -1.818835718338173, "4,12": -1.2651963435295692, "4,13": 1.749961911088728, "4,14": 0.32910281260890484, "4,15": -0.977049599185384, "4,16": -0.638284894596207, "4,17": -0.9587395205326068, "4,5": 0.3555354085750575, "4,6": -1.6696136894919258, "4,7": 0.32880654969894785, "4,8": -0.618603910785501, "4,9": -1.0749455572823625, "5,10": -1.722582374426294, "5,11": 1.5082674000759542, "5,12": 1.9270258509737093, "5,13": -1.666280030212056, "5,14": 0.7421320509237028, "5,15": -0.48128972817364657, "5,16": -0.773496850546211, "5,17": 0.9614421351963642, "5,6": 1.687204627229463, "5,7": 0.17668727443658572, "5,8": 1.0277216150579513, "5,9": 0.27180586694437503, "6,10": 0.8556994161414453, "6,11": -0.3675329272106067, "6,12": 1.609920891068136, "6,13": -1.5125773204579196, "6,14": -1.5084221985861688, "6,15": -0.833239532258506, "6,16": 1.6986217162323194, "6,17": -1.4034720757557748, "6,7": 1.4160282356632758, "6,8": 1.6828812544800087, "6,9": -1.5311394467267445, "7,10": 1.5800977132920373, "7,11": -0.8107367871976576, "7,12": 1.5118668875330177, "7,13": 0.10881494803597747, "7,14": -0.8314423676416749, "7,15": 1.8707668029437214, "7,16": -0.36200858117058266, "7,17": -0.14035274786600072, "7,8": 1.8544897952580426, "7,9": -0.4095774471095486, "8,10": 0.08819822757496798, "8,11": 1.5039865156209857, "8,12": 0.6677664904306759, "8,13": -0.3288518463050458, "8,14": -0.4287262646520422, "8,15": -0.9401861029833904, "8,16": 0.012504090525716993, "8,17": -1.0764926871622404, "8,9": -0.9651617355649318, "9,10": 1.9137836531211074, "9,11": -0.3201353948094079, "9,12": 1.2486206673707714, "9,13": -0.4605838201147532, "9,14": -0.7350420422531507, "9,15": -1.4270255134951109, "9,16": -1.0927993106142306, "9,17": 0.19340768984558387}, "bias": {"0": 0.6117594789662573, "1": 0.47592384164129165, "10": 0.7531253483774669, "11": -0.3320434524132305, "12": 0.8630874719430468, "13": 0.3077909856061878, "14": 0.6674873353527142, "15": 0.2732637903777866, "16": -0.8369903617343186, "17": 0.31395572435281927, "2": -0.025729099062270055, "3": -0.5453486155961926, "4": 0.5332845373521109, "5": -0.7155535653987632, "6": -0.09441341577233886, "7": 0.14369886678847443, "8": -0.16843450350753542, "9": -0.914974693425213}}