{"Q": {"0,1": -0.8311040931218252, "0,10": 1.4978311734618739, "0,11": 0.18044920513531304, "0,12": -0.5168340517061956, "0,13": 0.0701818554371334, "0,14": 1.930679002040411, "0,15": -0.519237412029526, "0,16": -1.495706875650737, "0,17": -0.23531042868313667, "0,18": -0.6887220047462885, "0,19": 1.9533308068009116, "0,2": 0.8992916522948708, "0,3": 1.9485227821291162, "0,4": -1.3669782895202913, "0,5": 1.097318035074176, "0,6": 0.42953287146593366, "0,7": 1.3319474807582221, "0,8": -0.7718876245217112, "0,9": 0.9300269248237347, "1,10": 0.3644546830533817, "1,11": -0.6252255324941647, "1,12": -1.2236676031954947, "1,13": -0.43490739720567184, "1,14": 0.2298188816812976, "1,15": -0.1298901932019234, "1,16": 1.1328503730004598, "1,17": -1.2294506937993512, "1,18": -0.36419169781780125, "1,19": 0.8150120972838812, "1,2": 0.0995009023643374, "1,3": -1.9375647888216867, "1,4": 0.9392477687581788, "1,5": -0.15280362735625141, "1,6": 0.6207983795491185, "1,7": 0.3180591104396573, "1,8": 0.32229307991739864, "1,9": 1.0170508611117781, "10,11": 1.7968888163843175, "10,12": 1.2214600289843256, "10,13": 0.3266095991322011, "10,14": -1.4479172370064362, "10,15": 0.33898296863693744, "10,16": 0.013324479036940229, "10,17": 1.4666682165874572, "10,18": -1.5717685632769975, "10,19": 1.5356357171364836, "11,12": -0.2808851492955635, "11,13": 0.9704615611559513, "11,14": 0.7726021805825192, "11,15": -1.4379485133038572, "11,16": -0.03534895051132425, "11,17": -1.4447129376271577, "11,18": 0.9207598881168755, "11,19": -1.5783002617579642, "12,13": -1.491391665026537, "12,14": -0.7097334082026232, "12,15": 1.250004978709185, "12,16": -0.9380530042801802, "12,17": 0.003279694653529397, "12,18": 1.1494267426140512, "12,19": 1.436928019013128, "13,14": 1.1785821235092961, "13,15": -0.42239183096010713, "13,16": 0.7613409794797374, "13,17": -1.4452741482967721, "13,18": -1.6650238618186703, "13,19": 1.3882325259876493, "14,15": 1.0984916394981785, "14,16": -1.80659528323496, "14,17": -0.9312539873060675, "14,18": 0.9753717566526823, "14,19": 1.0034858510755145, "15,16": -1.190626845010684, "15,17": 1.5512383237474219, "15,18": -1.0153373528314185, "15,19": -0.3274716263844484, "16,17": 1.7327750879489754, "16,18": -1.6789313213933275, "16,19": -0.2439438999975252, "17,18": 1.6412253214649208, "17,19": -1.7762381215989742, "18,19": -1.3007464020444375, "2,10": 0.5276327969372026, "2,11": 1.0544013748087968, "2,12": -1.309933833525367, "2,13": -1.6436356888162171, "2,14": 1.170795038237002, "2,15": 1.5526353373524309, "2,16": -1.5693692780959094, "2,17": 1.9767609732581093, "2,18": -0.75840836270054, "2,19": -1.4670878430635423, "2,3": 0.3963019364545852, "2,4": 1.465507549594919, "2,5": -0.6240144956624287, "2,6": -1.5438949768998866, "2,7": 0.8403611169163949, "2,8": -1.4551201553626654, "2,9": -0.18440487428998464, "3,10": -1.1804893553619102, "3,11": -1.451320302245532, "3,12": -0.7209613818054899, "3,13": 1.7769413526653808, "3,14": -1.865498028081832, "3,15": -0.04668328978302849, "3,16": 1.8750071572408968, "3,17": -1.9296731705514034, "3,18": 1.3951912496819783, "3,19": -0.6540505796993275, "3,4": -0.3682583542429887, "3,5": -1.1368337396922121, "3,6": 1.1635751486147639, "3,7": 0.9474292188351585, "3,8": 1.9714046829798475, "3,9": -0.36621391694777694, "4,10": -1.364679522854952, "4,11": -1.2652863183935303, "4,12": 1.3070822574543621, "4,13": -0.2984477195161581, "4,14": 0.2800970393503843, "4,15": 0.5396698617954265, "4,16": -0.9526147967296876, "4,17": 0.8216499207488814, "4,18": 1.8954130832265648, "4,19": 1.8277615255479747, "4,5": -1.524040991210498, "4,6": -1.277864984601114, "4,7": -1.3200986314314354, "4,8": 0.1487114664084248, "4,9": 1.2018296921123688, "5,10": -0.7552631681570099, "5,11": -0.030218075383764198, "5,12": -1.5944713101079535, "5,13": -1.3555399175730236, "5,14": 1.9972188770521404, "5,15": -0.34059152584048347, "5,16": -0.023146405220813904, "5,17": 1.7053603953912018, "5,18": -1.5474598850449333, "5,19": -0.565789937753181, "5,6": -1.3639089767020645, "5,7": -0.6960754849059887, "5,8": -1.5936488263896988, "5,9": 0.7701269220205904, "6,10": 1.7872456830012813, "6,11": -0.26549539564302105, "6,12": -0.9608453434187081, "6,13": -1.738984283254827, "6,14": 0.4320604505527066, "6,15": 1.581629276090612, "6,16": -0.746536091240857, "6,17": 0.6113355721144669, "6,18": 1.5265143923253954, "6,19": -1.0751843371616827, "6,7": -1.7464946310835505, "6,8": -0.17122269164320558, "6,9": -1.8464071852055066, "7,10": 1.6892147646005395, "7,11": -0.9868634569773, "7,12": 1.8825730811018064, "7,13": -0.0984511101816401, "7,14": -0.7516415285305116, "7,15": 0.20875185991927836, "7,16": 1.8831262096773789, "7,17": -0.08744353872894539, "7,18": 1.3349605645127025, "7,19": 1.0738209522782043, "7,8": 0.5767813724031017, "7,9": -1.6039272419437016, "8,10": -0.6013897854143657, "8,11": -0.5906082836320472, "8,12": -0.01594196053264252, "8,13": -0.8965659573866644, "8,14": 0.9213526385218862, "8,15": -1.0198162432927549, "8,16": 1.4690456356193096, "8,17": -1.6180863404834378, "8,18": 0.875935531529386, "8,19": -1.4711839625349663, "8,9": 1.646705937258094, "9,10": -0.9832477988675632, "9,11": -0.5250729033201087, "9,12": -0.4341991043532998, "9,13": -0.009577830697242717, "9,14": 1.154983147318355, "9,15": 0.8422013451266093, "9,16": 0.5844358829011145, "9,17": 0.3930854209318171, "9,18": 1.5930384525840178, "9,19": 1.3439310214220397}, "bias": {"0": -0.6738755781411239, "1": -0.36434721852733776, "10": -0.32984394364506087, "11": -0.2754657707545942, "12": -0.8677233649368339, "13": -0.8586187619451549, "14": -0.764655164416461, "15": -0.9066513190722971, "16": 0.719091126291767, "17": 0.9571171072256435, "18": 0.15747649621374382, "19": 0.8890373400167626, "2": -0.24422942764706335, "3": -0.9259643792096788, "4": -0.8944710005642149, "5": -0.7890287698244498, "6": -0.48581740550904406, "7": -0.9417369716332453, "8": 0.5199394700641737, "9": -0.6726957543782137}}