{"Q": {"0,1": 1.9622068205781376, "0,2": 1.4974703631895725, "0,3": 1.2684458155855718, "0,4": -0.6583687730114889, "0,5": -1.794723233829656, "0,6": -0.9442765450414643, "0,7": -1.5641382840913307, "0,8": -1.9319072499960726, "1,2": 0.6856129399957389, "1,3": 1.5224606259861764, "1,4": -1.854321719544222, "1,5": 1.2824830816973916, "1,6": 0.9395167210065991, "1,7": -1.7415060915450042, "1,8": 1.5758943153498515, "2,3": -0.5777401629713523, "2,4": 1.7571758083747206, "2,5": -0.7134440029175448, "2,6": -1.7479546764019864, "2,7": 1.6457980600580244, "2,8": 1.8354115545830623, "3,4": -1.4718263184573188, "3,5": -0.9914045155644966, "3,6": -0.9226645430844442, "3,7": 1.333996976289702, "3,8": 0.9269410259656081, "4,5": -0.5289391997016097, "4,6": -1.9563545087943988, "4,7": 1.356124183497625, "4,8": -1.7697233602968723, "5,6": 1.3006546895755342, "5,7": 1.4322704138625881, "5,8": -0.8165300709513685, "6,7": -1.348860207682646, "6,8": -0.4747931252473494, "7,8": 1.5395276994226919}, "bias": {"0": -0.3290225765410708, "1": -0.3272839695407823, "2": 0.7122858797159275, "3": -0.43458957623661476, "4": 0.8745262491505414, "5": 0.7489965805937506, "6": -0.2956204683908379, "7": 0.6252507540421826, "8": 0.364368427565684}}