{"Q": {"0,1": 0.7749888316406688, "0,2": 0.7341198894475967, "0,3": 1.3829728289854355, "0,4": 1.8110968468247686, "0,5": 1.8268872058652557, "0,6": -0.9584597951467866, "0,7": -0.21212002340289215, "0,8": 1.0990959368572146, "1,2": -0.48248951872209744, "1,3": -1.9301040145427697, "1,4": 1.487456809525384, "1,5": 0.8157833412736148, "1,6": -1.3889740616942863, "1,7": -0.1656228871077352, "1,8": 0.8303156706857417, "2,3": 0.7474264770987835, "2,4": -0.891488936653424, "2,5": -0.01389724444445406, "2,6": -1.7731141386424034, "2,7": -1.4120569912223648, "2,8": 0.884177754439484, "3,4": -1.7822032185545207, "3,5": -1.7371066718396184, "3,6": 1.3363851509262092, "3,7": 0.42303575439910635, "3,8": 1.1151572833946992, "4,5": -1.9576946198304217, "4,6": 1.6306739214963688, "4,7": 1.9999352876101963, "4,8": -1.369177681869489, "5,6": 0.014774407427598835, "5,7": -0.11583735733480083, "5,8": 0.1676770743817131, "6,7": 1.3463673407661996, "6,8": -1.1104160322237226, "7,8": -0.33779844513613133}, "bias": {"0": 0.011294031007449634, "1": -0.1734740650017652, "2": -0.2530770767375745, "3": -0.29371103121026243, "4": -0.022886528765411862, "5": 0.4610716386792326, "6": -0.17554926214477917, "7": -0.45086628131005324, "8": 0.6875215595716206}}