{"Q": {"0,1": -0.2381772506547124, "0,10": -0.4424284839537864, "0,2": 1.5075639168597457, "0,3": 0.6037967438800886, "0,4": -1.5013461898707217, "0,5": -0.7976011915663226, "0,6": -0.23160644816433074, "0,7": -1.094401176669114, "0,8": -0.8183751267163086, "0,9": -0.6671222659382408, "1,10": -0.039385568657654524, "1,2": -0.9793943521369899, "1,3": -0.6925175650176363, "1,4": 1.771135420266249, "1,5": 1.785549731366355, "1,6": -1.2939538137020907, "1,7": -0.559136566869356, "1,8": 0.3207520325477642, "1,9": -0.2926971389107078, "2,10": -0.8469143105955759, "2,3": 1.976708503457905, "2,4": 0.7026056723416123, "2,5": -1.955845858089876, "2,6": 1.8852756919129412, "2,7": 1.4226696688503617, "2,8": 1.503518322507841, "2,9": -0.9596609640350975, "3,10": 1.8475180178295587, "3,4": -1.7734744027109741, "3,5": -0.505443351715126, "3,6": -1.6014813953358975, "3,7": 0.41842453929147494, "3,8": -0.09397334439355154, "3,9": -1.8697667537637965, "4,10": 0.07251973809823786, "4,5": -1.9981409027634687, "4,6": 0.8550781329397492, "4,7": 0.04640059390678086, "4,8": -1.4426162895782708, "4,9": 0.21078968293153766, "5,10": 1.7694262949851223, "5,6": 1.7955336489989788, "5,7": -0.48849688755208165, "5,8": -1.8534740472809226, "5,9": 1.9077016951928436, "6,10": -1.7292494185510305, "6,7": 1.5074638800126965, "6,8": -1.8145667957914955, "6,9": 0.5589021805106937, "7,10": -0.57862939181816, "7,8": 1.0567220821713135, "7,9": -0.020215122165089916, "8,10": -1.956150661117292, "8,9": -0.6267225412127071, "9,10": -1.1045249084605766}, "bias": {"0": 0.10313170621749324, "1": 0.2692690452319335, "10": -0.9902036840475088, "2": 0.7629950670746932, "3": -0.44229764144316785, "4": -0.2935653722107465, "5": 0.9514094254191059, "6": 0.9581675838994343, "7": 0.09502603265482956, "8": 0.2044187968358424, "9": 0.5418714992196283}}