{"Q": {"0,1": -0.5563798479397222, "0,10": -1.2410428062472652, "0,11": -0.5192168508803627, "0,12": 0.652118541694676, "0,13": 1.519949082356809, "0,14": 1.9154093022300143, "0,15": -1.6850045961496902, "0,16": -0.566983740742427, "0,2": -1.0898538527974595, "0,3": -1.945086861111069, "0,4": -1.4743537869134724, "0,5": 0.6277980838221273, "0,6": -1.293814283326026, "0,7": 0.36472611501626195, "0,8": 1.066635438331137, "0,9": -1.8014430287327352, "1,10": 1.4963533812125704, "1,11": 0.6748164722374352, "1,12": -0.13499670667506214, "1,13": 1.5925454880083763, "1,14": -1.383157716473896, "1,15": -0.06835504799896652, "1,16": 1.3189454249989172, "1,2": 1.9610978504143666, "1,3": -1.9596535776585537, "1,4": -1.4538076050691857, "1,5": -0.804267813472975, "1,6": -0.5831807273879499, "1,7": 0.17082286763789778, "1,8": -1.7555217230792954, "1,9": -1.9298042630337027, "10,11": 1.982814912717488, "10,12": -1.85482101690503, "10,13": 1.8078138944085844, "10,14": -0.35121538972534605, "10,15": 1.5134435126436347, "10,16": 1.4110804873940679, "11,12": 0.4642629340878832, "11,13": 0.20284480715229858, "11,14": -1.0568575268809308, "11,15": -0.4012518372851668, "11,16": -1.9676972875852101, "12,13": 0.4034150896436257, "12,14": -1.2675499991768655, "12,15": 1.3319928449167615, "12,16": 0.9692748335386097, "13,14": 1.014573593576841, "13,15": 1.3531182486710813, "13,16": -1.2153719099729265, "14,15": 0.635718641581489, "14,16": 1.0806065474909405, "15,16": -0.1810686813676443, "2,10": 1.6078294275400258, "2,11": 1.9549850316749313, "2,12": -1.2354434510014753, "2,13": -0.6862872196845933, "2,14": -0.38053343027988173, "2,15": -1.5551634279439663, "2,16": 0.7910640103350493, "2,3": -1.8082960628623486, "2,4": -1.011123195883651, "2,5": 0.5142387001569864, "2,6": -1.0124718727793094, "2,7": 0.06724353756761836, "2,8": 0.9794371187075499, "2,9": -1.0821492261942884, "3,10": 0.11086952412692774, "3,11": 0.9954671262551886, "3,12": 0.3038205971292296, "3,13": -1.0150276924980024, "3,14": 1.244985970444037, "3,15": 1.386480185057322, "3,16": 1.5888174092104275, "3,4": 0.8338182150499414, "3,5": -1.8967937809102486, "3,6": -0.7740278232187543, "3,7": -1.1004946452349986, "3,8": 0.3904241166601987, "3,9": -0.4904298853907578, "4,10": -1.155511745278229, "4,11": 0.8927910640867878, "4,12": -0.2314605995820842, "4,13": 1.6469721456835655, "4,14": -0.39023987995502063, "4,15": -0.48945185362909305, "4,16": -0.256859335380772, "4,5": -1.459967411332784, "4,6": -0.42649995492588344, "4,7": 0.8252498300169231, "4,8": -1.0649480115229024, "4,9": -1.6204339654212339, "5,10": 1.6052752383554854, "5,11": -1.8530704942944691, "5,12": 1.9511928111187546, "5,13": 1.06151485312395, "5,14": -1.458011669250392, "5,15": -0.6258584962415452, "5,16": 1.8420826563073756, "5,6": -1.2061910166616876, "5,7": 0.7562466943967143, "5,8": -0.12534646597635746, "5,9": -1.079566238234952, "6,10": 0.9678512317441297, "6,11": -0.21663563608174163, "6,12": -1.1366497607730528, "6,13": 1.4468894261886547, "6,14": -1.278738303779107, "6,15": 0.6992018319361502, "6,16": -1.0051194202696458, "6,7": 0.49018724624252386, "6,8": 0.05592378431456346, "6,9": 1.6521171979753388, "7,10": 0.2546784382258065, "7,11": -0.832929941898854, "7,12": -1.1590742707118311, "7,13": 1.7519078745672996, "7,14": -0.34602736951126367, "7,15": 1.4789916666990597, "7,16": 0.6030973711532037, "7,8": 1.7332809939299838, "7,9": 1.2079214749610134, "8,10": 0.516399721512264, "8,11": -1.172563186078861, "8,12": 0.470709603287351, "8,13": 0.4917322045706318, "8,14": 0.10379285682248929, "8,15": -1.0400226480401726, "8,16": 1.899710071425913, "8,9": -0.31625570991660856, "9,10": -0.34762447197141677, "9,11": 1.2946458689034768, "9,12": -1.18892101033856, "9,13": -1.2800113520538634, "9,14": -0.7707465693361759, "9,15": 1.6703632474754713, "9,16": -0.14075759226651874}, "bias": {"0": 0.4108601697234302, "1": -0.27112886289000837, "10": -0.9718745109444589, "11": 0.8460538033568386, "12": 0.9229562320417035, "13": 0.21323794247169792, "14": 0.7968297356182301, "15": -0.010368617349233, "16": 0.6371154079693699, "2": 0.8076263264744317, "3": -0.5709958888214923, "4": 0.9976223710491416, "5": 0.9433801770535599, "6": -0.6880650067076894, "7": 0.4630070176871435, "8": -0.2858031490061974, "9": -0.28398420169915073}}