{"Q": {"0,1": -0.4700407297945337, "0,10": 1.5024102084112458, "0,11": -1.5344699455637754, "0,12": -0.4592983690174819, "0,13": 1.6355981796138592, "0,14": -1.75295222482317, "0,15": -1.2702379388657814, "0,2": 1.0706471337671433, "0,3": -1.3737243835283826, "0,4": 0.8147995570507875, "0,5": 1.880427998487694, "0,6": -1.487016477663762, "0,7": 0.24921607819811387, "0,8": -0.1374605823721784, "0,9": 0.7025226656032881, "1,10": 0.18719494019700456, "1,11": -1.2065510405673696, "1,12": 1.291854822591184, "1,13": 1.184284730073268, "1,14": -0.9753318078231445, "1,15": -0.1704434223483653, "1,2": -0.6539653861672803, "1,3": 1.7871809386788895, "1,4": 1.6012771566102653, "1,5": -1.4112713949654405, "1,6": -1.9237943397909252, "1,7": 1.2296384475817943, "1,8": 0.4923209284088088, "1,9": -0.7567208365383471, "10,11": -1.9277300898379846, "10,12": -0.4477869876617291, "10,13": -0.14943921514011915, "10,14": -0.5389555339977798, "10,15": 1.1925183221490028, "11,12": 0.8477167884866961, "11,13": 0.47398675929349965, "11,14": 0.1313815270002756, "11,15": -1.5993066554598232, "12,13": -1.8581203959378114, "12,14": -0.08150468360471219, "12,15": -0.0911449571508145, "13,14": 1.6235055810924433, "13,15": 1.5313183140102877, "14,15": -1.050505457777454, "2,10": 0.6850996236860363, "2,11": 0.10939975956417047, "2,12": -1.3559045681720403, "2,13": -0.2706443948913564, "2,14": 1.8860966480956587, "2,15": 0.9408394211992333, "2,3": -0.8446557998352282, "2,4": -1.6588230994778237, "2,5": -1.728321046321577, "2,6": -0.07585565225116753, "2,7": 0.8214773459378222, "2,8": -0.6409525202646242, "2,9": -0.14819356105318793, "3,10": 0.9203842225616699, "3,11": -0.10254634396081697, "3,12": -0.882502270849896, "3,13": -0.7561494809303522, "3,14": 0.4397036752125052, "3,15": 1.3774493582083127, "3,4": -0.11414997969720275, "3,5": -0.6272814065733772, "3,6": -0.36439544235923504, "3,7": 1.7229281521903888, "3,8": -1.225147860783328, "3,9": 0.6660375459030865, "4,10": 0.308816362870346, "4,11": -1.900228064955304, "4,12": 0.12086714116572406, "4,13": 1.9948871756794126, "4,14": -1.1316849584712578, "4,15": 0.7833970786058115, "4,5": 0.5150433011514015, "4,6": 0.9087109833136, "4,7": 1.012794685907631, "4,8": 0.5763599394302652, "4,9": -1.5805385959780418, "5,10": -1.316707602191204, "5,11": 1.955363562123269, "5,12": -0.9534924324688019, "5,13": -0.05232385510269211, "5,14": -0.7754329725510165, "5,15": -1.7454510441393172, "5,6": -0.20638639996810282, "5,7": 1.5322695775750734, "5,8": 0.7072136890579834, "5,9": 0.22332611693258597, "6,10": 1.138645081805425, "6,11": -1.7301266021248414, "6,12": -1.260899010586313, "6,13": 1.2365879792125885, "6,14": 1.2095168278188577, "6,15": -1.1907727579171268, "6,7": -0.6389336582500444, "6,8": -0.5952137739421253, "6,9": 1.8036553302752552, "7,10": -0.1791243726641336, "7,11": -1.3341244878798757, "7,12": -1.5345888043111442, "7,13": 1.7733489484300957, "7,14": 1.2046282797197927, "7,15": 0.5833366610076256, "7,8": 1.1190849662602118, "7,9": -1.900923342314346, "8,10": 0.03264744389824159, "8,11": 0.3553461473131909, "8,12": -0.6852102940507097, "8,13": -1.276013302453796, "8,14": 0.04486320550968559, "8,15": -1.6864154677016554, "8,9": -1.9800316301649832, "9,10": -1.1005035579396973, "9,11": -1.9615989353156875, "9,12": 0.5549767475627045, "9,13": 0.28796959731248695, "9,14": -0.19169243955520576, "9,15": 0.517063135087275}, "bias": {"0": -0.17215699056469513, "1": -0.036498750285674175, "10": 0.22485631450442156, "11": -0.01139677132504291, "12": 0.4502560387895942, "13": 0.5319107297499548, "14": -0.5646514328875094, "15": 0.7582809597671585, "2": -0.45992824912704133, "3": -0.48929849796200897, "4": 0.3861865588879847, "5": -0.1970082971735605, "6": -0.6076650373119652, "7": 0.5183047856039071, "8": 0.3295282486303144, "9": 0.3728751981778977}}