{"Q": {"0,1": 0.7941303419709715, "0,10": -0.4933271077912753, "0,11": 0.8666866311988088, "0,12": -0.18099084100179796, "0,13": 1.6880337799044671, "0,2": -1.316196241346106, "0,3": -1.3181497740231531, "0,4": 1.3371527220139012, "0,5": -0.8585032813513735, "0,6": 1.6220029729342613, "0,7": 0.6489753278384671, "0,8": -1.3280776504934901, "0,9": 0.62726180918746, "1,10": 1.4026356109702882, "1,11": 1.2642247627202416, "1,12": 0.400880348233847, "1,13": -1.416873009923941, "1,2": 1.9095164436736933, "1,3": 0.4827120245495973, "1,4": 1.5328993059435403, "1,5": -0.23071556522010317, "1,6": -0.6521303912591008, "1,7": 0.5969387430252655, "1,8": -1.0007830042930337, "1,9": 0.1005916026425342, "10,11": -0.9096763729074984, "10,12": 0.35070479481297534, "10,13": 1.7533715291783083, "11,12": -1.5158567077118308, "11,13": -1.0267890261289252, "12,13": 0.6239185576810047, "2,10": 0.37423333858279006, "2,11": -1.0528970588069106, "2,12": 1.1122401398927755, "2,13": 1.1473166125668324, "2,3": 1.4761113181528511, "2,4": 0.958595806773916, "2,5": 1.5326477373013696, "2,6": -1.366874963177445, "2,7": 0.20436683410048095, "2,8": 1.0569698399257743, "2,9": 0.40910781953259523, "3,10": 0.039760680105808355, "3,11": 0.6005485265719659, "3,12": 0.43447249006349953, "3,13": 1.628042185650556, "3,4": 1.4365810156704022, "3,5": 1.8372948255757606, "3,6": 0.5062247755633011, "3,7": 1.5660524977439962, "3,8": -0.028497462016204178, "3,9": 1.0154148150557045, "4,10": -1.6919022601488236, "4,11": 1.4249475783392511, "4,12": 1.5392625446607897, "4,13": -1.0170530055098816, "4,5": 0.688390675822721, "4,6": 0.5606891606047251, "4,7": 0.5878884402628675, "4,8": -1.9817329608060459, "4,9": -0.15192915217936154, "5,10": -0.9192092612508738, "5,11": 0.6645220889767756, "5,12": -1.011690540801792, "5,13": -0.953948859132586, "5,6": 0.7864044801691228, "5,7": -0.794924980736202, "5,8": 0.2935771880119509, "5,9": 1.1668902539897044, "6,10": -1.8453098727888189, "6,11": 1.3681537093002727, "6,12": 1.6224814816935695, "6,13": -0.1073477114027237, "6,7": -1.9918313293641332, "6,8": 1.4080795976792095, "6,9": 1.4096923709531013, "7,10": 1.5106127743349762, "7,11": -1.0980740443567174, "7,12": 1.5634744933631963, "7,13": -1.582251372092764, "7,8": -0.8641412321057627, "7,9": -0.16960706888796917, "8,10": 0.6570462663508363, "8,11": 1.385812404858458, "8,12": -0.9917765426039264, "8,13": 0.7163053763571403, "8,9": 0.5201974513801066, "9,10": 0.8239402944953209, "9,11": 1.6587073253353908, "9,12": 1.3650349562080693, "9,13": -0.8735913463589302}, "bias": {"0": 0.7550993718619632, "1": -0.7050203599213491, "10": 0.6563522806005826, "11": 0.6623101780700367, "12": 0.42102228287149024, "13": -0.00953962836926281, "2": 0.581194262543032, "3": 0.13020395449101807, "4": 0.9437381147304671, "5": 0.5694591295456513, "6": -0.5078982995908616, "7": 0.7260546660681781, "8": 0.8442886560014631, "9": 0.6509365212151372}}