{"Q": {"0,1": -0.6046465608209899, "0,2": -1.1030180456939496, "0,3": 1.0928306953869091, "0,4": 1.5496527003587657, "0,5": -0.3918832271877033, "0,6": -0.2662918292346599, "0,7": 1.6257002953980768, "0,8": -0.06702512797358473, "0,9": -0.4043936501605092, "1,2": 0.1004261349751081, "1,3": -1.457220989158527, "1,4": 1.8619507145270955, "1,5": -0.9296280069242537, "1,6": -1.1276006509342786, "1,7": -0.19310266808982623, "1,8": -0.8686867979817197, "1,9": 0.824484170349141, "2,3": 0.2149873920838843, "2,4": 0.430037605090833, "2,5": -1.7407684428662247, "2,6": -1.9862233911144624, "2,7": -0.3664148893314576, "2,8": -1.4371456149082964, "2,9": 0.58658981410652, "3,4": -1.4714538323526165, "3,5": 0.6758872321496314, "3,6": 0.17404155651602693, "3,7": -0.5215495396737966, "3,8": 0.4236998805424097, "3,9": -0.9092871874794288, "4,5": -0.11531823747931869, "4,6": -1.822233464432637, "4,7": -1.7478985258087412, "4,8": -0.01828685583992673, "4,9": -1.7129631667673504, "5,6": -1.8536305748672186, "5,7": 0.03091035753370308, "5,8": 1.614207480166713, "5,9": 1.2927067442548665, "6,7": -1.925232981814002, "6,8": 0.5386054636311113, "6,9": -1.236240207441873, "7,8": -1.6885589336133773, "7,9": 0.4180787392185743, "8,9": -0.3073483092035678}, "bias": {"0": -0.39051592347366526, "1": 0.25778930901504515, "2": -0.629483684203503, "3": 0.21458418635241205, "4": 0.003189354882556117, "5": -0.9023432916757526, "6": -0.36221656078287645, "7": -0.1724354418108136, "8": 0.7103950375003436, "9": -0.5955730817294698}}