{"Q": {"0,1": 0.5187831823771534, "0,10": 0.668914598359442, "0,11": -0.7113387160005495, "0,12": -0.22255702713646475, "0,13": -1.219522386343367, "0,14": 1.752570017136096, "0,15": 0.5223133171887606, "0,2": 1.1814111331540942, "0,3": -0.7082455449524123, "0,4": 0.16753825263894617, "0,5": -1.8489570061560223, "0,6": -1.9207439458794218, "0,7": 1.1261214334239575, "0,8": -0.6864071717010733, "0,9": 1.4319969164874329, "1,10": 1.6600661795070462, "1,11": -0.08839469103931119, "1,12": -1.8199441586734242, "1,13": -1.7982456018887576, "1,14": -1.0513093889327951, "1,15": 1.486733803935378, "1,2": -1.0795833645082578, "1,3": 0.1678120666067069, "1,4": 1.0189617455465605, "1,5": 0.8118209863693941, "1,6": 1.0745972978826517, "1,7": -1.3329546206014422, "1,8": -1.2463321095732711, "1,9": 1.5032177608883313, "10,11": 0.22526172006192713, "10,12": 0.3284623197438652, "10,13": -1.70152802036182, "10,14": -0.720298092381229, "10,15": -1.6831565435374722, "11,12": -0.31474884768661315, "11,13": -0.07568722542528183, "11,14": -0.6956026570192919, "11,15": 1.340052660243015, "12,13": -0.33702610155493407, "12,14": 1.7908820911261873, "12,15": 0.7224934567369004, "13,14": 1.2939932171094388, "13,15": -0.4592160565835659, "14,15": -1.6684491910534232, "2,10": -1.7291100352733646, "2,11": -0.5961090420805051, "2,12": 0.42572153993002537, "2,13": -0.8795997393968125, "2,14": 1.970754297971689, "2,15": -1.8831894826802222, "2,3": 1.2573015260176832, "2,4": 0.7719531857272295, "2,5": -1.6078931464712172, "2,6": -0.7251537580364422, "2,7": 1.044773171432217, "2,8": -1.3816262861966226, "2,9": -0.4962229082091536, "3,10": 0.6049860623406866, "3,11": 1.7676703629529333, "3,12": -1.2579523629878855, "3,13": 0.9308975714594299, "3,14": -0.08147601749572386, "3,15": -1.460007095907324, "3,4": -0.6905843381515107, "3,5": -0.6077148009097786, "3,6": -1.6327783166300818, "3,7": -1.2424109321594958, "3,8": 1.5135100704109115, "3,9": 0.3223841921713966, "4,10": 0.03599203624351777, "4,11": -0.5593872169460767, "4,12": 1.7336732994219703, "4,13": 1.348143109922772, "4,14": 0.4301324034516729, "4,15": -1.374916789402648, "4,5": 0.7359590931417594, "4,6": -0.37763640009792176, "4,7": 1.4637006595839241, "4,8": -1.6071964368399145, "4,9": 1.3071445006114977, "5,10": 0.6265677848182021, "5,11": 1.5484209395800606, "5,12": -0.4357831121525497, "5,13": 0.15034718720521045, "5,14": 0.009083798625891149, "5,15": 1.5015445987965457, "5,6": 0.30708616382063614, "5,7": 1.1857308210062367, "5,8": 1.8366133950685333, "5,9": 1.399119373101132, "6,10": 1.220601312491564, "6,11": 1.4463550097034088, "6,12": -0.4171266608147097, "6,13": -0.23590237339207842, "6,14": 1.4816595445109302, "6,15": 1.4707853177571377, "6,7": -1.1735400269560259, "6,8": 0.63664371708209, "6,9": -0.8504874758534906, "7,10": -0.5794109362999431, "7,11": 0.7477652820761853, "7,12": 0.1836307891259774, "7,13": 1.3241661126605329, "7,14": -1.6284824096086168, "7,15": -0.4897606604075291, "7,8": -1.186074099424847, "7,9": -0.32273527423595416, "8,10": 0.4932589303827766, "8,11": -0.10988538953194249, "8,12": -1.4897930584594978, "8,13": -1.6751000257835718, "8,14": 0.3023527755546014, "8,15": -0.9996359568752062, "8,9": 0.672282953363911, "9,10": 0.8563498450822311, "9,11": 0.793442594528273, "9,12": 0.7733107230345477, "9,13": -1.5296420702394857, "9,14": 0.5775201784158774, "9,15": -0.8915509938494321}, "bias": {"0": 0.8547070844124365, "1": -0.05516784891146442, "10": -0.6204946929712916, "11": -0.2160442172171264, "12": 0.47767061817896916, "13": 0.31967039623903837, "14": 0.5992514973917464, "15": -0.4552935069531656, "2": 0.6561782307102715, "3": -0.5508277931324375, "4": 0.24722949816882211, "5": 0.6230048053609072, "6": 0.1359924141417943, "7": -0.9969889761826134, "8": 0.8539495032560198, "9": -0.6695943314421169}}