{"Q": {"0,1": -0.9067924205298907, "0,10": 1.7998944196908604, "0,11": 1.0618147088396346, "0,12": -0.3774350259292474, "0,13": 1.2822880457464247, "0,14": 0.3734383008331621, "0,15": 0.18945278497143603, "0,2": -1.9826140036443016, "0,3": 0.5519544330552182, "0,4": 0.011001718380464709, "0,5": -0.6180206074614394, "0,6": 0.19258514633917345, "0,7": 0.2033443072631238, "0,8": 1.7009404092064893, "0,9": -0.8589169606183322, "1,10": -0.49115435170305677, "1,11": 1.5146595664171327, "1,12": 0.4367163482850942, "1,13": -0.1838940909533675, "1,14": 1.8395019759019609, "1,15": 1.043229474285842, "1,2": -0.6901903916134593, "1,3": -1.9009769332346336, "1,4": -0.036805440255700095, "1,5": 1.419455891344612, "1,6": -0.8839131925157835, "1,7": 1.3408340761885116, "1,8": 0.6619248175980932, "1,9": -1.2958163716681446, "10,11": 0.005749524005727036, "10,12": 0.8750135626884203, "10,13": 0.4599463660500964, "10,14": 1.8699389184567052, "10,15": 1.289902575316849, "11,12": 1.9922430412929635, "11,13": 1.280376233971591, "11,14": 0.7722961868012757, "11,15": 1.6159924142520317, "12,13": 1.2084692834836148, "12,14": -1.0654793488570027, "12,15": 1.8394818717177523, "13,14": -0.7133553354917659, "13,15": -0.12223143483003174, "14,15": 1.6146666393912268, "2,10": -0.2586201927999263, "2,11": -1.2474945945722151, "2,12": -1.1576421295648585, "2,13": -0.0935381508150539, "2,14": 1.1302158238393316, "2,15": 0.10404652971576223, "2,3": -1.2639884104549401, "2,4": 0.5528921917308902, "2,5": 0.6395957218933117, "2,6": 0.006428475834599823, "2,7": -1.7253864876506024, "2,8": -0.16169737861117373, "2,9": 1.4173167372248958, "3,10": -0.7374065983940095, "3,11": -1.508014212633869, "3,12": -0.9164206932550845, "3,13": -1.2170322569311645, "3,14": -1.7088877838916399, "3,15": -0.5314399047510978, "3,4": 0.95097109832572, "3,5": -0.569900595553543, "3,6": -1.3650992379127085, "3,7": -0.13911098831843693, "3,8": -0.8560854896844678, "3,9": -0.5575117205120983, "4,10": -1.8128617385930887, "4,11": 0.770362361678385, "4,12": 0.4545297472909784, "4,13": 1.9781052300768618, "4,14": 0.7108727624481643, "4,15": -1.1423721623476015, "4,5": -0.014396104259660092, "4,6": 1.4458485155693244, "4,7": -1.0421538359648692, "4,8": 0.5689892409163924, "4,9": 1.1065295203532766, "5,10": -1.3200141594986512, "5,11": 1.974007095688822, "5,12": -1.3911971377778438, "5,13": -0.08085206942520218, "5,14": -1.2981518899019302, "5,15": -0.518575073251113, "5,6": -1.7814602897680047, "5,7": 0.8986298405504107, "5,8": 1.1632113538436974, "5,9": 0.8707059760090163, "6,10": -1.0407734620527451, "6,11": 1.4845869002800733, "6,12": -1.1714493870938982, "6,13": -1.579602091601981, "6,14": -1.5569020223175154, "6,15": 1.2415290384955862, "6,7": 0.44182022861869097, "6,8": 0.2940791777447318, "6,9": 1.2413139356554415, "7,10": 0.5590356880090277, "7,11": -1.6198752227795463, "7,12": -0.9713579394184206, "7,13": 1.1253183172513435, "7,14": -1.4258649487522548, "7,15": -1.9960119754376522, "7,8": -0.7569694556961988, "7,9": 0.3713940248070502, "8,10": -0.0374951885204835, "8,11": 1.6468898195896684, "8,12": 0.20425470970275805, "8,13": -0.36876442296922507, "8,14": -0.5957984675842369, "8,15": 0.3242492236729926, "8,9": -1.0783193233487571, "9,10": -0.22612593586943053, "9,11": 0.24195859697640776, "9,12": -0.8457154310730912, "9,13": -1.0126629170185346, "9,14": 1.28288567324633, "9,15": -0.5793767455532501}, "bias": {"0": -0.586333594679824, "1": -0.37371481544470453, "10": 0.36216435027680705, "11": -0.9890270818993039, "12": -0.3679987166698835, "13": -0.3431834174347792, "14": -0.4138282017510231, "15": -0.7746258043498795, "2": -0.40513790839288477, "3": -0.644152108798435, "4": 0.39317084360194765, "5": 0.6811818924609245, "6": 0.7055728643038586, "7": 0.8919242111788115, "8": 0.4666255206659804, "9": -0.561266247188122}}