{"Q": {"0,1": 1.2455485097847228, "0,10": 1.551178673864107, "0,2": 0.2674116650661471, "0,3": 0.6991445322536416, "0,4": -0.7125972585370035, "0,5": -1.054484232600422, "0,6": -0.5932692045607406, "0,7": 0.4041742794235157, "0,8": -1.5881034133057716, "0,9": 0.002595614020995285, "1,10": 0.16289914067333822, "1,2": -1.692488473920216, "1,3": 0.9358212198605349, "1,4": 1.013782650502229, "1,5": 1.1654624248853667, "1,6": 0.5697659419945094, "1,7": -1.2090680462089511, "1,8": 1.2627347299211396, "1,9": 0.6952335465459658, "2,10": -0.030099399744110578, "2,3": -1.2798011479579396, "2,4": 0.05999414252914281, "2,5": 0.05848215649344324, "2,6": 1.7872993356941498, "2,7": -1.7242805492896327, "2,8": -1.9066450606859946, "2,9": -0.9753472097142728, "3,10": -0.5034063450867392, "3,4": 1.2418810217813085, "3,5": -1.8100563061394372, "3,6": 0.11750732583677204, "3,7": -1.9308055242999265, "3,8": 1.3379525308956084, "3,9": -0.8182458394734793, "4,10": 0.7055354311298241, "4,5": 1.4282625916165408, "4,6": 0.22071149448537053, "4,7": -0.4421211530414868, "4,8": 0.2359655924001589, "4,9": -0.6040737025597425, "5,10": -1.1590913667683158, "5,6": -0.47383505049420194, "5,7": -1.939733276054758, "5,8": -0.5639189336038961, "5,9": -0.8608494843307626, "6,10": 1.1232362169484404, "6,7": 0.494702684925691, "6,8": -1.6237500388089225, "6,9": -0.9048224679921035, "7,10": -1.9795563978377215, "7,8": 0.9259702183505221, "7,9": 1.2221508975223827, "8,10": 0.2525782508151111, "8,9": 0.05917332401535402, "9,10": -0.7355842345188277}, "bias": {"0": 0.2950501645452084, "1": 0.9347744841236523, "10": -0.12942678579863398, "2": -0.11563127214856328, "3": -0.08294905788123352, "4": -0.3318338477810592, "5": 0.11188188647698327, "6": 0.6117409814548571, "7": -0.49156649704438427, "8": 0.7683863717603239, "9": 0.8190376948774167}}