{"Q": {"0,1": 1.0630045295483161, "0,10": 1.3996810577513847, "0,11": -0.2646883111307732, "0,12": -0.1901423481234037, "0,13": 1.974136498858282, "0,14": 1.693834926034798, "0,15": -0.015955618539077232, "0,16": 0.8118007154443809, "0,17": -1.1035417027781698, "0,18": 1.332143762959685, "0,2": -1.255598219377804, "0,3": -1.8065735301162689, "0,4": 1.8262140883598637, "0,5": 1.76972476136853, "0,6": 0.3580407904378293, "0,7": 1.701006112944671, "0,8": 0.02126543054530705, "0,9": -0.8646486827247295, "1,10": -1.7532709651067604, "1,11": 0.43977400201513817, "1,12": 1.3467218336386555, "1,13": -0.41556877696239747, "1,14": -0.6962090785961297, "1,15": -0.47689332828570485, "1,16": -1.6207903234646803, "1,17": -1.0383213708077497, "1,18": -1.9278496883702774, "1,2": 1.5193907104234587, "1,3": -0.9921115387454553, "1,4": 0.18408716639874534, "1,5": -1.6964430522425937, "1,6": -1.405862040345614, "1,7": 0.9494337910424582, "1,8": -1.273033894114986, "1,9": -0.21709145286066267, "10,11": -0.019584612372590016, "10,12": -0.23239824750911175, "10,13": -0.7517819606553737, "10,14": -0.7133754578678451, "10,15": 0.31064842237209156, "10,16": 1.0671480677170258, "10,17": -1.4268055859781539, "10,18": 1.303708131467654, "11,12": 1.3976609342874653, "11,13": 0.0013652917271818055, "11,14": 1.1622621424453312, "11,15": 0.15012653685030442, "11,16": 1.949377095932542, "11,17": -0.9333817992866931, "11,18": -0.05335269415059818, "12,13": 0.4763414432757287, "12,14": 0.4823758231477613, "12,15": -0.128754488329494, "12,16": 1.972290390516784, "12,17": -1.309332166194081, "12,18": 1.044799456588605, "13,14": -0.7066340707555585, "13,15": -1.9677486653169174, "13,16": 1.29473923922676, "13,17": -0.17266734106319115, "13,18": -1.3265216705367204, "14,15": 0.3986485066046366, "14,16": -1.1563112765121772, "14,17": 0.6789565649469411, "14,18": 1.6416997445369055, "15,16": 0.8930837549071478, "15,17": -0.4411327780655183, "15,18": -0.5704299739978596, "16,17": -0.3240137672930534, "16,18": -0.22652706782582843, "17,18": -1.7580732208985466, "2,10": 0.5476814657218219, "2,11": 1.427870527603901, "2,12": -1.9064124756339678, "2,13": 1.9035176026306533, "2,14": -1.051549976761181, "2,15": 0.872181146184837, "2,16": 0.0955127815689969, "2,17": 1.6148934493624179, "2,18": 0.842438947151896, "2,3": -1.1725347971241113, "2,4": 0.622069916797392, "2,5": -1.9593831047680688, "2,6": 1.2178377422159299, "2,7": 1.6059919592576315, "2,8": 1.5230965801098626, "2,9": -0.6147845716537534, "3,10": 1.8361130447621692, "3,11": 0.22083076377362287, "3,12": 0.7427649754144494, "3,13": 1.4340159092046476, "3,14": 1.524422938911664, "3,15": -1.2362178869019376, "3,16": -1.1621846044538162, "3,17": 1.5359200005606541, "3,18": 0.78374114749198, "3,4": 0.7814213864036241, "3,5": -0.8718898505139263, "3,6": -1.487919834556707, "3,7": -0.46376563734638987, "3,8": -0.6777417720753092, "3,9": -1.2537957022774266, "4,10": -1.9068590649077444, "4,11": 0.7730535365220219, "4,12": 0.9104028935981217, "4,13": -1.4990879334147516, "4,14": 0.36021079921423294, "4,15": 1.0811878381341087, "4,16": -1.0767796503661575, "4,17": 0.02175983799822001, "4,18": -1.0343980408686417, "4,5": 1.703118747991616, "4,6": -0.7468305270605509, "4,7": 0.5016939776219358, "4,8": -0.2660062541360495, "4,9": 0.9215781073711047, "5,10": 0.9006740460811349, "5,11": 1.1736705193643897, "5,12": -1.9021043403535547, "5,13": -1.4272714656709447, "5,14": 1.2471984612913745, "5,15": 1.329879080713865, "5,16": 1.9300291373320437, "5,17": 0.5364272080581749, "5,18": -1.4649898915327464, "5,6": -0.9716435953521354, "5,7": 1.3132301721470294, "5,8": -0.6999222761915047, "5,9": -0.8729451498955307, "6,10": 1.126062331307871, "6,11": 1.9914491497302036, "6,12": 1.1112215038222821, "6,13": -0.12118134717961837, "6,14": -0.24087394166763065, "6,15": -1.2241727614521154, "6,16": -1.974466392711304, "6,17": -0.5645857628941946, "6,18": 0.7407632035839393, "6,7": -1.0138274566653398, "6,8": -1.6796605409458474, "6,9": 1.5920881667646758, "7,10": 0.11721125196222149, "7,11": -1.7500696409078031, "7,12": 1.711016726865064, "7,13": 0.7200688191407045, "7,14": -1.7202461021671023, "7,15": 1.1274661444300431, "7,16": 1.2997442877940184, "7,17": -1.7217348762715572, "7,18": 1.0023433343644794, "7,8": -0.4966781631203747, "7,9": -0.19161133091638183, "8,10": -0.7975306102161284, "8,11": 1.8550064903424022, "8,12": 1.8256973130923089, "8,13": 0.6446599656271812, "8,14": 0.4256599327196069, "8,15": -0.8832698926087934, "8,16": -1.5796030477240293, "8,17": -0.9411173274897262, "8,18": -0.883446048837548, "8,9": -0.08029493686800526, "9,10": 0.6882091040654981, "9,11": 0.9745073225699654, "9,12": -1.962700649292695, "9,13": 0.07781134104573839, "9,14": 0.37180173294569574, "9,15": -1.7124836112969528, "9,16": 1.1079797361617771, "9,17": 1.2623332508188647, "9,18": -1.9510887998480748}, "bias": {"0": -0.44106541430984003, "1": -0.08482450522565932, "10": 0.9447771210560811, "11": 0.1532490774148012, "12": 0.9068651985157496, "13": -0.9793178983038078, "14": 0.08619468129847374, "15": -0.22608527420368651, "16": 0.90934312877168, "17": -0.21513804779632362, "18": -0.3413790949133937, "2": -0.30410250380953396, "3": 0.20409848439318012, "4": -0.5627955166250096, "5": 0.028548567300667793, "6": -0.8799838665142594, "7": -0.1980692749640176, "8": 0.32522091179328383, "9": -0.24100491339746521}}