{"Q": {"0,1": -0.9147841822693015, "0,10": -0.9113404628060282, "0,11": 1.178765494492282, "0,12": 1.855262247225764, "0,13": 0.35766952360941184, "0,14": -1.4263317670807614, "0,15": 1.42673717337851, "0,16": 0.7759248103547596, "0,17": 1.5812594636774917, "0,18": 0.4897023364320674, "0,19": -1.7965139174325522, "0,2": 0.31940761119253214, "0,3": -0.9273362938758147, "0,4": -0.9803299562061811, "0,5": 0.3895943334318983, "0,6": -0.7119768549494299, "0,7": 1.615567451006049, "0,8": 0.2510156995542352, "0,9": -1.5863997740652875, "1,10": 1.3688322741516559, "1,11": -0.7393137773424465, "1,12": -0.08800295947515835, "1,13": 1.2845525818169552, "1,14": 0.3767758281593885, "1,15": -1.3850518714651097, "1,16": -0.659094761604333, "1,17": 1.9459440878485115, "1,18": -0.8366632265592528, "1,19": -1.2169669634663571, "1,2": -1.3364141243377152, "1,3": -1.9570046257472389, "1,4": 1.8017762798282049, "1,5": -1.7916953257221535, "1,6": -0.6287399858128118, "1,7": -0.3074058298932587, "1,8": 0.026487853686147034, "1,9": -1.311652292995706, "10,11": -1.243881190189164, "10,12": 1.0581814777202352, "10,13": -1.1911688151163413, "10,14": 0.16662627593441748, "10,15": 1.441147349372506, "10,16": -0.7781415695386289, "10,17": 0.8231824893611912, "10,18": 0.29618343648787127, "10,19": 1.4690852400257857, "11,12": 0.05104780893713068, "11,13": -0.2995919738809456, "11,14": 0.529966768675052, "11,15": 0.9389937946417399, "11,16": -1.922720028012372, "11,17": 0.4261190752453379, "11,18": 1.4964247691794945, "11,19": 1.4189116971692162, "12,13": -0.0015944610227314193, "12,14": 0.6408606443018523, "12,15": 0.05219428967294837, "12,16": -1.3957821709157385, "12,17": -0.3035024178009702, "12,18": -1.1529661913282583, "12,19": 0.20347458485027303, "13,14": -0.10435729745605249, "13,15": 1.7441945257273765, "13,16": -1.2578109942692235, "13,17": 1.6457811680364998, "13,18": -1.1148703026469242, "13,19": 0.45994136430435173, "14,15": -1.693106011347329, "14,16": 1.590124236883967, "14,17": -1.5419707338866089, "14,18": 1.0492727686786374, "14,19": -0.44965405033572514, "15,16": -1.439175532800855, "15,17": -0.15388230014081428, "15,18": 1.2337123065918894, "15,19": -0.4660725061998958, "16,17": -1.276657158042609, "16,18": -1.6380143451516975, "16,19": 0.9010999620843116, "17,18": -1.7092788340254046, "17,19": -0.12578028617106263, "18,19": 0.9352187165967045, "2,10": -0.009179077341314734, "2,11": 0.6783583245186926, "2,12": -1.3059885605100097, "2,13": 1.8945937724409347, "2,14": -1.3635589332774791, "2,15": -1.318984826015702, "2,16": -1.0928970304482557, "2,17": -0.5273618617816003, "2,18": -1.1639040681755652, "2,19": -0.7877145985323009, "2,3": -1.7197533099001574, "2,4": 1.5865880801638408, "2,5": 0.43265492871406286, "2,6": -1.1981449412687684, "2,7": 1.0925049627646297, "2,8": -0.09095351694723997, "2,9": 0.9572713825167125, "3,10": 0.8959693564297266, "3,11": -1.1029006181671983, "3,12": -0.6981781135758998, "3,13": -0.21907982573578444, "3,14": 1.4488344415646712, "3,15": 1.4110251089606227, "3,16": 0.8910620154528139, "3,17": -0.9789127947875653, "3,18": -1.5817488683030154, "3,19": -1.6406056264795406, "3,4": 0.7294848561270784, "3,5": -1.2962394483835245, "3,6": 1.3316038417574454, "3,7": 0.8697520424945298, "3,8": 0.02378143890166884, "3,9": 1.0377769304302253, "4,10": 0.4515785583019385, "4,11": -0.3784977773379006, "4,12": 0.4802466473230651, "4,13": 1.5700210930472687, "4,14": 0.3671417570378086, "4,15": 0.7232121025539873, "4,16": 1.7300015735466712, "4,17": -1.863116577786828, "4,18": 0.8182198257196891, "4,19": -0.5160867837168208, "4,5": 0.7068619883052678, "4,6": -1.2992511666944542, "4,7": 1.6797900443706926, "4,8": 1.09573705712668, "4,9": 0.6505871103370904, "5,10": 1.519211876168073, "5,11": 1.4527519384252625, "5,12": -0.7691004488960491, "5,13": -0.031548413555963606, "5,14": -1.7198105849976506, "5,15": 0.4087054278943434, "5,16": -1.8582999201203725, "5,17": -0.7537854795100363, "5,18": -1.3836968124977451, "5,19": -0.8175119627875547, "5,6": -1.9717609506272287, "5,7": 1.4058316027324702, "5,8": -1.0788458974090354, "5,9": -1.5477296451249067, "6,10": -1.9623463291945438, "6,11": -0.13005773078651517, "6,12": -1.7773136790128778, "6,13": -0.07610590354189606, "6,14": -1.752512903579547, "6,15": -1.9928398375101342, "6,16": -1.971736945363177, "6,17": 0.3040528509351974, "6,18": -1.0672801575118571, "6,19": 1.8499079781504912, "6,7": -0.11274185396528758, "6,8": 1.3910077366439175, "6,9": -1.0490092839385552, "7,10": -1.5387091777132609, "7,11": -1.9854605791410216, "7,12": -0.8213099856846839, "7,13": -0.6541654623775526, "7,14": -1.6844493403917675, "7,15": -1.2090049630547375, "7,16": 1.5838129449511285, "7,17": 1.9336460685575818, "7,18": -0.5257127613417616, "7,19": -1.7240402178494714, "7,8": 0.00992127374458196, "7,9": 1.7388473458018168, "8,10": 1.3153363907676527, "8,11": 1.7304519434882377, "8,12": -1.4347850352011284, "8,13": 0.09846060080958363, "8,14": -1.4327142522288034, "8,15": -1.9159861753484169, "8,16": 1.7700035531362008, "8,17": 1.3628774646422794, "8,18": -1.5428241278657704, "8,19": 0.6246363885723079, "8,9": 0.815310132552796, "9,10": -1.5397914771965535, "9,11": 0.7293549066811518, "9,12": -1.4256434478699789, "9,13": -0.4401473741965285, "9,14": -0.14092389490511614, "9,15": 1.5082565282181255, "9,16": 0.1856893031129676, "9,17": -0.9026143453219784, "9,18": 1.5388058517758125, "9,19": -0.2968333145236701}, "bias": {"0": -0.25060543826300496, "1": 0.8548278292853404, "10": -0.9134552032943077, "11": 0.45351954990773446, "12": -0.6415605853758708, "13": -0.5898305365071401, "14": 0.42839048343941566, "15": 0.3648081013301101, "16": -0.6296411086346976, "17": -0.2754891963923878, "18": -0.9230414744037521, "19": 0.30243029082937634, "2": 0.553220714180086, "3": -0.9527081785275122, "4": 0.19485082487573413, "5": 0.5517538543755114, "6": 0.2042302565522487, "7": -0.8390784630679218, "8": -0.7762900587922656, "9": -0.32557928466757335}}