{"Q": {"0,1": -0.044268015888097256, "0,10": 0.31949159661673665, "0,11": -1.8382595983612369, "0,12": 0.37032809475697226, "0,13": -1.6965422537960833, "0,2": -0.20053990317382908, "0,3": -0.1477632912228808, "0,4": 1.3053981832663304, "0,5": -0.20493205822676908, "0,6": 1.052397784835605, "0,7": 1.1975666510472531, "0,8": -0.12598968237209052, "0,9": 1.708698773009873, "1,10": -1.2526532546899278, "1,11": -1.4873262479151137, "1,12": -0.4344871564267194, "1,13": -0.19504753852017753, "1,2": 1.6610482844747905, "1,3": -0.25762652276625575, "1,4": 1.596719528645954, "1,5": -1.6954774280531821, "1,6": -0.6912538349242117, "1,7": -0.6735171252540173, "1,8": -0.5104740519565931, "1,9": -0.9627737294668299, "10,11": 1.433434218332661, "10,12": 0.5635566711392022, "10,13": -1.2327442377048592, "11,12": 0.32265105360473223, "11,13": 1.792491324723409, "12,13": 0.7040659110962109, "2,10": -0.4311946214319229, "2,11": 0.8817953678234165, "2,12": -0.00868897313735495, "2,13": -1.7010031190488766, "2,3": 1.6555659888525365, "2,4": -1.9125417475822601, "2,5": -1.5749809005775655, "2,6": -0.60867011189415, "2,7": 0.861914572679074, "2,8": -0.4790749895526627, "2,9": 1.7858763105662523, "3,10": -1.2430583846244017, "3,11": -1.8317364430445906, "3,12": 0.838445743026381, "3,13": -0.7437958614364808, "3,4": 1.0152523375504559, "3,5": 1.41549378662307, "3,6": -1.4373825318667182, "3,7": -0.658161186184834, "3,8": -0.39744811045586914, "3,9": 1.2313833461343124, "4,10": -0.25560089471709047, "4,11": -1.808547515983972, "4,12": -0.11369405333893834, "4,13": 1.2779728430564745, "4,5": -1.6776992054038646, "4,6": 1.7394036913355815, "4,7": -0.5589217825237762, "4,8": 0.0929769222725092, "4,9": 1.2591442978244851, "5,10": 1.8546817950972105, "5,11": -0.6009076307141363, "5,12": 1.7331971800767065, "5,13": 0.11136797831201273, "5,6": -0.8812429437120692, "5,7": 0.20989672283543914, "5,8": -1.949845234319834, "5,9": -0.11231258985185555, "6,10": -0.44098356780199843, "6,11": -0.6672080806121419, "6,12": 0.8518715154785572, "6,13": 1.155368863129023, "6,7": -0.691849921872913, "6,8": 1.8077475471877444, "6,9": 0.6421935567905117, "7,10": -1.36420459013606, "7,11": 0.46640333536507494, "7,12": -0.497839407572791, "7,13": 1.6782205146912803, "7,8": 1.9559727100616056, "7,9": -0.3559149651111442, "8,10": -1.203023976010646, "8,11": -1.6782216550086768, "8,12": 1.3047540640904232, "8,13": -0.20614058442847227, "8,9": -0.5836442173527665, "9,10": -1.9993998746240695, "9,11": -1.5584335867417747, "9,12": 1.0167216587414512, "9,13": -1.9905431182646875}, "bias": {"0": -0.6759150201762811, "1": -0.5722029149453749, "10": -0.9733976594821157, "11": 0.37862826734559385, "12": -0.20620523553049752, "13": -0.07906060752988053, "2": 0.45657222426426247, "3": 0.5264652064393396, "4": 0.8701330389574309, "5": -0.8008656042575093, "6": -0.8925688533179721, "7": -0.7648927276191753, "8": 0.4576353905712116, "9": -0.8993254859574717}}