{"Q": {"0,1": -0.4122213505432204, "0,2": 0.30323036843836926, "0,3": 1.1782362561789466, "0,4": -1.048402275329774, "0,5": 0.839873832928594, "0,6": 1.992096094944829, "0,7": 0.6611322156947614, "1,2": 1.3165385750084466, "1,3": 1.1872608928067394, "1,4": 0.509065813006119, "1,5": 0.7157606596196455, "1,6": 0.1512766118419009, "1,7": 1.1230198579396808, "2,3": 1.377782311127918, "2,4": 1.6102864405170396, "2,5": 0.9143218552000394, "2,6": -1.5102960338207971, "2,7": -0.5143106251145153, "3,4": -0.5306176574407595, "3,5": 1.7397248349319128, "3,6": -1.6670751875033867, "3,7": -1.4608176400247936, "4,5": -1.9852943568446748, "4,6": -1.8039603446031887, "4,7": 1.7145702533224725, "5,6": -1.3288433955596308, "5,7": 0.2051981927214075, "6,7": 0.7137553168417177}, "bias": {"0": -0.8304733870949961, "1": 0.8559641967843954, "2": -0.23321354122630278, "3": 0.09515296223204572, "4": -0.5672305206618289, "5": -0.3050481172242463, "6": -0.06149303624590963, "7": 0.9552867631085156}}