{"Q": {"0,1": 1.1186231000768552, "0,2": -1.1771478040706085, "0,3": 1.1464099463010502, "0,4": -1.3307397102182952, "0,5": -0.25454552197301306, "0,6": -1.4678125753382965, "0,7": 0.6216479059727664, "0,8": 1.3861541224353777, "0,9": 0.36570262235409556, "1,2": -0.8413329683095689, "1,3": 1.7920680391178418, "1,4": -1.7351273659927213, "1,5": -1.350668840526414, "1,6": -0.8939787459917681, "1,7": -0.15552988616991215, "1,8": 0.6697308318851132, "1,9": -1.9276615727746886, "2,3": 0.10588012282253034, "2,4": -1.9490475081802057, "2,5": 1.067953015104012, "2,6": 0.5846952126068268, "2,7": -0.5894489162733647, "2,8": -1.4815050936626522, "2,9": 1.9223290437932716, "3,4": 0.0540829759503163, "3,5": -0.6285016332614459, "3,6": 0.9300811248173888, "3,7": 0.788895943125548, "3,8": -0.01245329161623454, "3,9": -0.5371884004093594, "4,5": -1.1838179808952414, "4,6": -0.42065145027403217, "4,7": 1.4911673272371786, "4,8": -1.908520639317028, "4,9": -1.380622160173699, "5,6": 0.7804165972939647, "5,7": 1.123802754674232, "5,8": -0.9715238379748721, "5,9": 1.1416561089297703, "6,7": -0.060585282992176026, "6,8": 1.514215223455404, "6,9": -1.0062283944282586, "7,8": 1.2438251141838612, "7,9": -1.7230194781868762, "8,9": 1.5620475573692536}, "bias": {"0": -0.16840186801376467, "1": 0.6913039549742932, "2": -0.2781392959757165, "3": -0.37001518667170274, "4": -0.3808276118124694, "5": -0.23160555589819376, "6": -0.64244093925064, "7": -0.17912762945823135, "8": 0.28323412468804365, "9": 0.7637651850017906}}