{"Q": {"0,1": 1.7233217966162662, "0,2": 1.0107134688130364, "0,3": 1.9545904193267938, "0,4": 0.4704486872103879, "0,5": 1.2572750116696119, "0,6": -1.6811781993212969, "0,7": 1.4174046217384206, "0,8": -0.9082458918778524, "1,2": -0.6752695192321223, "1,3": -1.7768505587990662, "1,4": 1.9883143365887888, "1,5": 0.27376255286883966, "1,6": -1.1015003991263788, "1,7": -0.09397052166677344, "1,8": 0.9294617615750682, "2,3": 0.4443381021248167, "2,4": -0.840759844991823, "2,5": 0.9428434306549169, "2,6": -0.1501585162646255, "2,7": 0.5680458167500504, "2,8": -1.857154185207453, "3,4": -0.7074776336398725, "3,5": 0.27080352449535905, "3,6": -1.5843313206205498, "3,7": 0.5024430507070567, "3,8": 1.5737812749960298, "4,5": 0.48004478060343203, "4,6": -1.843575744086547, "4,7": -1.2681632831403071, "4,8": -1.6269546785178317, "5,6": -1.8032164898868484, "5,7": 1.5056372626734413, "5,8": 0.540622617143506, "6,7": -0.09000569279815762, "6,8": -1.7500224277671532, "7,8": 1.2836592551363268}, "bias": {"0": 0.23877109905381566, "1": -0.988836972675307, "2": -0.28544723102347214, "3": -0.49888613624206757, "4": -0.027145262086734068, "5": 0.8245244542440853, "6": 0.8880899446879496, "7": 0.6575520471956582, "8": -0.388808118522705}}