{"Q": {"0,1": 1.3950741193848035, "0,10": -1.5547732147582285, "0,11": -1.2677906477072796, "0,12": -1.7474635828322116, "0,13": -1.387802550758575, "0,14": 1.408118013873061, "0,2": -1.6709972982173205, "0,3": 1.6073930027289953, "0,4": 0.0665541598365409, "0,5": 1.826394367654407, "0,6": -1.799878151289327, "0,7": -1.5240616680347387, "0,8": -1.2755458695466562, "0,9": -0.8469017285119649, "1,10": 1.7289551464248953, "1,11": -0.7506044322652148, "1,12": 1.3995997027334965, "1,13": 1.6424482518538173, "1,14": -0.10089762139347869, "1,2": 1.0257578760373103, "1,3": -1.0619266824806264, "1,4": -0.17324401221529673, "1,5": -1.619538317273006, "1,6": 1.6048894582328228, "1,7": -1.5143982022021651, "1,8": 0.906717099726464, "1,9": 1.595211875304471, "10,11": 1.3831353977326124, "10,12": 0.12305984314791774, "10,13": 1.6811808939353368, "10,14": -0.6675694492081816, "11,12": 0.16346910505590362, "11,13": 0.3439931049001057, "11,14": 0.6179413945926329, "12,13": 1.0750033567204378, "12,14": 1.3602831676971054, "13,14": -1.2258836069521903, "2,10": 0.33527477360402624, "2,11": -0.5455590068002061, "2,12": 0.24646650753403065, "2,13": -1.5078201745512971, "2,14": 0.2895179547229154, "2,3": -0.7010012895459696, "2,4": 1.643564979915233, "2,5": -0.2998096535634778, "2,6": -1.3281107560377503, "2,7": -1.9265470169365808, "2,8": 0.5802924598290011, "2,9": 0.9060230565215845, "3,10": -1.8168967340228472, "3,11": -0.2867474127240599, "3,12": -1.8374209468071894, "3,13": -0.8730109321726225, "3,14": 0.7959330704165266, "3,4": 1.0199915180915462, "3,5": 0.6446081339721395, "3,6": -1.0340495474886304, "3,7": -0.7614925793035696, "3,8": 0.42317695054600524, "3,9": -1.830820316924096, "4,10": 0.3574166714089828, "4,11": 0.23367378492244395, "4,12": -0.9239724505699902, "4,13": -0.0763312498452291, "4,14": 1.5012253859810638, "4,5": 1.2470084329801914, "4,6": -1.5026400152702517, "4,7": 0.8371255430953575, "4,8": 1.1541095155049028, "4,9": -0.7085588900287507, "5,10": -0.14535215205421803, "5,11": -1.7909762902518205, "5,12": -0.7587436134826895, "5,13": -0.5011100402455377, "5,14": 0.7578539718620543, "5,6": 0.8095641145799308, "5,7": 1.1456718940160706, "5,8": 1.8290430692772741, "5,9": -1.4059741625776576, "6,10": -0.28035454656313386, "6,11": -1.8964001446081955, "6,12": -0.5776084312403911, "6,13": -0.9955995448388366, "6,14": 1.993299159604161, "6,7": 0.4502327191519644, "6,8": -0.3515363295400076, "6,9": 0.1306910265045378, "7,10": -1.2612236680420579, "7,11": -1.974941392767589, "7,12": 0.14499556795183244, "7,13": 1.034649498925142, "7,14": 0.7946676965862656, "7,8": 1.7057045417973193, "7,9": -0.9026064901683379, "8,10": -1.3075999274296577, "8,11": 1.6302991007216856, "8,12": 0.2086867957217815, "8,13": -1.9908513315980398, "8,14": -0.45244822097623727, "8,9": -0.9959307167162099, "9,10": -0.7634639777553613, "9,11": 1.8100293136322558, "9,12": -0.4245774659898749, "9,13": -1.2640265043394208, "9,14": 0.5052444186869924}, "bias": {"0": 0.46022292400136067, "1": 0.3195575884533064, "10": -0.9402719723655955, "11": 0.37958204182149013, "12": -0.028793414890568192, "13": -0.5530675440090944, "14": -0.0011061643777443564, "2": 0.7666111093410415, "3": -0.7298908443789225, "4": 0.5551209484233999, "5": 0.6575703156915873, "6": 0.9092723649460603, "7": 0.880339679336712, "8": 0.2912415771378738, "9": -0.1011810553848973}}