{"Q": {"0,1": 1.8032486645968415, "0,10": 0.1484610158762929, "0,11": -0.9885634531641259, "0,12": 0.27334796840229103, "0,13": 0.7971485410028314, "0,14": 1.3040397195127578, "0,15": -1.9837362407946686, "0,2": 0.4006257127496755, "0,3": 0.7058017085504078, "0,4": 0.8930320164702419, "0,5": 0.2047211685985646, "0,6": -0.9791353143943136, "0,7": -1.2150634937056801, "0,8": 1.4670755456635347, "0,9": -0.024587759860169367, "1,10": -1.9170892162179376, "1,11": -1.710467821246513, "1,12": -1.952938761656076, "1,13": -0.904937590848907, "1,14": -1.1402588564707457, "1,15": -0.5343756766813317, "1,2": -1.910185235701436, "1,3": 1.5008502560383743, "1,4": 1.0153926744825057, "1,5": 1.4154088773882436, "1,6": 1.0524140371462982, "1,7": 0.626138721630618, "1,8": 1.5410090556235638, "1,9": 1.1643005225596732, "10,11": 1.7051796713467735, "10,12": 0.2893488004296625, "10,13": 1.3644168020997611, "10,14": -0.2670654366589993, "10,15": -1.825347292067216, "11,12": 0.7318630139264366, "11,13": -1.7671597767765483, "11,14": 1.7107936151569336, "11,15": -0.701398898320488, "12,13": 0.27247069585152905, "12,14": 1.6817614649667374, "12,15": -0.34629927493773893, "13,14": -0.4520014317340455, "13,15": -0.8577518279663479, "14,15": 0.41483301433043573, "2,10": 0.33112208066412485, "2,11": 1.8321403734761876, "2,12": 0.10930673874681718, "2,13": -0.09683661781674724, "2,14": -0.3975578647259095, "2,15": -0.8627235063187833, "2,3": -0.2805885956357499, "2,4": 0.36442675079049325, "2,5": -0.15600228760242896, "2,6": 1.3015170413930064, "2,7": -1.5534476864973765, "2,8": 1.8581272890016276, "2,9": 0.7989278888621398, "3,10": 1.5097673429787113, "3,11": 1.6912009803067654, "3,12": -0.5436904307697361, "3,13": -0.175095173151405, "3,14": -0.07647102020799634, "3,15": 1.7934233138574114, "3,4": -1.8463602144661255, "3,5": 0.19408593526329554, "3,6": -1.5105779204727443, "3,7": -1.9141660544568961, "3,8": 1.4248301920659432, "3,9": -1.7389004618103456, "4,10": 0.2968243403132309, "4,11": 1.721451479524696, "4,12": -0.48820155952964006, "4,13": 0.9422445676319691, "4,14": 1.6407600673642402, "4,15": -1.5017939222791608, "4,5": 0.7130518184960843, "4,6": -1.191091252279846, "4,7": 0.9737206797103419, "4,8": 1.9354919872738923, "4,9": -0.6056644034803207, "5,10": -1.1809989679517545, "5,11": -1.0782649093277379, "5,12": -1.3982309277357472, "5,13": 1.6003483500452074, "5,14": 1.6298628030777462, "5,15": 0.25784342467448473, "5,6": 0.922453511326522, "5,7": 0.27506595982422954, "5,8": 1.457985559883125, "5,9": -1.392342471221733, "6,10": -1.653180306609074, "6,11": -0.937604987168092, "6,12": -1.3369752339513963, "6,13": 0.014566743802338245, "6,14": -1.836469250075183, "6,15": -0.6526816798039015, "6,7": -0.3763959277994071, "6,8": -0.7576135534080204, "6,9": -1.4093866583474823, "7,10": -1.0230182985126506, "7,11": -1.4687885662840823, "7,12": 0.013295501793707754, "7,13": 1.824648182527599, "7,14": -1.9554929796193035, "7,15": -0.13132405066181718, "7,8": 0.970259927724292, "7,9": 1.8525202464628472, "8,10": 1.8352396026066518, "8,11": -1.3597414056083221, "8,12": -0.26563636666811075, "8,13": 0.9905366229337451, "8,14": 1.5222466243781683, "8,15": 1.4357308043513535, "8,9": 1.8253191516267782, "9,10": -0.2345571804567621, "9,11": 0.9485658780012818, "9,12": -0.5366838111577308, "9,13": -1.4277062661838538, "9,14": -1.295830532786613, "9,15": -1.9412426508987957}, "bias": {"0": -0.8538906498670757, "1": -0.15546375242187227, "10": 0.4777915553111376, "11": -0.359189208194731, "12": 0.3632881516819615, "13": -0.9094352826648457, "14": -0.11158309223611362, "15": 0.3615272166214276, "2": -0.14580141175805506, "3": 0.6639021462054158, "4": 0.6319281933847167, "5": -0.47491118154872614, "6": -0.44195031054561174, "7": 0.5123792077817448, "8": -0.46931550608434214, "9": 0.8347841775105811}}