{"Q": {"0,1": 0.4015071100096721, "0,10": 1.3898513131065915, "0,11": 1.824189860888941, "0,2": -1.871480859442368, "0,3": -0.48832715277110816, "0,4": 0.010324417993884616, "0,5": -0.14733622346588904, "0,6": 0.6098671270078349, "0,7": -0.2830316674261506, "0,8": -0.34115845721282145, "0,9": -0.7577339613446408, "1,10": 0.4799665540662712, "1,11": -1.135282608015073, "1,2": 1.9137045660400869, "1,3": 1.1566956895313916, "1,4": -0.7965584631314777, "1,5": 1.5578217332570654, "1,6": -0.16111227716680476, "1,7": 1.7869658372099373, "1,8": 1.0823046757903327, "1,9": -1.8124559367757604, "10,11": -0.3842844517089712, "2,10": -1.1122244698042363, "2,11": -0.7459003238115911, "2,3": 1.0988549869070967, "2,4": 0.6116481672248297, "2,5": -0.9258555063235745, "2,6": 0.9983944716652613, "2,7": -1.8148954518330154, "2,8": 0.7988413886267738, "2,9": -0.7328257120843054, "3,10": 0.59160626614119, "3,11": -0.6612969885503341, "3,4": 0.09365889311929587, "3,5": -0.6530480501917344, "3,6": -1.3683229553529839, "3,7": 1.356640708224559, "3,8": -1.6851984900137547, "3,9": -1.2115826989595528, "4,10": -0.745946833598353, "4,11": -1.3170791636034789, "4,5": -0.1309156565728422, "4,6": 1.8692250408415285, "4,7": 1.8082345459287192, "4,8": -1.1841249619291179, "4,9": -1.846713057231471, "5,10": 1.4129105457225557, "5,11": 1.3754611269085406, "5,6": -1.0713168181303883, "5,7": 0.010709231068314562, "5,8": -1.3125869198724, "5,9": 0.2932806886480832, "6,10": 1.8985672232785036, "6,11": -1.241436927697115, "6,7": 1.3747431316713516, "6,8": 1.0020097018780438, "6,9": 0.4466961076895819, "7,10": -1.2615586564456125, "7,11": -1.3164294178344873, "7,8": -1.303076210406331, "7,9": 0.019450938322819855, "8,10": 0.826377135919671, "8,11": -1.2863007907150568, "8,9": 0.5982551019694333, "9,10": -0.2562828763416496, "9,11": 0.13093683575828496}, "bias": {"0": 0.3769597406996408, "1": -0.9917316161225931, "10": -0.5030043584823083, "11": -0.333023440510003, "2": 0.8847928875551323, "3": -0.6511853504656608, "4": 0.6110477897783415, "5": -0.3086008527803792, "6": 0.27021100380667185, "7": 0.8800678068060239, "8": -0.009576157723487855, "9": 0.3076018434780541}}