{"Q": {"0,1": -0.8411568869059973, "0,10": 0.6391841653782664, "0,11": -1.023322152102054, "0,12": 1.4198298530635833, "0,13": 1.7650821262532554, "0,14": -1.365311569741451, "0,15": -1.182043449692288, "0,16": -0.631083897224205, "0,17": -1.7964693804666108, "0,18": 1.2282828953464495, "0,2": -0.41061869722473343, "0,3": 1.9948907182486457, "0,4": -1.0739844506640184, "0,5": -1.7526350849507994, "0,6": 0.20253864005829492, "0,7": 0.5436420622948632, "0,8": 0.974458480711053, "0,9": 1.14684845233317, "1,10": -0.25709598809483447, "1,11": -1.4774039837992232, "1,12": -1.5350485214166234, "1,13": -1.7917302873159935, "1,14": -1.3405519599468465, "1,15": -0.8261259695724203, "1,16": 0.28686344147023846, "1,17": -0.5817719554381133, "1,18": -0.5606326026472339, "1,2": -1.0444071623019786, "1,3": -1.7095255717218505, "1,4": -1.6083086759605685, "1,5": -1.5441118807007355, "1,6": 0.30914443267510805, "1,7": -0.7731392680987232, "1,8": 1.0786386005261082, "1,9": -1.7861709474124714, "10,11": -0.6841302112566452, "10,12": 1.0891916986672214, "10,13": 0.8221563955927755, "10,14": -0.740479452457532, "10,15": -0.1354217622691647, "10,16": 1.080402909497868, "10,17": -0.07458728602664122, "10,18": 0.08330025770964022, "11,12": -1.0121917532083673, "11,13": -1.601436533907815, "11,14": 1.3648984481113469, "11,15": -0.9392642896602164, "11,16": 1.6873756365310788, "11,17": 0.7322870506601817, "11,18": -1.913599800251319, "12,13": -1.3070548465457197, "12,14": 1.7680866891777063, "12,15": -1.85071005946341, "12,16": -0.468236723854504, "12,17": 0.3298823602165033, "12,18": 0.11173525401599127, "13,14": -1.8443428933823136, "13,15": 1.9492548090279032, "13,16": -0.9910104830940867, "13,17": 1.0980682568665365, "13,18": 0.9015599066231808, "14,15": -1.5726394368558387, "14,16": -1.01325371533685, "14,17": 1.723455376454539, "14,18": 1.4638119163001377, "15,16": 1.0890809570711792, "15,17": -0.46268070834240893, "15,18": -1.5454378149922046, "16,17": -1.0900981986286915, "16,18": 0.35009052710750366, "17,18": 0.23885474141946927, "2,10": -1.4184439080534785, "2,11": -1.9298773506606448, "2,12": -1.6544496111781117, "2,13": -0.5892567242474867, "2,14": -1.199477071768051, "2,15": 0.02472698246436833, "2,16": 0.9944500561218703, "2,17": 1.5958664842668506, "2,18": 0.29954491761143887, "2,3": 1.3770002018563954, "2,4": 0.5948021306102813, "2,5": 1.1686455620571756, "2,6": -0.29773550708115604, "2,7": -0.27295996334088324, "2,8": 0.15133946171066004, "2,9": -1.4560199392448219, "3,10": 1.5659908839372059, "3,11": 1.7242754246306342, "3,12": -1.3940626869520316, "3,13": 1.732827138112528, "3,14": -0.847358565922423, "3,15": -0.8776666233369466, "3,16": -1.4927386933071212, "3,17": 0.4390082383620486, "3,18": -1.092188359625748, "3,4": -0.7547115274692588, "3,5": -0.12202649564598333, "3,6": -1.0146817517633409, "3,7": 0.30649201412304095, "3,8": 0.2712483813112727, "3,9": -0.8282753704196564, "4,10": -0.6913717191364706, "4,11": -1.955880894645306, "4,12": 0.31175130448438404, "4,13": -1.1659858687912688, "4,14": -1.492598323478719, "4,15": -0.9546163785448183, "4,16": -1.7643745780184341, "4,17": 0.9957544568603116, "4,18": -1.2904648938662104, "4,5": 0.0667924018623447, "4,6": 0.5032527651723506, "4,7": -1.1418269704672124, "4,8": -1.38923965292659, "4,9": 0.7121177866177395, "5,10": 1.2835657333114505, "5,11": 1.1445136533448408, "5,12": 0.40816120044666837, "5,13": 1.9973881913641618, "5,14": -0.9430835873602343, "5,15": 0.7142482081343848, "5,16": 0.30048957156434364, "5,17": 1.125746539535894, "5,18": 0.5288552353065388, "5,6": 0.21002859273349817, "5,7": 0.14443547421407787, "5,8": -0.21727536882359155, "5,9": -1.799944123863968, "6,10": -0.19278170283423313, "6,11": -0.94732352582177, "6,12": -0.8642681723931989, "6,13": 1.1130313894326131, "6,14": 1.0519357127688367, "6,15": 0.8327158034227748, "6,16": -0.9105481467307031, "6,17": 0.39924985836553883, "6,18": 0.13088505171416376, "6,7": -1.8064258370759907, "6,8": 1.6123274400386514, "6,9": -1.9607552137127957, "7,10": -0.4039965741736333, "7,11": -1.9271248682603672, "7,12": 1.1629864870725584, "7,13": -1.354506463928725, "7,14": -0.092155475375014, "7,15": 0.7811275388844949, "7,16": -0.6059575730493347, "7,17": -0.42040318528101306, "7,18": -0.9810018925148687, "7,8": 0.7287614027110094, "7,9": -1.571190645912504, "8,10": 0.4731159563817471, "8,11": -1.7370852093402274, "8,12": 1.7483379062983415, "8,13": -0.6520852325760438, "8,14": 1.1930403961018787, "8,15": 1.3229279313089273, "8,16": -0.878426598979893, "8,17": 0.2515273866726, "8,18": -1.15894768429991, "8,9": 0.47687245572348136, "9,10": 1.7651120158805091, "9,11": 1.7180241105810885, "9,12": -1.5085115702974239, "9,13": -1.3771714466729414, "9,14": -1.2541802658081584, "9,15": -0.4164067265110454, "9,16": -0.15198286420730955, "9,17": -1.732498734902581, "9,18": -0.8677156228000458}, "bias": {"0": 0.06944200486893481, "1": 0.8676485768632889, "10": -0.7270587788978953, "11": 0.7091959499245659, "12": 0.6621676893141266, "13": 0.923975526164825, "14": -0.862681460619583, "15": 0.25561172153443423, "16": 0.8084796731280872, "17": -0.24804016658139294, "18": 0.9240831640258298, "2": 0.12398310818608782, "3": 0.9270662924180462, "4": 0.14841248928906414, "5": -0.09926455584593574, "6": 0.8040232804156846, "7": -0.7224002430603664, "8": 0.502289685723359, "9": -0.3852416327036905}}