{"Q": {"0,1": 1.6562113247661245, "0,10": 0.5823861299765407, "0,2": -1.304370169928362, "0,3": -1.9055945562549956, "0,4": -1.870760756898599, "0,5": -1.9718301147420108, "0,6": -0.20666693513291134, "0,7": -0.15696017864562073, "0,8": 1.0927127847675453, "0,9": 1.1186731565673553, "1,10": -0.9905501892404649, "1,2": -1.5320277373462101, "1,3": -1.1094486572745348, "1,4": 1.6243260405747715, "1,5": -1.5734102504302658, "1,6": 0.5234911264513062, "1,7": -1.1973045239662832, "1,8": 1.4075249887171264, "1,9": 1.5155621608001542, "2,10": 0.6671318292472295, "2,3": -0.3373320001581943, "2,4": 1.486546345232754, "2,5": -0.7804041171386995, "2,6": 0.234247579098116, "2,7": 1.2710278305860596, "2,8": 1.6968336923889016, "2,9": -1.5005244349084395, "3,10": -0.8839764514714723, "3,4": -1.2111244797229102, "3,5": 0.883993627298477, "3,6": -0.49412521877348947, "3,7": 0.5781446758697624, "3,8": 0.028979036561052496, "3,9": -0.27083799337847303, "4,10": 0.47586677371676345, "4,5": -1.763665090748742, "4,6": 0.5105243400774779, "4,7": 0.44453427362148235, "4,8": -0.7476149489756594, "4,9": -0.48048569019032294, "5,10": -0.2823739966403189, "5,6": 1.5280226743480396, "5,7": -0.8194758698477633, "5,8": -0.7199815175194262, "5,9": 0.5312163247962314, "6,10": 0.05185041411491875, "6,7": 1.8081234765031802, "6,8": 0.11898237867695904, "6,9": -0.13895725459202302, "7,10": -0.7265216896022122, "7,8": 0.7040256925220456, "7,9": -0.5067577636767062, "8,10": -0.9546656130236246, "8,9": 1.058501598668081, "9,10": -0.3825223070996051}, "bias": {"0": -0.8182786512573046, "1": -0.6876303139574365, "10": 0.8103367793903129, "2": -0.041309671573867, "3": 0.17012874068690897, "4": 0.4533449778340555, "5": -0.8045447870204032, "6": 0.22648194418657952, "7": 0.2495296594814962, "8": 0.19963631376818025, "9": -0.7819038114604324}}