{"Q": {"0,1": -0.38758177308530684, "0,10": 1.3484831622133773, "0,11": -0.8252676162313115, "0,12": 1.1532848779040807, "0,13": 1.230367342235362, "0,2": -1.967779331205946, "0,3": 1.9989900629745136, "0,4": 1.8455611381694998, "0,5": 0.5047281142816669, "0,6": 0.5228068287234229, "0,7": 1.2842234251522138, "0,8": 1.3652958308133902, "0,9": 1.711609875515797, "1,10": -1.1591307262749693, "1,11": -0.07481743229985804, "1,12": -0.4676748255068537, "1,13": -1.0467992498964707, "1,2": -1.4682057716268169, "1,3": 1.0225699037497433, "1,4": -1.2926872385312271, "1,5": -1.138900376514421, "1,6": -0.44153933461026407, "1,7": 1.719854782030739, "1,8": -1.879258061498399, "1,9": -0.028600948894153433, "10,11": 1.1633560227339017, "10,12": -1.950407773913343, "10,13": -1.9109350114278505, "11,12": 0.4335525342191664, "11,13": 0.14368761704451538, "12,13": -1.9006290356954612, "2,10": 1.9925255483554034, "2,11": 0.6384468736577453, "2,12": 1.9394377440025363, "2,13": -0.8106425412195684, "2,3": -1.186638564052111, "2,4": 0.02431494791639821, "2,5": -1.5217434144324327, "2,6": 0.9278498766508716, "2,7": 1.5001532271351627, "2,8": -1.2975810524830695, "2,9": -1.6747805962565945, "3,10": -0.19739381046350246, "3,11": -0.04624019069642804, "3,12": -1.035796517981748, "3,13": -1.2412082109563665, "3,4": -1.6002289847186573, "3,5": 0.8066391549356386, "3,6": 1.6933324376126775, "3,7": 0.16336422700418574, "3,8": 1.2897600484317984, "3,9": -1.1636785481092415, "4,10": 1.3417113319456067, "4,11": -0.34457100440467947, "4,12": -1.2821824250150153, "4,13": -0.3351155542274551, "4,5": -0.9218786231727751, "4,6": -0.30698172071768326, "4,7": 0.06735009650447976, "4,8": -0.012595096849642218, "4,9": -1.65235244784287, "5,10": -1.2051078951881897, "5,11": 1.5811192228737152, "5,12": 1.8499449648514017, "5,13": 0.5241741464971903, "5,6": -1.125048775992417, "5,7": -1.9080093729284577, "5,8": 1.2041819229374155, "5,9": 1.423852016068626, "6,10": 1.9659897070763388, "6,11": -0.37033357915953236, "6,12": -0.22151324324621857, "6,13": 0.24743437519257805, "6,7": -1.4029726944339336, "6,8": 0.06262786294864808, "6,9": 0.8333596871698856, "7,10": 1.6942198039397147, "7,11": 1.4218202467532084, "7,12": -1.0339516706851688, "7,13": -1.3370734085727736, "7,8": 0.7284166677741806, "7,9": -1.3562518799649883, "8,10": 1.637372794310779, "8,11": 1.759244658831863, "8,12": -0.6287948868030608, "8,13": 0.34757050909320597, "8,9": -0.4244254971731314, "9,10": 0.4955822152161984, "9,11": -0.663461204295797, "9,12": -1.2588119254094012, "9,13": -1.765440638949439}, "bias": {"0": -0.28199192328733247, "1": 0.7266012866892544, "10": -0.6779233826709687, "11": -0.5162204064565448, "12": 0.7181350606572867, "13": 0.8145009496131206, "2": 0.623384230463802, "3": -0.837917979908251, "4": -0.005121135066128435, "5": 0.19840748558376697, "6": 0.03449095729189677, "7": 0.7575896388772803, "8": -0.3924434982519083, "9": 0.1317887978034138}}