{"Q": {"0,1": -0.45982427734796794, "0,2": -1.4279673823170684, "0,3": 1.5180625044665472, "0,4": -0.5329971921189678, "0,5": -1.8322176734498274, "0,6": -1.047409818821662, "0,7": 1.2097576142311457, "0,8": 0.2930924890077593, "1,2": -0.3510366489801382, "1,3": -1.5258376712304957, "1,4": -1.7542493996092645, "1,5": -0.11194417627348141, "1,6": -0.02772057012298612, "1,7": 0.7790832134929451, "1,8": 1.157127576980233, "2,3": -1.3503334815484869, "2,4": -1.672346432024829, "2,5": -0.2716840032935832, "2,6": -0.22097008044213418, "2,7": 1.711204892121164, "2,8": -1.2517721076912975, "3,4": -0.694566029696261, "3,5": 0.6111561677564397, "3,6": 1.5846525740548683, "3,7": -1.5010900032810492, "3,8": 0.6302358333921725, "4,5": 1.513080109782937, "4,6": -0.50700735971889, "4,7": -1.196506648859145, "4,8": -1.9369272313593449, "5,6": -1.5016753357736206, "5,7": -1.619682233390734, "5,8": 1.6460073577001904, "6,7": 0.07045726422532228, "6,8": -1.7984457147199198, "7,8": 1.7033463013563113}, "bias": {"0": -0.11647121370941971, "1": -0.24407919264462397, "2": 0.44917786895637346, "3": 0.11860157853793019, "4": 0.12269993727283057, "5": -0.4773592126208501, "6": 0.18907291447197005, "7": 0.14364055352311955, "8": 0.9382751482519462}}