{"Q": {"0,1": -1.038891904582588, "0,10": 0.3954128836607329, "0,11": -0.24662128169854824, "0,12": 0.14596294214134042, "0,13": -0.15643885019542347, "0,2": 1.0572030260533554, "0,3": -1.7602414020470847, "0,4": -1.7361668885791612, "0,5": -0.1682116397232707, "0,6": -1.1225600255543222, "0,7": -0.08881328228074192, "0,8": 1.8498023593512887, "0,9": -0.9125284794181896, "1,10": 0.10074658130873804, "1,11": -0.6385480698088641, "1,12": 0.15035306505533264, "1,13": -0.15792515636917104, "1,2": 0.8389619952423675, "1,3": -0.43962461987356516, "1,4": -0.22420260452275942, "1,5": 1.145484934401881, "1,6": 0.2063367323054761, "1,7": -1.0104485820021014, "1,8": -0.9200833970194613, "1,9": 1.7998890381014876, "10,11": 0.11680374760386014, "10,12": 1.8991228506627231, "10,13": -0.27430511102410504, "11,12": 0.2086691993635017, "11,13": 1.6835037388431817, "12,13": 0.3108366753487264, "2,10": -0.5390871362573928, "2,11": 1.7773215999526535, "2,12": 1.489192217321817, "2,13": 1.9332008418001352, "2,3": 1.5701798570697933, "2,4": 0.8645739187150401, "2,5": 0.8777439812252701, "2,6": -0.6460193655753095, "2,7": 1.746167020876137, "2,8": 1.512767771943595, "2,9": 1.8651076460727776, "3,10": 1.7951632503575694, "3,11": 1.9612697592742117, "3,12": 1.1404029280641725, "3,13": -0.5568801973553863, "3,4": 0.7800541421242175, "3,5": 0.08016575177339957, "3,6": 1.929245535399216, "3,7": 0.2853142204890555, "3,8": -1.0318717352446387, "3,9": 1.6849392151771165, "4,10": -0.9971936105688335, "4,11": -1.152662670869189, "4,12": -1.9309996647162722, "4,13": -0.6534786951783325, "4,5": 1.941966907741525, "4,6": -0.6630812843938365, "4,7": 0.3836083542950557, "4,8": 0.617039678595694, "4,9": 1.0508255964623032, "5,10": -0.20629727631108397, "5,11": -0.2599911191150883, "5,12": -0.8662069566026127, "5,13": 1.6290380422260848, "5,6": 1.1925908133492347, "5,7": 0.21926177366223598, "5,8": -1.010212674403844, "5,9": -0.00024044396739109075, "6,10": 1.6393029464369482, "6,11": 1.773035960107975, "6,12": -1.7334085993003256, "6,13": -0.9122579049145112, "6,7": -1.279404156838778, "6,8": 1.9291212091922434, "6,9": -1.651378534145628, "7,10": -0.9059546032274599, "7,11": 0.722704389894103, "7,12": 0.13313028810048166, "7,13": -1.5236985389839637, "7,8": 0.42384223687632216, "7,9": 1.169254627513702, "8,10": 0.3858636652010956, "8,11": -1.87844673917759, "8,12": -0.6005888867743501, "8,13": -0.12593555797277967, "8,9": -1.328827348995579, "9,10": -0.1776539703896436, "9,11": -1.5702503838395492, "9,12": 0.16221129590978034, "9,13": 1.5946104151354792}, "bias": {"0": -0.7704251760699099, "1": 0.5352862259572311, "10": 0.18880718573393507, "11": -0.5584243853842774, "12": 0.40773317636194606, "13": 0.06787251017232698, "2": 0.004403820265053593, "3": 0.4687529233269099, "4": 0.3252698296647589, "5": -0.7939046233701945, "6": 0.7763056060322509, "7": -0.39935307150336485, "8": 0.8418814920542121, "9": -0.83450868199539}}