{"Q": {"0,1": -0.5510254173333511, "0,2": 0.6098794779044718, "0,3": 0.8941828758980894, "0,4": -0.48979778078264324, "0,5": -0.614506933605349, "0,6": 0.41059282099420846, "0,7": 0.1447443284863552, "0,8": 1.817617899038901, "0,9": -1.801951835580073, "1,2": 1.295875366542092, "1,3": 1.460114825789025, "1,4": 1.2100394104139456, "1,5": 1.4144759806399265, "1,6": -1.6434270268990105, "1,7": -0.23601211477644224, "1,8": -1.4050304959703745, "1,9": 0.5248724993156553, "2,3": 0.1278948583785282, "2,4": 1.5566478261554852, "2,5": -1.7260566176401757, "2,6": -0.39700702775508434, "2,7": -0.13107350336366208, "2,8": -1.9524242970685322, "2,9": -0.858512904592081, "3,4": -1.041913241287074, "3,5": 1.4171355142709396, "3,6": 0.4714355570908024, "3,7": -1.2638122587343044, "3,8": 0.8724775696061626, "3,9": 1.1368673867391905, "4,5": 1.0389951314914336, "4,6": 1.7536118340291083, "4,7": 0.7744575213006155, "4,8": 0.8042693097355156, "4,9": 0.4176268213253027, "5,6": 1.3849414839743015, "5,7": 0.8456803859050992, "5,8": -0.934025066030777, "5,9": 1.0739165847441257, "6,7": 1.9765278769128938, "6,8": 1.0098560220857502, "6,9": 0.007332828155873994, "7,8": 0.2865371732017934, "7,9": -0.9835190838704597, "8,9": 0.9700984488365814}, "bias": {"0": 0.9439925820464903, "1": 0.6255553300025911, "2": 0.5117604638050064, "3": -0.457102410774878, "4": 0.591233355228505, "5": -0.2749163730332713, "6": 0.6908958274235399, "7": -0.4226353431673495, "8": -0.6337536296903126, "9": -0.9423851834395474}}