{"Q": {"0,1": -0.5586046761731636, "0,10": 0.14087019181920324, "0,11": 1.9727554602002928, "0,12": 0.4480876766307724, "0,13": 0.1383409521389498, "0,14": -1.5732487742274466, "0,15": -1.0723554592256948, "0,16": 0.24484762171826224, "0,17": -0.04049353016503021, "0,2": 1.4761897515868254, "0,3": -1.6787752465804435, "0,4": 0.25034902078045285, "0,5": 0.8002028333864062, "0,6": 1.2872896116086685, "0,7": -0.715118815649002, "0,8": -0.6880438683755434, "0,9": 0.6795002360706248, "1,10": -0.7182702870256827, "1,11": -1.7937389701345539, "1,12": -1.5642020145632092, "1,13": -1.2531288420095192, "1,14": 0.7570012036065652, "1,15": -0.6749877751961573, "1,16": -1.2899217379162247, "1,17": -1.891839479919541, "1,2": -1.8843151503577675, "1,3": -1.2102771650772106, "1,4": -0.20161601746475322, "1,5": 0.34746878703089523, "1,6": 0.9275346890640832, "1,7": 1.9678990764743118, "1,8": -0.21501805251150596, "1,9": -1.8728311960882844, "10,11": 0.15004123597444163, "10,12": 0.732114406694464, "10,13": -1.1786040345299602, "10,14": -0.1318610578501329, "10,15": -1.1800533007688436, "10,16": 1.07357558641506, "10,17": 1.8178329950269774, "11,12": -1.6595502884935032, "11,13": -1.6491097291370918, "11,14": 1.8977163691243732, "11,15": -1.311280923994373, "11,16": -0.3768291759987479, "11,17": -1.9262949222316177, "12,13": 0.2517173874274454, "12,14": -1.8013887887509492, "12,15": -0.18913768439850687, "12,16": 1.6974062493854598, "12,17": 1.877126739576327, "13,14": 1.3391903878972635, "13,15": 0.4991553358163392, "13,16": 0.8362290477542635, "13,17": 0.04142594583340564, "14,15": 0.8633958487947484, "14,16": 1.705166564099431, "14,17": -0.8441232482729282, "15,16": 0.7550019763793481, "15,17": -1.286084604228023, "16,17": 1.4772883591850596, "2,10": 0.772870464833666, "2,11": -0.40890809080575874, "2,12": -1.5074909868826003, "2,13": 0.49855498414413946, "2,14": -1.1645850983768256, "2,15": 1.4866802851748115, "2,16": -0.04271732373189785, "2,17": 0.9129357894939951, "2,3": -1.66561203906334, "2,4": 1.4504551652776496, "2,5": -0.6262959462895772, "2,6": 1.5228303313923943, "2,7": 1.1940936082062743, "2,8": -0.5693275213499107, "2,9": 0.7771895721785089, "3,10": 1.0019660811440865, "3,11": -1.583710273781716, "3,12": 1.7975944165049436, "3,13": 0.3835701488383054, "3,14": 1.4924157568550092, "3,15": 1.8586753384987045, "3,16": 0.9636567354080312, "3,17": -0.9802758004770666, "3,4": 1.6547506028710783, "3,5": 0.6349515670472408, "3,6": -0.8888827726238682, "3,7": 1.3846159023902058, "3,8": -0.43357777215100635, "3,9": 1.3822419122400396, "4,10": 1.4131617159752432, "4,11": 1.6877732206461333, "4,12": 1.0549560550219823, "4,13": -0.35047760881899004, "4,14": 1.830198786839965, "4,15": 1.6389712084745454, "4,16": 0.9329613473270402, "4,17": -0.333932542176572, "4,5": -1.3595138350560725, "4,6": 0.41983283910204294, "4,7": -0.9226870155199429, "4,8": 1.891926664616518, "4,9": 0.11466303811137113, "5,10": 0.2271429046249387, "5,11": 1.8057099337528744, "5,12": 0.2625165976227608, "5,13": 1.6234663927520887, "5,14": -0.8885099876689715, "5,15": 0.7625136437223619, "5,16": 1.9690838469800975, "5,17": -0.9500657668838741, "5,6": 1.3914641518406956, "5,7": -0.24248011710000306, "5,8": 0.14042675510967184, "5,9": 1.731597347727293, "6,10": -0.3869473676378625, "6,11": 1.2464247031753093, "6,12": -1.9627997795479195, "6,13": 1.608887089091057, "6,14": 0.6348328463388118, "6,15": -1.0342210272423276, "6,16": -0.93533017326871, "6,17": -0.9595890213499607, "6,7": -0.9897922990368859, "6,8": -0.056063545771181555, "6,9": -0.7716065611955192, "7,10": -0.6301143784891869, "7,11": -0.37998107610394793, "7,12": -1.4100928710592937, "7,13": 0.2908870790601439, "7,14": -0.3060795405533012, "7,15": -0.6799845465437224, "7,16": 0.09590686899870837, "7,17": 1.7374546467075906, "7,8": 1.1103207023102635, "7,9": -1.229689337796338, "8,10": -0.014435730975896455, "8,11": -0.46903854473129236, "8,12": -0.0978270678950941, "8,13": -0.9053903911812342, "8,14": 1.4140381371295536, "8,15": -0.16003999499797095, "8,16": -0.9289333112689788, "8,17": 1.7225315919661126, "8,9": -0.8186184386529591, "9,10": 1.2307164239245219, "9,11": -0.531932898148344, "9,12": -0.45855922396771254, "9,13": -1.2210734769636602, "9,14": 0.02119849012701991, "9,15": -0.748956888381433, "9,16": -0.5703562819848473, "9,17": 0.7236200735651948}, "bias": {"0": 0.02292637018123722, "1": 0.5153803121744145, "10": 0.42260877152808574, "11": 0.947496414604353, "12": -0.5771976430604353, "13": -0.684501698967642, "14": 0.45054663054473987, "15": 0.9882583007842467, "16": 0.34218859416421754, "17": -0.5902230838136793, "2": -0.911698403374912, "3": 0.5803015310301713, "4": -0.6346665583435571, "5": -0.2343218181144675, "6": -0.3310541929762316, "7": 0.655001787091261, "8": 0.8197214206780121, "9": 0.6672306536616057}}