{"Q": {"0,1": -1.226872791262224, "0,10": -1.0256796702089317, "0,11": -0.17980740183749377, "0,2": -1.6204103511467784, "0,3": -0.2780782265557007, "0,4": 0.8796298732509218, "0,5": 1.9198814709681824, "0,6": 0.9891844723064946, "0,7": 1.3641138669263442, "0,8": 0.1718681432186595, "0,9": 1.2321059315601177, "1,10": 0.9915418779257945, "1,11": -0.9089475977292847, "1,2": -0.5976958093696041, "1,3": 0.03381618198546743, "1,4": -1.006877576685719, "1,5": -0.25276287555923327, "1,6": -1.3331860215597033, "1,7": 1.5646599241795744, "1,8": -1.0582489309758358, "1,9": 0.9979519722161685, "10,11": 1.8125180590929837, "2,10": 0.5313659338535417, "2,11": -0.23054388079995114, "2,3": -1.8101123185178642, "2,4": -0.7020324895666392, "2,5": 1.3306790009868759, "2,6": 1.7262565795108946, "2,7": -0.005508475996883089, "2,8": -0.33672725597056363, "2,9": 0.606060288066729, "3,10": 0.018067154979606315, "3,11": 0.5892327778939301, "3,4": 0.22642387765316663, "3,5": 0.12045816773165674, "3,6": -0.3470378433179353, "3,7": 1.50762460828878, "3,8": 0.563803498780262, "3,9": -0.07776862310137789, "4,10": 1.0595587791162666, "4,11": 0.02257527445059493, "4,5": 0.6059443364361958, "4,6": -1.449080472921331, "4,7": 1.767166799793317, "4,8": -0.7975394741302058, "4,9": -1.204072753078541, "5,10": -0.1731131932555363, "5,11": 1.6282927119016315, "5,6": -0.31821642900153835, "5,7": 0.32854639905462735, "5,8": -1.6882496921352415, "5,9": 0.6371449881370568, "6,10": 0.13493645078199545, "6,11": -0.5758773195393121, "6,7": 0.5874718881064274, "6,8": -1.404641566725065, "6,9": 1.405077659405857, "7,10": 0.7703313939319729, "7,11": -1.7152055472909709, "7,8": -0.9049127398812278, "7,9": 1.2652166707156671, "8,10": 0.9256565260251253, "8,11": -0.09489673458107761, "8,9": 0.1703813785579502, "9,10": -1.1331783726819276, "9,11": 1.4423374610240431}, "bias": {"0": 0.5575077924640184, "1": -0.3984121831923173, "10": 0.7403489802823029, "11": 0.25615675803996196, "2": 0.09821259923920311, "3": 0.24966809500344134, "4": 0.7337520382599052, "5": 0.8509768548364756, "6": 0.8246297031506029, "7": 0.15044807142429883, "8": 0.24660996286445758, "9": 0.11924513283241134}}