{"Q": {"0,1": -0.10766786544796902, "0,2": -1.7740583196007633, "0,3": -0.016030035943061627, "0,4": -1.351695513849366, "0,5": -1.2296244351063712, "0,6": 1.622892168358692, "0,7": 1.9424380391976297, "0,8": -1.799190404160461, "0,9": -0.22553288353834278, "1,2": -0.5369838866027998, "1,3": -1.3259975254941736, "1,4": 1.374501738415224, "1,5": 0.7957793477385722, "1,6": 0.3997678163311069, "1,7": -1.4950577791581128, "1,8": -0.7967686189706153, "1,9": -1.1231440163814326, "2,3": 1.7023392039991054, "2,4": -1.4056568250716066, "2,5": 1.609382541899913, "2,6": 1.5274658201468432, "2,7": 1.1973409366861474, "2,8": -0.6391869184270087, "2,9": -1.8208326653361109, "3,4": -1.8800585362276143, "3,5": -0.4442898921882157, "3,6": -1.143335630150084, "3,7": -1.4980802376736144, "3,8": -1.1899870112477515, "3,9": 1.8629726650036953, "4,5": 1.2064676324113033, "4,6": 0.5203352615139103, "4,7": -1.3727220168902532, "4,8": -1.3521561816718863, "4,9": 0.6387631310512543, "5,6": -1.0654702407858951, "5,7": -1.208159254537776, "5,8": 1.2409953574650792, "5,9": 0.9453509621176841, "6,7": -1.3059812780386082, "6,8": 1.1590895469521065, "6,9": 1.0962204012542744, "7,8": -1.7451234264680249, "7,9": -0.41420524765722133, "8,9": -1.2455719640131937}, "bias": {"0": -0.7647919540996779, "1": -0.461567385489964, "2": 0.10852879309001051, "3": 0.4622596776700951, "4": 0.8812428805039614, "5": 0.003293962983322851, "6": -0.3666496760062232, "7": 0.5414317132950357, "8": 0.07365192574264912, "9": 0.32227433813280704}}