{"Q": {"0,1": -0.0363812591442918, "0,10": 0.4200230234117561, "0,11": -0.1970321821945431, "0,12": -1.7143989421481778, "0,13": 0.38860707189245725, "0,14": -0.2452880410378082, "0,15": -0.5526976734006772, "0,2": 1.7428508273855856, "0,3": 0.8881868783262497, "0,4": -0.711179797797965, "0,5": -0.0023882182173862176, "0,6": -0.45553113092888475, "0,7": 1.5065073813975385, "0,8": -0.9810966871049627, "0,9": 0.6273186534549797, "1,10": -0.8864140182302034, "1,11": -0.23279719524848774, "1,12": -0.133061719177626, "1,13": 1.4663919262004366, "1,14": 0.06317405265271736, "1,15": 1.8417828777470215, "1,2": -0.3034005879772712, "1,3": -0.3540563889923485, "1,4": -0.6496495369245392, "1,5": -0.4913108969497526, "1,6": 1.2627939102561396, "1,7": -1.680259905991814, "1,8": -0.7408700988307895, "1,9": 1.7587182028869277, "10,11": -0.017639014676994247, "10,12": -1.8566451101705446, "10,13": -0.050340459984118624, "10,14": 0.14821552402031912, "10,15": -0.15091939784287067, "11,12": 0.7351996239781462, "11,13": -1.6145197701342755, "11,14": -1.8546265351886455, "11,15": 0.1802018176787028, "12,13": 1.403660021753376, "12,14": 1.6706136157536133, "12,15": 0.6133169151142206, "13,14": 1.046713714694317, "13,15": -0.5192835773237627, "14,15": -0.9471673379907628, "2,10": -0.9137479095382472, "2,11": 0.10715279701200986, "2,12": -0.9636532122666441, "2,13": 1.0982239580822988, "2,14": 0.8373177367099229, "2,15": -0.11280020615463249, "2,3": -0.14757081872700217, "2,4": 0.6577918795629305, "2,5": 1.4328271646327502, "2,6": 1.925755079627228, "2,7": -1.635926684882262, "2,8": 1.2163041006624877, "2,9": -0.4044770883057325, "3,10": 0.4994879795901097, "3,11": -0.4974386456051172, "3,12": 1.975847161395837, "3,13": -0.439641393118412, "3,14": -1.728866198634627, "3,15": -1.7413000792738274, "3,4": -1.4280147571583823, "3,5": -1.3632478947713627, "3,6": 1.9197873669001213, "3,7": -1.0872989860473576, "3,8": -1.4765716999718426, "3,9": 1.0571993344301105, "4,10": 0.18948843383485503, "4,11": 1.7450968317001818, "4,12": -1.5399278341679405, "4,13": 1.7055710292520585, "4,14": 1.9440023650818548, "4,15": 1.8088413233938452, "4,5": 1.4045285927554199, "4,6": 1.343841206160365, "4,7": -0.3708794071458361, "4,8": 0.9039717577521915, "4,9": 1.4138467466993205, "5,10": -0.22272209937757026, "5,11": -0.32112854594546825, "5,12": -1.8383097820949827, "5,13": -0.09139263959871835, "5,14": -1.8063375547970018, "5,15": -1.9181941252805963, "5,6": -1.7085413991543614, "5,7": 0.2595324296724866, "5,8": -1.2090904839273553, "5,9": 0.7420935976994709, "6,10": 0.8320719771936966, "6,11": -0.8938485202899464, "6,12": -1.363110597303733, "6,13": 0.8406927160377822, "6,14": 0.8402453597184518, "6,15": -0.8710691992618527, "6,7": -1.3260782242936386, "6,8": -0.5252521250964288, "6,9": 1.7692255945567008, "7,10": 1.9240494320959707, "7,11": -0.46969846931191706, "7,12": -0.08401602235378425, "7,13": -0.00918007167550039, "7,14": -1.2106274733549265, "7,15": -1.1712190335449884, "7,8": -0.2667368002709418, "7,9": 1.2091756661417579, "8,10": -0.24300227274601793, "8,11": -1.1656676474388603, "8,12": 1.3422747297928668, "8,13": -0.9565317052636506, "8,14": 0.7096989192340248, "8,15": 0.4029290852078464, "8,9": -1.1036264277297843, "9,10": 1.9822987941809216, "9,11": 0.5334053440420159, "9,12": 0.4392773767359537, "9,13": 0.999498911681683, "9,14": 0.24244053501255758, "9,15": -0.2795781304803229}, "bias": {"0": 0.4331632443981035, "1": 0.24384385282612175, "10": 0.9808628461274629, "11": 0.6475094658685503, "12": -0.6983110478489851, "13": -0.8267019031363698, "14": -0.7010479213487086, "15": -0.925187574293499, "2": 0.28392054644132747, "3": 0.9754326427315592, "4": 0.4651865091421956, "5": 0.7502733788722851, "6": -0.9384001412676879, "7": -0.11770652297390338, "8": 0.9954034557184674, "9": -0.30564690203365164}}