{"Q": {"0,1": 0.6602309232517682, "0,10": 1.2840190515553669, "0,11": -1.5552091052167545, "0,12": -0.7747632429235898, "0,13": 0.7952654858809356, "0,14": 0.12545203637570346, "0,2": 1.2426409436778005, "0,3": 1.400500284895502, "0,4": -1.9705678715203394, "0,5": 1.4828356978820345, "0,6": 1.5041868365177495, "0,7": 0.08916442747091491, "0,8": 1.8203468214237248, "0,9": -0.03512480925364825, "1,10": -1.0479539953079575, "1,11": 1.3519827211964741, "1,12": 1.344362748964028, "1,13": -1.6374402881735928, "1,14": -0.8385586129895692, "1,2": -1.7224323266795842, "1,3": -0.4612849171270419, "1,4": 1.4851371712078052, "1,5": 0.5512458649582319, "1,6": -0.462940095383539, "1,7": -0.7592857795118859, "1,8": -0.29186999711339734, "1,9": 1.0021368804277233, "10,11": 0.6232391968727327, "10,12": 0.4304881248596799, "10,13": -0.45751728385169343, "10,14": -1.8192399507882264, "11,12": -0.14774617558380942, "11,13": 0.2374772407182495, "11,14": 1.3714373659879202, "12,13": -0.9333120782269413, "12,14": -1.9973662181681022, "13,14": -0.6144111004727768, "2,10": -0.8648768945363985, "2,11": -1.483814857937026, "2,12": 0.22255558338487713, "2,13": 0.34977254223154697, "2,14": -1.7304984138703579, "2,3": -1.8205722697109628, "2,4": 1.9285722570663353, "2,5": 1.5889872906946332, "2,6": -1.6819946468618863, "2,7": 0.9087398402707829, "2,8": 0.6743805701994585, "2,9": 0.15853387871028257, "3,10": -1.4762459898213591, "3,11": 1.5415841173541036, "3,12": -1.2963064097255983, "3,13": -1.5744949745039052, "3,14": 0.6698061168149123, "3,4": -1.085049337005668, "3,5": -1.8754419281248267, "3,6": -1.0868771487934161, "3,7": 0.1264849917822719, "3,8": -0.10723334605508894, "3,9": -0.7167629339265345, "4,10": 0.20156499803026584, "4,11": 0.7455133087619381, "4,12": -1.3207015654805336, "4,13": -1.8930954527884967, "4,14": 1.0772180371419369, "4,5": 1.9392049026986022, "4,6": 0.17685126259120576, "4,7": 1.9278530398657105, "4,8": 0.1947791822571996, "4,9": -0.06806261556746662, "5,10": -0.8693253376991397, "5,11": 0.08983196266408733, "5,12": -0.6293716818620676, "5,13": 1.3346204071307963, "5,14": -1.9181135721786666, "5,6": 0.6264196508042774, "5,7": 0.9471857001998099, "5,8": -0.08811115430881777, "5,9": 1.3945451057447742, "6,10": 1.572053040602174, "6,11": -0.4131148994923013, "6,12": -1.4343622133362026, "6,13": -0.48140717611622597, "6,14": 0.24376863363625478, "6,7": -0.12724170158094816, "6,8": 0.9586883279374181, "6,9": 1.335163742823438, "7,10": 0.6886821881735745, "7,11": 0.810365297042027, "7,12": 0.3817688879745802, "7,13": 0.5232539459597629, "7,14": -0.9032020233385953, "7,8": 1.85270757338367, "7,9": 1.8937806066851497, "8,10": 1.1217382130183204, "8,11": 0.6617363092463497, "8,12": -0.5146930312758582, "8,13": 1.1694711479871507, "8,14": 0.22453210023289039, "8,9": -1.7499183673509062, "9,10": 0.1055031637778403, "9,11": -0.6148904122483532, "9,12": 1.2299149518976131, "9,13": 0.7179992397366766, "9,14": -0.739378739518513}, "bias": {"0": -0.5383513803301208, "1": -0.5162269044123728, "10": -0.7996968665348756, "11": 0.4578231146071594, "12": -0.7330261708081436, "13": -0.46623138533451103, "14": -0.062963524742498, "2": 0.4418032438670514, "3": -0.7865068804716644, "4": 0.7268457326596087, "5": -0.6343049614961178, "6": 0.06051759442794391, "7": -0.7611634892529058, "8": -0.5031627794170717, "9": -0.24608520189479033}}