{"Q": {"0,1": 1.467099693533311, "0,10": -1.5519782836705485, "0,11": 1.800193923834176, "0,2": -0.3134472120048928, "0,3": 1.3150132531397474, "0,4": -0.179941661796573, "0,5": -1.569102806847058, "0,6": 0.7274993227994644, "0,7": 0.3963638723906233, "0,8": -0.5768511386335367, "0,9": -1.2689537182472712, "1,10": -1.7050817297004026, "1,11": -0.06945519362041352, "1,2": 0.2507599100104234, "1,3": 1.6240296277114266, "1,4": 0.02092962257693154, "1,5": 0.33466697921957955, "1,6": 0.6413953695541275, "1,7": 0.8058027523629239, "1,8": 1.8812503953937196, "1,9": 0.7286126026487763, "10,11": -0.4484695433987729, "2,10": -1.9987233338228734, "2,11": -0.5413055565123694, "2,3": -1.3337375424461917, "2,4": 1.8011207774308766, "2,5": 0.22844751601078972, "2,6": -1.506030611206652, "2,7": -1.8965963785111244, "2,8": 1.6569028761822504, "2,9": -1.6449303239875444, "3,10": -0.7805649105272039, "3,11": -1.391851990512587, "3,4": 1.2734331150260378, "3,5": 0.9265311173648807, "3,6": 0.6591707728737193, "3,7": -1.6973813788709236, "3,8": 1.258303014700402, "3,9": -1.4168498939904772, "4,10": -1.9672087492424803, "4,11": 0.2538227373699975, "4,5": 1.332096641575164, "4,6": 1.7191120502275559, "4,7": -0.006388278808754588, "4,8": -0.4631925841327531, "4,9": -0.2779425654741674, "5,10": 1.6222561206104777, "5,11": 0.02398844875738737, "5,6": 1.7651788631684444, "5,7": -1.3605984639020026, "5,8": 0.2022999628087252, "5,9": -1.843825270333713, "6,10": 1.539120170070603, "6,11": -1.1702126271847115, "6,7": -1.7086540216584494, "6,8": 0.43437300482092844, "6,9": 0.2586160747006243, "7,10": 1.836338030594578, "7,11": 1.0551819718980346, "7,8": 1.9300456745576748, "7,9": -0.9157316225423315, "8,10": -1.4716829448406297, "8,11": 1.7834935782245203, "8,9": 1.8238029930983082, "9,10": -1.8990740879438617, "9,11": -0.11509539917007183}, "bias": {"0": 0.027522898589716238, "1": -0.2379053486419891, "10": 0.3467814044977837, "11": 0.15783030647397323, "2": 0.04906674000888045, "3": -0.4631233444185463, "4": -0.33287808204629576, "5": 0.060029908262061005, "6": -0.5140287077217136, "7": -0.403350262265165, "8": -0.5891037360984943, "9": 0.5102240257625847}}