{"Q": {"0,1": 1.2982633473731466, "0,10": -0.03576872638972928, "0,11": 0.183019300030129, "0,2": 1.022418961661883, "0,3": 0.9709382237894841, "0,4": -0.5208665858256127, "0,5": -0.16632323845889108, "0,6": -0.2818257379853226, "0,7": -1.2970227169399116, "0,8": -0.8027221235973947, "0,9": -1.1798077140419347, "1,10": 0.02681198594788281, "1,11": 1.731324541527337, "1,2": -0.7899541891721049, "1,3": -0.5151484327732203, "1,4": -0.5031467410964576, "1,5": -0.11948774053794997, "1,6": -1.89452740703963, "1,7": -1.9828093696933133, "1,8": -1.1214499659291421, "1,9": -1.4456446695983223, "10,11": -1.1295443867333903, "2,10": 1.9095105686897305, "2,11": -1.338119719181166, "2,3": 1.7188406739693227, "2,4": 1.7104588351699501, "2,5": -0.08262198323506631, "2,6": -0.36891987181328423, "2,7": -1.6700248010570973, "2,8": -1.8488186515404177, "2,9": -1.5758458723909188, "3,10": -1.0313567129687606, "3,11": 0.060705801422849426, "3,4": -0.6451836394955821, "3,5": 1.7310862424467808, "3,6": 0.5743053813832812, "3,7": 0.6090737180313175, "3,8": -1.1253173624297435, "3,9": -0.8121788716091789, "4,10": 0.26098688517483426, "4,11": 0.8292617955051154, "4,5": -0.7319273273938989, "4,6": -0.7913605675130122, "4,7": -1.8998310878099605, "4,8": 0.39721756854496704, "4,9": -0.9074360113848012, "5,10": 1.8037551303561914, "5,11": -1.057949563935403, "5,6": 0.05073339762614815, "5,7": -1.0613277177034575, "5,8": 1.508361245363385, "5,9": 1.889501189141784, "6,10": 0.2654566536309866, "6,11": 0.15092816185153035, "6,7": -1.534081643054685, "6,8": 0.25801753268789085, "6,9": -1.4555667127719163, "7,10": 0.18212104287270758, "7,11": 0.18599732969439264, "7,8": -0.38088189970870134, "7,9": -0.3015921091596132, "8,10": 1.538862976212065, "8,11": -1.8744720652713083, "8,9": -1.0833656382573706, "9,10": -0.6806163018612845, "9,11": -1.7001450141674406}, "bias": {"0": -0.08731427997518248, "1": 0.11000582488238542, "10": -0.41894912585177413, "11": 0.5799907435663101, "2": -0.7163494540740549, "3": -0.5096416079173987, "4": 0.7847410338087524, "5": 0.9638505589247588, "6": -0.06450890374111373, "7": -0.7196089292913981, "8": 0.8876134581492268, "9": -0.5102590421453701}}