{"Q": {"0,1": -1.8373072368919052, "0,10": 1.5283865091969133, "0,11": 1.9174458371080605, "0,12": -0.7058506948576344, "0,13": -1.9367366772608392, "0,14": 0.860130356251176, "0,15": -0.6179491798740431, "0,16": 1.854196125653825, "0,17": -1.7183299486082917, "0,2": 1.19250653639835, "0,3": 0.4846671154651361, "0,4": -1.0330492589087967, "0,5": -1.4673010422862038, "0,6": 1.2537112175469889, "0,7": 0.4737484561249339, "0,8": 1.822282207309164, "0,9": 0.8605612722963447, "1,10": 1.3526328725183832, "1,11": -1.9155952576184165, "1,12": -1.3443196724109572, "1,13": -0.930814091930058, "1,14": -1.6567355923753553, "1,15": 1.182274623278293, "1,16": 1.57159676198921, "1,17": -0.6685628058753399, "1,2": -0.037243361898706695, "1,3": -1.229657678074883, "1,4": 1.6869928118161788, "1,5": -0.42752430203205183, "1,6": 1.8278887142646951, "1,7": -0.5802689518776081, "1,8": 1.7976639966520103, "1,9": -1.8433089514311738, "10,11": 0.8571921177381179, "10,12": -0.5798892265501245, "10,13": -0.12334080964825489, "10,14": 1.9098493748203342, "10,15": -0.5264538202136126, "10,16": -1.8169625734614208, "10,17": 1.8970994055889414, "11,12": -1.9138599820983875, "11,13": 0.9492910520378133, "11,14": -1.0841296266961904, "11,15": 1.8318713620545637, "11,16": -0.8648882531041471, "11,17": 1.2903998433775636, "12,13": 1.149455614636138, "12,14": -1.661324765676095, "12,15": 1.8568988521030874, "12,16": 0.03301079411651342, "12,17": -0.6323219476342734, "13,14": -0.7010960076891011, "13,15": -1.6573912342998955, "13,16": -1.6401432837413337, "13,17": 0.49907001116139194, "14,15": 0.10008292050874923, "14,16": -1.0076624719896863, "14,17": 1.1241473167478353, "15,16": 1.521259174794293, "15,17": 1.8450620049554898, "16,17": -1.9252329243057118, "2,10": -0.24477598719034344, "2,11": -1.4825068406250055, "2,12": -0.43716927171598163, "2,13": 1.7519979574166475, "2,14": -0.956062557630998, "2,15": 1.6639388126217343, "2,16": -1.1627880609837948, "2,17": 1.1025222866761655, "2,3": 0.31079051994138274, "2,4": 0.7906551895135281, "2,5": -1.8282673913381777, "2,6": -0.323351810235887, "2,7": 0.995868460769493, "2,8": -1.6413980329704563, "2,9": -0.6152690516688843, "3,10": -1.609707837522154, "3,11": -1.9484824051009917, "3,12": 1.3465377457615437, "3,13": 0.06515072192981108, "3,14": 1.2211211277791945, "3,15": -0.03748585383698222, "3,16": -1.3169550406507198, "3,17": 0.9111899069893403, "3,4": -1.28594910530849, "3,5": 0.1858048154814469, "3,6": 0.7211492152266148, "3,7": 1.9057689919973617, "3,8": 1.2267207118526438, "3,9": 0.0643115614469214, "4,10": -1.3258012384380873, "4,11": -0.2601345005744764, "4,12": 1.2485634252966284, "4,13": -0.43587015691184217, "4,14": -1.466666817452107, "4,15": -1.1011837992141968, "4,16": -1.7671425107263956, "4,17": 0.2029602540891826, "4,5": 0.6325571029891197, "4,6": 0.655335308179616, "4,7": -0.6586458215806905, "4,8": 1.4967868011269712, "4,9": -0.10431086048481575, "5,10": -1.0381691314001285, "5,11": 1.2967654268345634, "5,12": 0.7746462707635318, "5,13": 0.45559386027927706, "5,14": -0.08929796469228712, "5,15": 1.9359175908423016, "5,16": -1.6593876993535943, "5,17": 0.012450808693491133, "5,6": -1.5849764434109361, "5,7": 1.5840263196666862, "5,8": 1.9780705992985257, "5,9": -1.0512551992105377, "6,10": -0.611946716960456, "6,11": 0.07736102370051157, "6,12": -1.9363968778656968, "6,13": -1.5789360878751881, "6,14": -1.1820597546483746, "6,15": 1.4794615730915894, "6,16": 1.9993683212292472, "6,17": 1.2297493485261333, "6,7": 1.0157154914187685, "6,8": -0.6437490380153168, "6,9": 1.4121496455894715, "7,10": 0.8214845381835363, "7,11": -1.9371459251147929, "7,12": -0.2409162639177338, "7,13": 0.8550112679083535, "7,14": 0.5919335904537042, "7,15": 1.8473502893753695, "7,16": 1.1540318202561552, "7,17": 0.6329917711822577, "7,8": -1.5954336990474607, "7,9": 0.7022854202528963, "8,10": -0.19876712776492944, "8,11": -1.3881279891279608, "8,12": 0.09838379757934135, "8,13": 1.2600328319176777, "8,14": 1.1391347876417535, "8,15": 0.7927981486316953, "8,16": 1.9635832557774386, "8,17": -0.18681321025346076, "8,9": -1.4364907958543371, "9,10": -0.1377968896506534, "9,11": 1.1803280118233546, "9,12": -1.5289825894580082, "9,13": 1.9792623182929159, "9,14": -1.3016828242918947, "9,15": -0.39920201749538275, "9,16": -0.9287886448738747, "9,17": 0.27835382649259444}, "bias": {"0": -0.7760945251905331, "1": -0.9063180936053854, "10": 0.059475139942583244, "11": 0.18361673572574055, "12": -0.2601921561364908, "13": -0.6256927472026992, "14": -0.9898280542176698, "15": -0.9430779229658672, "16": -0.9324955324576027, "17": 0.12647414287705727, "2": 0.07905965273252047, "3": -0.5237055190283904, "4": -0.3270776043203574, "5": 0.04409587376845803, "6": -0.27922825967888065, "7": 0.6935597391689525, "8": 0.7583864277759116, "9": -0.5660486218986314}}