{"Q": {"0,1": 0.04736010867592677, "0,10": -1.8954515164169448, "0,11": -0.9561676570217794, "0,12": 1.70359132401653, "0,13": 0.504169911760612, "0,14": 0.5454763529508111, "0,15": -1.753310267372254, "0,16": 1.8553618588887426, "0,17": -1.1850242878215935, "0,18": -1.1167929758634907, "0,19": -1.475686596463119, "0,2": -1.1430017750843011, "0,3": -1.0966111415071103, "0,4": 1.33593235353444, "0,5": -0.6314343804776024, "0,6": 0.37330620546250515, "0,7": -1.6600631332905667, "0,8": -1.3619762727624183, "0,9": -1.7309973665026108, "1,10": -0.05641297794375921, "1,11": -1.171981444586177, "1,12": 1.6465207043464254, "1,13": 1.3467184508799477, "1,14": -1.0457969805995861, "1,15": 0.12649842485091112, "1,16": -0.23214658392137455, "1,17": -0.4648393268244604, "1,18": -1.0870479749425046, "1,19": -1.623124993718414, "1,2": -1.3966040736917371, "1,3": 1.5795978805458413, "1,4": 0.1508036171633944, "1,5": 1.1859181453465455, "1,6": 1.196447255908263, "1,7": 0.43537853644529845, "1,8": 0.9570189656139685, "1,9": 1.218264806915966, "10,11": 0.25289841434211047, "10,12": 1.0461941398079206, "10,13": 0.8204092416443096, "10,14": 1.4275970196144439, "10,15": -1.9397920292271014, "10,16": -0.6300268601427637, "10,17": -0.3932074893694866, "10,18": -0.8717866441020647, "10,19": -1.8532524086234954, "11,12": -1.8846337887888058, "11,13": -0.335954486424102, "11,14": -0.31658338905491723, "11,15": 1.700382472558235, "11,16": 0.28429970135091054, "11,17": -1.2444818009218626, "11,18": -1.4941817193342932, "11,19": 0.7896001341826095, "12,13": 0.24632498509302891, "12,14": 0.35697534735291603, "12,15": 1.5465421847245961, "12,16": 1.3392536394377754, "12,17": -1.89117765730064, "12,18": 1.6259759261140543, "12,19": -0.4897857286674032, "13,14": 1.1884041640568612, "13,15": 0.27475007671493623, "13,16": -1.0611748023297904, "13,17": 1.78201625410211, "13,18": -1.473872352475651, "13,19": 0.8462276036004539, "14,15": 1.0568088731490954, "14,16": 1.530500877675947, "14,17": 0.9569721906741591, "14,18": -0.1436112522370263, "14,19": -1.574378278706757, "15,16": -1.7999755764324248, "15,17": -0.693490836441228, "15,18": 0.9418548359192944, "15,19": -1.1544724795329442, "16,17": -0.5000713703903492, "16,18": -1.0194092244436836, "16,19": 0.6015217426079049, "17,18": -0.4054260320476737, "17,19": -1.5526920174874492, "18,19": -0.041932568881173804, "2,10": 1.654259609029467, "2,11": -1.5380708056190842, "2,12": -1.4137279862656014, "2,13": 1.2061903160734215, "2,14": -1.7572851081879648, "2,15": 1.321572304613722, "2,16": 0.23944092269174888, "2,17": -0.61299767481262, "2,18": -1.2729502668208923, "2,19": -0.9314924868179699, "2,3": -1.6186049905691569, "2,4": -1.9117674101520987, "2,5": -1.7148927503267077, "2,6": 0.2238105249105833, "2,7": 0.06353820943442301, "2,8": -1.592960403566002, "2,9": 1.0755229304076432, "3,10": 1.0028774584070894, "3,11": 0.9926171523524112, "3,12": -0.5825410763955707, "3,13": -1.0236075128606328, "3,14": -1.1560369041602625, "3,15": 0.5118502148096957, "3,16": 0.43160221723695713, "3,17": 0.0231040785314236, "3,18": -0.3473056426642227, "3,19": -1.501945912356129, "3,4": -1.3696920565191006, "3,5": 0.7327866477950837, "3,6": 0.4119332804268967, "3,7": 0.5875779324174237, "3,8": -0.7482862642187715, "3,9": -0.13822257203376775, "4,10": -1.2480437302202607, "4,11": -0.40882932175004383, "4,12": -0.20150037099143114, "4,13": -0.6682381381561933, "4,14": -1.2205373598436209, "4,15": 0.32871779735948925, "4,16": -1.9857541482921213, "4,17": 0.7902171001823972, "4,18": 0.39547874828725815, "4,19": 1.535378851813729, "4,5": -1.2680840909291908, "4,6": -1.7672167292948813, "4,7": 0.3610879491900634, "4,8": -0.9002360563760003, "4,9": -1.1220060586714458, "5,10": 1.1211503915986354, "5,11": 0.21722032872293173, "5,12": 1.9846330468251119, "5,13": 1.3404063363093859, "5,14": 1.5951611041536276, "5,15": -1.9115637888745862, "5,16": 0.9033549835839181, "5,17": -0.22697911643537338, "5,18": -1.93888347748916, "5,19": 1.6763523210851718, "5,6": 0.5869931349440374, "5,7": 0.21688489737720618, "5,8": -1.1437903648949956, "5,9": 0.015177417851000907, "6,10": -0.663582785165723, "6,11": 0.6439684849863121, "6,12": 1.939942324054173, "6,13": 0.4568433364379967, "6,14": 1.210194856262571, "6,15": -1.529643451796046, "6,16": -1.6718882384258174, "6,17": 1.8743178733753143, "6,18": -0.4521766947102708, "6,19": -0.762306599260067, "6,7": -0.336777263688973, "6,8": 1.8466799008187147, "6,9": 0.5266116469442399, "7,10": -0.14601941779528094, "7,11": -0.7982363630669491, "7,12": 0.9059938813481954, "7,13": 1.7359671987638157, "7,14": 1.6810478200664836, "7,15": 1.992283586997785, "7,16": 0.47187582233041026, "7,17": -0.03592740937000549, "7,18": -1.1221529698720163, "7,19": -1.4443802111562625, "7,8": -1.3388355312283737, "7,9": -0.22857852875067675, "8,10": -1.0900593484214518, "8,11": 1.8313702324054693, "8,12": 0.5863441709999848, "8,13": 1.478941312449602, "8,14": 0.21589312451749132, "8,15": 1.0084947338566184, "8,16": -1.3651934286709229, "8,17": -0.7534966806847563, "8,18": 1.6217884350194804, "8,19": -1.9564285823314593, "8,9": 0.38498222984326347, "9,10": -0.5021782113426045, "9,11": 0.8569988988368817, "9,12": 0.7291082976975991, "9,13": -0.49245909908851315, "9,14": 0.7156526276236232, "9,15": 0.10596520243263141, "9,16": -0.13849875232648445, "9,17": 1.4259964066467883, "9,18": 0.4728925798882009, "9,19": 0.154913109932584}, "bias": {"0": 0.6571314670622355, "1": -0.08782148816883995, "10": -0.8927370410667497, "11": -0.3615253099487368, "12": -0.6694151685461651, "13": 0.08081111415781028, "14": 0.9045877107779288, "15": 0.1848727106635415, "16": 0.7962297294519294, "17": 0.50950612799414, "18": 0.2618446024322205, "19": -0.695317020838371, "2": -0.31074635283034224, "3": -0.7192320686117082, "4": 0.5328168419070418, "5": -0.4488281466268964, "6": 0.43451809289291266, "7": 0.8753490719661499, "8": -0.745889452055601, "9": -0.2242048010301212}}