{"Q": {"0,1": -0.11077894007792644, "0,10": -0.5170345516010695, "0,11": -0.6161203571098404, "0,12": 0.9531787484946705, "0,13": 0.013465282560115366, "0,14": 0.7894645410519638, "0,15": -0.8733185168179562, "0,2": -1.0885620592652923, "0,3": 0.22766247740956347, "0,4": -0.9595827277932938, "0,5": -1.3984630342479938, "0,6": -1.8635297823935932, "0,7": -1.119026855341184, "0,8": 0.5957829380463315, "0,9": -0.025332969886167067, "1,10": 0.3214341465273072, "1,11": 0.6659706845600586, "1,12": 0.9367162922133199, "1,13": 0.7788455024458081, "1,14": -0.15203676099090746, "1,15": -1.7976077975827134, "1,2": -0.573402396911403, "1,3": -1.8278261052103413, "1,4": 1.7820879785654022, "1,5": -1.3564960733028557, "1,6": 1.634350695596554, "1,7": -0.5410618233524445, "1,8": 1.6048364488709534, "1,9": 0.8541038768216751, "10,11": 0.5243798388335574, "10,12": -0.05421222924470381, "10,13": -1.7893595185878834, "10,14": -1.703073460576623, "10,15": 0.5870469403370624, "11,12": 0.031869025637462745, "11,13": -1.0431427270415354, "11,14": 1.1172219647187154, "11,15": 1.030919782692279, "12,13": 1.2926756021038166, "12,14": 1.8658190658341813, "12,15": 0.8367691402041761, "13,14": 0.6733844304349779, "13,15": 0.3577429134581531, "14,15": 1.304659085682386, "2,10": -1.7926598046026783, "2,11": -1.5256614239029012, "2,12": -0.9483775224397437, "2,13": -0.6169742593633449, "2,14": -0.7279829904654025, "2,15": -1.5603779815445775, "2,3": -0.711683411564763, "2,4": -0.15326137827658792, "2,5": 0.03847181371524977, "2,6": 0.01118550021453979, "2,7": 0.007390479915795112, "2,8": 1.9057339532914068, "2,9": 0.21173398423632195, "3,10": 0.12434507887504642, "3,11": -1.6420875286926484, "3,12": 1.795467839599083, "3,13": 0.06392845473007425, "3,14": -1.4863686772525342, "3,15": -0.6332604687441861, "3,4": -1.2715253740120533, "3,5": 1.4182473004940017, "3,6": -1.5192694939052553, "3,7": -1.8095295531747877, "3,8": -0.40198165494237204, "3,9": -1.8082353066847365, "4,10": 1.8412514310422754, "4,11": 1.173516180909978, "4,12": -1.0848473488483328, "4,13": 0.0935731214697264, "4,14": -0.31873589760598753, "4,15": 0.08799930910476172, "4,5": -0.9548172854270955, "4,6": 0.4658561025919883, "4,7": 0.16561243363414846, "4,8": 1.5163587993332608, "4,9": 0.7837085434420334, "5,10": 0.1536010910536345, "5,11": -1.762786837161423, "5,12": -1.434312176785363, "5,13": -1.4098349528131306, "5,14": -1.0369088966997153, "5,15": -0.10161269006686036, "5,6": 1.5957484677388476, "5,7": 0.3692706718696681, "5,8": -1.3719734659788547, "5,9": -0.6778021693608753, "6,10": 0.9854056546788956, "6,11": 1.2973936993964874, "6,12": 0.3527733122961738, "6,13": 1.5223667050316751, "6,14": -1.8856168196689391, "6,15": -1.6430436213058481, "6,7": 0.8943514396297947, "6,8": -1.903892409974918, "6,9": 1.6736820736666234, "7,10": -1.3175570154813077, "7,11": -1.241076464750606, "7,12": 0.1599090768246798, "7,13": 1.2448120565772927, "7,14": 1.6898611902740557, "7,15": 1.3355394677816546, "7,8": -1.3905630421589716, "7,9": 0.599232035853269, "8,10": 1.1657141219313432, "8,11": -1.7424132816017788, "8,12": 1.1573125846557826, "8,13": -0.9997666905468479, "8,14": 0.35582043167207367, "8,15": -0.4133372898242995, "8,9": 1.6018480631693115, "9,10": -1.6649171712138227, "9,11": 1.6675524693726467, "9,12": -0.6504128195550809, "9,13": -0.6050529754097056, "9,14": 0.03095725227963042, "9,15": -0.19914113721367865}, "bias": {"0": 0.8550388804081517, "1": -0.27047322317294764, "10": 0.7281339590587559, "11": -0.8002533704431081, "12": 0.28165843904871846, "13": 0.6247292090184622, "14": -0.5115882154482398, "15": -0.9819125739222245, "2": -0.9971285492192368, "3": -0.49886300493512237, "4": 0.648412502314401, "5": 0.6677672589035708, "6": 0.8793412121226938, "7": -0.604470494642982, "8": 0.8236989647965027, "9": -0.6379017722848097}}