{"Q": {"0,1": -1.3425160767416422, "0,10": -0.17894561711981805, "0,11": -0.8717984345570238, "0,12": -1.1695987270774517, "0,13": -0.8633799474514618, "0,14": 0.8357302696346744, "0,15": -0.8291945837602164, "0,2": -1.5580048307424104, "0,3": -1.9634739670082997, "0,4": 1.5335943423453098, "0,5": 1.8334476851410955, "0,6": -1.8358292027076555, "0,7": -1.4891615482892924, "0,8": 0.3885831847616421, "0,9": -0.5459366727635384, "1,10": 0.6637234611102114, "1,11": -1.422737508714245, "1,12": -0.19937425116108898, "1,13": -0.34520750765118935, "1,14": 1.1284252803793158, "1,15": -1.6616094981646201, "1,2": -0.46803933490914895, "1,3": 1.855741955781387, "1,4": 1.7587078995609398, "1,5": -1.492338278810812, "1,6": 1.639663536235389, "1,7": 0.6181972622379659, "1,8": -0.42892961689017506, "1,9": 0.2652470499474484, "10,11": 1.567103466712843, "10,12": -0.539327821370887, "10,13": -0.41281535395270685, "10,14": 0.0677913003248829, "10,15": -0.283802166174715, "11,12": 1.2972046353835323, "11,13": -0.5835574631742593, "11,14": -0.1138862985487683, "11,15": 1.8622079868630874, "12,13": 1.1528034374616225, "12,14": 1.512188002788975, "12,15": 0.9110253622890263, "13,14": 1.1833656550903644, "13,15": 1.4724247503275416, "14,15": 1.0971211433727523, "2,10": 0.6611636981875977, "2,11": 0.22998155744801219, "2,12": 0.4802310868151749, "2,13": -0.1929260507342443, "2,14": 0.19208499767848242, "2,15": 0.8397405463137644, "2,3": 0.024272157380775372, "2,4": 0.024915338142921684, "2,5": -0.46530749260128923, "2,6": 1.3716388582727785, "2,7": -0.8367618995953294, "2,8": 0.33894934729581383, "2,9": 0.6413512253472655, "3,10": 1.595357542710432, "3,11": -0.1821754635321251, "3,12": -1.6085808786008182, "3,13": 0.4498379665401848, "3,14": -0.31248715818176187, "3,15": 1.1278997048507526, "3,4": -0.8321378293675861, "3,5": 1.9728739530166322, "3,6": 0.15972324540517224, "3,7": 1.3500808669187379, "3,8": 1.3556142527150405, "3,9": -1.155022951278919, "4,10": 0.46948042472881424, "4,11": -1.50743858369504, "4,12": 1.8309664542856403, "4,13": 1.0185240933986743, "4,14": 1.4499147645484376, "4,15": 1.2828625060992311, "4,5": 1.007473037046493, "4,6": 0.9354782367924441, "4,7": -1.9287724542204288, "4,8": 1.7928102401836186, "4,9": -1.6548688175223636, "5,10": 1.063436862858981, "5,11": -0.40101666623472054, "5,12": 1.6134177477271412, "5,13": -0.4201043209003523, "5,14": -1.7856081107362982, "5,15": 1.5800829005894532, "5,6": 1.699752419937984, "5,7": 0.5279576127628811, "5,8": -1.3757329713404984, "5,9": -0.7129128563758558, "6,10": 0.9310915938392621, "6,11": 0.2730717204136992, "6,12": -1.413162650877319, "6,13": -1.1139979572310006, "6,14": 1.3660172724442528, "6,15": 0.6291897694529061, "6,7": -0.3927905670687313, "6,8": -0.8985278203846425, "6,9": 0.08035762789133205, "7,10": 0.45500207090054223, "7,11": 0.7062455813147639, "7,12": -0.5151171557215153, "7,13": 0.023220836719015647, "7,14": -0.6872387404687426, "7,15": 1.5620110815673276, "7,8": -1.7605616621233158, "7,9": 0.7628005763577508, "8,10": -1.9614716349985595, "8,11": -1.8956767762058893, "8,12": -0.7168984835149681, "8,13": 1.7958013579177954, "8,14": 0.26437398233722176, "8,15": 0.6494639551486752, "8,9": -0.19347680916630328, "9,10": 1.0470466139358074, "9,11": 0.832214967217678, "9,12": -1.3060835900183139, "9,13": -1.7552513092124982, "9,14": -0.45401347608536824, "9,15": -1.752557767970821}, "bias": {"0": -0.6931682152891003, "1": -0.7726324142507521, "10": 0.6225875542759969, "11": -0.12600298688159284, "12": -0.10457170664581517, "13": 0.670988749977627, "14": -0.9294337618431823, "15": 0.9727142187887909, "2": 0.22518734628001136, "3": -0.12270111947975004, "4": -0.2693407470927993, "5": -0.09789974109733124, "6": -0.7397237605329392, "7": 0.6873746861350183, "8": 0.5742241385179199, "9": 0.9337193472119911}}