{"Q": {"0,1": -1.8403022933971966, "0,10": -0.6236728134902831, "0,2": -1.329801782184374, "0,3": 1.6373311779423152, "0,4": 1.5799773623864266, "0,5": 0.40568372320963464, "0,6": -1.8810707617953222, "0,7": 0.6193376324352013, "0,8": -0.2210787632590847, "0,9": -0.5513333319902438, "1,10": -1.2515283588951291, "1,2": 1.4346014125847493, "1,3": 1.9453026407841532, "1,4": 0.3883731689944452, "1,5": 0.5849064473299546, "1,6": -1.4709263444310583, "1,7": 1.6714743318461083, "1,8": -0.4040424309396684, "1,9": 0.24166909905837874, "2,10": 0.2186841298010065, "2,3": 0.6863793428881686, "2,4": 0.03490219014741225, "2,5": -1.8039902963886432, "2,6": 0.6512880398914587, "2,7": -0.03816985473329737, "2,8": 0.24492568480316557, "2,9": 0.284636006520802, "3,10": 1.9198475165274016, "3,4": -0.4547175812742603, "3,5": 0.3292166301989887, "3,6": 0.6498536181899679, "3,7": 1.2256137780012715, "3,8": -1.8868007843703847, "3,9": -1.322900998655168, "4,10": 1.764738122093903, "4,5": 1.1058180459234266, "4,6": -1.8200365563825365, "4,7": 1.1288834935572711, "4,8": 1.9635456151135071, "4,9": 0.8505744666704853, "5,10": 1.1167520504770208, "5,6": 1.5169828055568728, "5,7": -1.0580203059693933, "5,8": -0.4888840182458951, "5,9": 0.20017391943237461, "6,10": 1.7193777897376537, "6,7": -0.5110154265030697, "6,8": -0.4480213773374908, "6,9": 1.8335730474146748, "7,10": -0.7362594956473241, "7,8": -1.9527275768885226, "7,9": -0.4259105299584176, "8,10": -1.3587304390657629, "8,9": 0.22358231150082908, "9,10": -1.9292072430312288}, "bias": {"0": 0.8444738837122121, "1": 0.06718123971795098, "10": 0.8186611315058092, "2": -0.5695468576781701, "3": 0.023188266603208163, "4": 0.6143126585424736, "5": -0.6892994066891371, "6": 0.15289344514860526, "7": -0.3470654496372976, "8": 0.8710956761022759, "9": -0.9037097178000408}}