{"Q": {"0,1": -0.9877263925484749, "0,10": 0.8611504323219439, "0,11": 0.7900747160922954, "0,12": -0.515288841855984, "0,13": 0.6228032037457072, "0,14": -1.8061727076263683, "0,15": 0.35818486136325633, "0,16": -1.721694148478686, "0,17": 1.25837255328228, "0,18": 0.49444750856106934, "0,2": 0.8875266895179701, "0,3": 0.9307739995897424, "0,4": -1.0250781659154522, "0,5": 1.3687637460684758, "0,6": -0.9278298720064315, "0,7": 0.23575519322443395, "0,8": 1.8595189437130677, "0,9": 1.5739529039813687, "1,10": -0.6602369588787251, "1,11": 0.25198890857013057, "1,12": -1.379092232068666, "1,13": -1.5876526084310276, "1,14": -1.5171408469843612, "1,15": -1.4524772289590109, "1,16": 0.0916695160447869, "1,17": -0.03577752728183592, "1,18": -0.4247500657267702, "1,2": 1.9807038282854816, "1,3": -1.228978402873084, "1,4": 1.9152695552108034, "1,5": 1.8520748594090901, "1,6": 1.1353836518043856, "1,7": -1.3979564606668595, "1,8": 0.27559521856784963, "1,9": 0.17027767734354438, "10,11": 1.4962289718864508, "10,12": 0.047659301363764506, "10,13": -1.400879337085788, "10,14": 1.3598582578976153, "10,15": 1.365019000283532, "10,16": 1.2065897163892143, "10,17": 1.2740755602729283, "10,18": -1.1742568639454167, "11,12": -0.4930971142456162, "11,13": -1.9252346695099734, "11,14": -1.0007084755049367, "11,15": 0.22511454975356848, "11,16": -0.43583490663987234, "11,17": -0.11085823169655429, "11,18": 0.6731766869106446, "12,13": -0.6815053796279096, "12,14": 1.296390879022491, "12,15": -1.8876642322869621, "12,16": 0.748685108202999, "12,17": -1.9723647269193996, "12,18": 1.9392822277009998, "13,14": -1.5353005807008135, "13,15": 1.0173450504663553, "13,16": 1.5266474342104317, "13,17": -1.7995805918597099, "13,18": 0.32866685338413504, "14,15": -1.4623155341478666, "14,16": -1.3886298700898503, "14,17": -0.3264422631928232, "14,18": 0.644597558921495, "15,16": 0.3108839839244828, "15,17": 1.3997248470938137, "15,18": 0.14602608039492226, "16,17": -0.26649225415278766, "16,18": -1.7479040228613032, "17,18": 1.6834551653332013, "2,10": -1.4298080656983103, "2,11": 0.7950475576664835, "2,12": -1.1311529741302548, "2,13": -0.20592887482312605, "2,14": -0.33444043131049916, "2,15": -0.18793287638597223, "2,16": 0.09512837179045208, "2,17": 1.2369689407850197, "2,18": -0.7940417913947728, "2,3": 1.9430791906619196, "2,4": -0.9052744011223823, "2,5": -0.5854110713230329, "2,6": -1.3890783152679553, "2,7": -1.6914519050712138, "2,8": 0.876212139911285, "2,9": -0.9299046572780432, "3,10": 1.7209869911983384, "3,11": -0.6313999503293917, "3,12": -1.9065918770229144, "3,13": 1.1773157459728796, "3,14": 0.8288030228059755, "3,15": -1.2865206485766665, "3,16": 0.9493520496087315, "3,17": -0.9094280436745916, "3,18": -0.5501352071609173, "3,4": 0.01251539154247805, "3,5": -0.3093020460643081, "3,6": 1.5298961998683138, "3,7": -1.7241957634803922, "3,8": 0.17949642182537495, "3,9": 1.0888476750183296, "4,10": 1.009870196758052, "4,11": -0.5658497549277883, "4,12": 1.6657306514027672, "4,13": -1.3973136748212807, "4,14": 0.9733644473779481, "4,15": -1.438525812748007, "4,16": -0.13758819187319737, "4,17": 0.08309449207424757, "4,18": -1.3689771598332028, "4,5": -0.12041439504505247, "4,6": -1.042832058971403, "4,7": -0.13612654460426388, "4,8": -1.5447153927808603, "4,9": 1.267466112894232, "5,10": -0.5370910307307271, "5,11": 1.494807265151791, "5,12": -0.04605829926405214, "5,13": 1.6541807040737964, "5,14": -0.21376096962003466, "5,15": -0.717995363453638, "5,16": -1.5556098242117744, "5,17": 0.829829683184871, "5,18": -0.4161282631404246, "5,6": -0.6758710797619578, "5,7": 1.4793924615102578, "5,8": -0.24900738362250863, "5,9": 1.0789250478603964, "6,10": 0.4303983760904102, "6,11": 0.5508604913165924, "6,12": -1.0171791898784615, "6,13": -1.6903018310644193, "6,14": 1.953866785103938, "6,15": 0.6913493921624827, "6,16": -0.6804718907790708, "6,17": -0.22089585426195502, "6,18": 0.8069728759019479, "6,7": -1.9323231390280462, "6,8": 0.2631913212815977, "6,9": 0.5893603282760784, "7,10": -0.7732819362542784, "7,11": 0.2898666252896027, "7,12": -1.8609275131326979, "7,13": -0.7005113386595303, "7,14": -0.9551262645819181, "7,15": 1.2972618465423005, "7,16": -1.3283557804989998, "7,17": -1.4648817775834786, "7,18": -0.45267096881476165, "7,8": -0.09321817017813627, "7,9": 0.7213819088549385, "8,10": -0.2988061517537801, "8,11": -1.7792064400885081, "8,12": -1.3284807084796197, "8,13": 0.15236467978050872, "8,14": -1.9404997202343135, "8,15": -0.1147714045214192, "8,16": 0.7325937235467386, "8,17": 0.6763393252454968, "8,18": 1.7821609568997179, "8,9": 1.3278373120357143, "9,10": -1.6548651160415226, "9,11": -1.5581226530702685, "9,12": 0.8320653326735714, "9,13": -1.1952108745604582, "9,14": 1.132455401489453, "9,15": 1.9082370858464075, "9,16": -0.3597440899324438, "9,17": 1.9490647524338511, "9,18": -1.1801479493512925}, "bias": {"0": 0.2878186849428017, "1": 0.509465500504189, "10": -0.39015309609735205, "11": -0.9143475867285995, "12": -0.2433098696438154, "13": 0.007286856540745124, "14": 0.6407900926442789, "15": 0.6910040714774346, "16": 0.6436621840444607, "17": -0.6184253429566484, "18": -0.917977892631634, "2": 0.06257518045280563, "3": -0.430945571113974, "4": 0.7067622578603829, "5": 0.7651235942565353, "6": -0.6195017335411304, "7": -0.5620605375405692, "8": -0.8457843858660519, "9": 0.505962651029952}}