{"Q": {"0,1": -1.9087111335911278, "0,10": 0.06788337631318386, "0,11": -0.49336417050914116, "0,12": -0.525192588574876, "0,13": 0.1905038260112497, "0,14": -0.41431380872326873, "0,15": 0.020897121304407573, "0,16": 0.17564897914487165, "0,17": 0.5115596454274765, "0,2": -1.4647298811704754, "0,3": 0.09033888845117355, "0,4": -0.11143123714388503, "0,5": 0.6470497053442621, "0,6": -1.4730140811849641, "0,7": -1.74188468344658, "0,8": 0.29522152437914917, "0,9": 0.23866515040949743, "1,10": 1.2345541893176755, "1,11": 1.515856849887832, "1,12": -1.0232061691167518, "1,13": 0.6718966548651566, "1,14": -0.04660654421887056, "1,15": 0.7477923101577915, "1,16": -1.824087753866546, "1,17": 0.08574780950541605, "1,2": 1.7741215649547697, "1,3": -0.23913077684225215, "1,4": 1.3596449666331192, "1,5": 0.16463940389674914, "1,6": 1.7960888420722187, "1,7": -1.938862635159416, "1,8": 0.2655596143980752, "1,9": 1.7531130954872092, "10,11": -0.6196515351500058, "10,12": -0.2596912303833654, "10,13": 0.015960756965093914, "10,14": 0.2972476043451384, "10,15": 1.5495719141152815, "10,16": 0.9627273113099002, "10,17": 1.8106071442136495, "11,12": 0.13407794819111007, "11,13": -1.5901656184102273, "11,14": -0.8187980731209428, "11,15": 0.6064136858347737, "11,16": -0.8556149063464109, "11,17": -1.4326068150414963, "12,13": -0.617032159598395, "12,14": 1.8926503431204669, "12,15": 1.580976379698758, "12,16": 1.508494629644336, "12,17": -1.8357846329698138, "13,14": -1.2953869320724354, "13,15": 1.1899213500931003, "13,16": -0.6821631719780807, "13,17": -1.5726727873110815, "14,15": -0.49283933662673407, "14,16": -0.02419990390685589, "14,17": -1.2744821240471875, "15,16": 1.606075735973755, "15,17": -0.9421318043463147, "16,17": 0.6846242676534442, "2,10": 0.5044741814097868, "2,11": -1.9474559722421634, "2,12": -0.8848942379704949, "2,13": -0.7869708222111753, "2,14": 0.6771652118204705, "2,15": -0.7255210175514488, "2,16": -0.19782231830398844, "2,17": 0.9674533623220745, "2,3": 1.3169546317363214, "2,4": -0.7982877080908368, "2,5": -1.7564257623410664, "2,6": -0.695409101475339, "2,7": 0.019519665713268797, "2,8": -1.8240172659961518, "2,9": -0.02474247889902781, "3,10": 1.164088302055219, "3,11": 1.285784459787647, "3,12": 1.4480575725841964, "3,13": -1.4431747954471792, "3,14": 0.9903654567245583, "3,15": -1.6969760477898341, "3,16": -1.9580691659762648, "3,17": 1.0647675125415783, "3,4": -1.8880172013687124, "3,5": -1.5360627939461833, "3,6": 1.0267079185034564, "3,7": -0.8703131266553195, "3,8": -1.9402411346476707, "3,9": 0.9800699863677123, "4,10": 0.13237274278315914, "4,11": 0.7333540764794932, "4,12": -0.48902700398054444, "4,13": 1.2248678700690752, "4,14": 1.8450806254884093, "4,15": 0.10784621978933506, "4,16": -1.3176764105665173, "4,17": -1.9010597469273618, "4,5": -0.3345798803287847, "4,6": -1.243928986352099, "4,7": 1.7212065056149672, "4,8": 1.3348810961149211, "4,9": 1.8801708086785252, "5,10": 0.15883842988674823, "5,11": -0.16468116617582318, "5,12": 0.8460961574936681, "5,13": 1.4224747396867778, "5,14": -0.45765773176740243, "5,15": 0.15634113315883047, "5,16": -1.4372484085272954, "5,17": 0.8299586165210844, "5,6": 0.38134690921217773, "5,7": 0.49225379322852714, "5,8": -1.2567964902482012, "5,9": 1.7799366326518715, "6,10": 1.6692387347555435, "6,11": 0.8921607481000216, "6,12": -0.8968459311045054, "6,13": 0.11801037093782174, "6,14": -1.0005961954109845, "6,15": 1.9606089154625423, "6,16": -1.2301505074438879, "6,17": -0.7885143955033285, "6,7": 1.0191594453475465, "6,8": -0.4814531544404117, "6,9": 0.38482914213195496, "7,10": -0.7332853163981672, "7,11": 0.583093459154818, "7,12": 0.9810427141933422, "7,13": -1.3622593012942792, "7,14": 1.9559211860390304, "7,15": 1.8469241340952927, "7,16": 0.7865312680298864, "7,17": -0.3063279347442136, "7,8": -0.6734278215363223, "7,9": -0.9170110612049327, "8,10": -1.684177593789352, "8,11": 0.45925335108632837, "8,12": 1.7986976772626493, "8,13": 1.1541267553781402, "8,14": 0.3323583336941489, "8,15": 1.4296423217836174, "8,16": -1.1197750556929305, "8,17": -0.978758258138015, "8,9": 0.31479135258702184, "9,10": -0.822992629634022, "9,11": -1.3465817602380272, "9,12": -0.8532558358313569, "9,13": -0.08000786400774729, "9,14": 0.14632290062174924, "9,15": 1.6203986293032981, "9,16": -0.27292528972711416, "9,17": -1.8287606207578722}, "bias": {"0": -0.9870097072932673, "1": -0.23243283187512076, "10": -0.9702190371426342, "11": 0.44258972246889616, "12": 0.41252930739161564, "13": 0.31080872961108463, "14": 0.3557869049965743, "15": 0.42718995522081693, "16": 0.10168246909411893, "17": 0.8508140126110049, "2": -0.1763884087648533, "3": -0.8204337420933245, "4": -0.8889369011730628, "5": -0.9488829862758277, "6": -0.9774710011546153, "7": 0.46075209250752547, "8": 0.7743898932156181, "9": -0.0716364954558415}}