{"Q": {"0,1": 1.4613941867829343, "0,10": -1.0075433274639223, "0,11": -0.7006324868392921, "0,12": -0.4366833801820986, "0,13": -0.20733588308042927, "0,14": 1.7155473041814608, "0,15": -1.3014132122091318, "0,16": 1.8961349898514377, "0,2": 0.4042447102825806, "0,3": 0.5462306112048676, "0,4": -1.0509688595310438, "0,5": -0.7364144206587255, "0,6": 1.6320483204585154, "0,7": -1.4343830980026695, "0,8": 0.08436795632259209, "0,9": -1.1029281233281343, "1,10": -0.4432012325667838, "1,11": -0.979567534094774, "1,12": 1.0010038311106646, "1,13": -1.5932320886897293, "1,14": -1.3933806386985803, "1,15": 1.2025265121842819, "1,16": -1.352517340650016, "1,2": 1.3641842006600022, "1,3": -0.47297946659179324, "1,4": 1.6075389289615254, "1,5": 0.6070290551173998, "1,6": -0.4751758798697354, "1,7": -1.5215978593206638, "1,8": 0.2933129948931983, "1,9": -0.4396335425833131, "10,11": 0.5363934214303763, "10,12": 1.8702592836985459, "10,13": -1.1320398490192907, "10,14": -1.946844802759046, "10,15": 0.020366270408872733, "10,16": 1.81945709870908, "11,12": -0.37342246162322423, "11,13": 0.9743095018453252, "11,14": -1.1697499632820212, "11,15": 0.4278284073849359, "11,16": -0.8653900925290157, "12,13": 1.049546331937583, "12,14": -0.5325543673537756, "12,15": 0.3347446889183443, "12,16": 1.6063767831792553, "13,14": -1.6592995324786863, "13,15": -0.919562480993394, "13,16": 0.7302930217180474, "14,15": -0.018707441978664363, "14,16": -0.3289894908791249, "15,16": 0.490717784251435, "2,10": 1.9526473803877313, "2,11": 1.6050536951744188, "2,12": 0.8161607091794876, "2,13": 1.1503956436023466, "2,14": -1.8462059481202662, "2,15": 0.9032688875209249, "2,16": 1.3157679251444754, "2,3": -1.4837587464501136, "2,4": -0.5617976213216904, "2,5": 1.8801716660763428, "2,6": 1.2919417775531263, "2,7": 1.4723118093570569, "2,8": 0.6441925047726937, "2,9": -1.4326976952482364, "3,10": 0.282504341558111, "3,11": 0.5783006671403221, "3,12": 0.1655809533362924, "3,13": -0.9869152813850341, "3,14": -0.557768134192909, "3,15": 0.8465480547454693, "3,16": -1.733778954265111, "3,4": -0.48344538091795153, "3,5": -1.7427614634366555, "3,6": 0.6268080664162743, "3,7": -0.09603822740531776, "3,8": -0.3245101870649969, "3,9": 1.4660151440282756, "4,10": 1.959676969696997, "4,11": -0.04032102317117925, "4,12": -0.14572516034027005, "4,13": 0.38295590324092155, "4,14": 1.7470009132889568, "4,15": 0.22153645002401134, "4,16": 0.7429199174813519, "4,5": -1.0971486123122896, "4,6": -0.7151015400046359, "4,7": -0.04352128824859447, "4,8": 1.4149430877647569, "4,9": -1.0945233223204434, "5,10": 1.2872834116291036, "5,11": -0.9451425785517862, "5,12": 0.45492410904098435, "5,13": 0.3886372918768828, "5,14": -1.0199076382148604, "5,15": -1.1266441341547457, "5,16": -0.4747341668520333, "5,6": -0.5856082758735277, "5,7": -0.966468163261851, "5,8": -0.5848999941444006, "5,9": -0.3066662941224658, "6,10": 1.239804755036777, "6,11": -0.16335825122943515, "6,12": -1.7887959780904974, "6,13": -1.0075562519397598, "6,14": -0.11549931379185141, "6,15": 1.715991917356464, "6,16": 1.418675885865079, "6,7": 0.01334925269042353, "6,8": 1.8281847085651917, "6,9": 1.1433364693629806, "7,10": 0.5914296984466185, "7,11": 1.7521632783304835, "7,12": -1.667765858727067, "7,13": 1.8014923725281284, "7,14": -1.137836350824804, "7,15": -0.3972008184504161, "7,16": 1.5800403596570538, "7,8": -0.09629438953616365, "7,9": 0.44008336268044435, "8,10": 1.4258232604454042, "8,11": -1.2593918009510867, "8,12": -1.3496186878125833, "8,13": -0.010884302633026088, "8,14": -0.861213847834021, "8,15": -1.9317148073570762, "8,16": -0.8202435214386519, "8,9": -1.064286377568116, "9,10": 1.8585624118205053, "9,11": 1.70099570927426, "9,12": -0.49856542305982865, "9,13": 1.7708190512264261, "9,14": 0.23063939814537404, "9,15": 0.28914112221075294, "9,16": -0.02177604627438612}, "bias": {"0": -0.07877814206632627, "1": -0.7173407505696214, "10": 0.19789549010870688, "11": 0.9990244096971117, "12": 0.47311808090754615, "13": 0.2686164724352593, "14": 0.3323795006130701, "15": 0.724687416685315, "16": -0.8702266654230275, "2": 0.41005588773638646, "3": 0.24515859943418983, "4": -0.3382637334487888, "5": 0.4872293680143853, "6": -0.6555118092708778, "7": 0.7053724109569759, "8": -0.10630520462236248, "9": 0.07236674784606278}}