{"Q": {"0,1": -1.5798904644950005, "0,10": 0.00842085324082209, "0,11": 1.0252429206102311, "0,12": 1.041512390016916, "0,2": -1.2010752896422883, "0,3": 0.5130213225786515, "0,4": 1.663774539656273, "0,5": -0.5144774271381416, "0,6": -1.5441953346392685, "0,7": -1.405252952079588, "0,8": 1.3250665397849009, "0,9": -0.7912931028572037, "1,10": -0.5600272129372228, "1,11": -0.9286154811447491, "1,12": 0.2937121610195197, "1,2": -0.4482212115098614, "1,3": 1.177855459485314, "1,4": 0.07278802125390227, "1,5": -1.4129869640542707, "1,6": 0.3589690650053585, "1,7": -0.8820237645887579, "1,8": 1.8601149042338379, "1,9": -0.5434383927977615, "10,11": -0.4486248171750371, "10,12": -1.080465060800122, "11,12": -1.8843312067968525, "2,10": -1.2160836875166838, "2,11": 1.4135739239287903, "2,12": -1.4515561334219584, "2,3": 1.5977578275152382, "2,4": 1.9076909358302054, "2,5": -1.8675669730121904, "2,6": 0.6034936514941278, "2,7": 1.3343910022748142, "2,8": 0.3937676458513506, "2,9": 0.050587683981734965, "3,10": -1.4868852033136042, "3,11": 0.6521171424287373, "3,12": -1.0497905981775948, "3,4": -0.3552743131708871, "3,5": 0.5633959991878141, "3,6": -1.5235097699226725, "3,7": -1.3700089962980524, "3,8": -0.42238812233300216, "3,9": 0.10864909806462641, "4,10": 0.38761123248069795, "4,11": -1.6184877803390139, "4,12": 0.37656960119410954, "4,5": 1.5967764200768704, "4,6": -0.9210554554950514, "4,7": -1.0619144428858172, "4,8": -1.3964808097641366, "4,9": -0.7613555260712919, "5,10": -0.22198364763826728, "5,11": -0.5237665358492292, "5,12": -0.8213095134151036, "5,6": -1.736535085358856, "5,7": -0.5473329092407542, "5,8": -1.0536356990503144, "5,9": 0.002886230431502046, "6,10": -1.9055775601305593, "6,11": 1.0625212496495258, "6,12": 1.4619594482931868, "6,7": -1.2859163107472154, "6,8": -0.017702961786515203, "6,9": -1.132096314951899, "7,10": 1.168633800592092, "7,11": 1.6830762439158007, "7,12": -1.173660685761912, "7,8": -0.4811753664944054, "7,9": -0.22506296238627543, "8,10": -1.4934515864283906, "8,11": 1.6146323155740743, "8,12": 1.7382954205693557, "8,9": 1.9879614892712425, "9,10": 1.275779052515981, "9,11": 1.754521928608896, "9,12": -1.935149647272428}, "bias": {"0": -0.5087684402373773, "1": 0.2730401694005298, "10": 0.12269146471415682, "11": 0.9490792960139149, "12": 0.6041852486763521, "2": -0.8253828191752672, "3": 0.7358915993130495, "4": -0.8896859981787213, "5": -0.1903788199315879, "6": 0.27670679949574284, "7": -0.820341645177104, "8": 0.48043750378956096, "9": 0.10241126679380952}}