{"Q": {"0,1": -1.199717669805064, "0,10": 1.5689363716110973, "0,11": -0.9411584351341791, "0,12": -1.7461816848064027, "0,2": 1.7891113571589115, "0,3": -0.1725904381192933, "0,4": -1.067523592113687, "0,5": 1.5519775794635136, "0,6": -0.9839852200029946, "0,7": 0.1688060863450782, "0,8": 0.6909398526327872, "0,9": -1.708947972096921, "1,10": -1.5025837075428945, "1,11": -1.6140258954154936, "1,12": 1.8257241952340735, "1,2": -0.3043535184446218, "1,3": 0.3888378607962495, "1,4": 0.7711653925864042, "1,5": -1.8632509116547835, "1,6": -1.1420239080203247, "1,7": -1.982619753538049, "1,8": -0.5461119071417584, "1,9": 0.5165041208316907, "10,11": 1.3345077929749292, "10,12": 1.1548230734783416, "11,12": 0.534288563795732, "2,10": -1.726479304712107, "2,11": -0.06830950104993594, "2,12": 1.987545105781113, "2,3": -1.3721947811822068, "2,4": 0.6787712469396725, "2,5": 0.02494338954334463, "2,6": -1.063283491368316, "2,7": 0.5391484620854357, "2,8": 0.44368863383420676, "2,9": 1.6389992903766473, "3,10": -1.0773733411255408, "3,11": -1.0983833672061727, "3,12": -0.13777185597680575, "3,4": -0.35193657541645296, "3,5": -1.1830196922903684, "3,6": -1.7998524495370951, "3,7": 0.20881900908053463, "3,8": 1.2846989320741096, "3,9": -1.7500987455335633, "4,10": 0.0020752168191666698, "4,11": -1.6257969183611518, "4,12": 0.9510362499463874, "4,5": 1.270380805473661, "4,6": 0.79947950818929, "4,7": 0.016527146101007695, "4,8": -0.649970473299406, "4,9": -0.5076234374612381, "5,10": 1.3586834722181496, "5,11": 0.7063524717684655, "5,12": -1.0807319878455632, "5,6": -1.8133157260260155, "5,7": -1.545395394144578, "5,8": -1.347355678599496, "5,9": -0.9792484106524473, "6,10": -1.2329355105784572, "6,11": -0.2512825900927056, "6,12": -0.825372436660571, "6,7": 0.31516718797900056, "6,8": -1.997277434947346, "6,9": 0.6836917572128041, "7,10": 1.4097131326205221, "7,11": -1.4403961073792328, "7,12": -0.804758126402322, "7,8": 1.3759697351244755, "7,9": -1.5299302129070074, "8,10": -1.0159452615543656, "8,11": 1.1608811568454347, "8,12": 1.2204845269284053, "8,9": -0.7141284841908919, "9,10": 0.6304496759408957, "9,11": 1.4957868814145088, "9,12": -1.0081287181905547}, "bias": {"0": 0.6432332833729566, "1": 0.8890954939786018, "10": 0.34382942049410214, "11": -0.41929555082112135, "12": -0.40521056428209246, "2": -0.03358861327669915, "3": -0.7894936813796907, "4": 0.1957890757408658, "5": -0.4399125697881725, "6": 0.2296615154551087, "7": -0.5898370468532026, "8": 0.5269040130986811, "9": -0.3917512254422535}}