{"Q": {"0,1": 0.6389009259607956, "0,10": -1.7688880091344257, "0,2": -1.6914666240871354, "0,3": 0.8491747673385612, "0,4": -0.7868311137051847, "0,5": -0.8807139081001067, "0,6": -1.742298085376917, "0,7": -0.9644504921896626, "0,8": -1.2559547764442978, "0,9": 1.142832679752539, "1,10": 0.7814834938176878, "1,2": 1.324695192443604, "1,3": 0.1800386682723718, "1,4": -1.935708563667487, "1,5": -0.022263097820928834, "1,6": -0.4770510692149834, "1,7": -1.2077455585073578, "1,8": -0.24040066274779415, "1,9": 1.6178217701869544, "2,10": 0.664588317635376, "2,3": -0.9571531860646778, "2,4": 1.612024756284208, "2,5": 0.9435698849935408, "2,6": 1.6267448669592883, "2,7": 1.8919660508892733, "2,8": 1.6459657137554644, "2,9": 1.938618675606095, "3,10": 1.1062441258299853, "3,4": 1.7849235573425615, "3,5": -1.615913158708337, "3,6": 1.5414404953355088, "3,7": 0.8401214804566197, "3,8": -0.3186921544439949, "3,9": -0.7142878553773708, "4,10": 1.7533647692365366, "4,5": -1.825232824972403, "4,6": -0.028795039486355645, "4,7": -0.7220329828676344, "4,8": -1.9618808440242028, "4,9": -1.1909523123981383, "5,10": -0.3945596458340952, "5,6": -1.5647723689749435, "5,7": 1.4159798140786943, "5,8": -1.4251714436635208, "5,9": -0.3625607355658622, "6,10": -0.7818374328354833, "6,7": 0.6863517112796762, "6,8": 1.8248244247715517, "6,9": 0.3408729198953342, "7,10": -1.6293542242646324, "7,8": 1.4920225212586158, "7,9": 1.3613140339283527, "8,10": 1.8931003201279855, "8,9": 1.4043795321097958, "9,10": -1.9805286717599704}, "bias": {"0": 0.008242314427459041, "1": -0.4689313111295852, "10": -0.8183037335556249, "2": 0.7489224603736295, "3": 0.6170912759257847, "4": 0.5582181171794769, "5": -0.2307070261990969, "6": 0.2921394741493015, "7": 0.12026234710626316, "8": 0.049604797357588826, "9": -0.8905011933883544}}