{"Q": {"0,1": 1.492647347746633, "0,10": 0.050102527848674416, "0,2": -1.3591657763182212, "0,3": 1.8562932774504661, "0,4": 0.9608412156606696, "0,5": -1.0214433898667998, "0,6": -0.9855754747973449, "0,7": -1.58271394059292, "0,8": -1.058952288945778, "0,9": -1.1215201712608094, "1,10": 0.49883792253678605, "1,2": 0.09236086736438276, "1,3": 1.4088600764988537, "1,4": -0.6560327724878663, "1,5": 0.6244961195673016, "1,6": -1.4825173376089942, "1,7": -1.9856907576128897, "1,8": -0.6236887452196371, "1,9": 0.3400943149692979, "2,10": 1.8487911941109223, "2,3": -0.7936162910949842, "2,4": -0.8224259957975022, "2,5": -1.8492470948442494, "2,6": -1.7755863262719962, "2,7": -0.8497758677308096, "2,8": 0.03991210131798972, "2,9": 0.5379650691084898, "3,10": 1.3136025925669341, "3,4": 0.4450473334034264, "3,5": 0.7733994230964822, "3,6": 1.0666605210857063, "3,7": 0.8718051549799841, "3,8": -0.8261491398765624, "3,9": -1.1896633129616854, "4,10": 1.1735183062323942, "4,5": -0.1848136048328617, "4,6": -1.297221240245788, "4,7": 1.6162861593731286, "4,8": 0.5686467096505758, "4,9": -1.1243304902798, "5,10": 1.636912717086155, "5,6": 0.966356500780464, "5,7": -1.812566585447867, "5,8": 1.1731219128924386, "5,9": 1.9610753017747546, "6,10": -0.46130063533665533, "6,7": -0.6027586938155616, "6,8": -0.9166139047565047, "6,9": -0.5448919323928876, "7,10": -1.9730503021476467, "7,8": 0.07066267957444117, "7,9": -1.2534962303437673, "8,10": -0.8087043755928578, "8,9": 0.5680358167702848, "9,10": -1.8463870915132978}, "bias": {"0": 0.08607299031512583, "1": 0.3438201747563123, "10": 0.18992195553933877, "2": 0.7429988238322718, "3": -0.17185856829256663, "4": 0.7380623977714549, "5": 0.21907775923292205, "6": -0.6717743893898938, "7": 0.12815435866903435, "8": 0.04246320571065865, "9": 0.6699521522877805}}