{"Q": {"0,1": 0.10660428935227273, "0,10": 1.7950054608272157, "0,2": -0.20468219309737368, "0,3": -0.6503842541290674, "0,4": 1.7539280201935923, "0,5": 0.8788845692292342, "0,6": 0.046629489030906246, "0,7": -1.3349682724720666, "0,8": -0.3234237974513836, "0,9": -0.5669642400497588, "1,10": -0.24181635802527568, "1,2": -1.7389705543138847, "1,3": -0.7936511806950248, "1,4": -1.6185818133598358, "1,5": -1.1640316905190877, "1,6": -0.8115805182016635, "1,7": 0.192710847424729, "1,8": -0.41989056461800267, "1,9": 1.720253650958929, "2,10": 1.2913880574512713, "2,3": -1.164107264555661, "2,4": 0.38472202274896805, "2,5": 1.766373139765654, "2,6": -0.811959249021994, "2,7": 1.4971518203256697, "2,8": 1.0133874891745251, "2,9": 1.6397272917631227, "3,10": -1.1315549175892867, "3,4": -1.9481826296716211, "3,5": -0.5430292201911482, "3,6": 0.8692085826216664, "3,7": 1.9745867578047371, "3,8": -0.11816008379341847, "3,9": -1.1338414727298658, "4,10": 1.838150905555823, "4,5": -0.9399369118619876, "4,6": 1.2626481210331666, "4,7": -0.8211685763166723, "4,8": -1.2280176441432102, "4,9": 0.7910979552925972, "5,10": -0.8515158150621471, "5,6": 1.4807122546785632, "5,7": 0.8527476148305815, "5,8": -0.4155032872820361, "5,9": -1.7372764971368828, "6,10": -1.768719938332842, "6,7": 1.821200742334221, "6,8": 1.3830915666510828, "6,9": 1.2888851480212633, "7,10": 1.5722005775283479, "7,8": -0.2602741581347332, "7,9": -0.0385706307341227, "8,10": 1.3427087592785498, "8,9": 1.2806554465707594, "9,10": -1.8495642178700415}, "bias": {"0": -0.45449594316700237, "1": -0.3588119340052802, "10": 0.5035829145917141, "2": -0.7000166811743636, "3": 0.6048723606750077, "4": -0.08818032251171837, "5": -0.6887934530095556, "6": -0.4104617676416733, "7": -0.0544214854976377, "8": 0.44984738641548216, "9": -0.19938942054468534}}