{"Q": {"0,1": 1.2412281089740653, "0,10": 0.5040789280416234, "0,11": 1.954780978264087, "0,12": 1.0712465859664433, "0,13": -0.6730937485867927, "0,14": 0.3428280621019648, "0,2": -1.4577037648115634, "0,3": 0.458482420168389, "0,4": 0.3686637031440081, "0,5": 1.8718826060861091, "0,6": -0.8315358754898439, "0,7": 0.9445059433012792, "0,8": 0.7707093860126655, "0,9": 1.7750609268835484, "1,10": -1.70353828662922, "1,11": 1.332604416574851, "1,12": -1.6896015653700562, "1,13": -1.8622202474368703, "1,14": -1.0837065006480833, "1,2": 0.7249462669644626, "1,3": -1.557951339210181, "1,4": 1.0548318851811245, "1,5": -1.0942123722378416, "1,6": 1.4399538919954433, "1,7": -1.7180877547741664, "1,8": 0.6478295358358217, "1,9": 0.7130959853401935, "10,11": 0.9088306794280108, "10,12": -1.7107897410506983, "10,13": -1.8326102189140374, "10,14": -0.11009761571461985, "11,12": -1.1891512182731585, "11,13": 0.24719197577793128, "11,14": 0.666789313618326, "12,13": 1.0989501454041255, "12,14": 0.5919980508000804, "13,14": 0.33452237086687253, "2,10": 1.0235263552538987, "2,11": 1.1809597469743025, "2,12": -1.2616299931701311, "2,13": 1.0505333006574165, "2,14": -0.7537276476604986, "2,3": -1.0507593384856908, "2,4": 1.094964296578182, "2,5": -0.45516604263253724, "2,6": -0.20024084616554694, "2,7": -0.858669491993115, "2,8": -0.04581059167061996, "2,9": -0.7441187573686818, "3,10": -0.44928812252932415, "3,11": -0.8828075911064168, "3,12": -0.6338355277163563, "3,13": 0.7330471514038095, "3,14": 0.2322656370200331, "3,4": -0.41512724373396015, "3,5": 0.4148054638340888, "3,6": 0.2446910938688318, "3,7": 1.5994422119564193, "3,8": -0.0694994022517137, "3,9": -1.6668522743489746, "4,10": -0.422320720319981, "4,11": 1.9260394143078265, "4,12": 0.2904685318914515, "4,13": -0.8255573709126693, "4,14": -0.4430835237463575, "4,5": 1.9093287766058578, "4,6": -1.2903095242616156, "4,7": -1.091767240174058, "4,8": -1.7823489714582448, "4,9": 0.031240878744448253, "5,10": 0.1308204930410204, "5,11": 1.3413185910712158, "5,12": 1.9472806905891966, "5,13": 0.1337706020380547, "5,14": 1.7930882822281777, "5,6": -0.39525910494099437, "5,7": -1.931628108908869, "5,8": -1.1727503837651456, "5,9": 1.1081038730628392, "6,10": 1.9087862597468535, "6,11": 0.7203772084816218, "6,12": -0.175851120018506, "6,13": 0.13179921010116713, "6,14": -0.3743786141923824, "6,7": -0.11241257267348814, "6,8": 0.23357384850995944, "6,9": 1.1315778727636316, "7,10": 0.022864744264733172, "7,11": -1.599869864713992, "7,12": 0.6419875164318545, "7,13": 1.6493363385056474, "7,14": -1.520949262556119, "7,8": -1.9691434816475182, "7,9": -1.4511024299574102, "8,10": 1.1148707960609263, "8,11": 0.7712453338860286, "8,12": -0.577414426231535, "8,13": 0.7745408798403894, "8,14": 1.3172944721406878, "8,9": 0.48591827924928044, "9,10": -0.27644433531051193, "9,11": 1.5344687002307582, "9,12": -1.911385428303395, "9,13": 0.3818696180063572, "9,14": -1.8839436841210797}, "bias": {"0": 0.5071724352717444, "1": 0.7422421443048404, "10": -0.5726745182674298, "11": -0.22306070131349998, "12": -0.543228522608634, "13": -0.6092576047572893, "14": -0.5590187036995788, "2": -0.027867895602840198, "3": -0.7961292068537345, "4": -0.91450056022498, "5": -0.313688643296977, "6": 0.4893614356713676, "7": -0.44655213628337687, "8": 0.5637127454282884, "9": -0.960935236655599}}