{"Q": {"0,1": -1.5799847329415315, "0,10": 1.1854875655947188, "0,11": 0.9659867480354363, "0,2": -0.5832374769913464, "0,3": 0.046611471600774834, "0,4": -0.6648041223358692, "0,5": 1.6467232810742751, "0,6": 1.7571694024962685, "0,7": -1.729631781557297, "0,8": 1.2448931033695212, "0,9": -1.557603371480912, "1,10": 0.39574164424035274, "1,11": 1.5961676402213172, "1,2": -1.572149799893276, "1,3": -0.3786075576590844, "1,4": -0.12469299639043951, "1,5": -0.5060744609685872, "1,6": -1.8345521884479878, "1,7": 1.4385906453706419, "1,8": -0.7193531155973685, "1,9": 1.0840173736097123, "10,11": -1.4434084981141373, "2,10": 1.1449987013163754, "2,11": -0.8473181000955563, "2,3": -0.7186706130644009, "2,4": -0.5589944963823679, "2,5": 1.537798851860317, "2,6": 0.10460720616901797, "2,7": 0.8084595238257641, "2,8": 0.5022481821376212, "2,9": -0.6866539076943647, "3,10": -0.624390872265332, "3,11": 0.7624567908372955, "3,4": -1.5750293845370837, "3,5": -1.718131282527907, "3,6": -1.9774730505207496, "3,7": 0.04446056659986475, "3,8": -1.3230306221135013, "3,9": -0.5410416971959533, "4,10": -1.4144365652535877, "4,11": 0.13129216959536016, "4,5": -1.8453980245674457, "4,6": -0.2229272579420134, "4,7": -1.194851798055244, "4,8": -0.5088128943440178, "4,9": 1.4646910470925434, "5,10": -1.7340291658963278, "5,11": 1.7936091714456843, "5,6": -1.6539389611820496, "5,7": 1.833102786872546, "5,8": -0.6126243381958734, "5,9": -1.3445773813983517, "6,10": -1.3818394577242317, "6,11": -1.1181636428739825, "6,7": -1.1834893041424892, "6,8": 1.168142380468487, "6,9": 0.23328161835941108, "7,10": 1.1716003120881489, "7,11": 1.6451331206488042, "7,8": -1.3149730133170072, "7,9": 1.15050179867132, "8,10": -1.3775273940559503, "8,11": -0.6434514370067586, "8,9": -1.3272956988407594, "9,10": -0.26382449467684, "9,11": -1.001515907757062}, "bias": {"0": 0.967606129229559, "1": -0.335636895424531, "10": -0.27910671405734777, "11": 0.04054062526710234, "2": 0.7925674641806923, "3": 0.9177141829613309, "4": 0.6401205530363272, "5": -0.7274525351900054, "6": -0.15038100417948463, "7": 0.5640418160841205, "8": 0.9768739907337736, "9": 0.16405077013515768}}