{"Q": {"0,1": -0.27733411729060853, "0,10": 1.0270947070513747, "0,11": -1.2897777197172577, "0,12": -1.237894403893916, "0,13": 0.8795521425724009, "0,2": 0.8521197445968935, "0,3": -0.7610635488192035, "0,4": 1.7040126437625611, "0,5": 0.09881183465719445, "0,6": -0.7315070733617497, "0,7": -0.6458537016806081, "0,8": 1.40190947924243, "0,9": 0.6473951228351855, "1,10": -0.8960944471416972, "1,11": -1.5304791749683977, "1,12": 1.4617891309583055, "1,13": -0.7443917917035532, "1,2": 0.5366774644519685, "1,3": 0.8952619774547368, "1,4": -0.962280337401864, "1,5": -1.4725118561214776, "1,6": -0.5283068307557275, "1,7": -0.7902602184520977, "1,8": -1.8429644558861553, "1,9": -0.910463379919932, "10,11": 1.3152624076718253, "10,12": 1.669676450569162, "10,13": 1.1111175996105938, "11,12": 1.7258398204089915, "11,13": 1.350960350379491, "12,13": -1.268243042645012, "2,10": -0.8870580954589555, "2,11": 0.722467036109188, "2,12": 1.5372534579239767, "2,13": 1.679870772228167, "2,3": -0.057299636797313536, "2,4": -0.2733369558757759, "2,5": -1.4322046618374071, "2,6": -1.2763768860033369, "2,7": -0.68986025872118, "2,8": 1.6693385553190132, "2,9": 0.07243943922122265, "3,10": -0.8150228552116983, "3,11": -1.5216921856638086, "3,12": 1.8437747716280537, "3,13": -1.3781647445621963, "3,4": -0.8197195863729267, "3,5": -0.2379690563861927, "3,6": 1.2695659974519518, "3,7": -1.1162179867674626, "3,8": -0.8430769624090222, "3,9": -1.615610857354925, "4,10": 1.6834864944240753, "4,11": -0.2659829692203526, "4,12": -0.21539885660544966, "4,13": -1.608862014567214, "4,5": 0.46790506523276676, "4,6": -0.7389037559065215, "4,7": -1.6266245026145518, "4,8": -1.781704061540275, "4,9": 1.4270705323205957, "5,10": -0.4485105252955526, "5,11": 1.5009122222358475, "5,12": -1.5253492845759964, "5,13": -0.46463112665109385, "5,6": -0.9982224176436558, "5,7": 0.02958270319394396, "5,8": -1.676144025221527, "5,9": 0.9628903834028577, "6,10": -0.7943091650001062, "6,11": -1.3642176532193218, "6,12": -0.980514482515479, "6,13": -1.1452220049021098, "6,7": -0.9823515861697825, "6,8": 1.0317288468978774, "6,9": -0.8226783285423807, "7,10": -0.36733614605707343, "7,11": -1.3853080339227999, "7,12": 1.68984491522537, "7,13": -0.8413012446641384, "7,8": 0.15415681349198307, "7,9": -0.22762649314483374, "8,10": -0.01834204479358359, "8,11": -1.7747860200800698, "8,12": 1.7995946996634649, "8,13": 0.3603987426416282, "8,9": -0.884724156344828, "9,10": -1.476820467886967, "9,11": 1.467765917655555, "9,12": 0.6441603030058172, "9,13": 1.6456476008887755}, "bias": {"0": 0.3858723407672964, "1": 0.27374345234808395, "10": 0.8944231476782882, "11": 0.6988300796403824, "12": -0.6201290233102017, "13": -0.966292934241781, "2": -0.3038075715944679, "3": 0.6489816098521568, "4": 0.746917231537672, "5": 0.5215906885446171, "6": 0.8025856168745542, "7": 0.4886441023637005, "8": 0.44109980731508736, "9": -0.24368679690988726}}