{"Q": {"0,1": 0.2402462133390868, "0,10": -0.7117157540706645, "0,2": -0.04040484981663228, "0,3": -0.03699862642498175, "0,4": -0.3811908893877134, "0,5": 1.822186454235601, "0,6": -1.8117907053215685, "0,7": -1.7610138180224166, "0,8": 1.168930458974906, "0,9": -1.3729011091336956, "1,10": -1.826197430823143, "1,2": 1.9869310207002675, "1,3": -1.668426914657978, "1,4": 0.8727736422347867, "1,5": 0.22172249458405568, "1,6": -0.8132960893998282, "1,7": -1.8521627909192864, "1,8": -1.2813073708793605, "1,9": -1.0958628018049157, "2,10": 1.188520800133868, "2,3": 1.3925725303148093, "2,4": 1.4271345057527585, "2,5": 1.2275295702600446, "2,6": -1.8933404688936437, "2,7": 1.1821153475680592, "2,8": 1.4078072695897146, "2,9": -1.6438770338554178, "3,10": -0.5793300089693476, "3,4": 1.444010564973813, "3,5": -0.4875602727326718, "3,6": -1.2070934490503595, "3,7": 0.5823815280209361, "3,8": -0.4688140297750283, "3,9": 0.7705634451220136, "4,10": 1.5318533271458104, "4,5": 0.47624932814386867, "4,6": -1.9033193323464062, "4,7": 0.7130929103327874, "4,8": -1.066076753707538, "4,9": -0.3515474763912425, "5,10": 1.4367476816177507, "5,6": -1.0813960112373575, "5,7": 1.8084289399400824, "5,8": -0.18029845440032055, "5,9": 0.8622138668233292, "6,10": -0.5942482620079139, "6,7": -0.41756867553841337, "6,8": -0.13304719820697297, "6,9": -0.09583871905023589, "7,10": -0.25058678623730835, "7,8": -1.938456475155978, "7,9": 1.8982807446902146, "8,10": 0.5725257184690347, "8,9": 0.39247469275301006, "9,10": 1.0049619285422637}, "bias": {"0": -0.9542374679607444, "1": -0.7147383031384495, "10": -0.2594999692306319, "2": -0.9574025479401085, "3": -0.3989451142542084, "4": -0.922085273965215, "5": -0.03792400373122162, "6": -0.8184208204232191, "7": 0.7250946791570434, "8": 0.26353104649896353, "9": 0.6567907121216792}}