{"Q": {"0,1": 0.4776522004125856, "0,2": 1.8916235366494583, "0,3": 1.6751205740138775, "0,4": -0.5284500679759705, "0,5": -1.4836641865389937, "0,6": -1.1477201896431621, "0,7": -0.6847995996169316, "0,8": -0.9318258830204829, "1,2": -1.4535704701779268, "1,3": -1.7846941624429045, "1,4": 0.7059648729188854, "1,5": 0.5013171198312834, "1,6": -0.1883395994987982, "1,7": -1.7973994669315627, "1,8": -0.36198010923467017, "2,3": 0.2909227323555954, "2,4": 0.3231665236118384, "2,5": -0.07209141065250435, "2,6": 1.8292908082357529, "2,7": 1.8314483348079098, "2,8": 0.7572660005989476, "3,4": 1.5352583900797416, "3,5": 0.5669743442358324, "3,6": -0.516521954999825, "3,7": 1.7626042438509333, "3,8": 0.6898186975977993, "4,5": -1.4832714630433923, "4,6": 0.5082429992474733, "4,7": -1.8639581478126863, "4,8": 0.25242534988313947, "5,6": 1.1018384397660927, "5,7": -1.0377335156916812, "5,8": 1.715975786087601, "6,7": -0.6904469172408771, "6,8": 0.7050397383150826, "7,8": -0.3436025515640382}, "bias": {"0": -0.5794658620973414, "1": 0.2956044482271454, "2": 0.20984824729987572, "3": 0.39669052933352233, "4": 0.6292583932794036, "5": 0.5738773231153667, "6": -0.035650618783685806, "7": -0.40129482088831336, "8": -0.9401617114697332}}