{"Q": {"0,1": 0.7374523636658927, "0,2": -0.5792949580441986, "0,3": -1.2911584917394507, "0,4": -1.3351248184966056, "0,5": -1.4044296506159095, "0,6": 1.9553217351645622, "0,7": 0.1695582010304526, "0,8": 0.8178025273498175, "1,2": -1.0943094053680458, "1,3": 1.6208860423002793, "1,4": -1.5562461909547913, "1,5": -1.4595696783992826, "1,6": -0.37700147909327963, "1,7": 1.2617710225095125, "1,8": 0.5878534943565645, "2,3": 1.4065132770267006, "2,4": 1.0749654663806365, "2,5": -1.0410807550573793, "2,6": -1.3264785304010425, "2,7": -0.8581852232233627, "2,8": -1.6552846276813802, "3,4": 0.6699262259520489, "3,5": -1.144733187764547, "3,6": 1.3663001443206313, "3,7": -1.762887751565764, "3,8": 1.731182764746657, "4,5": 0.3402297838906869, "4,6": -1.4015155954187928, "4,7": 0.3841503675896387, "4,8": 1.2620173985936436, "5,6": -0.774924512596523, "5,7": 1.1482428730958287, "5,8": 0.7582308123427737, "6,7": -1.3331067487606072, "6,8": -1.739692614913412, "7,8": -1.5083125881250452}, "bias": {"0": 0.10970776549650685, "1": -0.2729403406593862, "2": -0.4884414305236189, "3": -0.2530011182084997, "4": 0.6915472478751921, "5": -0.7222020985634223, "6": -0.27990794911955574, "7": 0.8417499044505548, "8": 0.8216863193762067}}