{"Q": {"0,1": 0.12445151900706808, "0,10": 1.7008003435841967, "0,11": -0.7566551543011855, "0,12": 0.6297151212839265, "0,13": -0.2680682612834171, "0,14": -0.3379153193853659, "0,15": 0.8804155504557656, "0,2": -1.54778476228701, "0,3": 1.7183225396855377, "0,4": 0.7347013684869257, "0,5": 0.9556623294998543, "0,6": 0.0952803578847643, "0,7": 1.9735537448865728, "0,8": -0.5405327938765305, "0,9": 0.7706636375328566, "1,10": 0.2776258220149517, "1,11": -0.3453671178881952, "1,12": -0.6771138201907281, "1,13": 1.8971005239364764, "1,14": 1.0050253373541653, "1,15": 1.8518728041850179, "1,2": 0.09016993655208472, "1,3": 1.46029619490319, "1,4": -0.32123596007196253, "1,5": 0.14020965760840332, "1,6": 0.1691518121288187, "1,7": 1.0688144262612567, "1,8": -0.37765035295874805, "1,9": 1.9908769420200292, "10,11": 1.7139362669514049, "10,12": 0.32505914408622294, "10,13": 0.531568035225046, "10,14": -1.7517025009459575, "10,15": 1.159268402940528, "11,12": 0.7084025014704651, "11,13": 1.1962334406474735, "11,14": 1.530044322673516, "11,15": -1.080466534763954, "12,13": -0.8932649984421075, "12,14": -1.8013611297532446, "12,15": -1.55637842585447, "13,14": -1.003945527047414, "13,15": 1.6288768257047672, "14,15": -1.8861111400159287, "2,10": -1.0030167570791857, "2,11": 0.07627156852806793, "2,12": 1.6409698517590323, "2,13": -1.3912794772547659, "2,14": -0.5232893032564476, "2,15": -0.4354932312346258, "2,3": -1.7518698510423611, "2,4": 1.0411887642847772, "2,5": 0.9267222684889065, "2,6": 1.5741075339095025, "2,7": -0.47829525782492155, "2,8": 1.9569158215381361, "2,9": 1.5405179851273, "3,10": 0.5768274005726104, "3,11": -0.6190207201018678, "3,12": 0.021753222890034785, "3,13": -0.5902188898012946, "3,14": 1.6556627421044041, "3,15": 0.2083236461197897, "3,4": -0.7006586250770304, "3,5": 1.71022900814891, "3,6": -0.038295497359104314, "3,7": -1.5482489970027822, "3,8": 1.0427849115521841, "3,9": 1.0249146711048245, "4,10": 0.21528455560854942, "4,11": 0.5374954882926417, "4,12": 0.22508987690679882, "4,13": -1.0300525184863027, "4,14": 0.027209433527058735, "4,15": -0.09874875413859607, "4,5": 0.8616120393492963, "4,6": 0.4355033896693974, "4,7": -1.971108279162297, "4,8": -0.7090662366802132, "4,9": -0.13231717869522708, "5,10": -0.18657381077467994, "5,11": -0.55149978968175, "5,12": 0.5656007557934157, "5,13": -0.05599757923782933, "5,14": -1.0354707552621316, "5,15": 1.483285451153161, "5,6": 0.45118039498247464, "5,7": -0.2702761051317655, "5,8": 0.9527870827783969, "5,9": -0.17418831312045224, "6,10": -0.0933623418011007, "6,11": 1.0134484561983883, "6,12": -0.7565487154866681, "6,13": -1.2013195845317441, "6,14": 1.834496989214185, "6,15": -1.8002533863346124, "6,7": -1.856470813092932, "6,8": -0.6389849033781525, "6,9": 0.20854185078155707, "7,10": 0.16135425339124865, "7,11": -1.9924043705195844, "7,12": -1.7197196910070724, "7,13": 0.7105861057632863, "7,14": -1.8643484486663837, "7,15": -0.33174666003595865, "7,8": 1.0551023822290797, "7,9": -1.7624187770886612, "8,10": 1.026154077802643, "8,11": -1.3937563728174394, "8,12": 1.1280184874142023, "8,13": 0.33163645996582414, "8,14": -0.7915772998818551, "8,15": -1.4668254267834575, "8,9": -0.8478809224532657, "9,10": 0.22806807625311265, "9,11": 0.41335360719534986, "9,12": 0.7839510983793407, "9,13": 0.19694206596364516, "9,14": -1.584636315191433, "9,15": 1.131982195548861}, "bias": {"0": 0.9534468112927643, "1": -0.13572029869998414, "10": 0.8743475071537319, "11": 0.5835562800667562, "12": 0.0681730926392381, "13": -0.9382882818433891, "14": 0.9259709127213955, "15": -0.5356278608126466, "2": -0.5251799029437723, "3": -0.47794574445111637, "4": 0.5975148757391446, "5": 0.07453793365657013, "6": 0.4335651660117741, "7": 0.9005085996738191, "8": -0.11926701829541231, "9": 0.07568763777644993}}