{"Q": {"0,1": -1.711475820866998, "0,10": 0.07504248757582266, "0,11": 0.2776049505747955, "0,12": 1.1419054548059062, "0,13": -0.44264755428966884, "0,2": -0.407921752636498, "0,3": 1.7098181037682454, "0,4": 0.864567475801095, "0,5": 0.4991145957471912, "0,6": 1.5125345876273664, "0,7": -0.19531510398360608, "0,8": -1.3203835952829697, "0,9": -0.28995775487107656, "1,10": -0.046257404687097825, "1,11": 1.3943930422542592, "1,12": 1.2862516910522568, "1,13": -1.7553875448620717, "1,2": -1.3401470212851656, "1,3": 0.31305070696777326, "1,4": -0.8944883161884389, "1,5": -0.680415453708807, "1,6": 1.763875196771063, "1,7": -0.6162657983931443, "1,8": 0.42674179923680455, "1,9": 0.40087036782359764, "10,11": 1.6947578909500525, "10,12": 1.7141001668258702, "10,13": 0.12664117565631017, "11,12": 0.2204922252216699, "11,13": 1.3194985300872037, "12,13": 0.0625593831840674, "2,10": -0.9598257836626112, "2,11": 0.793301649585493, "2,12": -1.4066723255857068, "2,13": 1.4160785566146825, "2,3": 1.50045364112187, "2,4": 1.1852266815066153, "2,5": -0.6246845546228172, "2,6": -1.009383225659389, "2,7": 1.1521465361740426, "2,8": 0.42336021548587777, "2,9": -1.5495685146478761, "3,10": -1.2564372250412892, "3,11": 1.3190551574993168, "3,12": 1.1322295540527874, "3,13": -1.7142025963138523, "3,4": 0.5631616260172203, "3,5": -1.0511432350513599, "3,6": -0.00022503667982087805, "3,7": 0.7727211512731587, "3,8": 0.3914741982926393, "3,9": -0.79102897950676, "4,10": 0.44686512515105736, "4,11": 1.8330610093867716, "4,12": -1.6489317473865053, "4,13": 0.3597416530164703, "4,5": 0.5129505014121913, "4,6": -1.2656258768182918, "4,7": -1.8705713733178229, "4,8": 0.8675286472689043, "4,9": -0.0355170667623419, "5,10": 1.8557671403426927, "5,11": 1.027546289288995, "5,12": -0.3422355153350134, "5,13": 1.0851179488183247, "5,6": -0.8223296766205586, "5,7": -0.0036735185355483146, "5,8": 1.928923243945222, "5,9": 1.5602593111481387, "6,10": -1.5107714829704886, "6,11": -1.2344462555158575, "6,12": -0.5939876502521373, "6,13": 0.6658136071045058, "6,7": -1.1290027368820001, "6,8": -0.06531234770207739, "6,9": 1.7154563713550237, "7,10": 1.0432927648187933, "7,11": -1.203653251717979, "7,12": -0.7901607834717854, "7,13": 1.7838951304667825, "7,8": 0.14474758267723953, "7,9": 0.8116204571770798, "8,10": 0.8733881412954276, "8,11": 1.4058467077859427, "8,12": 1.6938956315757112, "8,13": 0.6390638898844698, "8,9": -0.4396337865066018, "9,10": 1.59681917617702, "9,11": -0.5482661842381944, "9,12": 0.6862515343936701, "9,13": -1.0091509870270157}, "bias": {"0": 0.7407281912590387, "1": 0.34030141581084417, "10": 0.2394770334907559, "11": -0.5240951391248374, "12": 0.6157469764401555, "13": 0.36557867406626343, "2": -0.7401839777323314, "3": 0.360743628025717, "4": 0.8402056528428061, "5": -0.4250444604273331, "6": -0.7679088863536372, "7": 0.9488737811923649, "8": 0.300537498895165, "9": 0.24364175206230398}}