{"Q": {"0,1": 0.8808262681438617, "0,10": 1.0609242305513082, "0,2": 1.582887192117619, "0,3": -0.2300350138860141, "0,4": 0.6776539973152835, "0,5": 0.35427590503314654, "0,6": -0.18902432829859972, "0,7": -1.2624646754354267, "0,8": 0.7984266516421403, "0,9": -1.3707859469044914, "1,10": -1.014202917575401, "1,2": 1.3904352345754698, "1,3": 1.016660111579851, "1,4": 0.0398649352656828, "1,5": -0.21234298955005793, "1,6": 1.3865592163683802, "1,7": -1.3132394653515216, "1,8": -1.8537340977457375, "1,9": 1.0217712243479116, "2,10": 0.3523473241351498, "2,3": 1.3153931376155286, "2,4": 1.3804609269665438, "2,5": 0.38913199908253304, "2,6": -1.3410381087489727, "2,7": 0.2478458960955794, "2,8": -1.3365716945816453, "2,9": 1.4704933335195114, "3,10": -1.6434376605407102, "3,4": -1.692292789262365, "3,5": 1.6254710285952845, "3,6": -0.5310766348556841, "3,7": 1.2271292513442762, "3,8": -0.9377967492990198, "3,9": 0.08985326473687705, "4,10": -0.6281579256200551, "4,5": -0.5908558318643355, "4,6": 1.3528492439458084, "4,7": 0.18730925854951863, "4,8": 1.4503731541037923, "4,9": -1.1825174350502619, "5,10": -0.5448572234995188, "5,6": 1.5207922236364646, "5,7": 1.9635495413046296, "5,8": 1.006477064879944, "5,9": 1.0262100831075243, "6,10": -0.6964822253202021, "6,7": 1.3338367770823059, "6,8": -1.2650567444868956, "6,9": 0.32760640951290876, "7,10": 1.1521336063342962, "7,8": -1.063961005270774, "7,9": 0.9469857972934466, "8,10": -1.2083216079090708, "8,9": -0.11364802607193036, "9,10": -0.8115130419341936}, "bias": {"0": -0.6345804925437837, "1": -0.9732442024695298, "10": 0.10716810388080522, "2": 0.6826560952001086, "3": -0.8729118680933967, "4": -0.2979510511348873, "5": 0.07740540383370931, "6": 0.32407250268025356, "7": -0.4005294588804946, "8": -0.47961466522830776, "9": -0.3746233698048458}}