{"Q": {"0,1": -0.912356163929247, "0,10": 1.5793507372194537, "0,11": 0.40052659501454624, "0,12": 0.34190518271644876, "0,13": -1.2402117670622097, "0,14": -1.1944093564781402, "0,15": -1.3087471316473724, "0,2": 0.20114127420391092, "0,3": -1.271804194466534, "0,4": -1.5640539931628372, "0,5": -0.6508147319003266, "0,6": -1.021737266887862, "0,7": -1.8613117621225306, "0,8": 1.8317163635929679, "0,9": 0.3320858252994756, "1,10": 1.5624005674769723, "1,11": 0.7701859249003622, "1,12": 1.041023116604546, "1,13": 1.6369310123355136, "1,14": -1.798391271997064, "1,15": 1.906902038751881, "1,2": 0.005498111849189247, "1,3": -1.3634531893406105, "1,4": -0.6445684394905209, "1,5": 1.9805657603853635, "1,6": 0.7295328434058379, "1,7": -0.0785199639473042, "1,8": 0.394361624133567, "1,9": -1.9829024832955744, "10,11": -1.248101140712028, "10,12": 1.1934427684588105, "10,13": 0.319457016934797, "10,14": -0.28630054806221183, "10,15": -1.2530626219662384, "11,12": -1.1553719763697807, "11,13": 1.1097324734375391, "11,14": -0.41575752225433504, "11,15": 0.39826688558596945, "12,13": 1.8157746096175806, "12,14": -0.034173072212558164, "12,15": -0.20275587183317123, "13,14": 1.8405174203820334, "13,15": -1.0643528948784606, "14,15": 0.7228653374709948, "2,10": 1.9708469919351237, "2,11": 0.04031471722080626, "2,12": 0.4014771515122537, "2,13": -0.7561875127703606, "2,14": 1.3770366023744076, "2,15": -0.6616443744204545, "2,3": -1.8084507911198564, "2,4": 1.948269257379379, "2,5": -1.8676976657713569, "2,6": 1.6074587873352377, "2,7": 1.1032277275170839, "2,8": 1.5333358012293061, "2,9": -0.32872632009269465, "3,10": -0.6080132914062872, "3,11": 0.9398448756656888, "3,12": 1.391411015521268, "3,13": 1.2630196458654428, "3,14": 1.391202448193917, "3,15": -1.662344215210533, "3,4": 1.7601232401534541, "3,5": 1.4443470018136124, "3,6": 0.2233337402167117, "3,7": 1.216259124971672, "3,8": 1.0469136285183573, "3,9": 1.6544616954668707, "4,10": 0.49776949865984754, "4,11": 0.7411544248710533, "4,12": 1.488252964451513, "4,13": -0.3894855855399406, "4,14": 0.3816174474295386, "4,15": 1.2619221599251058, "4,5": 0.23969899999586852, "4,6": 0.7921184886586952, "4,7": 1.421496294965753, "4,8": -1.7029282592896533, "4,9": 1.5198818363799718, "5,10": 0.1983798202309055, "5,11": 1.0764239151564516, "5,12": -0.37384368691662306, "5,13": 1.2602870966464437, "5,14": 0.6890024673862039, "5,15": -1.166407537599877, "5,6": -0.4041953081152774, "5,7": -1.374664222516496, "5,8": -1.7211615874247017, "5,9": -1.422398486437543, "6,10": 0.19370176158870756, "6,11": 0.7486824226371973, "6,12": 1.324375287759067, "6,13": 0.06924437167177322, "6,14": 0.2110680637752136, "6,15": 1.400106335501608, "6,7": -1.8355458259623862, "6,8": -1.7936195728513944, "6,9": 0.3841604648967514, "7,10": 0.8976260739187021, "7,11": 0.2568435095072621, "7,12": -1.9588608337136315, "7,13": 0.22522863785125358, "7,14": 1.3415492565017897, "7,15": -0.5076742880788423, "7,8": -0.019383694917899152, "7,9": -0.4867368435138082, "8,10": 0.3461539629440207, "8,11": -0.838012726431336, "8,12": 1.3787968124796026, "8,13": 1.8845831509946005, "8,14": -0.4190998089523781, "8,15": 0.5196040126827692, "8,9": 1.5729664781865633, "9,10": 0.02048447997792291, "9,11": 1.3084278183788363, "9,12": 0.3297055684156751, "9,13": 1.27083198284613, "9,14": -1.2199739291969767, "9,15": 1.8400766611658343}, "bias": {"0": -0.9172878010427854, "1": 0.07427577117417994, "10": -0.4232045773729134, "11": -0.28570087486539886, "12": -0.8894985040722185, "13": -0.5100915507812926, "14": 0.46415046423589024, "15": -0.575820265604774, "2": -0.0685076279002721, "3": -0.7478066759211788, "4": -0.8871234111405693, "5": 0.006332012122839403, "6": -0.8245374744849872, "7": 0.03880006135387548, "8": 0.9014164929575943, "9": 0.08413281218606339}}