{"Q": {"0,1": -1.6307101036814036, "0,2": -1.5801884599933471, "0,3": -0.06390800158749244, "0,4": -1.210768697698711, "0,5": 0.6358939045915077, "0,6": 0.19778686656977396, "0,7": -0.2764323433835467, "0,8": 0.4363183211039998, "0,9": -0.011988217489013131, "1,2": 1.9957364907900335, "1,3": -1.4859285269007398, "1,4": 1.181199892512594, "1,5": 1.9446201426150171, "1,6": 1.4760651429844938, "1,7": -1.873155951414427, "1,8": -1.2422940931388196, "1,9": -0.26688864310711, "2,3": 0.7272537512776598, "2,4": -0.5969596648514193, "2,5": 0.7686222839427352, "2,6": 1.2084139340060256, "2,7": 1.0198895934843888, "2,8": -1.8943026540212577, "2,9": 1.8747421455745745, "3,4": 1.4526273510729522, "3,5": -0.43614479970684794, "3,6": -1.464696992820115, "3,7": 0.3639355413985186, "3,8": 1.8550225528948716, "3,9": 1.2615931862332013, "4,5": 1.7419745788828491, "4,6": 0.04993382147238323, "4,7": 0.7956402970127563, "4,8": 0.8472361268939088, "4,9": -0.4048922972038578, "5,6": 0.012629069321729691, "5,7": -0.8287632526488404, "5,8": 0.9440364348681087, "5,9": -0.5213424372448845, "6,7": -0.9384485977584061, "6,8": -0.998369619217045, "6,9": 1.3416733635417524, "7,8": 1.5891187870295949, "7,9": -0.6503500582298387, "8,9": 1.8521629189249955}, "bias": {"0": 0.07365730862381792, "1": -0.8970052739387508, "2": 0.010040575562156429, "3": 0.7298716987923342, "4": -0.6925225759993765, "5": -0.9799119589166234, "6": -0.9925608571777267, "7": -0.32070216835753684, "8": -0.6544924887946875, "9": 0.2768752920664541}}