{"Q": {"0,1": -0.9135796688599251, "0,10": 1.1319002881730014, "0,11": -1.4826449167832116, "0,2": 1.2967523003289498, "0,3": 0.7023647324737374, "0,4": -0.4071156665646001, "0,5": 1.557079386233211, "0,6": 0.5997526542700684, "0,7": -0.8593743377925107, "0,8": -1.9515260068814104, "0,9": -0.5671296164517967, "1,10": 0.8909946738660062, "1,11": -1.760990055575785, "1,2": 1.8060623559102669, "1,3": 0.6480784711927483, "1,4": 0.2734376063425521, "1,5": 1.4460004201571097, "1,6": 0.04245372233949718, "1,7": -1.233259991995892, "1,8": -1.606027764008818, "1,9": -0.6631227822607975, "10,11": 1.8131873562365013, "2,10": -0.8097587724248081, "2,11": 1.5864892298204492, "2,3": 0.4942843876047731, "2,4": 1.3647151091665175, "2,5": 1.499728776468447, "2,6": -0.5186905677193132, "2,7": 1.283407394683635, "2,8": -0.677081138568127, "2,9": -0.8218130706876954, "3,10": 0.4415183398720095, "3,11": -0.5856145796700916, "3,4": -1.7949642173971219, "3,5": 0.7569707109604638, "3,6": 1.7281470939094077, "3,7": 1.9222292794730427, "3,8": 0.6418509425020327, "3,9": 1.5527875074187305, "4,10": 1.234369335041111, "4,11": 0.7910243250523283, "4,5": -0.22777561074985497, "4,6": 0.9667787549692664, "4,7": -0.7227312014908671, "4,8": 0.5959691625012584, "4,9": -0.8688537025887504, "5,10": -0.5672757277425191, "5,11": -1.0123443811889237, "5,6": -0.3877551230314151, "5,7": 0.10424050733282897, "5,8": 1.0607369585907112, "5,9": 0.3439823804489417, "6,10": 0.02386869827060023, "6,11": -1.9365690967353553, "6,7": -1.309571065498595, "6,8": 0.07894956926806884, "6,9": 0.20881295385662524, "7,10": -0.1552143078649748, "7,11": 0.08144190248413974, "7,8": 1.4081552538720228, "7,9": 0.8349216310283105, "8,10": -0.6045816351430187, "8,11": -0.2824916062714502, "8,9": 0.11270841950434063, "9,10": 1.6592323418572907, "9,11": 1.163620009925118}, "bias": {"0": 0.6855530288228102, "1": -0.7835877135809974, "10": -0.13109203085040844, "11": 0.4023924253911433, "2": 0.6394478774266756, "3": 0.30503337052910817, "4": -0.20339404043640386, "5": -0.5623940652136694, "6": 0.29323488745188464, "7": 0.365883737371953, "8": -0.6950418153731679, "9": -0.5945846382841837}}