{"Q": {"0,1": -0.9111381559731839, "0,10": 1.9201509642872652, "0,11": -0.6319571098668861, "0,12": 1.201579513170449, "0,13": 0.9548083668377121, "0,14": 0.4408860075748908, "0,2": 1.1802602012675134, "0,3": 0.05013016507465329, "0,4": -0.44763802959230814, "0,5": -1.4304093166657657, "0,6": 1.1212963441710175, "0,7": -0.19408639793200866, "0,8": 1.0420567519408501, "0,9": -0.3822403807740744, "1,10": -1.8546346411569914, "1,11": 1.2180946258505165, "1,12": -1.0123121032343456, "1,13": 0.6463122031451993, "1,14": 0.17641237798499532, "1,2": 1.5556049517112371, "1,3": -1.850697111364227, "1,4": -1.6893175530736335, "1,5": 1.4028691912502933, "1,6": -1.1257727023671333, "1,7": -0.18048057262836137, "1,8": -0.08545163373409537, "1,9": 0.08706483673760879, "10,11": 1.4155359090586024, "10,12": -1.137249587076552, "10,13": -1.2463259683626768, "10,14": 1.8089590339600714, "11,12": -1.1861065550155319, "11,13": 1.3477063847851865, "11,14": -0.9822888795934408, "12,13": 1.019357896213187, "12,14": 1.3778145601662746, "13,14": 1.4754369166984795, "2,10": 1.2579280339664791, "2,11": 0.5970851794559393, "2,12": -1.1600904487735368, "2,13": 0.9522163136783028, "2,14": -1.39032460976645, "2,3": 1.2765927503485104, "2,4": 0.4265941661542634, "2,5": 0.04017747805424765, "2,6": -1.353220257853648, "2,7": 0.6572855211818984, "2,8": 1.7207649600804071, "2,9": -0.42759072773253015, "3,10": 0.6471847270173061, "3,11": -0.3165830911448402, "3,12": 1.8844613819428813, "3,13": 0.4706715052022492, "3,14": -0.12995173469215882, "3,4": 0.9856465895413122, "3,5": -0.18990676834984566, "3,6": 0.6176448651191087, "3,7": -0.6843559974273044, "3,8": 1.262393860035877, "3,9": 0.7384610053771423, "4,10": 0.4311404509367667, "4,11": -0.50546178874884, "4,12": -1.4148307572693897, "4,13": 0.019779835747903096, "4,14": 0.8284555623338803, "4,5": -1.2280032483712464, "4,6": 1.233169414541154, "4,7": -1.6740253688346902, "4,8": -0.035693905814035976, "4,9": -1.7875263467720948, "5,10": 1.7826401186079428, "5,11": -0.5269447791434105, "5,12": 1.9010740346361406, "5,13": -0.7839344343565613, "5,14": -0.16804542008653067, "5,6": -0.6063825079574721, "5,7": 1.5828006691783512, "5,8": 1.9195451200695062, "5,9": -0.6605653057540897, "6,10": 0.07637157439522557, "6,11": -1.9777881865454487, "6,12": 0.5606891813517461, "6,13": 0.6482227190264873, "6,14": 1.5594732510708402, "6,7": -0.3711621977573829, "6,8": 0.010754659681192269, "6,9": -0.5984518869603246, "7,10": 1.2433490681387092, "7,11": 1.9715108591220791, "7,12": -0.34137080272291254, "7,13": -1.5185641820161395, "7,14": 1.0803935275876513, "7,8": -1.5846274687284319, "7,9": -0.17807470456714114, "8,10": -1.2813471831190135, "8,11": 0.10794436408086172, "8,12": 0.2750291747157685, "8,13": 0.7358383836541171, "8,14": 0.5087045652257518, "8,9": -1.4124552590340533, "9,10": 0.7444711600031151, "9,11": -0.5225274688851518, "9,12": -1.619121501073856, "9,13": -0.049500383485932, "9,14": -0.03528310776687915}, "bias": {"0": -0.8284925001207937, "1": 0.6878051869889621, "10": 0.9378158278541635, "11": 0.6652572731408373, "12": 0.19957783613341595, "13": -0.027402023741991854, "14": 0.8707406097219252, "2": -0.15130713138968876, "3": -0.8685108504315471, "4": 0.8411368126980345, "5": -0.9883930889973238, "6": -0.45143162790273417, "7": 0.7717263521647606, "8": -0.014652923477121105, "9": -0.6576075747344692}}