{"Q": {"0,1": 1.4696589916108502, "0,10": 1.4205682261003059, "0,2": -0.5337076481383964, "0,3": 0.006731212409079035, "0,4": 1.0340869825568055, "0,5": -1.849989275437999, "0,6": 1.73337658451443, "0,7": -0.8372060112936714, "0,8": -1.1774439867201925, "0,9": -0.3152556981423533, "1,10": 0.2529552018202028, "1,2": 1.566929018183583, "1,3": 0.32759408386756217, "1,4": -1.6716589669555648, "1,5": -0.7084580188204894, "1,6": -0.8183470386878029, "1,7": 0.9790801895125627, "1,8": -1.1252680695292332, "1,9": -0.48405113220536, "2,10": 0.7663267448030324, "2,3": 0.0024642456693473314, "2,4": 1.7055045888209697, "2,5": -0.9414473066873352, "2,6": -0.3951753232718507, "2,7": -1.16317950599435, "2,8": -1.4383375621448926, "2,9": 1.5578928882434973, "3,10": 1.7782376196159655, "3,4": 1.7355798184032771, "3,5": 1.8905943197057096, "3,6": -0.02730732238292033, "3,7": 0.6599337439930846, "3,8": 1.5378774822999723, "3,9": 1.981048362519937, "4,10": 0.2460264660084932, "4,5": -0.8047957472102172, "4,6": 1.7060337040163485, "4,7": 0.6368947502246902, "4,8": -1.4849118557716499, "4,9": -1.4042864932470036, "5,10": -1.6600401670257603, "5,6": 1.3345496425318313, "5,7": -0.5369623150489069, "5,8": -1.0790561354456303, "5,9": 1.4703998605785857, "6,10": 0.4277175985196173, "6,7": -0.4307939412349575, "6,8": -0.02179014235579846, "6,9": 1.0895767931800604, "7,10": 0.6462798423253289, "7,8": -1.253675671416636, "7,9": -1.8263986655918774, "8,10": -1.444911509145892, "8,9": -0.024450837483362964, "9,10": -1.7967085846460336}, "bias": {"0": -0.8656747792888015, "1": 0.8251158369228031, "10": 0.8917883190737956, "2": -0.7659766863027653, "3": -0.45853101453673006, "4": 0.7709388079552819, "5": -0.7304138178633017, "6": -0.727947653285957, "7": 0.4982968536745809, "8": -0.11018082831221454, "9": -0.5051942726388443}}