{"Q": {"0,1": 1.5997901535358436, "0,10": 0.9670339324474853, "0,11": -0.32446469595328375, "0,12": 0.020183095858178568, "0,13": 1.55957241492469, "0,14": -0.07336542186409778, "0,15": -0.4872435943683646, "0,2": -1.0449456035688391, "0,3": 1.0784852462762373, "0,4": 1.1122495144877185, "0,5": 1.305874368242626, "0,6": -1.540303133893627, "0,7": -1.7068991145320207, "0,8": -1.2923423437942456, "0,9": 0.7243136591046517, "1,10": 0.36132153191454375, "1,11": 0.05690829163955291, "1,12": 1.8501414681052046, "1,13": -1.1944905254440084, "1,14": -0.8155044439068622, "1,15": -0.7314356944062235, "1,2": -1.5373922845913763, "1,3": -1.7419037104254453, "1,4": -1.4777476064714494, "1,5": -0.16311754156969194, "1,6": 1.5598028857918993, "1,7": -1.2048386118429786, "1,8": -0.3232554883869474, "1,9": 0.4751758193406719, "10,11": -0.10414700784463049, "10,12": -0.11195162160120686, "10,13": -0.6740136805218953, "10,14": -0.4852448194039556, "10,15": 0.48913068904726664, "11,12": 0.4227316093393192, "11,13": 1.4583339443296737, "11,14": 0.41769511169856743, "11,15": -1.294500658213078, "12,13": -0.03345682888329726, "12,14": -0.958229416781752, "12,15": 1.8218414531708196, "13,14": 1.9830651113157498, "13,15": -0.9749624966276258, "14,15": 0.7089595041896115, "2,10": 1.8030338359326383, "2,11": -1.011764945837545, "2,12": 0.1410906241984491, "2,13": -0.6863173933209961, "2,14": 0.4472504580120531, "2,15": -1.4292667212379073, "2,3": -0.7830407350299695, "2,4": 0.501823418762978, "2,5": 1.572852874092646, "2,6": -0.26160820196435397, "2,7": 1.5514350874072735, "2,8": 0.35173452356717183, "2,9": 1.5976583013372418, "3,10": 0.7774224272898373, "3,11": 0.7087529333706701, "3,12": -1.382111604405147, "3,13": 0.5997088242236162, "3,14": -1.2113338744579587, "3,15": 1.7442758794169713, "3,4": -1.9434540406720746, "3,5": 1.4287506872957185, "3,6": -0.9491116903818804, "3,7": 0.9541583260610271, "3,8": -0.420838921598337, "3,9": 0.5806005607824876, "4,10": -0.05013157619860831, "4,11": 0.7926895085193277, "4,12": 0.4208705122303278, "4,13": -0.8855586458561469, "4,14": 0.9107056103707367, "4,15": -0.9213999356852605, "4,5": 0.3122826965329293, "4,6": -1.5019833999890269, "4,7": -1.9584792810666083, "4,8": -1.997337654037194, "4,9": 0.5884889974042737, "5,10": -0.06874485119190465, "5,11": 1.0415912088976937, "5,12": -0.575509816029856, "5,13": -1.2499915741399463, "5,14": 0.437896533631708, "5,15": -0.20520768992834748, "5,6": -0.17368458369871664, "5,7": -1.546647728035127, "5,8": 1.1397257676183377, "5,9": 1.024938358523797, "6,10": -0.7217054028111058, "6,11": -0.6591957937050998, "6,12": -1.5455439192759526, "6,13": 1.0268097242290768, "6,14": -0.5635532126389715, "6,15": -1.3931834602094653, "6,7": -0.6395317030203618, "6,8": 0.7262566991842028, "6,9": -1.712733608012682, "7,10": -0.04818073959980307, "7,11": -0.5263272108091606, "7,12": 0.9290225808365684, "7,13": -1.4934031239225312, "7,14": -0.6476932291153381, "7,15": 1.6034610367527367, "7,8": -1.890750105121631, "7,9": 1.95528305204232, "8,10": -1.4892800093752, "8,11": 1.4264546260921227, "8,12": -1.5163864623253533, "8,13": -1.6744948977829273, "8,14": 0.44623832761842186, "8,15": 0.13407892259677423, "8,9": -1.5776688487466162, "9,10": -1.9843499617301368, "9,11": 1.132150402782012, "9,12": -0.02092936399633505, "9,13": 1.2168188893647325, "9,14": -1.9477956410571333, "9,15": -0.236127471696852}, "bias": {"0": 0.268136489290854, "1": 0.08077292576981421, "10": 0.47286654127138705, "11": -0.5609461269923799, "12": -0.365559798405382, "13": 0.8500241830622148, "14": -0.7785505774072536, "15": -0.4528811855915389, "2": 0.7383120801296301, "3": 0.3840223531899134, "4": -0.09720489224544449, "5": 0.17346482137408636, "6": -0.24087211613073722, "7": -0.07563914776086156, "8": -0.17620857112869714, "9": 0.2463445616881923}}