{"Q": {"0,1": -1.636740977051537, "0,2": 0.9331002743169958, "0,3": -0.2642584311894929, "0,4": 1.9177025976752669, "0,5": -0.4753589256232882, "0,6": 0.9036495932211097, "0,7": -0.021446472133249905, "0,8": -0.6686752384738925, "0,9": 0.5545359083007781, "1,2": 1.4464636995369968, "1,3": 0.07027249445666817, "1,4": 0.44995460058562875, "1,5": -0.8502660261297059, "1,6": -1.6102468569147481, "1,7": 1.51052275660722, "1,8": -0.21592335295145393, "1,9": 0.446897122701682, "2,3": -1.908728089754709, "2,4": 1.9567521942409423, "2,5": 1.7923852751891092, "2,6": -0.09663972670686638, "2,7": 1.0637792864249263, "2,8": 1.3248111409298282, "2,9": 0.8783686275894875, "3,4": -1.0849945554685174, "3,5": -0.07346528496013338, "3,6": -0.39281123266010676, "3,7": 0.63937389490592, "3,8": 0.3359596950111796, "3,9": -1.5766758654083053, "4,5": -1.8025441502861352, "4,6": -1.229157154060637, "4,7": 1.5676531219650798, "4,8": -1.2658984314203128, "4,9": -1.9768317653048912, "5,6": -1.0559996163382337, "5,7": -0.8160481604937639, "5,8": -0.8527586279109043, "5,9": 1.3714623437878544, "6,7": -1.2285276481850462, "6,8": -0.0017224469890959604, "6,9": -0.19141035523844607, "7,8": 1.3887431486929418, "7,9": 0.7190356641407152, "8,9": -0.3000452876979396}, "bias": {"0": -0.759871304572364, "1": -0.3834206272567411, "2": 0.4563849070454835, "3": 0.48322005883096386, "4": 0.6104419740053733, "5": -0.7456887287092955, "6": 0.3745229899698572, "7": 0.24166041735644606, "8": -0.9633289701079364, "9": 0.5309937645313005}}