{"Q": {"0,1": -1.3249741596495421, "0,10": -0.37446886160768234, "0,2": 1.9813419102259733, "0,3": -0.6288031132645373, "0,4": 1.2742024483116694, "0,5": -0.21147271215453411, "0,6": -0.05335175183565699, "0,7": -0.05845568707814319, "0,8": -0.8331542643101129, "0,9": 0.40108707029557467, "1,10": -0.3170829155734496, "1,2": -0.6091644989740055, "1,3": -0.40214464994931864, "1,4": 1.3337080102464172, "1,5": -1.7151623428818739, "1,6": 1.0139546461541311, "1,7": -1.0228710681137367, "1,8": 0.9566042668284092, "1,9": 1.2533717625595098, "2,10": 1.9129077078558594, "2,3": -1.595955793005556, "2,4": -0.868988195371724, "2,5": 1.9165500806740723, "2,6": -1.4334661917664318, "2,7": 0.2308464377653685, "2,8": 0.8243705729972413, "2,9": 1.4842813889977697, "3,10": 0.31192330543381663, "3,4": 0.7580366629969961, "3,5": 1.064684768964014, "3,6": 1.1639443382687684, "3,7": -1.8553187724375015, "3,8": -1.0019128254406584, "3,9": -1.5212086058179697, "4,10": -0.11621750823400445, "4,5": -0.4467459190515961, "4,6": 0.6049916722842621, "4,7": 1.7420560701945336, "4,8": -0.15992319564559132, "4,9": 0.8245829435049439, "5,10": 0.3167260155668181, "5,6": -1.332919797020668, "5,7": 0.6964520086277415, "5,8": 0.7541656641076946, "5,9": 0.604967866441597, "6,10": 0.042348069605974814, "6,7": 1.7687960991492182, "6,8": 0.835949808698548, "6,9": 0.8756256831517963, "7,10": -1.3582917466845674, "7,8": -0.09652915092642012, "7,9": 0.42883540180490254, "8,10": -1.7778469886381503, "8,9": -1.8179633053104638, "9,10": -1.9848970003231354}, "bias": {"0": -0.16573726798445287, "1": -0.6568399462471863, "10": -0.48625160650179833, "2": 0.042611510462265745, "3": -0.23100759185549524, "4": -0.007318565417232525, "5": 0.7567824411528907, "6": -0.3834174079049322, "7": -0.4813983204804235, "8": 0.42604368278178484, "9": 0.37347883968699724}}