{"Q": {"0,1": 1.511054137827645, "0,2": 1.1601464504054024, "0,3": -0.6630646020916391, "0,4": 0.22378405475755292, "0,5": -0.7638702848222021, "0,6": -1.1225055110016933, "0,7": 1.9247902568204003, "0,8": -0.9195204756752053, "1,2": 1.2266419817113898, "1,3": -0.09305576467717946, "1,4": 1.4695025659949827, "1,5": 1.0173745195760002, "1,6": 0.06866270707933975, "1,7": 0.17123230746661244, "1,8": 1.1789489532987734, "2,3": 0.3113856991317703, "2,4": -1.915781897309393, "2,5": 0.8906676765758221, "2,6": 1.2336907420641672, "2,7": -1.842868601957393, "2,8": 0.9589385213219148, "3,4": -1.6730830235876581, "3,5": -0.6250556888687333, "3,6": -1.0189360228154611, "3,7": -0.6799246096781384, "3,8": -1.341952411863212, "4,5": -0.4662071069093141, "4,6": 0.45883908443188925, "4,7": 1.0449134947790175, "4,8": 1.172975775274618, "5,6": 1.5052863344100764, "5,7": 0.39393310749335386, "5,8": 0.4374349356029903, "6,7": -1.1997847414446672, "6,8": -1.9296201516725664, "7,8": -0.6567090429697351}, "bias": {"0": -0.9783839556848453, "1": 0.4782202721477611, "2": -0.1688795809281014, "3": 0.5936754807227909, "4": 0.14145140769954367, "5": 0.4961011460527467, "6": 0.08781539469683208, "7": 0.618796334403326, "8": -0.1794822659397246}}