{"Q": {"0,1": 1.088179531823871, "0,2": 1.2627672733454642, "0,3": -0.28888987545020317, "0,4": 0.3562735294414341, "0,5": 1.2525854789924886, "0,6": -0.15867018781411035, "0,7": -0.9573926404641839, "0,8": -1.098732739794416, "1,2": -0.3477032419310295, "1,3": -0.14986406189556778, "1,4": -1.6409712253161772, "1,5": -0.3298845447537131, "1,6": -0.6377423911207942, "1,7": 1.2965218345264407, "1,8": 1.5979774089921714, "2,3": -0.9982292327754188, "2,4": -0.5906451589440382, "2,5": -0.5633931228292632, "2,6": -0.8804409445827979, "2,7": 0.015175630835308151, "2,8": 1.1517857312144772, "3,4": 0.08466909217508167, "3,5": 0.9537008962961706, "3,6": -1.5647334675836317, "3,7": 0.0354755383009433, "3,8": 0.9868504719648374, "4,5": -0.006549443525538212, "4,6": 1.452619996658822, "4,7": -0.04010350868944945, "4,8": 1.6574033535781805, "5,6": 0.8091251570326694, "5,7": 0.9175184991549119, "5,8": 0.06379984438316821, "6,7": -1.873803354146371, "6,8": 0.24662187682681402, "7,8": -0.8469579807408887}, "bias": {"0": 0.5127690773208209, "1": -0.020493317727442006, "2": -0.4736818921238928, "3": 0.7141771116210991, "4": 0.4023305657550247, "5": 0.796833336485951, "6": 0.5276925549622906, "7": -0.052797455573485585, "8": -0.6056761410052747}}