{"Q": {"0,1": 0.6933711511000284, "0,10": -0.11561359384417269, "0,11": -0.6888506980581939, "0,2": 1.5848444110643367, "0,3": -1.4544123710722534, "0,4": 0.7345443612360052, "0,5": -1.9100395355465989, "0,6": 0.09800075455564583, "0,7": 0.2671362685334371, "0,8": -1.2815134349169353, "0,9": -0.38011262543741564, "1,10": 0.1723236667747683, "1,11": -1.5454893119685522, "1,2": 0.8736547772297971, "1,3": 1.1919817756538467, "1,4": -0.1269326172265255, "1,5": 1.52588115976405, "1,6": -0.47820747250917117, "1,7": -0.8771391845952068, "1,8": 1.805086079138603, "1,9": 0.5450356555022142, "10,11": -1.5862846880412267, "2,10": 1.2534284512775193, "2,11": 0.7247152919643951, "2,3": -1.9405566653666737, "2,4": -1.0715566019648044, "2,5": 1.8539885361159114, "2,6": -1.1735769905297793, "2,7": -0.9021235012987203, "2,8": 0.3196077212369417, "2,9": -0.3391683996782402, "3,10": -0.5747061511369878, "3,11": 0.24876188413642675, "3,4": -0.5850073978798824, "3,5": -1.6876733719747659, "3,6": 1.4669500900787806, "3,7": -0.42289878173322437, "3,8": 0.5036399326183432, "3,9": 0.7508449568527302, "4,10": 1.603186931198743, "4,11": 1.3829250103983624, "4,5": 1.6482012921432059, "4,6": 1.6809451043249104, "4,7": 1.5840320935060137, "4,8": -1.2918954838183727, "4,9": -1.5446913055878957, "5,10": -0.10124829205311858, "5,11": -1.09880486644805, "5,6": -0.34980971567909336, "5,7": 1.7074138163519703, "5,8": -0.5581806144391015, "5,9": 1.0105572829761753, "6,10": 1.004036554657342, "6,11": 0.1936831215553796, "6,7": 0.31127638048681394, "6,8": -0.37410658356377446, "6,9": -1.6103542259675434, "7,10": 0.43010783100769245, "7,11": 1.9157335246030143, "7,8": -1.0851596031862076, "7,9": 1.93573018841056, "8,10": 1.8243855704556977, "8,11": -0.006151228618747062, "8,9": 0.5299702640344766, "9,10": 0.7339471727622722, "9,11": 1.9808520638645106}, "bias": {"0": 0.21374232755927203, "1": -0.01723618372978697, "10": 0.5227965333793099, "11": 0.8719603546347874, "2": -0.4934864711438893, "3": 0.062460302047656624, "4": 0.5119098054002764, "5": -0.02879243701271328, "6": 0.26178026251155484, "7": -0.6648004589276666, "8": 0.8353104863875442, "9": 0.15778939829179817}}