{"Q": {"0,1": -1.7310362052222619, "0,10": -0.5048595234099031, "0,11": -0.5456761535247869, "0,12": 1.323641517651922, "0,13": -1.9676941828135477, "0,14": 0.13313574772082015, "0,15": -1.4862861945260977, "0,2": -1.9203514640860266, "0,3": 1.4733158192152986, "0,4": -1.720513337099006, "0,5": 0.9348717664108048, "0,6": 0.8388287493855691, "0,7": 1.5753018162220158, "0,8": -1.5641062840238926, "0,9": -1.0765409377617412, "1,10": 1.0587063823005773, "1,11": 1.5306962710003607, "1,12": -0.6261427651893388, "1,13": -0.884616676265614, "1,14": 0.8358121338465967, "1,15": 1.8624741144558028, "1,2": -1.8727112453946728, "1,3": -1.1609470590999744, "1,4": -1.1277748667697676, "1,5": -1.1131922740015927, "1,6": 1.8182066570471744, "1,7": 1.3970832239893936, "1,8": 0.1318374226172505, "1,9": 1.4218949938065197, "10,11": 0.06756166631485128, "10,12": -1.3058434771714538, "10,13": -1.6829019138552703, "10,14": 1.2708581172915698, "10,15": -1.036110194782295, "11,12": -1.5190298128267483, "11,13": -1.7290937865496687, "11,14": -1.0299878272896352, "11,15": -1.2313384595510746, "12,13": -0.12460189214951711, "12,14": 0.7277153964036898, "12,15": 1.0103955660326291, "13,14": 1.8391680332889515, "13,15": -1.8567319371509639, "14,15": 0.1606115905408929, "2,10": -1.2710982786458227, "2,11": -1.0445179689985329, "2,12": 0.23383672769865882, "2,13": -0.30142951187103684, "2,14": -0.5893536835065603, "2,15": -1.2039421279696545, "2,3": 1.9985615843693245, "2,4": -0.44049967573442883, "2,5": -1.4065536049348384, "2,6": 0.03051980934898335, "2,7": -1.125317697193172, "2,8": -0.507255367919683, "2,9": 1.816406936114931, "3,10": 1.520423343463602, "3,11": -1.8544370436426978, "3,12": 1.816457940824277, "3,13": 0.9578455427480894, "3,14": -1.9638255234462756, "3,15": 0.3365361273417826, "3,4": -0.56573538241802, "3,5": -0.978161544927513, "3,6": 1.3608105999037488, "3,7": 0.42781313456707615, "3,8": -1.1684434249062137, "3,9": -1.9378535581357204, "4,10": 0.9062530812865965, "4,11": 1.7169641820789385, "4,12": 1.4702134063856462, "4,13": -0.06597518741669317, "4,14": -1.5063851939183182, "4,15": -0.7239881120178904, "4,5": -0.1855768230163859, "4,6": -0.04350945146448515, "4,7": -1.906272117253923, "4,8": 0.31558866272165176, "4,9": -0.07083658430092576, "5,10": 1.2281760699048094, "5,11": -1.8514539848311848, "5,12": -1.3682542146465528, "5,13": -0.7676057715790301, "5,14": 0.1187080338220774, "5,15": 0.8016995611062359, "5,6": 1.3850199230957427, "5,7": 0.6189042662797024, "5,8": -0.2767553716504989, "5,9": 0.8846537130807595, "6,10": -1.402399265853254, "6,11": 0.07635661506875202, "6,12": 0.8366641065171843, "6,13": -0.9847856273392499, "6,14": 1.5452917023303585, "6,15": -0.5077416603747951, "6,7": 1.5029033322259893, "6,8": 0.08388678884336942, "6,9": 1.4414660518596865, "7,10": 0.09708736079085245, "7,11": 1.9206543016517283, "7,12": -1.0636831141188594, "7,13": -1.6656292515926299, "7,14": -1.592183946819886, "7,15": 1.4524627300766735, "7,8": -1.1111867481258613, "7,9": 1.6431784200315573, "8,10": -0.7550580136093301, "8,11": -0.008908020806012829, "8,12": -1.6924125862380257, "8,13": 1.7930036350153808, "8,14": 0.43913693864640413, "8,15": 1.8524471123993416, "8,9": -1.6758484699032965, "9,10": 0.17705706090735962, "9,11": -0.04700685504338775, "9,12": -0.39681064378627706, "9,13": -0.09872211351520077, "9,14": -1.6607370662689336, "9,15": -1.5208577744029474}, "bias": {"0": 0.6468945866160642, "1": 0.467696423622026, "10": -0.9115009646214769, "11": -0.3733620423035193, "12": -0.26731467176165213, "13": -0.42603163780926634, "14": -0.41682262054751207, "15": -0.8905757529081375, "2": 0.12428726760926234, "3": -0.2254863043338502, "4": 0.8701105359803136, "5": -0.8829104258926865, "6": -0.8009309253032113, "7": -0.14038874289566827, "8": -0.024913160953445646, "9": 0.9329883821340885}}