{"Q": {"0,1": -0.1387262324659293, "0,2": -1.4456729559937735, "0,3": 0.30432221917779456, "0,4": 1.5444788590822807, "0,5": 1.3781506812438882, "0,6": -0.3856686769078266, "0,7": -0.4575588727225841, "0,8": -1.963790031982255, "1,2": -0.6145448272923701, "1,3": 1.2162985181633421, "1,4": 1.5968101550211133, "1,5": 0.07947821705990998, "1,6": -1.634655396874269, "1,7": 0.3686672983607364, "1,8": 0.5654447932593101, "2,3": -0.020732617073618176, "2,4": 1.5527471960151948, "2,5": 0.9765444106366186, "2,6": 0.7175413281060985, "2,7": 1.5865370494032773, "2,8": 0.4854271090511748, "3,4": -1.3870870411771739, "3,5": -1.1672442666049583, "3,6": -1.965309355193574, "3,7": 1.2308625129076982, "3,8": 0.04056978256805621, "4,5": -0.23338513322109966, "4,6": 0.5550759599978101, "4,7": -0.7438126658028028, "4,8": 0.7590283802252209, "5,6": -0.6301221882390218, "5,7": -0.4090208551151311, "5,8": -1.2778533562420882, "6,7": 0.442430704081457, "6,8": 1.7973183434687563, "7,8": 1.0629750229431623}, "bias": {"0": -0.3021421370995081, "1": 0.5676644194234914, "2": 0.045279601014860615, "3": -0.034374659014607234, "4": 0.9910018003001266, "5": -0.07997055553694943, "6": 0.35844422567042233, "7": -0.7388068751060928, "8": 0.37192419995138337}}