{"Q": {"0,1": 1.263310235021935, "0,10": 0.33649898874370443, "0,11": 0.45157618536482946, "0,12": -0.9855542003688083, "0,13": 1.4471974945885422, "0,14": 1.0556937110830389, "0,15": 1.721560126391402, "0,16": -0.14035505495562184, "0,17": 1.567149523813299, "0,18": -0.3636302115446739, "0,2": -1.4704697043586523, "0,3": -0.25134516347252234, "0,4": -0.23376758269014442, "0,5": 0.48309340885333674, "0,6": -0.7942136278203216, "0,7": 1.3708056539674507, "0,8": -1.6892220349279947, "0,9": 1.8084154260459635, "1,10": -0.07470996782795947, "1,11": -1.3642820666227982, "1,12": 0.8330225480946338, "1,13": 1.3045461997607024, "1,14": 0.7216218668718923, "1,15": 1.4618373212509423, "1,16": 0.49591715690836224, "1,17": -0.21787028760726512, "1,18": -1.2106116905521396, "1,2": -0.19839338599357959, "1,3": -0.9967706888064356, "1,4": 1.633345371985274, "1,5": -1.7523188460229737, "1,6": 0.8040536454264484, "1,7": -1.6760820722238403, "1,8": 0.9885062924335148, "1,9": -1.0399452806305183, "10,11": 1.4368099750287504, "10,12": 1.282354342011427, "10,13": -1.6703013645935254, "10,14": -0.6331966468720944, "10,15": 0.1861691314242, "10,16": -0.23307089074007203, "10,17": -1.4373097236118766, "10,18": -1.2249238091221524, "11,12": -1.4763719751866216, "11,13": 1.3786444967827127, "11,14": -1.0620547436004664, "11,15": 1.4481160297130167, "11,16": -0.3282634443630146, "11,17": 1.8514523237777727, "11,18": -1.9959705398345204, "12,13": 0.41011299823138714, "12,14": 1.6566078335255061, "12,15": 0.36671439483900903, "12,16": -1.0175001332769313, "12,17": -0.830136484776935, "12,18": -1.058772970575348, "13,14": 1.9579807622108425, "13,15": 1.9183084209997512, "13,16": -1.0012676945196763, "13,17": 1.6033922320489995, "13,18": 1.305076700005674, "14,15": 0.9975690405874071, "14,16": 0.3904362043309617, "14,17": -0.2925494760088956, "14,18": -1.2071992884356093, "15,16": -1.0322235612842476, "15,17": -0.4322088836028293, "15,18": 1.9437124018249552, "16,17": -0.48151811892996355, "16,18": -1.4429569557166375, "17,18": 1.2771416135290443, "2,10": -0.155116413342121, "2,11": -0.009525377656594003, "2,12": -0.9092361283499755, "2,13": -0.6345698418008436, "2,14": -0.7249419640416392, "2,15": -0.8404629615117698, "2,16": 0.8056077343831136, "2,17": 1.7002858194168904, "2,18": 0.08011718571024495, "2,3": 0.05564630298394668, "2,4": -1.99592393694815, "2,5": 1.041032988940282, "2,6": 1.9715158212049442, "2,7": 0.3959211860338967, "2,8": 1.504703372833899, "2,9": 0.6441053292106251, "3,10": -1.5768429629763867, "3,11": -1.3836322016440934, "3,12": 1.4117408395886875, "3,13": 0.22467771402677705, "3,14": -1.4740792150243283, "3,15": 0.981097442932811, "3,16": 0.9833263544755035, "3,17": 0.15954904015275462, "3,18": 1.5524503177729851, "3,4": -0.4489683843981922, "3,5": 1.6915805825428878, "3,6": 0.5116598501557017, "3,7": 1.5890924210184911, "3,8": -0.8938447051009, "3,9": 0.6769514101786887, "4,10": 1.2217119638046765, "4,11": 0.756743774112747, "4,12": 0.36977119065437014, "4,13": 1.14067242242935, "4,14": 1.3162771609735264, "4,15": -1.378806069054603, "4,16": -0.04900948763893753, "4,17": -1.3769009834857555, "4,18": -1.155046014864221, "4,5": -0.9019080191346038, "4,6": 1.5198932636050522, "4,7": -0.6265494662121371, "4,8": 1.7869748995224328, "4,9": -1.0705465831786456, "5,10": 0.3325347395171083, "5,11": -0.23105243960294208, "5,12": 0.28024246251800067, "5,13": 1.3312442771478272, "5,14": -1.4131672480834312, "5,15": -0.9316394839654838, "5,16": 0.8517230387146264, "5,17": 1.1552540855805598, "5,18": -0.050797438550854945, "5,6": 1.1995230859905073, "5,7": -0.5758938018015445, "5,8": -0.6052454845949535, "5,9": 1.5496388102625756, "6,10": -0.9699458822083193, "6,11": -0.15762685328779735, "6,12": 0.6448377497631004, "6,13": 1.7960393468891973, "6,14": 0.11041261634636079, "6,15": -0.44745707779976085, "6,16": -1.0176309928302074, "6,17": 0.0426461334763899, "6,18": 0.24291964077634853, "6,7": -0.1591610386537763, "6,8": -1.3383340128509817, "6,9": 1.7489888158630662, "7,10": -0.17423043964845109, "7,11": -1.946964807769203, "7,12": 0.3986665774540503, "7,13": 0.8346138933336347, "7,14": -0.509651496165485, "7,15": -1.3910067606794634, "7,16": -0.1613860961736111, "7,17": 0.9344543062097013, "7,18": 0.46507933174382776, "7,8": -1.3262056483119182, "7,9": 1.7081694696431167, "8,10": 1.5166839033015607, "8,11": -0.21141293582353837, "8,12": -1.9738501461090383, "8,13": 1.9867834985274517, "8,14": 1.6027369097303739, "8,15": 1.0943310815154503, "8,16": -1.2400014994862434, "8,17": 0.24685699906010994, "8,18": -0.12516144193156675, "8,9": 1.9407042664116778, "9,10": 0.40886251918307126, "9,11": 0.1515545984471518, "9,12": 0.6613436240314514, "9,13": -1.3797508175731994, "9,14": -1.0986703665944284, "9,15": 0.4846165317081792, "9,16": 0.20756627777462633, "9,17": -0.7502382374260002, "9,18": 0.7243889435984743}, "bias": {"0": 0.5648025370620338, "1": -0.3351785249527619, "10": -0.7721388505258597, "11": 0.3929770141896778, "12": 0.11158199071483588, "13": 0.22905104727123393, "14": -0.4632524566717984, "15": -0.38682507450990955, "16": -0.2021769585847908, "17": -0.6693169920551585, "18": 0.017094183740496316, "2": 0.019918268382977944, "3": -0.7815011381206487, "4": 0.675302863418169, "5": -0.6901825635761316, "6": 0.11744328959539696, "7": 0.2569707080774386, "8": 0.0698928897450879, "9": 0.20059103311773474}}