{"Q": {"0,1": 1.1972829885345995, "0,10": -0.9812786557886395, "0,11": -0.3259162206277053, "0,12": 0.37759835583742873, "0,13": -0.5184343271429301, "0,14": -1.4526463013649265, "0,2": -1.4618421902437273, "0,3": -0.034380557344630525, "0,4": 1.5883848317425944, "0,5": -1.3450752673018491, "0,6": -1.8103378411950777, "0,7": -0.024064491043751968, "0,8": 0.09398222668202738, "0,9": -0.054337755096739215, "1,10": 0.8129011849173877, "1,11": 1.024691035442658, "1,12": -1.0609611837420396, "1,13": 1.949923300897999, "1,14": -0.9715359993347774, "1,2": -1.4409895363161285, "1,3": 1.1312831732030841, "1,4": -0.012789423874861594, "1,5": -0.6444418582659037, "1,6": 1.5373156851852876, "1,7": -0.17709467329168493, "1,8": -0.16530421231839698, "1,9": 0.4114710249713913, "10,11": -1.2659362663700926, "10,12": -1.6350173155708, "10,13": 0.8459064432459735, "10,14": 1.8461784350442976, "11,12": 0.6662803772405126, "11,13": -1.6030002131834755, "11,14": -1.316840441763432, "12,13": -1.4438175441004, "12,14": 0.0074899138565682755, "13,14": -0.44578353371542123, "2,10": 0.7948372390623799, "2,11": -0.7338448835857703, "2,12": -1.688969968588811, "2,13": 1.1714834528224984, "2,14": 0.0879680060608714, "2,3": 1.3888874519570176, "2,4": 1.6646051470165832, "2,5": 0.2572410428896137, "2,6": -0.8665602801914569, "2,7": 1.209907951507566, "2,8": 0.11729100335015241, "2,9": 0.6061171447536231, "3,10": 0.772450064714207, "3,11": 0.16135579206552197, "3,12": -1.3047978937031028, "3,13": 0.9411422901062014, "3,14": -1.9266020269952828, "3,4": -1.4256600964812494, "3,5": -0.19679257746848222, "3,6": -1.443073233790365, "3,7": -0.7738970375952454, "3,8": -1.308728563052477, "3,9": 0.31495040747715697, "4,10": -1.2827643079919815, "4,11": -0.32099210838953196, "4,12": -1.4408988126378306, "4,13": 1.4931751501945003, "4,14": 1.7806476985859754, "4,5": -1.1739552511757614, "4,6": 0.9511971635739922, "4,7": -1.143257322402437, "4,8": -0.024759537942691257, "4,9": 0.6790969431111149, "5,10": 1.999378593012732, "5,11": -0.19842279526531392, "5,12": -1.3362106895400507, "5,13": -1.2047043947307894, "5,14": 1.1229889971614027, "5,6": 0.2420650416427388, "5,7": -0.7898530380979021, "5,8": 0.19546536444275509, "5,9": 0.5106190923792879, "6,10": 0.33364914264451073, "6,11": 0.0807822679050405, "6,12": 0.2263260560038387, "6,13": 0.8556731269372109, "6,14": 0.029947854119503514, "6,7": 1.2890140500197944, "6,8": -1.5352445182081027, "6,9": -0.24715536474055222, "7,10": 0.8000017438198284, "7,11": 0.614179736250895, "7,12": 0.622680613698388, "7,13": 0.8088532151974732, "7,14": 0.37026868456587314, "7,8": 1.7008028104683608, "7,9": -1.9781522006597752, "8,10": 1.6867105891502936, "8,11": 1.6904534806675664, "8,12": 0.4668976790144215, "8,13": 1.3384784877725329, "8,14": 1.1719220223885642, "8,9": 1.779211508722954, "9,10": 0.35003129418408774, "9,11": -0.8490454297488741, "9,12": -0.801279344305176, "9,13": 0.018746310203655803, "9,14": -1.8545711244032534}, "bias": {"0": -0.8948689713083675, "1": 0.8701668105046105, "10": -0.6961911463933921, "11": -0.9160695374370216, "12": 0.11585378421836134, "13": -0.15348016099008555, "14": 0.1612965886012767, "2": 0.8051826829800162, "3": -0.3781333502346649, "4": 0.9927457939191013, "5": 0.2918395222964658, "6": 0.12566811890556928, "7": -0.2682038039821244, "8": 0.050344202396794824, "9": 0.8515059311838973}}