{"Q": {"0,1": -0.8682092651820152, "0,10": 0.5273120736226944, "0,11": 0.6830330877216437, "0,12": 0.7634377295366699, "0,13": 1.3038280127787787, "0,2": 0.3271578068953236, "0,3": -1.8162538585123653, "0,4": -1.7058494171389995, "0,5": -0.8424865419635128, "0,6": 1.644880665333551, "0,7": 0.6986853740811108, "0,8": 1.1617729231895697, "0,9": -0.7564782987979677, "1,10": -0.5626941702812438, "1,11": -1.729788613016749, "1,12": 1.4557359037076, "1,13": -1.1551411777713665, "1,2": 0.37919936276980515, "1,3": -0.7305138407286114, "1,4": 0.720155463443505, "1,5": -0.7654312142135362, "1,6": -1.003292980600841, "1,7": 1.2402815302986014, "1,8": -1.33554825092879, "1,9": -0.7667406592117771, "10,11": -1.6027455212001942, "10,12": -1.1888749986140827, "10,13": 0.031938930320520864, "11,12": 1.941292388268531, "11,13": -1.4294817391473993, "12,13": -1.5343528639387571, "2,10": -0.7173484574208588, "2,11": 1.4550468263374738, "2,12": -1.6777422417136902, "2,13": 0.44073613533854683, "2,3": -1.089670997260931, "2,4": -0.15883433432418403, "2,5": -0.21021792641953096, "2,6": 0.20539670255542886, "2,7": -0.05886137036464634, "2,8": 1.5588304068790326, "2,9": -1.606526252152166, "3,10": -1.0695198170236844, "3,11": 1.1339820503863423, "3,12": 0.8863820932453219, "3,13": -0.4169626997388427, "3,4": 1.5896633667026148, "3,5": -0.03436850318393292, "3,6": -1.7243883386426893, "3,7": 1.0004513312542191, "3,8": 1.7433515063527416, "3,9": 0.7005249613396436, "4,10": -0.2509728037566301, "4,11": 1.7430798127756377, "4,12": 0.6465840600405657, "4,13": 1.1327442000139736, "4,5": -0.9955893134725478, "4,6": 1.9082856796167218, "4,7": 1.2099959387957622, "4,8": 1.0083576885823535, "4,9": 1.741288114781442, "5,10": -1.2875036529686796, "5,11": -1.6557955122757004, "5,12": -1.5329778209140477, "5,13": 1.4229655922840023, "5,6": 1.7051827841071154, "5,7": -0.2862088757908303, "5,8": 0.848941432203536, "5,9": -1.6084128165475016, "6,10": 0.23045599471661316, "6,11": -0.9647207104817999, "6,12": 1.0377206428508612, "6,13": 0.06866064887245482, "6,7": -1.3844420403050512, "6,8": 0.8626162816827225, "6,9": 0.5071885259109639, "7,10": 0.5102775372744817, "7,11": 0.11804482556693419, "7,12": 0.6807287128526012, "7,13": 1.3502999238632492, "7,8": -1.6644089727005191, "7,9": -0.5839646374775294, "8,10": -1.8468007299180442, "8,11": 0.3143547128979809, "8,12": -0.7649093029765655, "8,13": -1.7376541396887824, "8,9": -1.8859201211368992, "9,10": 1.9932053185538483, "9,11": -0.5030047340520141, "9,12": -1.296361317812825, "9,13": -0.5749981058075138}, "bias": {"0": 0.016218709864816327, "1": -0.5166615995102961, "10": -0.9737362264094478, "11": -0.946448891719609, "12": -0.4892094966927856, "13": -0.6214421226452493, "2": -0.32012096262617984, "3": 0.9640361778850124, "4": 0.4711702357892993, "5": -0.4776696759878116, "6": 0.29470366490086053, "7": 0.792855123240459, "8": 0.31865781968894047, "9": -0.2606228080537967}}