{"Q": {"0,1": 0.8958027449055819, "0,2": -1.2128139288200375, "0,3": 1.9104823699400488, "0,4": -0.6864429026364323, "0,5": -0.6605508785914433, "0,6": -1.9400287165501129, "0,7": -1.685248109101233, "1,2": -1.0301527607804855, "1,3": -1.8796968039204445, "1,4": 1.0379054044830998, "1,5": -0.737536111058402, "1,6": -1.46322625679539, "1,7": -1.6941520110561479, "2,3": 1.6816673368983048, "2,4": -0.5012939220208366, "2,5": 0.8000628341155842, "2,6": -0.39145398919984986, "2,7": -1.5246529947060479, "3,4": -0.07385165693247009, "3,5": 0.7038860549792609, "3,6": 0.5566312193257406, "3,7": -0.8830035802079803, "4,5": -1.1135443509625724, "4,6": -1.937166053122001, "4,7": 0.06931541559113663, "5,6": 0.2076816701598596, "5,7": -1.38724499525964, "6,7": 1.7351344293311444}, "bias": {"0": -0.4054317859442922, "1": 0.55281899233497, "2": -0.38108615451878114, "3": 0.8842072232408247, "4": 0.39863375341502616, "5": 0.20101514911267993, "6": 0.5293105422543853, "7": 0.835639485983529}}