{"Q": {"0,1": 1.0376778104054454, "0,10": -1.9624754597502618, "0,11": 0.102184251626106, "0,2": -0.4559387145897169, "0,3": -0.16841853649984095, "0,4": 1.9217666999315361, "0,5": 1.3277060509405203, "0,6": -0.7688650187907489, "0,7": -0.5573626734636306, "0,8": 0.6831318180174293, "0,9": 1.577774722188602, "1,10": 1.230471194346697, "1,11": 0.6732333220318676, "1,2": 1.6990910113347137, "1,3": 1.4615454072889804, "1,4": 1.555134475561525, "1,5": -1.8199337051669944, "1,6": -1.955187918439527, "1,7": -0.3781682588092474, "1,8": -0.9501009303092345, "1,9": 0.9072628265608369, "10,11": 0.28192901378319535, "2,10": -0.46692191980590625, "2,11": -1.4177049139103084, "2,3": 1.540661693563412, "2,4": 1.5232622668232425, "2,5": 1.8825807519163442, "2,6": 0.973971096148504, "2,7": -0.00018102181684698238, "2,8": -1.6958307115468174, "2,9": 1.118180664631352, "3,10": -1.0069120826496998, "3,11": -0.9085515351406639, "3,4": 1.5592325519987442, "3,5": -0.0169103601057099, "3,6": 0.7405016635029331, "3,7": 0.9343122738009906, "3,8": -0.09516172984194693, "3,9": 1.9164569476910867, "4,10": 1.6702699200387214, "4,11": -0.716502325418511, "4,5": -1.7644871705938638, "4,6": 0.3260011675905372, "4,7": -0.05293737228594253, "4,8": 0.0009789008112419673, "4,9": -1.0338711980517363, "5,10": -1.2530004782259363, "5,11": 0.3655220919240816, "5,6": -0.630034707307829, "5,7": -1.4534644897032472, "5,8": 1.208539677154302, "5,9": -1.307302777106388, "6,10": 0.30773769482415725, "6,11": 1.9418002561484795, "6,7": -1.6646490825690305, "6,8": -0.07138393245227537, "6,9": 0.4095771661048566, "7,10": -0.46005685493313786, "7,11": -0.8706322972298932, "7,8": -1.6102013490240754, "7,9": 0.6579588715471152, "8,10": -1.1855720987074934, "8,11": 1.8219975186796105, "8,9": -0.6092909615240316, "9,10": 0.1501323626301896, "9,11": -0.6752448560214379}, "bias": {"0": 0.23488056316562256, "1": -0.941834802625722, "10": 0.051261097958406054, "11": -0.7325713335782706, "2": -0.4268027700301258, "3": -0.5150104899897128, "4": -0.7337116196791218, "5": -0.571477545160785, "6": 0.8180696018930194, "7": -0.4905105984690503, "8": 0.9262807823386006, "9": 0.7186934745036684}}