{"Q": {"0,1": 0.10320898489645369, "0,10": 1.8403684044153374, "0,11": -1.0131315700754802, "0,12": 1.0101082445550285, "0,2": -1.334222729678205, "0,3": -0.2868145160292075, "0,4": -1.918904102020199, "0,5": -0.5044603996953936, "0,6": 1.3281868141568904, "0,7": -0.08340762143761182, "0,8": -1.8055295552704727, "0,9": -0.16749323891099044, "1,10": 0.2508113676505275, "1,11": 1.1640891703491256, "1,12": -0.9270874168949699, "1,2": -0.892308049554615, "1,3": 0.5790881583959369, "1,4": 0.4896190271711163, "1,5": -1.5274585856094651, "1,6": 0.08508171652676788, "1,7": -1.6448786183815063, "1,8": 1.7959207122610188, "1,9": -1.797754212878007, "10,11": 0.1085300736463819, "10,12": 0.17054716865286546, "11,12": 0.8433280613345877, "2,10": -1.4582993651784175, "2,11": -1.4889707058223238, "2,12": -1.038189571023557, "2,3": -0.8160267436755699, "2,4": 0.45749429103618455, "2,5": 1.1238507983505235, "2,6": -1.29544020620793, "2,7": 1.8615919427041274, "2,8": -1.2885130742649378, "2,9": 0.6233886445949475, "3,10": -0.29446868205505305, "3,11": -0.08240850700863556, "3,12": -1.691484679252985, "3,4": 1.529582827372744, "3,5": -1.6407374977222329, "3,6": 0.8736543315656542, "3,7": 0.7717136543472898, "3,8": -1.8313442841140337, "3,9": -0.8139056791951615, "4,10": 1.0184103325712113, "4,11": 0.5778390150961847, "4,12": 1.5895565049891127, "4,5": -1.6298197203147744, "4,6": -0.1038079152535567, "4,7": -1.2183079987965013, "4,8": 0.4061989304882778, "4,9": -1.7669030218503239, "5,10": 1.963507588801396, "5,11": 0.10998009911449813, "5,12": 1.9351906744956602, "5,6": -1.8165082321359347, "5,7": -0.29064402315533533, "5,8": -1.5728711375830953, "5,9": 0.9253899490441864, "6,10": -1.7709309451096495, "6,11": -0.6683189234051952, "6,12": 1.8823550012948544, "6,7": 1.513666275567152, "6,8": -1.9311510699458667, "6,9": 0.8879803962948225, "7,10": 0.5227718541428295, "7,11": 1.082442086045774, "7,12": -0.24020027441196978, "7,8": -0.8402267744934466, "7,9": 0.4685055228212849, "8,10": 1.9307226693205912, "8,11": -1.0559154330853295, "8,12": 1.0529355529597182, "8,9": 0.16271055742731155, "9,10": 1.8582666479804213, "9,11": 0.7865163937659156, "9,12": -1.5760107678653412}, "bias": {"0": 0.04656202449397262, "1": -0.24612577744269148, "10": -0.7558300956872259, "11": -0.1217074754707872, "12": -0.0701372899451167, "2": -0.6557484285825457, "3": 0.7633730949618265, "4": -0.8456873682945689, "5": -0.6527575131687018, "6": -0.47671390137148184, "7": 0.16022800950627647, "8": -0.7416719680354167, "9": 0.46167909183545097}}