{"Q": {"0,1": -0.5857937612946209, "0,10": -0.009531954965374734, "0,11": 0.5538174007878287, "0,12": 1.4700791228378098, "0,13": -0.8272962613283883, "0,14": 1.7814035887569633, "0,15": 0.2145557038343271, "0,2": -0.8357651549028953, "0,3": -0.017352299544823424, "0,4": -1.486798699952467, "0,5": 0.35683662615657763, "0,6": 1.5800393475218724, "0,7": -1.8523595386605756, "0,8": 0.09563413675538879, "0,9": -0.30235145794808593, "1,10": -0.35041526450360383, "1,11": 1.3715886178111676, "1,12": -0.7570921481892903, "1,13": -1.2284665145605822, "1,14": 1.0244589242359523, "1,15": -1.3180229558754841, "1,2": -1.8582016336684322, "1,3": -1.3220452883902936, "1,4": -1.2432553080290631, "1,5": 1.1314618170563935, "1,6": -1.4211172772252176, "1,7": 1.9493294334193383, "1,8": -0.2731615756031327, "1,9": -0.9152949614340486, "10,11": 1.3808571862345294, "10,12": 0.36859730203480323, "10,13": -1.2835254337208348, "10,14": 0.20123130126180788, "10,15": 0.8645584313034811, "11,12": -1.3178007813949297, "11,13": -1.1883349107398282, "11,14": -0.6160489014508062, "11,15": -1.9504747478569002, "12,13": -0.5888130274792132, "12,14": -1.533134007789363, "12,15": -1.572595733254377, "13,14": 1.8972563515762029, "13,15": 0.133644069714403, "14,15": -1.961483359916251, "2,10": -0.320385097989325, "2,11": 1.3379923803531044, "2,12": 0.666882363846883, "2,13": 0.90110272335335, "2,14": 1.9304713138886762, "2,15": 1.417698950001514, "2,3": 0.25534813959682356, "2,4": 0.6482625851127675, "2,5": 0.43949140917814455, "2,6": -1.2556761727716101, "2,7": 1.7862083886767834, "2,8": -0.7634242961307662, "2,9": -1.912708644765809, "3,10": 0.3065336796813911, "3,11": -1.4678055662049, "3,12": -0.305290609236474, "3,13": 1.6677930449254523, "3,14": -0.18038421349950662, "3,15": 1.739337162849162, "3,4": -0.010661895308983205, "3,5": -0.84811094737241, "3,6": -1.988993194480857, "3,7": -0.13979034952558056, "3,8": 0.6783201599281918, "3,9": 1.1335082660428681, "4,10": -0.9395185328606246, "4,11": -0.5357097363662309, "4,12": -0.34874369333346733, "4,13": -1.8064592822019834, "4,14": 1.3009811628744457, "4,15": -0.9809943383238378, "4,5": -1.191130537898892, "4,6": -1.549164013099102, "4,7": -0.46009327328062044, "4,8": -1.6856188650388484, "4,9": 1.9465897837832093, "5,10": -1.6538359352825855, "5,11": -0.5418099776364413, "5,12": 1.9938388086394072, "5,13": 0.41175539696137964, "5,14": 1.6740852618194055, "5,15": 1.275494071311687, "5,6": -0.3147254064987268, "5,7": -1.6658777300947736, "5,8": -0.7319917124973458, "5,9": 1.815676091879511, "6,10": 0.04719836678358824, "6,11": -1.8279755950824135, "6,12": -1.6834958321869617, "6,13": 0.15533697586971673, "6,14": -0.6953648218376136, "6,15": -1.8611850610320664, "6,7": -1.6391283960375453, "6,8": 1.8446312602413846, "6,9": 1.9334363711848712, "7,10": 0.23122629327285926, "7,11": 0.19340211885006786, "7,12": 0.4899850948861091, "7,13": 0.7697192155150243, "7,14": -0.7130102141379222, "7,15": -0.7428488447020287, "7,8": -1.2765606926919637, "7,9": -0.8527065828814786, "8,10": 0.6141716361164504, "8,11": 0.2360286598871575, "8,12": 0.6307488474685043, "8,13": -0.7038948437660086, "8,14": 1.8690459685251093, "8,15": -0.7201734616984168, "8,9": 0.6888918016766854, "9,10": -0.6457007586457233, "9,11": 1.1526670390177212, "9,12": 0.34878894512652225, "9,13": 0.05137271487333406, "9,14": 1.1527193396014521, "9,15": 0.8752484369138536}, "bias": {"0": 0.2802013961369527, "1": -0.9055329437992643, "10": 0.7048627168608093, "11": 0.9584107292321487, "12": -0.5299006259558934, "13": -0.3400877231757915, "14": 0.0984104490740243, "15": -0.4722267655690717, "2": 0.15002096745412485, "3": 0.87224949217983, "4": -0.7531274616191805, "5": -0.13150261226339666, "6": -0.03761985068687279, "7": 0.04191237744982579, "8": -0.30922305504360303, "9": -0.6482711225100917}}