{"Q": {"0,1": 0.8547807158523488, "0,10": 1.7850543420869447, "0,11": 1.5034777050517953, "0,12": 1.5780324292060857, "0,13": 1.6146991259938908, "0,14": 0.651808869635305, "0,15": -0.6315207208306348, "0,16": -1.8657167318547785, "0,17": 0.1389128676421416, "0,18": 1.6208393892622768, "0,19": 0.17462844525431542, "0,2": -1.1859543040144347, "0,3": -0.9202905846424949, "0,4": -0.4760575992857725, "0,5": 1.750797605169733, "0,6": 1.0101095897765644, "0,7": -0.5999352505177402, "0,8": -1.3991913082727563, "0,9": 0.0698349589096412, "1,10": 0.559805608684206, "1,11": -1.8856340998063925, "1,12": 0.826702110592954, "1,13": 1.1279281869428663, "1,14": -1.1872762138698145, "1,15": 1.449244722790667, "1,16": -0.9100876783466587, "1,17": -1.2364791892451557, "1,18": -1.4575101054963158, "1,19": 1.2078824395021504, "1,2": -1.3988526840565614, "1,3": -1.967269170418514, "1,4": -0.34926272834506644, "1,5": -1.3941891576787708, "1,6": 1.4695347985801135, "1,7": 0.4918257011104563, "1,8": -1.5631315249712943, "1,9": 0.6618170791335762, "10,11": 1.652449890364803, "10,12": 0.10002751513826569, "10,13": -1.5128064364442428, "10,14": 0.9942918716995179, "10,15": 1.688893815983345, "10,16": -0.32787289862315516, "10,17": -1.9086038661403233, "10,18": -0.4410499899994491, "10,19": -1.1805749882808025, "11,12": -1.2699837663496543, "11,13": 0.856508277731495, "11,14": -0.1563795568696249, "11,15": 1.8024970956471478, "11,16": 0.9846940106062592, "11,17": -0.25830872610343913, "11,18": 0.9477623498115704, "11,19": -0.7843441741497665, "12,13": 0.04823707171455238, "12,14": 0.22929668514221246, "12,15": 1.182593089694882, "12,16": 1.6020494122503837, "12,17": -1.1967695911404275, "12,18": -1.58509962815365, "12,19": 1.750475379424798, "13,14": -1.5273244180050534, "13,15": -0.5996005493102432, "13,16": -0.12276770167482809, "13,17": -0.6922403576709679, "13,18": -1.1787731161901513, "13,19": 1.3806251733403223, "14,15": -1.8497181611745424, "14,16": 1.6460554792857685, "14,17": 0.8700582093970475, "14,18": -0.7152421388720023, "14,19": -0.3277762944718927, "15,16": 1.2150492075318722, "15,17": 0.8747558217763509, "15,18": 1.8503169202627912, "15,19": 0.4392256853094816, "16,17": -0.9216857983787445, "16,18": 0.3019022510917653, "16,19": -1.41477202514959, "17,18": 0.5586842923367108, "17,19": 0.47389947024626267, "18,19": -1.4648284693411782, "2,10": 0.7045103140215168, "2,11": 1.6543484499086896, "2,12": -1.2356070543332667, "2,13": -1.0694843468022697, "2,14": 1.6285312555520095, "2,15": -1.1290332423302916, "2,16": 0.5934398738734084, "2,17": -0.1729650732311856, "2,18": 1.494590858375179, "2,19": -1.725526569372688, "2,3": 0.0422225211444518, "2,4": -1.3859650114942137, "2,5": -1.831349410674893, "2,6": 0.8767521996732905, "2,7": 1.4828155237410048, "2,8": 1.8465387932040422, "2,9": 1.4726675122852937, "3,10": -0.523051344651627, "3,11": 1.788724042108322, "3,12": 1.5770715416650498, "3,13": -1.5938329211544873, "3,14": -1.8647478209775432, "3,15": -1.6135860719441033, "3,16": 1.8840265496326998, "3,17": 0.8532412558744711, "3,18": -0.9311372565245506, "3,19": -1.1374198308807113, "3,4": 0.9280417008085453, "3,5": 0.3098601393049427, "3,6": -1.5498805939070008, "3,7": -0.6662877569914278, "3,8": 0.15755830815690253, "3,9": 0.9238156134404796, "4,10": -1.0227600929351288, "4,11": -1.9908434619712292, "4,12": -0.6283441481115357, "4,13": 0.888365968684266, "4,14": 1.4591826448008378, "4,15": -0.6345331360462221, "4,16": 1.9079826022703963, "4,17": 0.6362549356011713, "4,18": 1.6510970110813346, "4,19": -1.9345520958075704, "4,5": 1.2022178119579565, "4,6": 0.17944901874962316, "4,7": -0.15310794925888072, "4,8": -0.5304163947632894, "4,9": -0.3152854941557939, "5,10": -0.376550918003955, "5,11": 0.07113786790596288, "5,12": -0.9336690918452573, "5,13": -1.7843876228921531, "5,14": -1.4948738992314188, "5,15": 0.9457857362135282, "5,16": -0.9895632578300249, "5,17": 1.1533342044189294, "5,18": 1.3005477610246987, "5,19": -0.9142801319711862, "5,6": 1.373377267107665, "5,7": -0.7086777399931421, "5,8": 0.9045572815939051, "5,9": -1.9327686556765462, "6,10": 0.1873307780649256, "6,11": -1.3433557462437808, "6,12": -0.9709864720964054, "6,13": 0.1873536218455243, "6,14": -0.7191249832965609, "6,15": 1.753470694983267, "6,16": 1.9286015193799733, "6,17": -1.8403864479176648, "6,18": 1.9213160193779575, "6,19": -1.193990507661431, "6,7": 1.35373123437581, "6,8": -0.6983209450108459, "6,9": -1.2812030025842853, "7,10": 0.7789291245536685, "7,11": -1.867453950867958, "7,12": 1.1658923843116469, "7,13": -0.742542088002712, "7,14": -1.2763530137617645, "7,15": -0.3892078290158767, "7,16": 0.9604536544068907, "7,17": -0.13961837273163535, "7,18": -1.2468672921472734, "7,19": 1.5045958057771673, "7,8": 0.528017078648535, "7,9": -0.9808697072218919, "8,10": -0.8295177582077455, "8,11": 1.6535478691568644, "8,12": -1.2123485974354824, "8,13": 0.21647732005378773, "8,14": 0.4146909525559934, "8,15": 0.7555091419219693, "8,16": -1.8518816000457217, "8,17": -1.8967437153384124, "8,18": -0.6715142678231314, "8,19": 1.0053660377818643, "8,9": 0.25669356296962453, "9,10": -0.903415158161978, "9,11": -0.4242326333405213, "9,12": -0.9928884669639588, "9,13": -1.9783702158918195, "9,14": -1.8596152935884565, "9,15": -1.130255678427952, "9,16": 0.825619166298416, "9,17": -0.892004558597697, "9,18": 1.758283216398329, "9,19": 0.945348878817454}, "bias": {"0": -0.8953902760845482, "1": -0.8070392619948239, "10": 0.6202921603701008, "11": 0.5058081719402363, "12": 0.7244921063821241, "13": 0.5461686639734751, "14": -0.7675862047223967, "15": -0.13036201355511645, "16": -0.9875191662400753, "17": 0.6734590224015771, "18": -0.8931328955616502, "19": 0.2735585846205193, "2": -0.5777218850047461, "3": -0.9885501812782591, "4": -0.4458534468328452, "5": 0.28441243077974976, "6": 0.6920862754085901, "7": -0.226391327697419, "8": 0.18893480677446672, "9": 0.8772070009567154}}