{"Q": {"0,1": -1.6501566706114468, "0,2": 1.0378755170164364, "0,3": -0.5991225347824196, "0,4": 0.6796465546661512, "0,5": -0.4170656352351152, "0,6": 0.7864834607234577, "0,7": 1.8202924796221023, "0,8": -1.6886985500784748, "0,9": -1.6126942862050684, "1,2": 0.5213557090974947, "1,3": -0.22413451821175956, "1,4": 0.3350318351522503, "1,5": -0.1639245936084368, "1,6": 0.9548453920112485, "1,7": -1.592786157488308, "1,8": 0.7087754033526239, "1,9": 0.964908795637692, "2,3": 1.2012454004554378, "2,4": -0.7611298684719068, "2,5": 0.31474819819647815, "2,6": -1.4379700273901515, "2,7": 1.5517613659596021, "2,8": -0.7403711657231224, "2,9": -0.1965270831531254, "3,4": -1.4193409083685395, "3,5": 0.17274903691236076, "3,6": -1.1084044625902214, "3,7": -0.532580946053749, "3,8": -0.6934977168373777, "3,9": 0.5033940768449279, "4,5": -0.36529020170939575, "4,6": 0.23528779641258035, "4,7": 0.7395618615999413, "4,8": 0.540258704629025, "4,9": -0.2173758489169053, "5,6": 0.6572672258640999, "5,7": -0.7337601730993639, "5,8": 1.953686826216801, "5,9": 1.8784979731007763, "6,7": 0.48107380111437914, "6,8": -1.0933998345616707, "6,9": -0.7449772377842714, "7,8": -0.6978827981457933, "7,9": -1.9789286540511655, "8,9": 1.3388774772247345}, "bias": {"0": 0.4757387974232714, "1": -0.8605437353186336, "2": 0.1319811808282234, "3": 0.13938863172817473, "4": -0.6136837463819664, "5": 0.27276634098119534, "6": 0.9422642999256738, "7": 0.08065755565577892, "8": 0.7025329861089813, "9": -0.1819167242861588}}