{"Q": {"0,1": 1.609493445199675, "0,10": -0.4585692156913521, "0,11": -1.1047253340320187, "0,12": -1.9700580015475606, "0,13": 1.2771250457725278, "0,14": -0.20367286396297546, "0,15": 0.9829835068947923, "0,16": -1.1818194699448976, "0,2": -1.0929032312607228, "0,3": -1.1076189805766226, "0,4": 1.5015839077879871, "0,5": 1.4397809901215148, "0,6": 1.2140668231189626, "0,7": 1.0646929068938982, "0,8": -0.3313482611435985, "0,9": -0.0953544659936032, "1,10": 1.8329236493374221, "1,11": 1.5654033135212155, "1,12": -1.6801303520406856, "1,13": 0.732489251760609, "1,14": -0.9900916590386664, "1,15": 1.190877759187643, "1,16": -0.2313245988811512, "1,2": 0.7927386712659916, "1,3": -1.994866357570948, "1,4": 0.2174929911378083, "1,5": -1.2823247157723792, "1,6": -1.0341785864988293, "1,7": 0.9543626955020317, "1,8": 0.9969782465343373, "1,9": -1.1409007910934923, "10,11": -0.7285711192222983, "10,12": 0.48663990421903325, "10,13": 0.8474093607785118, "10,14": 1.7292996167016703, "10,15": 0.4127528025445826, "10,16": 0.8448713678102959, "11,12": 1.0677488634689234, "11,13": -0.2976550690867539, "11,14": 1.0890742088605312, "11,15": 1.936032107167036, "11,16": -1.890271391380753, "12,13": -1.8767843966760225, "12,14": 0.8540863043365783, "12,15": 0.2462281254761125, "12,16": 0.09928435734189955, "13,14": 1.678938810186072, "13,15": -1.8329207839973214, "13,16": -0.2865291971997883, "14,15": 1.5699036502494312, "14,16": 0.8108614668196861, "15,16": -0.0685651433922021, "2,10": 0.29849697814719844, "2,11": 0.4273500652917237, "2,12": 0.17629701808083764, "2,13": 0.03342292050626616, "2,14": 0.2199533776110716, "2,15": 1.8693386150362254, "2,16": 0.7457706700072064, "2,3": 0.0961992547328725, "2,4": 1.6362899243882216, "2,5": -1.6756321272304286, "2,6": -0.2456282844492912, "2,7": -1.9101949696452967, "2,8": -1.3150296254246197, "2,9": 0.8899627565063515, "3,10": -1.4320498679763127, "3,11": -0.9265222925652963, "3,12": -0.4517740970556967, "3,13": 1.8914567263482582, "3,14": -1.2734376745107578, "3,15": -0.22409816704789298, "3,16": 1.0944946193430134, "3,4": 0.7049990548483556, "3,5": -0.7813360569282546, "3,6": 0.04179327763074969, "3,7": 0.5331225162435884, "3,8": 1.8427639420404573, "3,9": -0.10208751195562282, "4,10": -0.9294981015815269, "4,11": -1.7158033897935456, "4,12": -1.6448228755420007, "4,13": -1.2546586302962184, "4,14": -0.7993248715314327, "4,15": 0.477707177847817, "4,16": 1.4254546844325109, "4,5": 0.4949982911668238, "4,6": -0.3447153089688424, "4,7": -1.3569527222113438, "4,8": -1.8064735912981384, "4,9": 1.1593120678982691, "5,10": 0.605446114758311, "5,11": -1.6184666825651628, "5,12": 1.8284265255514738, "5,13": 0.6232066406934451, "5,14": -0.09566042940383612, "5,15": 1.4103780722643222, "5,16": 1.0051472620506554, "5,6": 0.25989450630641553, "5,7": 0.02797373716478546, "5,8": 0.39051374513239967, "5,9": 1.5306045730903683, "6,10": -1.1125005297354402, "6,11": -1.7684699768052203, "6,12": 1.1745521672624273, "6,13": -0.7431109026519898, "6,14": 0.14695221966116057, "6,15": -0.48020802960885156, "6,16": -0.27074321034984195, "6,7": -0.13499204745719418, "6,8": -1.9073965150524614, "6,9": 0.06666860474351521, "7,10": 1.3822537892684688, "7,11": -0.9905220943029378, "7,12": -1.0388162434687582, "7,13": -0.9373422086280363, "7,14": -0.4994282494629969, "7,15": 0.21952114628783992, "7,16": 0.927141584807615, "7,8": -1.6400791105460857, "7,9": 0.941981559233227, "8,10": -0.010302158187609933, "8,11": -0.5573727915756632, "8,12": -1.0443006159830208, "8,13": -0.08155948029139903, "8,14": 1.1870409954717864, "8,15": -0.3791525480994782, "8,16": -0.41218885424157303, "8,9": 1.9252792822331548, "9,10": 0.5344954478038852, "9,11": -1.4089449327385326, "9,12": -1.6596914711031792, "9,13": -0.7762455709243508, "9,14": -1.969174826841062, "9,15": -1.491851806504899, "9,16": -0.2578648945932396}, "bias": {"0": -0.5045600037883551, "1": 0.6278327721729593, "10": -0.6563268531187989, "11": -0.668778248688731, "12": 0.9564587554607591, "13": -0.8375343588255637, "14": -0.7787132558636545, "15": 0.31103632991992014, "16": 0.1743645358129895, "2": 0.2842601272004077, "3": -0.8037745902435305, "4": -0.8229358292524529, "5": 0.9353146774410763, "6": 0.3824217190821655, "7": 0.4120010868704189, "8": -0.07323670938263627, "9": -0.14029936601602344}}