{"Q": {"0,1": 1.5796327231916507, "0,10": -1.8076890179495755, "0,11": 1.5578911806859397, "0,2": -0.14999737103397948, "0,3": 0.12107777682645748, "0,4": -1.032330173655287, "0,5": 0.0614610708647243, "0,6": 1.7606604929922254, "0,7": 1.118573533209947, "0,8": 1.9922804472478832, "0,9": 1.0189109414116961, "1,10": -0.7972305849802535, "1,11": -1.3745998261217625, "1,2": 1.8341483360153346, "1,3": 0.21419086262615483, "1,4": -1.0022557368981544, "1,5": 0.27214296006081584, "1,6": -1.162512119156354, "1,7": -1.7393663678214644, "1,8": -0.7521767613425814, "1,9": 1.9440038652606408, "10,11": -0.44918447802217676, "2,10": 1.3373840313070136, "2,11": -1.2976263407670334, "2,3": -0.28797125558989123, "2,4": 1.646869648405778, "2,5": 1.1130228118664043, "2,6": -0.7057955801092333, "2,7": -0.1292037045011991, "2,8": 0.1874389579885083, "2,9": 1.7707033665471528, "3,10": -0.47410453178836454, "3,11": -1.5494267339162486, "3,4": 0.30124278797184756, "3,5": 1.103768909204648, "3,6": 1.9566674437306415, "3,7": 1.7339203441911422, "3,8": -1.023083363918885, "3,9": -0.051445974563272046, "4,10": 0.7906088426200144, "4,11": 0.5181292356334204, "4,5": 0.6024343923511029, "4,6": -0.6775758022495904, "4,7": 0.20322217201008774, "4,8": -0.17463171225791152, "4,9": -1.2969417420853881, "5,10": -1.250803348960769, "5,11": 0.8223477583137089, "5,6": 0.6330620050988491, "5,7": 0.7153362091693145, "5,8": 1.0579663999370204, "5,9": -0.4450466921046239, "6,10": -0.7115106979266597, "6,11": -1.0355960992841111, "6,7": -1.867984673290287, "6,8": -1.3190189285152667, "6,9": 0.9170727010574398, "7,10": 0.41352220655653094, "7,11": 0.37373157009946656, "7,8": -1.4649538010280496, "7,9": 0.33094664819693254, "8,10": 0.11975156444863355, "8,11": -0.12161540345849708, "8,9": -1.2048816981529304, "9,10": 1.4795009907972005, "9,11": -1.7079409242750847}, "bias": {"0": 0.933875161626891, "1": -0.7443235699672415, "10": 0.5596817523016002, "11": -0.20769493777885306, "2": 0.805309973791648, "3": -0.027082788399017677, "4": -0.9590558632288375, "5": 0.7430920150918814, "6": -0.744479756684794, "7": 0.8065328526113262, "8": 0.23929563443685753, "9": 0.37167460142990993}}