{"Q": {"0,1": 1.344741582278639, "0,10": 1.6865416331427059, "0,11": 0.013704686395817678, "0,12": 1.1509587916965351, "0,13": 1.3710120223841251, "0,14": 1.4001872407208733, "0,2": 0.3056892156561388, "0,3": 1.1956390495314588, "0,4": -1.8426393268034724, "0,5": 1.3082030332961265, "0,6": 1.8812359085594266, "0,7": 0.9687711811843576, "0,8": -1.1040712290918004, "0,9": 0.31670744665009165, "1,10": 0.4576852971798777, "1,11": 0.888208459397962, "1,12": 0.4706645752514125, "1,13": -1.636301917189226, "1,14": 0.9204811675873903, "1,2": -0.9223184729941418, "1,3": 1.7432933581285384, "1,4": -0.014121514147593217, "1,5": -1.9677065378199803, "1,6": 0.21411799490417938, "1,7": -0.7677428320498079, "1,8": -1.9922595569696084, "1,9": -0.3685772172383981, "10,11": 1.751080667401602, "10,12": -0.4908493495569233, "10,13": 1.0818963212450488, "10,14": 1.6918262374582738, "11,12": 1.9405867842456574, "11,13": -1.8647563275103378, "11,14": 0.9491876816419751, "12,13": -1.8713093537817191, "12,14": 0.5057475904590194, "13,14": -0.542449535441583, "2,10": 0.6189097164675066, "2,11": -1.689976588766736, "2,12": -0.5599642871964288, "2,13": -1.777664688778379, "2,14": 1.175578451829658, "2,3": -0.10182371661588485, "2,4": -1.5231892470387343, "2,5": -1.3296876306254077, "2,6": -1.9147093771315378, "2,7": 0.628783766930328, "2,8": -1.5006587637198994, "2,9": 0.31601583650525145, "3,10": 1.8321006986412933, "3,11": 0.7342814174827121, "3,12": 1.781632977124052, "3,13": 0.6869544700114374, "3,14": -0.0798226623459497, "3,4": -1.1807405796714008, "3,5": -1.5724726031942704, "3,6": 1.0064864751644982, "3,7": 0.1629996978725874, "3,8": 1.6083395645629688, "3,9": 1.8546115026170833, "4,10": 1.3174687609867681, "4,11": -0.13326676794608305, "4,12": 1.6045786043698378, "4,13": -1.3733231389959224, "4,14": 0.039085834297332145, "4,5": 0.9798032095962022, "4,6": -0.7920033235851536, "4,7": 1.4554253507517467, "4,8": 0.7909938444068279, "4,9": 0.19319322151419094, "5,10": -1.3434393886384433, "5,11": 0.47602675243542425, "5,12": 1.2780959606991482, "5,13": -1.3266087016990817, "5,14": 1.7762533354912091, "5,6": 0.6775435925437523, "5,7": -1.618541567144396, "5,8": -0.07755685957287861, "5,9": 0.5679816072853501, "6,10": 1.8413360198922586, "6,11": 1.8090780636729487, "6,12": -0.47168118470588016, "6,13": 0.6298836073762333, "6,14": -0.017651632261800554, "6,7": -0.21433299687073148, "6,8": 0.6413317652349964, "6,9": -1.0610234272867962, "7,10": -1.2882425028845805, "7,11": 1.5447349514761615, "7,12": 0.5661109562400424, "7,13": 1.0756045839774466, "7,14": 0.3963049061713373, "7,8": 0.14966336660269475, "7,9": 0.2800967022686178, "8,10": -0.5220197311660995, "8,11": 0.10358125616212366, "8,12": -0.36441863328156865, "8,13": -0.6728830256007567, "8,14": 1.625538742963311, "8,9": 1.7077971512373793, "9,10": 1.407474801629788, "9,11": 1.237044419347186, "9,12": 0.05420791747339582, "9,13": -1.0332617922821692, "9,14": 1.0552571855176}, "bias": {"0": 0.9388735383167919, "1": -0.5791403858402362, "10": 0.7560934747258936, "11": 0.6980220984761927, "12": -0.769169104785199, "13": -0.14311740249822025, "14": -0.6949727345693804, "2": -0.8831388508905873, "3": 0.24419275604502255, "4": -0.8015146987865949, "5": 0.28888077917712285, "6": -0.9017550736968543, "7": -0.4652703878173714, "8": 0.5608023440336627, "9": 0.29423492565998455}}