{"Q": {"0,1": -0.09938427447376341, "0,10": -1.6801269411058843, "0,11": -1.3174387109823638, "0,2": 0.047457729715696395, "0,3": 1.7369205616093137, "0,4": 0.11035521594052655, "0,5": 0.1475178288625849, "0,6": 0.7188968815868044, "0,7": 1.1247234424360686, "0,8": -0.00814112567186065, "0,9": -1.4106547995541883, "1,10": 0.11770888859637596, "1,11": -1.5728924419158372, "1,2": -0.5667120260391143, "1,3": 0.0928658040587651, "1,4": -1.7934491770212335, "1,5": -0.6425132830830989, "1,6": -0.8617058856849353, "1,7": 1.3174051455655529, "1,8": -0.12725575263559552, "1,9": 0.15621939080729597, "10,11": -0.47945022264010717, "2,10": 0.04514573102268171, "2,11": -1.505622017557156, "2,3": 1.5788128391778913, "2,4": 1.7529983458216947, "2,5": -0.3998750070645656, "2,6": 0.9567212663823801, "2,7": 0.7904818886032867, "2,8": -1.899909695120673, "2,9": -1.063544755651717, "3,10": -0.10658080569600648, "3,11": -0.3243109052521751, "3,4": -0.6699685746370752, "3,5": 1.3369546820198326, "3,6": -0.7463175765902674, "3,7": -1.3132747266579297, "3,8": -1.2692029130296323, "3,9": -0.2466491262478141, "4,10": 1.8866304073416669, "4,11": -0.2428719003489741, "4,5": -0.30839192743203325, "4,6": -1.3046349172557985, "4,7": -1.7433390666418451, "4,8": 0.33560108020493296, "4,9": -0.06316014383334867, "5,10": -1.4507211558824649, "5,11": -1.536090963458829, "5,6": -1.6520127509740865, "5,7": -1.338044999519437, "5,8": -1.1587307034631582, "5,9": 1.3855551527085637, "6,10": 1.178379825359546, "6,11": -0.12207180788436567, "6,7": -1.396153361719068, "6,8": -0.33555825990662713, "6,9": -0.08872188263610292, "7,10": 0.6880897462027122, "7,11": -0.6812078296623674, "7,8": -1.6283541506697228, "7,9": -0.44013913538829286, "8,10": 1.7780831884343038, "8,11": -0.08875811513322285, "8,9": 1.4786805626881652, "9,10": 0.7912603073577555, "9,11": 0.37452654392641005}, "bias": {"0": 0.018212388709458294, "1": 0.40808025848539464, "10": -0.5708829683717425, "11": 0.5100819633878739, "2": -0.5491722865183213, "3": -0.4725442098246744, "4": 0.29889579405239286, "5": 0.9509015229838755, "6": 0.6238249893932222, "7": -0.13464004580368982, "8": 0.5438912445214628, "9": -0.9549267371414396}}