{"Q": {"0,1": -0.8557277112115669, "0,10": -1.184554116060133, "0,11": 0.4707635659499023, "0,12": -1.8140581982519728, "0,13": 1.3484018568042622, "0,14": -1.6620021816976682, "0,15": 0.9449645609968296, "0,2": -1.9318633055469485, "0,3": -0.114107183141682, "0,4": 0.7046841290668575, "0,5": 1.177446847841174, "0,6": 1.2177084068629553, "0,7": -0.9646297632339271, "0,8": 0.4827915704013801, "0,9": -1.865998754556344, "1,10": -0.10867130351699172, "1,11": -1.1409662399608012, "1,12": -1.8269353858538615, "1,13": -1.1165525893365587, "1,14": -0.6625123715022947, "1,15": -1.1571748931206538, "1,2": -0.9436803145499004, "1,3": 1.65281179758516, "1,4": 1.1655726749213091, "1,5": 0.5951051379983845, "1,6": 0.4200793989504339, "1,7": -1.4311281284919657, "1,8": 1.3077583695870119, "1,9": 1.090080231263383, "10,11": 0.8897399109587933, "10,12": -0.3385630066790877, "10,13": 0.10075759796605599, "10,14": -1.8517141001713027, "10,15": 0.9243772395652274, "11,12": 1.1114747131951845, "11,13": -0.1903911826487139, "11,14": -1.6159204090320358, "11,15": -0.19088792964788004, "12,13": 1.0004108082679766, "12,14": 1.6837963993233194, "12,15": 0.9297605380778555, "13,14": -1.6545298531863568, "13,15": -1.7286346535671666, "14,15": 1.5517899152806547, "2,10": -0.0690340555060347, "2,11": -1.5566400396236384, "2,12": -1.2319827103471437, "2,13": 0.5593247938826815, "2,14": -0.9449276309054864, "2,15": -0.8184071269749214, "2,3": -0.16905193540641683, "2,4": -1.9248350271365529, "2,5": -1.1248907664297483, "2,6": -1.844863204023961, "2,7": 0.41524870002074854, "2,8": 0.7703297699839253, "2,9": 1.6682299894337138, "3,10": -0.26384978790096003, "3,11": -1.1272023220120255, "3,12": 1.8481556957052239, "3,13": 1.0293646570505914, "3,14": -1.553840186190238, "3,15": 0.9813116778114823, "3,4": -0.4896290293211254, "3,5": 0.578603246117356, "3,6": 1.155924252266149, "3,7": -1.493871392713765, "3,8": 0.42338053777847806, "3,9": -1.3439158233458408, "4,10": -0.7738670882683798, "4,11": -0.03178852910986851, "4,12": -1.1655723532078635, "4,13": -1.7356206008458521, "4,14": -0.5186289534048969, "4,15": 0.21374015959742776, "4,5": 0.6097538181616562, "4,6": -0.5048267782194187, "4,7": 0.9660838382450598, "4,8": -0.4646943611334118, "4,9": 0.6036623125316032, "5,10": -0.17520154789704812, "5,11": 0.014110793655683906, "5,12": 0.8782226642260849, "5,13": -0.5399931916392715, "5,14": 0.703306610069073, "5,15": -1.2250142256293812, "5,6": -0.9645896528469544, "5,7": -0.5215259268918948, "5,8": 1.221955750498486, "5,9": -0.6782193530336396, "6,10": 0.5399462675087112, "6,11": -0.6444736225391003, "6,12": -1.5846856863115328, "6,13": -0.6263836070347044, "6,14": -0.6348954311629629, "6,15": -1.1643904034269204, "6,7": 0.14297752404111286, "6,8": 1.648773379772428, "6,9": 1.4988901243161625, "7,10": -0.4510437939140357, "7,11": -1.6426576792906435, "7,12": 1.5404398168677513, "7,13": -1.5067197601460198, "7,14": 1.756013931201469, "7,15": 0.4899297780023164, "7,8": -0.567628876634124, "7,9": 0.9615036361840441, "8,10": 1.9319904236253533, "8,11": -0.8914241353529992, "8,12": 1.0766124509843755, "8,13": 0.3439111159882029, "8,14": -1.4595541723557708, "8,15": 1.001671905415383, "8,9": -0.8416335681562761, "9,10": -0.13023460984137136, "9,11": -0.8923585112613974, "9,12": 0.5995647119176555, "9,13": 0.6504894811338069, "9,14": -1.6850556678633253, "9,15": -0.7909451850896936}, "bias": {"0": 0.4815833317488385, "1": -0.6617543840383984, "10": -0.886828839852313, "11": -0.268712379281524, "12": -0.9860131917057524, "13": 0.7507891259783102, "14": -0.4640421549480347, "15": 0.7592755861203877, "2": 0.5805720368438634, "3": -0.19531431524606346, "4": -0.657071175981951, "5": -0.5380902719247147, "6": -0.35960508322887197, "7": -0.9944558719414358, "8": -0.9732945509858806, "9": 0.912219890041551}}