{"Q": {"0,1": 1.9827172692327442, "0,2": -0.760156216551422, "0,3": -0.3189282339750652, "0,4": -1.9666905040342084, "0,5": 0.2472139987872075, "0,6": 1.246616026680798, "0,7": -1.1854993456348142, "1,2": 1.2429478413764485, "1,3": 0.8381336634175169, "1,4": 0.0887588204319929, "1,5": 1.107331623635015, "1,6": 1.2582478796308778, "1,7": 1.6972065610181182, "2,3": -1.9985389206579667, "2,4": -0.821642275936111, "2,5": -1.251147235954421, "2,6": -1.0124868978508812, "2,7": 1.1846314344638857, "3,4": 1.524386131965851, "3,5": -0.9480921895753798, "3,6": -0.5914321262934141, "3,7": 1.8420775339539648, "4,5": 0.8750864318708298, "4,6": -1.1516676660564111, "4,7": 1.8199791515343877, "5,6": 0.03323638160790621, "5,7": -1.3897580660032514, "6,7": 1.9919623126763577}, "bias": {"0": -0.5340827085658257, "1": 0.4419831718939462, "2": -0.17563321628988016, "3": -0.43446911197345117, "4": 0.8781855500039049, "5": 0.07277244044452624, "6": 0.30938609673104467, "7": 0.877389780180921}}