{"Q": {"0,1": -1.3837519201887432, "0,10": -1.521300612929164, "0,11": 1.397763698104285, "0,12": -1.8217952709028942, "0,13": -1.0691359895914685, "0,14": 1.5544165423960328, "0,15": 0.6967595887850706, "0,16": 0.1438847578033018, "0,17": -0.6277183129192223, "0,18": -1.5798317745017076, "0,19": 0.616654762343813, "0,2": 1.0454214918339937, "0,3": -0.7562398114193765, "0,4": -1.281159760775838, "0,5": -1.5910100386501718, "0,6": -1.0631879390459376, "0,7": -1.4886570994615358, "0,8": -0.2194496844479521, "0,9": -0.9367034470381892, "1,10": -0.8638922739385384, "1,11": -1.319436425072543, "1,12": -0.08853161626926775, "1,13": 1.717715261059786, "1,14": 1.1862502386495999, "1,15": -1.639122868745865, "1,16": -0.7895443813421896, "1,17": -1.459782574274537, "1,18": -0.06205832808299849, "1,19": -1.5673318956021292, "1,2": 1.8076311612854936, "1,3": 0.6146014859584357, "1,4": -0.8768936951120407, "1,5": -1.8142127347078931, "1,6": -1.9971223208749054, "1,7": -1.3574672015631108, "1,8": 1.69606649864682, "1,9": 1.1203877849919843, "10,11": 1.5882549577253613, "10,12": -0.7622440319901442, "10,13": 0.43451364439458917, "10,14": 1.4691618764868153, "10,15": 1.1716854647347539, "10,16": 0.46726960952769847, "10,17": -0.36860607043659366, "10,18": 1.354796805912458, "10,19": -1.1581661852626848, "11,12": -1.1486884797754642, "11,13": 0.2944437272376259, "11,14": 0.972214693163028, "11,15": -1.6579927582147245, "11,16": 0.49383581053000825, "11,17": 1.2682033125231338, "11,18": 1.6023466214693909, "11,19": 1.2212015843141488, "12,13": 1.4685396953969398, "12,14": -1.3352671408654646, "12,15": -1.5706513813011194, "12,16": -0.03229842529909188, "12,17": 0.3873227059351252, "12,18": 1.9443276426381186, "12,19": -1.3128623628257294, "13,14": 0.7281546212396628, "13,15": -1.6840826191311442, "13,16": -0.386520213408998, "13,17": -0.39286696046671965, "13,18": 0.1178081968168807, "13,19": 1.520929650199959, "14,15": 0.8569375863528896, "14,16": 0.317775803512669, "14,17": -0.011519004525940346, "14,18": 0.7188530242580131, "14,19": 0.31180387142331734, "15,16": 0.6583016880207011, "15,17": 0.47896311055369356, "15,18": 0.5572148527865854, "15,19": 1.8178483466877728, "16,17": 0.6237774359584822, "16,18": 1.984960712664729, "16,19": -0.01974995895238507, "17,18": -0.006925087612626779, "17,19": 1.8145024299602852, "18,19": -0.7700362940314278, "2,10": 1.3341992386600037, "2,11": 1.4684253277278505, "2,12": -0.7108488666672463, "2,13": -0.16167932082467384, "2,14": -1.7782690970333515, "2,15": 0.42571948219777367, "2,16": 1.5429997302342584, "2,17": -0.3725586915561787, "2,18": -0.7904152658443229, "2,19": -1.0097900870429326, "2,3": -1.0442797458450834, "2,4": 0.6689938461261624, "2,5": 1.6834186469810626, "2,6": 0.150780283848996, "2,7": 0.08272330386707116, "2,8": -0.010571613537103897, "2,9": -0.8648376061662453, "3,10": 1.978969920751338, "3,11": -0.8916141339961823, "3,12": 1.8713574206893342, "3,13": 0.9288163683429302, "3,14": 0.6379235931018514, "3,15": -0.7111677752268042, "3,16": 0.04632115164063855, "3,17": -0.9711957873822712, "3,18": -0.8231975471590172, "3,19": 1.7712965083770733, "3,4": -1.538477533507923, "3,5": -1.0484484189170642, "3,6": -0.6685396289656778, "3,7": 0.43416258975471633, "3,8": -0.3491008382645924, "3,9": -1.219741805164825, "4,10": 1.0878282566716173, "4,11": 0.5915565600936588, "4,12": -0.8893880163769547, "4,13": -0.7729277212030183, "4,14": 1.6530949255518563, "4,15": 0.10818859608367015, "4,16": -1.4797522483776628, "4,17": 1.1699325908130858, "4,18": -1.2914724216106852, "4,19": -1.08685339115259, "4,5": 0.1934573195754501, "4,6": 1.2292400849209497, "4,7": -1.7215717531569807, "4,8": -1.0430459732936201, "4,9": 1.6972496692289814, "5,10": -0.8615077586133038, "5,11": -1.4275576617072598, "5,12": -1.7630678325284, "5,13": 0.44246267570457176, "5,14": 1.812115356449763, "5,15": 0.4542477917150487, "5,16": -1.9578548761195536, "5,17": -0.1044284649404994, "5,18": -1.4694919349254736, "5,19": 1.6098289730151931, "5,6": 0.15886065798161342, "5,7": -1.6496497806345065, "5,8": -1.1148264544186102, "5,9": -1.2767214456790126, "6,10": 0.4809241842324812, "6,11": -1.5227045588037234, "6,12": -0.12403072963287398, "6,13": -0.19885217429568192, "6,14": -1.9732727859298147, "6,15": 0.6511215140772468, "6,16": -1.968861915419995, "6,17": -1.0324641060885962, "6,18": 0.7827994305294288, "6,19": -1.6458238569572123, "6,7": -0.6746165243509576, "6,8": 1.0120022727630675, "6,9": -0.37326601523504577, "7,10": -0.5486174134551485, "7,11": -0.5007276086928449, "7,12": -1.397830525761358, "7,13": -1.753893474269399, "7,14": -1.5257616122874236, "7,15": -1.005099175122333, "7,16": -1.2109264788235188, "7,17": 0.4875722473527966, "7,18": 1.6672263447380553, "7,19": 1.6669233686782037, "7,8": 0.5803239178008464, "7,9": 0.38223435953041696, "8,10": -1.7532699534552032, "8,11": 0.5795074601384997, "8,12": -1.4902927734924991, "8,13": 0.32709160755568645, "8,14": 0.17164647512954012, "8,15": 1.4476716601269715, "8,16": 1.7742068510327105, "8,17": -1.0874036816861552, "8,18": -1.7462135151969926, "8,19": -1.5560195883628638, "8,9": 0.12802838132415406, "9,10": 0.06409896591413977, "9,11": 1.991740343855244, "9,12": -0.8176664231620365, "9,13": -0.2346426149694132, "9,14": -1.7039937187660907, "9,15": -0.9881274343656816, "9,16": 0.16777987268701988, "9,17": -1.8787837138003245, "9,18": 1.345770046953608, "9,19": 1.2910475171839817}, "bias": {"0": 0.2529466538992251, "1": -0.3383273012709429, "10": 0.9882515232304034, "11": -0.30340502282612736, "12": -0.6803873428831015, "13": 0.6770060792621975, "14": -0.6151774915516719, "15": -0.2502500352657886, "16": 0.9133684177632075, "17": 0.7871842672217775, "18": 0.5572103534090429, "19": 0.8679644585043662, "2": -0.40523430581482267, "3": -0.6540989058501674, "4": 0.3151261403895842, "5": -0.1662593393171583, "6": -0.6865634435465853, "7": 0.5395153954454084, "8": -0.48182927829571365, "9": -0.3576326354600834}}