{"Q": {"0,1": 0.7829128964718186, "0,10": -1.2564200428397672, "0,11": -1.976401335546694, "0,2": 1.1370978140078551, "0,3": -0.018973788444980766, "0,4": -1.04662282359216, "0,5": 1.8273016933231148, "0,6": 1.7112909264753058, "0,7": -1.6089724960893084, "0,8": 1.0272881819632742, "0,9": -0.45038759509442094, "1,10": 0.0021990439711307985, "1,11": -1.6469645595588172, "1,2": 0.11811204362084382, "1,3": 0.8467523696050367, "1,4": -1.3634900287179668, "1,5": -0.3166550150054066, "1,6": 1.7625319157271182, "1,7": 0.3948787835403529, "1,8": -0.9985704393728776, "1,9": -0.19693429585899036, "10,11": 0.7477171044891064, "2,10": -1.8214761396334254, "2,11": 1.6766105604484092, "2,3": -0.46127777868977127, "2,4": -1.7613054063053992, "2,5": 1.0095391373698352, "2,6": 1.7037044322166786, "2,7": 0.6750003638123285, "2,8": 1.178902636660602, "2,9": 0.2864925993046703, "3,10": -0.02400590060005303, "3,11": 0.6023355618725108, "3,4": -1.4509179939992536, "3,5": 0.20325944012596242, "3,6": 0.4822631633664112, "3,7": 0.8465843353744305, "3,8": 1.108755323106954, "3,9": 1.6957411628284054, "4,10": 0.6167221594055357, "4,11": -1.463485346423686, "4,5": 0.43006712962113847, "4,6": -0.46889302223047125, "4,7": 1.143635176539024, "4,8": 0.52435768609896, "4,9": 0.0017362936209783797, "5,10": -0.7709169561450202, "5,11": -0.2844498798078372, "5,6": 0.32840058973211894, "5,7": -0.44486943585559, "5,8": 0.07531921346112114, "5,9": -1.4360580063352746, "6,10": -0.2574106044384874, "6,11": 1.4475801167451787, "6,7": 0.9020879560693529, "6,8": -1.4110617365629068, "6,9": -1.0203604793954795, "7,10": -1.4482059593557244, "7,11": -0.07065596088095027, "7,8": 0.057062875870768526, "7,9": 1.8904714792892423, "8,10": 0.1289471812369074, "8,11": -0.7704560814866737, "8,9": -1.640411802919231, "9,10": -0.4054703768397836, "9,11": -0.016158562053298464}, "bias": {"0": 0.8710236398302824, "1": -0.07709817442538691, "10": 0.8683404599355624, "11": 0.519398509705451, "2": -0.5132993958394279, "3": -0.03808343189916852, "4": 0.18060657722760043, "5": -0.7952158713212911, "6": -0.8952289891469278, "7": -0.8481307581897928, "8": 0.1932614039654812, "9": -0.15554325962354532}}