{"Q": {"0,1": -1.9589199216205224, "0,10": 0.1595220410313405, "0,11": 1.825174988493926, "0,12": -1.117826727790518, "0,13": 0.1312747799007834, "0,14": -0.7749029496078523, "0,2": 0.6608879487218178, "0,3": 1.455599382867475, "0,4": 1.7829877693815828, "0,5": 1.5836185793635296, "0,6": -1.6241467130817817, "0,7": 0.8597498560597825, "0,8": 0.34766746695448836, "0,9": -0.8040411996941392, "1,10": 0.5407723366356998, "1,11": 1.3714791348800488, "1,12": 0.6401867229833709, "1,13": -0.7614829228570712, "1,14": -1.3876785341216, "1,2": -1.2581501043408863, "1,3": -0.666460351185119, "1,4": 0.7295058265001693, "1,5": -1.0605936980937414, "1,6": 1.4199063686550866, "1,7": 1.7124649004071917, "1,8": 0.8994085832669332, "1,9": 0.20649403742391303, "10,11": 1.3256890532315202, "10,12": 1.2526367657368738, "10,13": -0.1826467561095173, "10,14": 1.816512390936483, "11,12": -1.3616269060278556, "11,13": -0.31812665221275793, "11,14": 1.4129077661854783, "12,13": -1.5389295457762455, "12,14": 1.5770404305741086, "13,14": 0.5793602646890301, "2,10": -0.6764543826571643, "2,11": 0.4889864363941445, "2,12": -1.4612849206929481, "2,13": -0.6110752322907813, "2,14": -1.642511592494515, "2,3": 0.9970914159005897, "2,4": -0.6137854105628464, "2,5": 0.7355932250981394, "2,6": -1.3630839939417254, "2,7": 0.1297967681548844, "2,8": 0.5359279469369524, "2,9": 0.3923275016964731, "3,10": -0.6281134227578065, "3,11": 1.9424627518849062, "3,12": -0.7941093401762038, "3,13": 0.8304225588743295, "3,14": -1.1888068150264095, "3,4": -1.20303194101357, "3,5": -0.24269686568277615, "3,6": -0.8837050491835163, "3,7": -0.9403107386258478, "3,8": 1.40973764073894, "3,9": 0.9648500620851399, "4,10": 0.4534904853779098, "4,11": 1.5537131490331748, "4,12": 0.9901130504998354, "4,13": 0.9291074143102236, "4,14": -1.329394125698494, "4,5": 1.6910049455269003, "4,6": -0.2801341559509245, "4,7": -0.4530758629993068, "4,8": -1.5959638676172894, "4,9": -1.8274111170577294, "5,10": 0.41002216103432154, "5,11": -1.3640005781950237, "5,12": -1.0446361072305237, "5,13": 1.3482987370585433, "5,14": 1.5062068150951808, "5,6": -0.8503357896525188, "5,7": 1.692148281883774, "5,8": 1.3447218299951071, "5,9": -0.6884201825881604, "6,10": -0.2907084545663059, "6,11": -0.2952493998172816, "6,12": -0.872198557571934, "6,13": -1.6645980986647841, "6,14": 1.5838449576827784, "6,7": 1.3370529686074146, "6,8": 1.6790738540522958, "6,9": 1.6599896359355615, "7,10": -0.5088983393726361, "7,11": 1.8772117806057578, "7,12": -0.8204443005248883, "7,13": 0.04522089289948772, "7,14": 0.1964892779645533, "7,8": -1.84914690086817, "7,9": -1.6118844263679115, "8,10": -0.8649124315972694, "8,11": -0.8251298350174294, "8,12": -0.046837042641636906, "8,13": -0.036298554331595234, "8,14": -0.8427317003089785, "8,9": 0.7881327122584021, "9,10": -0.5985663567116295, "9,11": 1.8941947319371786, "9,12": 1.1681253016990696, "9,13": -0.623524972163922, "9,14": -0.40788402789115885}, "bias": {"0": 0.9396968104760368, "1": -0.12073431221934494, "10": -0.04600764735137486, "11": -0.08529148452022728, "12": 0.15975091509043016, "13": 0.7785369153557931, "14": 0.9194029830984332, "2": -0.8031000381224744, "3": 0.5339850980511656, "4": -0.7140527543414648, "5": 0.9760320370511386, "6": -0.6032094286745362, "7": -0.05999443933447801, "8": 0.40455877764094716, "9": 0.6440090589229148}}