{"Q": {"0,1": -0.3480594969165609, "0,10": 0.9131422669172005, "0,2": -1.6079653569800239, "0,3": -1.5020159436155183, "0,4": 1.1878822989251754, "0,5": 0.22976324742580267, "0,6": -0.4520049497309615, "0,7": 1.6988197443634032, "0,8": 1.713409153605082, "0,9": -1.3243491536668488, "1,10": 0.7536972527676649, "1,2": 0.7857387845045083, "1,3": -1.445916946727432, "1,4": 1.6392239823261527, "1,5": -0.8492689544358982, "1,6": 1.9871679453578488, "1,7": -0.9601902444016912, "1,8": -1.170040293464309, "1,9": 0.8998548470376182, "2,10": -0.33127678481012124, "2,3": -1.7892202513776927, "2,4": -0.2942629123654661, "2,5": 1.951742061630914, "2,6": 0.7111756531008186, "2,7": -0.9107488695175863, "2,8": 0.04143878064783513, "2,9": 1.019267357510997, "3,10": -1.460369590537514, "3,4": -0.07588264120636623, "3,5": -0.2624291598283848, "3,6": 0.8750459054417239, "3,7": 1.7918276178125865, "3,8": -1.4876468835966135, "3,9": -1.8301570596774188, "4,10": -0.5600874060483854, "4,5": 1.3765592223951826, "4,6": -1.5294629932676815, "4,7": 1.7498302234957945, "4,8": 0.873927396760831, "4,9": 0.2034823151612497, "5,10": 1.9394144570703573, "5,6": 1.8959007094879894, "5,7": -0.5848742421460074, "5,8": 0.2578065007253545, "5,9": 0.11313374899857731, "6,10": -1.676344813279445, "6,7": 0.3022488135495487, "6,8": -1.8825615579449515, "6,9": 0.7311094272988572, "7,10": 1.9097947957339194, "7,8": 1.2515709508754025, "7,9": 1.31442310633757, "8,10": -0.9544344977518362, "8,9": 0.9230031307507875, "9,10": -0.7116947324864058}, "bias": {"0": 0.962291899404212, "1": 0.2551711660872802, "10": -0.013649693647346473, "2": 0.40815600248920725, "3": -0.33606932811748846, "4": -0.12015357469591104, "5": -0.26437566120972567, "6": -0.23036617328693554, "7": 0.9073669072888404, "8": 0.3558183665643053, "9": 0.12744396245432332}}