{"Q": {"0,1": -1.1323612423008909, "0,10": 1.0741562734816887, "0,11": -1.1492814761469634, "0,12": 0.5418366307612383, "0,13": -0.810394577269105, "0,14": 1.3658271306546252, "0,15": 1.21672850975325, "0,16": -1.4556227751269537, "0,17": 1.1881606212127647, "0,18": 0.10390079331494828, "0,2": -1.7483014720638552, "0,3": 1.5869943376979467, "0,4": 1.6781182917314568, "0,5": 0.2162308595960032, "0,6": -1.1470979175422564, "0,7": -1.7392712895268758, "0,8": 0.062091622692859616, "0,9": -0.8030706694409773, "1,10": -0.3626320685099724, "1,11": -0.1996897849978505, "1,12": 0.12235105561914228, "1,13": 0.0585951947650023, "1,14": 0.6616762074517664, "1,15": 1.3439431760166198, "1,16": 0.5691360404608377, "1,17": 0.5331712397998594, "1,18": -1.3830261071482663, "1,2": 0.3691584186569652, "1,3": 0.6668020130652663, "1,4": -0.8053598052413524, "1,5": -0.9537514719162923, "1,6": -0.23519751333418037, "1,7": 0.9994267187431021, "1,8": 1.7976192002345264, "1,9": -1.669391853546284, "10,11": 0.9633695133441873, "10,12": 0.11216429468560163, "10,13": -0.08454483052796036, "10,14": -0.6236619778121133, "10,15": 1.5800814977670714, "10,16": 1.31803824937134, "10,17": -0.8862327796220373, "10,18": -1.6059880011737162, "11,12": -0.5256652239442934, "11,13": -0.02361799045365709, "11,14": 0.9805109356972133, "11,15": -1.0140675105527155, "11,16": -0.22892686157816788, "11,17": -1.5286751957077231, "11,18": -0.09021969476171465, "12,13": -1.237930717763009, "12,14": 0.6110055910599299, "12,15": -1.1400361202780727, "12,16": 1.7007056335827864, "12,17": -0.5858863770129625, "12,18": 0.6165558443635084, "13,14": 0.6795336863570767, "13,15": -0.16556239793234884, "13,16": -0.5547248755089393, "13,17": 0.8306812691994541, "13,18": -0.585592808743816, "14,15": -1.3805993708115385, "14,16": 1.785672348621056, "14,17": 0.4684719337762302, "14,18": -1.5763138631877656, "15,16": -0.9686432567629795, "15,17": -0.22649118877454066, "15,18": 0.32492501029520593, "16,17": -1.7846256829708786, "16,18": 1.5606069169356815, "17,18": 0.5719274956125862, "2,10": -1.3191428629808124, "2,11": -0.08823244044673562, "2,12": -0.17860390955904526, "2,13": -1.2096602935806469, "2,14": 1.263060223628016, "2,15": -1.142182481827322, "2,16": -1.4953347998007924, "2,17": -1.0673077495718548, "2,18": -1.0571382306790214, "2,3": -1.6685236939832775, "2,4": -0.7857018867223471, "2,5": 1.3414815598981016, "2,6": 0.18864264329778768, "2,7": 1.4065096215140622, "2,8": -0.39355700940692095, "2,9": 1.4831711559554654, "3,10": -1.9351462813326625, "3,11": -0.24970022521062196, "3,12": -0.004904688312205696, "3,13": 0.8481097929596815, "3,14": -0.2981455852324246, "3,15": -1.5684619620484233, "3,16": 1.309005808573282, "3,17": -0.3470552895671415, "3,18": -1.2397994051512602, "3,4": -1.0068675130462479, "3,5": -0.14045901765636293, "3,6": -1.7194475581969466, "3,7": 0.1748164756933268, "3,8": -0.8744629905682197, "3,9": 0.027450401226643883, "4,10": 0.6245500218944842, "4,11": -1.3394498707071816, "4,12": 1.4704082089464316, "4,13": -1.9047033167185878, "4,14": -0.16445779460316556, "4,15": 0.5905263754873995, "4,16": -1.8244291183783612, "4,17": -1.3505779563601616, "4,18": -0.7366370879294357, "4,5": -1.6792752024324673, "4,6": -0.7167664970063177, "4,7": -1.72392927747399, "4,8": 1.3308113606175045, "4,9": 1.8427595871275981, "5,10": 1.3621304254359354, "5,11": -0.6848746787174709, "5,12": 1.6504560042452172, "5,13": 1.6595814493253367, "5,14": -0.7364093584240274, "5,15": 1.8910989805092515, "5,16": 1.4084794270201635, "5,17": 1.2479798214963247, "5,18": 1.3631423281578212, "5,6": 0.9639387114051563, "5,7": 0.8327522078741221, "5,8": 1.164992333726965, "5,9": -1.180817186283854, "6,10": -1.6202679491209775, "6,11": 1.6191377467004835, "6,12": 1.7583242213507129, "6,13": -0.4451316529577758, "6,14": -1.188051154575568, "6,15": -0.05960778249811716, "6,16": 0.27001447592928374, "6,17": 1.241417932214008, "6,18": -1.3611019682498462, "6,7": -1.7256018173599879, "6,8": -1.824620635075949, "6,9": 1.0570241236089872, "7,10": 0.5155216033911265, "7,11": -1.5305166499087828, "7,12": 1.2473510796266, "7,13": 0.4229809735381487, "7,14": 0.18092374765343866, "7,15": 1.7018193616570754, "7,16": -0.26209871494906656, "7,17": -1.753734143293741, "7,18": -0.8798446400352851, "7,8": -0.3280004652222708, "7,9": -0.5081846181152243, "8,10": 1.8197938931366826, "8,11": 0.6612577790811249, "8,12": -0.8550805446865546, "8,13": -1.9834350319271934, "8,14": -0.8432755255133517, "8,15": -0.6919804789872162, "8,16": -1.3075539844063764, "8,17": 0.0450928348741364, "8,18": -1.1231790311800163, "8,9": -1.0698262642050693, "9,10": 0.14970028716742556, "9,11": -0.4483280237240086, "9,12": 1.69760035202378, "9,13": -0.914709074397853, "9,14": 1.2990730442574563, "9,15": 1.3992244918157137, "9,16": 1.0202837057266976, "9,17": 0.5572297172656469, "9,18": -0.36527177791932264}, "bias": {"0": -0.7427335656763883, "1": 0.7936209639483365, "10": -0.9688632667878578, "11": 0.39697490958376447, "12": -0.6049287166467563, "13": -0.7733493198066026, "14": 0.8712900365121554, "15": -0.25643378075384793, "16": 0.9399364647381221, "17": 0.921052587892951, "18": -0.6450990895275, "2": 0.09537848444617181, "3": 0.8661074477187842, "4": 0.1446856659950071, "5": 0.3303904225737688, "6": 0.70220848232396, "7": -0.14802869017635434, "8": 0.6613268421167053, "9": -0.7573813641500757}}