{"Q": {"0,1": -1.1011040035301853, "0,10": 1.0745070997403192, "0,11": -1.478445232895691, "0,12": -0.12806297343767703, "0,13": -0.5976535577558484, "0,14": 1.7450574785767374, "0,15": 0.8105074819387319, "0,16": -1.7520806153207507, "0,17": -0.35279776299458554, "0,2": 0.0337967006027986, "0,3": -0.35693909713027416, "0,4": -1.739149971994666, "0,5": 0.1357286911478499, "0,6": -1.1327698301150306, "0,7": 0.8917588935294973, "0,8": -1.204717912768535, "0,9": -1.5805399445368287, "1,10": -1.0044734557272021, "1,11": -0.9488703527252547, "1,12": 0.8659352692233111, "1,13": -1.1118700784226205, "1,14": 1.94216506317216, "1,15": -1.5423390630415192, "1,16": 1.6379731486651385, "1,17": -0.20430943997407613, "1,2": -0.41444794089206427, "1,3": -0.7164840768055907, "1,4": 1.6397860831051725, "1,5": -1.2111491994151984, "1,6": 1.6677783237311483, "1,7": 0.05312136563493164, "1,8": -1.9820301983814135, "1,9": 1.9625179377848858, "10,11": 1.1850819369092616, "10,12": 0.6675820704819393, "10,13": -0.4442775293161989, "10,14": -1.6233533787924626, "10,15": -0.19830219742165545, "10,16": -1.9205645833855143, "10,17": 1.9873952154079149, "11,12": -1.589502904907647, "11,13": 1.137305750843427, "11,14": 1.6457258482019514, "11,15": -0.15108312533464074, "11,16": 0.6912334948271885, "11,17": -0.7508222368665276, "12,13": 0.09369772292627276, "12,14": -1.4128910014775133, "12,15": -1.2955580455367168, "12,16": 0.17141415206512933, "12,17": 1.150603586649312, "13,14": -1.1897890212556725, "13,15": -1.647556506377776, "13,16": -0.36027859406495955, "13,17": 0.6141158280313026, "14,15": -0.08855945814385491, "14,16": 0.09590952614157366, "14,17": 1.47961870502151, "15,16": -0.8206443298190256, "15,17": 1.021472193601881, "16,17": 1.4757568593766939, "2,10": -0.7979783769298554, "2,11": 0.6586985508885665, "2,12": 0.678916561486623, "2,13": 0.8080033161629232, "2,14": 1.4505919252005204, "2,15": -1.7445266707407634, "2,16": 1.7780610715602498, "2,17": 0.9424380684320792, "2,3": 0.7168028012039338, "2,4": -1.0155665470795525, "2,5": -0.8749424751679, "2,6": 1.3875429650089934, "2,7": 1.569354649336176, "2,8": -0.4459056610532528, "2,9": -1.5368118773910848, "3,10": 0.1187959422676026, "3,11": 0.5796310030988989, "3,12": 0.4101160353082878, "3,13": -1.3901666340653347, "3,14": 0.07558308954257287, "3,15": 0.42343502379744, "3,16": 1.3644509704887242, "3,17": -1.7375937153032037, "3,4": -0.7565613578589687, "3,5": 1.5461327873226391, "3,6": 1.149066416623847, "3,7": 1.4678214350019636, "3,8": -0.37098236349532376, "3,9": 1.4160518724734494, "4,10": 1.724484719788021, "4,11": -0.2631545492013925, "4,12": -0.5940949846015955, "4,13": 0.16857534891904802, "4,14": 0.31195884003619945, "4,15": 1.7084696590931046, "4,16": 1.3330121637330814, "4,17": -1.211829916203643, "4,5": 1.782145248056977, "4,6": -0.3807657440201977, "4,7": -0.37496570011131025, "4,8": 0.8773611789831328, "4,9": -1.9430627812463692, "5,10": -0.4258105650321604, "5,11": -0.17638712676044754, "5,12": -1.1558628889347915, "5,13": -1.208357010560814, "5,14": -0.46563896762362855, "5,15": -1.8566808397585608, "5,16": -1.1509558470619612, "5,17": 1.0642588421213928, "5,6": 1.98509223392813, "5,7": -0.6369582215648419, "5,8": -1.1772714888898927, "5,9": -1.201686408546915, "6,10": -0.5826956204972733, "6,11": -1.0999708442255742, "6,12": -1.799587664813676, "6,13": 1.7694544669860242, "6,14": -0.727032644239813, "6,15": 0.7851309613880191, "6,16": 1.4716860594662977, "6,17": 0.9825927746558683, "6,7": 0.1633465292217231, "6,8": 1.7979894000332473, "6,9": 0.9029956449627417, "7,10": 0.8957593899316301, "7,11": -1.7000141616737463, "7,12": 1.6762986779331772, "7,13": 0.8536316182005206, "7,14": -0.9211116359928009, "7,15": -1.7321217592524794, "7,16": 0.8444344071460823, "7,17": 0.6563585190510963, "7,8": -0.17052517561998837, "7,9": 1.5990122461068523, "8,10": 1.4468960069606869, "8,11": 1.284693663988889, "8,12": 1.2225149530541186, "8,13": -0.2845263499931945, "8,14": -0.80268089912675, "8,15": 0.3902275369681085, "8,16": -0.8771885653829177, "8,17": 0.42993068803753154, "8,9": 1.3488272641384809, "9,10": 1.898049507496205, "9,11": -0.38872455856912413, "9,12": -1.0758852270144708, "9,13": 1.7036247040020802, "9,14": 1.444675628128596, "9,15": 1.636869846477678, "9,16": 0.8768230646858663, "9,17": -1.0788726706039}, "bias": {"0": -0.8151185152897644, "1": 0.38206229193563024, "10": 0.8160836401464893, "11": 0.2959073543526156, "12": -0.5530347300068341, "13": -0.1659185950942874, "14": 0.04198071295370487, "15": -0.8660623846953444, "16": -0.7240620449634911, "17": -0.04407047398337327, "2": 0.31685047805616495, "3": -0.7018515773089997, "4": 0.4399377253299752, "5": -0.1473009497868225, "6": 0.17377555780107956, "7": 0.7901908842174845, "8": -0.4447959193234865, "9": -0.9326492133692024}}