{"Q": {"0,1": 1.8337158429595064, "0,10": 1.3379564088409688, "0,11": 1.617001156683259, "0,2": 0.39802103713473436, "0,3": -0.6838772055963052, "0,4": 0.4543747487360985, "0,5": -1.7997824606350372, "0,6": -0.16774158823489982, "0,7": 1.6713768360744732, "0,8": -1.2268418199265434, "0,9": -0.32552578967520596, "1,10": 0.8619633225805385, "1,11": 0.652981209494981, "1,2": 1.5201738083565588, "1,3": 0.4089588852749917, "1,4": 0.4712466740101777, "1,5": 1.74830658723514, "1,6": 0.010848395671981148, "1,7": 0.8413906537907208, "1,8": 0.6521298260908925, "1,9": 1.823562233464144, "10,11": 1.546313485727893, "2,10": -0.744219944037031, "2,11": -1.16692890372894, "2,3": 0.28833019194413056, "2,4": 0.8483600450520399, "2,5": -1.585460929210329, "2,6": 0.021958203400758602, "2,7": -1.9466990704777647, "2,8": 0.7238313267243739, "2,9": 1.9914338131632272, "3,10": -1.3072215988763238, "3,11": -0.47674986341444026, "3,4": 1.5534967799350237, "3,5": 1.5336319664086853, "3,6": -1.6619483539381137, "3,7": 0.8837242948191761, "3,8": 1.0951451218451682, "3,9": -0.4415667459715702, "4,10": -1.4732992428313652, "4,11": -1.9844785659961337, "4,5": 0.596307401537727, "4,6": 0.1650554706085714, "4,7": -0.9427998971382814, "4,8": 0.3808196506965569, "4,9": 1.585832687085444, "5,10": -0.1672206574640267, "5,11": -1.150847782193824, "5,6": -0.4361353786864286, "5,7": 1.4619894335064916, "5,8": -1.2957508648184874, "5,9": -1.6274577022750405, "6,10": -1.3593025299999377, "6,11": -0.2972676911606844, "6,7": 0.6410833486752838, "6,8": -0.6290641909031547, "6,9": -0.3489770292692347, "7,10": -1.3019276238527362, "7,11": 1.2550676727406103, "7,8": -1.2053343279579067, "7,9": 0.7596905475282418, "8,10": -0.8293313439410728, "8,11": 1.589503615112152, "8,9": 1.3216296642781393, "9,10": 0.8238656880322388, "9,11": 0.990921838541468}, "bias": {"0": 0.6216385876263153, "1": -0.8613624767841841, "10": 0.8158626419400037, "11": 0.6759799977399674, "2": -0.26047185019722363, "3": -0.6123934472572197, "4": -0.34978038610718953, "5": 0.8468251810327097, "6": -0.9430495302768185, "7": 0.3407270650741836, "8": -0.8676648699636242, "9": -0.36105538847106566}}