{"Q": {"0,1": 1.1245287937655664, "0,2": 1.2708289362876664, "0,3": 1.9350464257547721, "0,4": 0.09312916330241006, "0,5": -1.9817474016710004, "0,6": 0.763277473681665, "0,7": -1.2774543708256583, "1,2": 1.1275339397890676, "1,3": 1.5979114169687865, "1,4": 1.645218306605181, "1,5": 0.25726873103377956, "1,6": -1.9658336781327863, "1,7": -0.22778000321403136, "2,3": -0.05997334137695898, "2,4": -1.3227873381970858, "2,5": -0.520670513103084, "2,6": 1.2295455304396739, "2,7": 0.15305636387876298, "3,4": 0.81829601865019, "3,5": -1.4132793996756576, "3,6": -1.5070775283592632, "3,7": -0.20152167093108186, "4,5": -1.6406123091323463, "4,6": 0.21464521935952208, "4,7": 0.47525806190135356, "5,6": 0.21832151928124732, "5,7": 1.876798586357216, "6,7": -1.062312045401952}, "bias": {"0": -0.6105681761468023, "1": 0.41373837707270944, "2": 0.7232195904962142, "3": -0.7042835898054094, "4": -0.542456038889559, "5": 0.4471461971004633, "6": -0.08364277074059157, "7": 0.4686667124042303}}