{"Q": {"0,1": 1.8669638920185117, "0,10": -1.6673995403482942, "0,11": 1.4553327812874817, "0,12": -0.2206438074452266, "0,13": -1.5484383547561391, "0,14": 1.8592926165347237, "0,2": -1.9646893556826046, "0,3": 0.5923534198007752, "0,4": -1.516103230560344, "0,5": -0.8784597469542113, "0,6": 1.848239950163301, "0,7": 1.680699226742775, "0,8": 0.3634080605336081, "0,9": -1.489074565764891, "1,10": -0.38896180167848327, "1,11": 1.8442419335300908, "1,12": 0.2545060266676411, "1,13": 0.09870661256516744, "1,14": -1.4061318850081759, "1,2": -1.1988795445546727, "1,3": -0.9943966914932325, "1,4": 0.5375419636661474, "1,5": -0.42457815411086663, "1,6": 1.9289887058908874, "1,7": -0.6912465580621379, "1,8": -1.8902394696089453, "1,9": -0.3561127429136852, "10,11": 0.0827816895923772, "10,12": 0.5654136386957829, "10,13": -0.6224518651285975, "10,14": -0.06589916182360023, "11,12": -0.9850896638749491, "11,13": -1.1628989005026518, "11,14": -1.3121658428418863, "12,13": 1.6922203714219783, "12,14": 0.7248282669110244, "13,14": -1.860792498092629, "2,10": -1.8978425434976107, "2,11": -1.9429623558041706, "2,12": -1.5820960435945324, "2,13": 0.4000863648579096, "2,14": 1.5637689389182396, "2,3": 0.6833756461882206, "2,4": -1.7823903885923515, "2,5": 1.7976491394296552, "2,6": -1.762985905039126, "2,7": -1.2944287764780826, "2,8": -0.5018029773125834, "2,9": 0.7786795632927292, "3,10": -0.4643739261473039, "3,11": 1.5408276047404095, "3,12": -1.9715403514495393, "3,13": -1.0182565520860347, "3,14": -1.0449968051769578, "3,4": -1.5109637002918976, "3,5": 1.0073511639320665, "3,6": -1.7769944053027222, "3,7": 1.8524330621788225, "3,8": 0.09125805450281277, "3,9": 1.2376438160726346, "4,10": 0.6616412354631778, "4,11": 1.8108340754402055, "4,12": 1.112581111460322, "4,13": -0.04651780047221887, "4,14": 1.3953711565677773, "4,5": 1.61969660411153, "4,6": -0.2728976443279518, "4,7": 1.16627524321849, "4,8": 0.2262738284105268, "4,9": -0.09553456100393376, "5,10": -0.7185536931360783, "5,11": -0.6972657249915741, "5,12": -0.24227319840630512, "5,13": 1.1536970408632952, "5,14": -1.3623955254185733, "5,6": -0.8507570587952822, "5,7": 1.0713056466104178, "5,8": -1.66218853866115, "5,9": 0.6695720881808018, "6,10": 0.06339565520482093, "6,11": -1.030778092810667, "6,12": 0.4712873831235793, "6,13": -0.672402408797371, "6,14": 1.3419451761164187, "6,7": -1.617867662310346, "6,8": 0.39864919235405916, "6,9": 0.09352585313627104, "7,10": 1.0811672311779357, "7,11": 0.02230897045767044, "7,12": -1.4888972756807934, "7,13": 0.5805911189658333, "7,14": 1.5921028298649174, "7,8": 0.7256215052721853, "7,9": 0.2326597081931574, "8,10": -0.9238137645407258, "8,11": -0.5606498537653213, "8,12": 0.18425694277082671, "8,13": -0.8004191113317987, "8,14": -1.2924887212022873, "8,9": 1.4160744140521353, "9,10": -0.802244312590608, "9,11": 0.6771201304926255, "9,12": -0.3387797506283996, "9,13": -1.7112379739280263, "9,14": 1.0248555527340821}, "bias": {"0": -0.22229638313272737, "1": 0.921331449638181, "10": 0.7925017618803909, "11": 0.5260236343538907, "12": 0.5407163601045504, "13": -0.7555735665580183, "14": 0.09756237748164365, "2": -0.5911713444918132, "3": 0.48488796895397956, "4": 0.5252846071269031, "5": -0.8898557711707435, "6": 0.8826360528596018, "7": -0.6934432673091615, "8": -0.602293363727652, "9": -0.02277317504926968}}