{"Q": {"0,1": -1.11394689506493, "0,10": -1.777646863623374, "0,11": -1.2071510853042686, "0,12": 0.6005343355071275, "0,13": 0.3308699060512992, "0,14": -0.17835761591150145, "0,2": -1.8295581181341003, "0,3": -1.0524806632496748, "0,4": -0.07058072824902961, "0,5": 1.8411157606686999, "0,6": -1.1688434628545274, "0,7": 0.8128167075174062, "0,8": -1.9614310781245683, "0,9": -0.22178214100804183, "1,10": -0.5659577981366186, "1,11": -1.0819123187452826, "1,12": 0.5827340694128447, "1,13": -1.4757827370693573, "1,14": 1.290141207739656, "1,2": 1.6405253360310468, "1,3": -1.1016889685414895, "1,4": -0.1543495179465304, "1,5": -1.593385788818753, "1,6": -1.7247704088810796, "1,7": 1.023849135289168, "1,8": 1.126482294874716, "1,9": -0.5423212231317396, "10,11": 0.5959168705026063, "10,12": -1.5882387866841428, "10,13": 1.1180973010545006, "10,14": 1.409809623848341, "11,12": 0.8986444976119539, "11,13": 1.9094665600324259, "11,14": -0.4313468376033933, "12,13": 0.5905264622078437, "12,14": 0.618169144394288, "13,14": -1.0100879025307483, "2,10": -1.9470976053997386, "2,11": -0.587544974086478, "2,12": 0.2803320082399279, "2,13": -0.5197612999328909, "2,14": 0.1377532562230832, "2,3": -0.36620364321030907, "2,4": -1.6885305436855171, "2,5": 0.192685189477396, "2,6": -1.014412866635217, "2,7": 0.8275287138231908, "2,8": 0.753112375756694, "2,9": 1.9752852182550842, "3,10": -0.773769497205286, "3,11": -1.84446299874354, "3,12": -0.4800835714944909, "3,13": -0.7648323665241339, "3,14": -0.9041659790299774, "3,4": 0.20776606131535091, "3,5": 1.6803271432022018, "3,6": -1.535011268979872, "3,7": -0.44734084980674105, "3,8": 1.25134752081367, "3,9": 0.8268140955433019, "4,10": 1.7904454319643475, "4,11": 0.1994543250577414, "4,12": -0.27121059503768574, "4,13": -0.12620375210360368, "4,14": 0.22850984223143644, "4,5": -1.9494862971982183, "4,6": 1.9064897932600142, "4,7": 0.2471808401995279, "4,8": 1.7795953355010568, "4,9": -1.9600214124456685, "5,10": 1.254188631207557, "5,11": -1.6826056810988814, "5,12": -1.7310106603677067, "5,13": 1.5060272864655917, "5,14": -1.1999042054771167, "5,6": 0.9357881257628944, "5,7": 0.5903677209751619, "5,8": 0.9875958608105169, "5,9": -1.663619984416321, "6,10": -0.720784410223068, "6,11": -0.42911216245615647, "6,12": 1.4802095946268778, "6,13": -0.1099661188456551, "6,14": -0.31931571243987866, "6,7": 0.42373267979054274, "6,8": 1.071899138640867, "6,9": 0.31588570659596416, "7,10": -1.2104294596451521, "7,11": 0.8163563237863345, "7,12": 0.7375301081305397, "7,13": 1.0459493450361887, "7,14": -1.6900849131956948, "7,8": -1.683381433433976, "7,9": -0.3171464601199361, "8,10": -0.8174877993819041, "8,11": 1.771305190274743, "8,12": 0.5735212087213761, "8,13": 1.4786110783893092, "8,14": -0.6095698441712156, "8,9": 1.1297107021317738, "9,10": 0.0904681505190128, "9,11": -1.8148553171754016, "9,12": 0.6847694416794958, "9,13": -1.3602862582492885, "9,14": 1.9901375179401048}, "bias": {"0": -0.8601461220769395, "1": -0.968635207139295, "10": -0.2554259014529683, "11": -0.9657263715320896, "12": 0.7594816815457841, "13": -0.5625084780661016, "14": 0.6768109924228956, "2": 0.22221266781256976, "3": -0.2906422054005484, "4": -0.39697033999588105, "5": 0.7823605720516618, "6": 0.175173717006196, "7": -0.15811789200167636, "8": -0.6324103700510504, "9": 0.9587441536012524}}