{"Q": {"0,1": 0.3459887939813884, "0,10": 1.3384778683088427, "0,11": -1.1374926998716428, "0,12": 1.985713565817822, "0,13": -1.7032525924988597, "0,14": -1.8329834546039812, "0,15": 1.9270240674308292, "0,16": 0.3251086299840642, "0,17": -0.8528096432860726, "0,2": 0.34986145857536366, "0,3": 0.18791089380564463, "0,4": -0.37793323427784653, "0,5": -0.8937023262789041, "0,6": 1.8584390665699493, "0,7": -0.04661710799088592, "0,8": -0.07422880838840262, "0,9": -0.7215062327165138, "1,10": 1.2683367953818654, "1,11": -0.5332346049936976, "1,12": -0.6005765055759129, "1,13": 1.5205579890641534, "1,14": 1.0942820908849464, "1,15": 1.2153121126387907, "1,16": -1.7151584565135214, "1,17": -1.1657959701067702, "1,2": 0.513873793803588, "1,3": 1.749499690887812, "1,4": 0.4916423198781814, "1,5": -0.4384468361837981, "1,6": -1.623937908175456, "1,7": -1.1858239545240448, "1,8": -1.4131198517447823, "1,9": 1.764997329087036, "10,11": -1.4085040354868412, "10,12": -0.47523497275697535, "10,13": 1.8531960286817863, "10,14": 0.8129328462629486, "10,15": -0.22075699412097194, "10,16": 0.07538148510305431, "10,17": -0.7906584968168029, "11,12": 0.1079044822945141, "11,13": -1.1287570148779524, "11,14": -1.2431848343844791, "11,15": -0.3118110095258544, "11,16": 1.3316626225107986, "11,17": -0.0003253047891518257, "12,13": -1.6336895211237668, "12,14": -0.7458086772145038, "12,15": 1.1012557728419, "12,16": -1.6582605846765412, "12,17": -0.31181603889407583, "13,14": 0.3535430460845137, "13,15": -0.06645317010456342, "13,16": -1.0493969939816274, "13,17": -1.5404329849234042, "14,15": -0.69210032689799, "14,16": -0.5047070985915765, "14,17": -1.5248652877057784, "15,16": 1.801499256983174, "15,17": 1.2815400456532826, "16,17": 0.979960386096197, "2,10": -1.3028472300679552, "2,11": 0.27909929555648416, "2,12": -1.885785505422465, "2,13": -1.3026044566581203, "2,14": 0.2550226036932308, "2,15": 0.6543832708273154, "2,16": -0.36703234791357264, "2,17": 1.0344478801893704, "2,3": -0.9369771249079286, "2,4": 0.04660942078154484, "2,5": 0.6318871843450156, "2,6": -1.1989674693029917, "2,7": -1.3458425743187892, "2,8": -1.041030906495859, "2,9": 1.1586045893269485, "3,10": 0.2780980072287549, "3,11": 1.4578599203818423, "3,12": 0.5524724075720822, "3,13": 0.8717977062938274, "3,14": -1.1357988416501064, "3,15": 0.6422902219269626, "3,16": -0.5774145617954263, "3,17": 1.7056708538616872, "3,4": -1.8968753799962204, "3,5": -1.2672981782539656, "3,6": 0.0253981404817325, "3,7": -0.17202426789767866, "3,8": 0.4941155013369114, "3,9": -1.2923348671484476, "4,10": 1.7884671015495073, "4,11": -1.5154501050753324, "4,12": -0.29384401708247143, "4,13": -0.38819187421858903, "4,14": 0.23329976153799636, "4,15": 0.558425169856211, "4,16": -1.0571302750678337, "4,17": 0.7755714204563806, "4,5": -0.9858806515709335, "4,6": -1.6199718005571428, "4,7": -0.6791023197762383, "4,8": -0.6508167782110976, "4,9": 1.9390011272470722, "5,10": 1.243630102686922, "5,11": 0.4347239492847885, "5,12": -0.6180690211998288, "5,13": 1.2142776157384585, "5,14": -1.63804582378039, "5,15": -1.334624593423852, "5,16": -0.34934073102060204, "5,17": -0.9245055416694243, "5,6": -0.4480688271570097, "5,7": -0.897599291070255, "5,8": 1.260119951723743, "5,9": 0.5690683798097234, "6,10": -1.5367428123836362, "6,11": -0.9849795103413195, "6,12": -1.9995044017322452, "6,13": 0.0338394611254107, "6,14": 0.7598602325427826, "6,15": -0.7508076886666637, "6,16": -1.5413273356123733, "6,17": 0.9359756126175567, "6,7": 1.5412340323021394, "6,8": 0.2043253980469646, "6,9": 1.2636066256033311, "7,10": -1.2462443624293083, "7,11": -1.4613284037693233, "7,12": -1.6742963808626068, "7,13": -1.2617123899668883, "7,14": 0.8369360617453614, "7,15": -1.6205834382306228, "7,16": -1.8463871710031712, "7,17": 1.6037501818899296, "7,8": -1.0125230274647055, "7,9": -0.9959537600944239, "8,10": -1.1301418960053082, "8,11": -1.3537100630426875, "8,12": 0.24820434592297858, "8,13": -0.13742608326825767, "8,14": -0.9970000223522715, "8,15": -1.4168084605610485, "8,16": 0.5991028223187831, "8,17": 0.2635853987270127, "8,9": 0.8046488838187353, "9,10": -0.7589014974801014, "9,11": 0.479400605382561, "9,12": 0.6766874711601649, "9,13": -1.0892707514453441, "9,14": -1.2455893394004085, "9,15": 1.7712124800355236, "9,16": 0.20598558664038658, "9,17": 0.7589569880801985}, "bias": {"0": -0.9511779443170361, "1": 0.14059358341921802, "10": -0.05424040560950871, "11": 0.12883229375462935, "12": 0.07283911085929562, "13": -0.792861795809624, "14": -0.08546067361127507, "15": -0.7528776349540736, "16": -0.9983162754174983, "17": -0.520929380825299, "2": 0.6421297095711036, "3": 0.29699977262719535, "4": 0.5556151043007567, "5": 0.08396576883892948, "6": 0.17993262175705116, "7": 0.20096662650092623, "8": 0.15574642442846054, "9": -0.17705687692072947}}