{"Q": {"0,1": -1.2393056696198124, "0,10": 1.9495933798240248, "0,11": -0.2616832913388478, "0,12": -0.1373116135153336, "0,13": -1.5802478850203605, "0,14": 1.826050327384876, "0,15": -0.23394980694056988, "0,16": -1.799774091134986, "0,17": -0.9663054380935949, "0,18": 1.6050073342951374, "0,19": -0.019445256898957375, "0,2": -1.4675329942897357, "0,3": 0.6057588864160892, "0,4": -1.571763047320072, "0,5": -0.6143467532832174, "0,6": 1.5156599117168135, "0,7": 1.300505271052554, "0,8": 1.4128220436740158, "0,9": 1.9221087016530989, "1,10": 0.1785294635330552, "1,11": -0.7118773022521769, "1,12": -0.12488407926935796, "1,13": -0.7822876493027531, "1,14": -1.1903547553604348, "1,15": -1.8352711427318766, "1,16": 1.2557341501062873, "1,17": -1.9360145422901764, "1,18": 0.8196516726016503, "1,19": 0.32799418430426286, "1,2": 1.3592741763701617, "1,3": 0.8151266914658297, "1,4": 0.6444357028402647, "1,5": -1.3062283257464267, "1,6": -0.5339499151072022, "1,7": -1.8670251113705674, "1,8": -1.418022424669751, "1,9": 0.13741846677336822, "10,11": 0.1894294547581703, "10,12": 1.3284249776204353, "10,13": 0.672892744036643, "10,14": 1.7099472888454672, "10,15": 0.4038363999764174, "10,16": 1.1590212983265968, "10,17": -0.7868251415975891, "10,18": -1.7682676292546509, "10,19": -1.172670361975607, "11,12": 1.1544436811470566, "11,13": 0.6357537886279152, "11,14": -1.0886846475367506, "11,15": -1.6592277411880438, "11,16": -0.0331123435954237, "11,17": 0.7303131367709637, "11,18": 0.4566309920295182, "11,19": 0.7996904319868756, "12,13": -1.248966597511556, "12,14": -1.008912580757225, "12,15": -0.12084061323854867, "12,16": -1.3778496545370467, "12,17": 0.037382907866391424, "12,18": -0.3237758011025029, "12,19": 1.3443156598429145, "13,14": -0.6788506430701919, "13,15": 0.7375287828289059, "13,16": -1.0286625758029841, "13,17": 0.10995402574382052, "13,18": -0.4554282178764888, "13,19": -0.9824363248884076, "14,15": 1.2966279292770295, "14,16": -1.1479030836094526, "14,17": -1.3043516258820644, "14,18": -0.07511642836051768, "14,19": -1.1335352891886217, "15,16": -1.5687950413149196, "15,17": 0.108638989420065, "15,18": 0.7588356803885428, "15,19": -0.21361835554382136, "16,17": -1.306206451540616, "16,18": 1.0705151037179768, "16,19": 1.7643467287581953, "17,18": 1.0587188534289633, "17,19": -1.8958125153386636, "18,19": -0.8944652300886031, "2,10": -0.08449377625887111, "2,11": 0.9052424467311679, "2,12": 0.8278841040037577, "2,13": 1.943974256863311, "2,14": -1.2035740730336322, "2,15": 0.3215580102060396, "2,16": 0.810007350630098, "2,17": -0.5459329434858371, "2,18": -0.5242135556280001, "2,19": -1.4057568777133351, "2,3": -1.4566559829193424, "2,4": -0.7606462668359613, "2,5": -0.07186000043988416, "2,6": -1.2790702517763632, "2,7": 0.09748785070149335, "2,8": -1.9466819403437157, "2,9": -0.29490457681610627, "3,10": 0.9036688011444372, "3,11": 1.114616286240257, "3,12": -0.898048011517159, "3,13": 0.2650926921191239, "3,14": 0.9024795040296385, "3,15": 0.11226990987141816, "3,16": -1.8465445043450162, "3,17": -0.2267681258672667, "3,18": -1.3612493835726567, "3,19": 0.20507842075782357, "3,4": -1.6353602782116243, "3,5": 0.12455297022227274, "3,6": -1.9496013447039164, "3,7": 1.3929626524886642, "3,8": 0.9235956109697985, "3,9": -0.5577560489468025, "4,10": 1.1931333492825993, "4,11": -0.3246812844551754, "4,12": 1.7525947761854037, "4,13": -0.4510974904381415, "4,14": -1.4516494201677257, "4,15": 1.7471246441011927, "4,16": -1.7246161354389509, "4,17": 1.9517125660909183, "4,18": -0.3393828123183371, "4,19": 1.454901962086931, "4,5": 1.6073234045743976, "4,6": -1.7668601463728146, "4,7": -1.5006238019262335, "4,8": -1.1128312044837494, "4,9": 0.4345586256255425, "5,10": -0.08356239843887447, "5,11": 1.7035046218773915, "5,12": 0.6281899671111226, "5,13": -0.2724582563426825, "5,14": 1.6900029019549572, "5,15": -0.1579178614591843, "5,16": -0.32114590807466303, "5,17": 0.1549692363445918, "5,18": -0.14469486487991112, "5,19": 1.1946887372897281, "5,6": 1.6818125386943525, "5,7": 0.9290761951399538, "5,8": -1.7747146015077266, "5,9": 0.652711634277011, "6,10": 0.2738353860904814, "6,11": -1.6895718414352263, "6,12": -0.12629414577142217, "6,13": -0.5252655502375672, "6,14": -0.4387042265196115, "6,15": -0.9656635894731997, "6,16": 0.08127641761053628, "6,17": -0.050848519045827434, "6,18": -0.6241704731969007, "6,19": 1.8408205998812615, "6,7": 0.8698950544149602, "6,8": 1.0566951089245005, "6,9": 1.2773045854023857, "7,10": 1.4497962775374171, "7,11": 0.8187146383386574, "7,12": -0.967767211397335, "7,13": 1.499215399878946, "7,14": -0.22983353407709828, "7,15": 1.7379086739218836, "7,16": -0.05112534311984662, "7,17": -0.17422980002371746, "7,18": -0.8249438135490768, "7,19": -1.2648964402641232, "7,8": 1.0249186209134917, "7,9": -0.8942437028475312, "8,10": -1.8845294046950243, "8,11": -1.3684589672538405, "8,12": 1.3798031604574623, "8,13": -0.15046841107611586, "8,14": 1.2342706747253454, "8,15": -1.4960659593240586, "8,16": -1.1063874928989303, "8,17": 0.9917273746791224, "8,18": 0.5378666347050549, "8,19": 1.9427189083213081, "8,9": -0.8371049733682394, "9,10": -0.7041900596857911, "9,11": 1.9690937209532393, "9,12": 0.06132034509144546, "9,13": 1.6459745228698046, "9,14": 1.6581264801111821, "9,15": -0.9276544089229719, "9,16": -0.45851142708464776, "9,17": -1.2436345904251098, "9,18": -0.4023677215665251, "9,19": -1.8150456830355597}, "bias": {"0": -0.24096524804162955, "1": -0.15510750753376912, "10": 0.5627369714252384, "11": -0.7223261270194385, "12": 0.6461418456488419, "13": -0.6614887087020529, "14": -0.4143053196462425, "15": -0.4340377858552016, "16": -0.978727556175774, "17": -0.2350711997833672, "18": 0.8115983695551725, "19": -0.8519528468298316, "2": -0.5658924310652371, "3": 0.8983021933484747, "4": 0.7677397744296677, "5": 0.6771781082531898, "6": -0.8277263572785964, "7": -0.42305147536701515, "8": 0.9796893465998848, "9": 0.40206732922356014}}