{"Q": {"0,1": -1.0130003081291838, "0,10": -0.7314322519825405, "0,11": -1.3402182348059823, "0,12": 1.944512137441082, "0,2": 0.2425892723724088, "0,3": 1.7797455583261796, "0,4": 0.39001395433938013, "0,5": -1.7350885194799237, "0,6": -1.5764203069744536, "0,7": -0.5767189780888513, "0,8": -0.01179315722801233, "0,9": 1.9674081852991736, "1,10": -0.22008999481491243, "1,11": -1.228845808578804, "1,12": -1.5664391737039471, "1,2": -0.8366264275628859, "1,3": 0.9398822559799171, "1,4": -0.9820569316846091, "1,5": -1.1073012925008983, "1,6": -1.5864850123689949, "1,7": -0.34264964027078415, "1,8": -1.0185556827331257, "1,9": -0.08863183810457764, "10,11": -1.1067879227963098, "10,12": 1.548306450654862, "11,12": 1.3808535645133184, "2,10": -1.2529276597019896, "2,11": 0.21760782211167662, "2,12": -0.23865399221281303, "2,3": 1.4634388273772174, "2,4": 1.370735889010239, "2,5": -0.26540216205411316, "2,6": 1.2113809925586065, "2,7": 0.6030031659456583, "2,8": -1.105666886116151, "2,9": -1.793308411362502, "3,10": 0.5956594417382997, "3,11": -1.5257561172700975, "3,12": 1.2058807175632036, "3,4": 1.9380475834019095, "3,5": 0.6625076562325742, "3,6": 1.6063129152082456, "3,7": 0.5993320355542258, "3,8": -1.8498399025895012, "3,9": -0.7180088111721221, "4,10": 0.5985019310482969, "4,11": 1.4798996335576042, "4,12": -0.44417472174714856, "4,5": -0.9264202040040632, "4,6": -1.514307755433597, "4,7": -1.5181616225881291, "4,8": 0.7430267308729563, "4,9": -0.897709963157741, "5,10": 1.2599485928639922, "5,11": 0.9089870462511391, "5,12": 0.41927481632925456, "5,6": 0.47800294312918323, "5,7": 0.6321463791232502, "5,8": 0.6700275847484507, "5,9": -1.1498141707168217, "6,10": -0.41499248010691225, "6,11": -1.0231060566616579, "6,12": 0.16875111125698972, "6,7": 0.39140408165734897, "6,8": 1.0770156359190328, "6,9": 0.8942633975214469, "7,10": 0.01690336965652861, "7,11": -0.6674675049968841, "7,12": 1.8163595729750597, "7,8": -0.6119727867334488, "7,9": 1.0825890523584238, "8,10": 1.5017859268467828, "8,11": 1.772565746605677, "8,12": 0.5009968853141058, "8,9": 1.1900168723038078, "9,10": 0.03188124262559322, "9,11": -1.4114609546831387, "9,12": 1.3898259444795604}, "bias": {"0": -0.045658729047418856, "1": -0.9727160414154892, "10": 0.7095030966625469, "11": -0.1282108549186749, "12": 0.21995770432412032, "2": 0.6952559111429282, "3": 0.8820781010411383, "4": 0.6745924868763309, "5": 0.7276537816796027, "6": 0.10607222573640973, "7": 0.7763353034071057, "8": 0.804980841305349, "9": 0.3617131291969631}}