{"Q": {"0,1": -0.0409861301172576, "0,2": 0.9043762023598556, "0,3": -1.442137109583785, "0,4": 0.15210947038089584, "0,5": 0.796832849893863, "0,6": -0.9000744788203678, "0,7": 1.3270777720159739, "1,2": 1.3800719431171138, "1,3": -1.7429106324575283, "1,4": -1.2531401154714374, "1,5": 0.5600179971703372, "1,6": -1.3310105142122413, "1,7": -1.8550806624275298, "2,3": 0.14181870173360567, "2,4": -1.648384104255252, "2,5": -1.0557487903142375, "2,6": 1.2931584834984182, "2,7": 0.8191772616284161, "3,4": 1.9878578667751148, "3,5": -1.5843745990144744, "3,6": 0.8818449316577475, "3,7": 1.1534573526150735, "4,5": -1.6376463822852796, "4,6": -1.5169322663857079, "4,7": -0.6781661066067288, "5,6": -0.46923481913286524, "5,7": -0.8053260039391485, "6,7": -0.6404254205943261}, "bias": {"0": 0.8943417111921221, "1": -0.14163831557886586, "2": 0.783834884612745, "3": 0.21141604215832, "4": -0.5171565967533567, "5": -0.15810572830129233, "6": -0.43858252373193185, "7": 0.6106988797357642}}