{"Q": {"0,1": -0.902178742570364, "0,10": -1.7193102134107616, "0,11": 1.6206978886375878, "0,2": -0.8730760706684091, "0,3": 1.9973097297154006, "0,4": 0.8904651471027427, "0,5": 0.21294423730543155, "0,6": -1.2889536560834274, "0,7": 1.3902006181908972, "0,8": 0.4396148103497688, "0,9": -0.1447781594306523, "1,10": -0.8462262978765249, "1,11": -0.799412424676484, "1,2": -1.0026080531807686, "1,3": 0.7337658768897057, "1,4": 0.1188092007022794, "1,5": 1.4705598240334528, "1,6": -1.6507191626488926, "1,7": 0.6009534464180217, "1,8": 1.3220691776563034, "1,9": -1.731680074025936, "10,11": 0.18768703900527672, "2,10": 1.1371088380126313, "2,11": 1.265780212676412, "2,3": -1.4829427435229934, "2,4": -1.5208988317343697, "2,5": 0.6135619009847586, "2,6": -0.21419434257855308, "2,7": -0.7742901035648573, "2,8": -1.1197005256165844, "2,9": 0.169537282801699, "3,10": -1.0749515577913495, "3,11": 0.921293080013831, "3,4": -1.2566499146355823, "3,5": -1.064464168419379, "3,6": 0.8978117533872614, "3,7": -1.2094837848345112, "3,8": 1.8378774125500184, "3,9": 1.043691903776847, "4,10": 1.937272986583889, "4,11": -1.9622066350378824, "4,5": -0.035275530809451006, "4,6": 1.1729449274910806, "4,7": -1.979529061162725, "4,8": -1.187927006752823, "4,9": -0.4547253203111987, "5,10": -1.8120898109260155, "5,11": -1.9326688103557763, "5,6": 0.8216712970463451, "5,7": -1.0217736042904084, "5,8": 1.6257582366539585, "5,9": -0.8115659948735319, "6,10": 1.9039913124275727, "6,11": -0.12245887100059916, "6,7": 0.8060822490013297, "6,8": 0.06544140384430852, "6,9": -1.6433842404275634, "7,10": -0.8415517092578959, "7,11": -1.4831081639206851, "7,8": 0.6489399010294008, "7,9": 0.4415041007925904, "8,10": 0.31494780137364886, "8,11": -1.9667016535637059, "8,9": -0.5227656630750666, "9,10": -1.6817472497954729, "9,11": -1.1266289424350062}, "bias": {"0": 0.9889785511170532, "1": -0.986469781276317, "10": -0.3661980600812882, "11": 0.3695500536830023, "2": 0.5778355294362867, "3": -0.7787313905082438, "4": -0.08003044229680678, "5": 0.11682502962713182, "6": -0.23352949001302448, "7": -0.08320495685200413, "8": -0.3708610189397148, "9": -0.15251102832332264}}