{"Q": {"0,1": -0.7783567802329889, "0,2": -0.9064693219853392, "0,3": 1.2077607566799382, "0,4": -0.44547382705803296, "0,5": 0.4185471969366654, "0,6": -1.3778497946383852, "0,7": -1.030130830500231, "0,8": 1.6368290464470614, "0,9": 0.9750117660783388, "1,2": -0.7533531080313058, "1,3": -1.6381703194743253, "1,4": -1.5085805067039804, "1,5": -0.17288228620732182, "1,6": -0.35739934428219433, "1,7": -0.5231571325955215, "1,8": -0.9013371137540509, "1,9": -0.4010655823516882, "2,3": -0.9687802770465921, "2,4": 1.500812539462422, "2,5": -1.4452098435517753, "2,6": 1.9196932352723497, "2,7": -0.4637923360425775, "2,8": -1.6673077118829203, "2,9": -1.3928280787165166, "3,4": 1.996602033043866, "3,5": 1.0821699771819064, "3,6": 1.4726129135926667, "3,7": 0.36146744344395243, "3,8": -1.2501358010295633, "3,9": 1.6209866256003371, "4,5": 1.9909291798788802, "4,6": 1.2677508295829507, "4,7": -0.9458395087942453, "4,8": 1.8505216841169823, "4,9": -0.8515735308097265, "5,6": 1.2275051564105417, "5,7": -0.9043018370050788, "5,8": -1.4952450675163553, "5,9": -0.4145403780831729, "6,7": 0.652456808421138, "6,8": -1.1939823924467965, "6,9": -0.44698668176298595, "7,8": -0.47035312653203176, "7,9": 1.2122884524120532, "8,9": -1.2399404420350955}, "bias": {"0": -0.26306452025799776, "1": 0.436574020648389, "2": -0.26290962020263997, "3": -0.3282019753054852, "4": 0.8612765600342809, "5": 0.5989085620381824, "6": -0.0057486526647820835, "7": 0.683107802550839, "8": 0.6699468179744532, "9": 0.8053190588463499}}