{"Q": {"0,1": -0.6027867863369551, "0,10": -0.36083396323877004, "0,11": -1.5912456910366548, "0,12": 1.8659374526691783, "0,13": 0.2556924717054323, "0,14": -0.5881756551087247, "0,15": 0.8554561944265098, "0,2": 1.8978287162743683, "0,3": 0.23506091156267672, "0,4": -0.2428091233215941, "0,5": 1.7659274677376873, "0,6": -0.8504482738895187, "0,7": -0.2785166861801902, "0,8": -0.38210930569056156, "0,9": -1.048181312886023, "1,10": 0.38831051561730057, "1,11": 1.3858049608044496, "1,12": -1.7158715309425423, "1,13": 0.6229185523873939, "1,14": -1.9489109004045808, "1,15": 1.3288902156025753, "1,2": -0.9888324730754823, "1,3": -1.035249902443614, "1,4": -1.8431436818920846, "1,5": -1.4620712214747011, "1,6": -0.7771620021644137, "1,7": -1.9199335713349521, "1,8": 0.3186578856633644, "1,9": -0.11562357668631851, "10,11": -1.5827652235263647, "10,12": -0.26351403359746106, "10,13": 0.6872958581051729, "10,14": 0.4639130078929985, "10,15": 0.013288227468175595, "11,12": -1.5687328962926643, "11,13": 0.7036387272035309, "11,14": 1.66243553053957, "11,15": -1.4142567850813474, "12,13": -1.9401033217702786, "12,14": 1.4003576478766981, "12,15": 0.4734510074265117, "13,14": 0.2507725672010368, "13,15": 1.1873593610369215, "14,15": -1.491608128867075, "2,10": 1.1616353088583695, "2,11": 0.18054629009605572, "2,12": -1.4390916435100487, "2,13": -0.6905229665558443, "2,14": 1.3832025958528038, "2,15": -1.734991721743032, "2,3": 1.9726840998920916, "2,4": -0.5873285694307979, "2,5": 0.6289910482513803, "2,6": 1.8647557649927955, "2,7": -0.20121205167149192, "2,8": 1.1214435327353498, "2,9": 1.7879651715305056, "3,10": 1.2415615726401934, "3,11": 1.1054405535176501, "3,12": 0.684548689986094, "3,13": -0.5731070979074571, "3,14": -0.29125442572312865, "3,15": 0.6605291167153706, "3,4": 0.4902548183449045, "3,5": 1.1418491997802689, "3,6": -0.959173541598171, "3,7": -1.2858202998697514, "3,8": -1.022244883728801, "3,9": -0.03428766130098637, "4,10": -0.5287115746236251, "4,11": -1.157783876666592, "4,12": -0.7401318569184316, "4,13": 1.5730109619438837, "4,14": 1.3937933971123364, "4,15": -0.633776946315975, "4,5": -0.7812632267613266, "4,6": -0.5311580965725198, "4,7": 0.5401933760940651, "4,8": 0.26763236621434094, "4,9": -1.8087780150435466, "5,10": 1.0896622977661212, "5,11": 1.239981288697277, "5,12": -0.5332729231938647, "5,13": 1.2918480643541908, "5,14": 1.3172320844117622, "5,15": -0.8456776213419923, "5,6": -1.031346826552432, "5,7": -0.1784729345467313, "5,8": -0.6021779536171938, "5,9": 1.2754329726144484, "6,10": 0.8092880546368679, "6,11": 0.48360890528706646, "6,12": -1.7772947984479583, "6,13": -1.747158862979422, "6,14": 0.6873961806985451, "6,15": 1.1804250843677164, "6,7": 1.0540352540596345, "6,8": -0.4840044962868255, "6,9": -0.11623447445126311, "7,10": 0.894428721893024, "7,11": 0.2172485627621774, "7,12": 1.065018181287563, "7,13": 0.38163585626541385, "7,14": 1.0599931491137893, "7,15": 0.4651154904642687, "7,8": -0.5765448076238893, "7,9": 1.102108146665079, "8,10": 1.5401530366073417, "8,11": 0.40345448438211173, "8,12": -0.020551328426089643, "8,13": 0.9748010288907412, "8,14": -1.9152241460704769, "8,15": -0.5839132669972309, "8,9": -0.5141742547029673, "9,10": 0.12438186486678982, "9,11": -1.977776976801429, "9,12": -1.0340417813601324, "9,13": -0.4419813520114344, "9,14": 1.9479724721915672, "9,15": 0.15742260763584426}, "bias": {"0": -0.7797000062336423, "1": -0.19621002221257178, "10": 0.6836101779873165, "11": 0.41096436407543946, "12": 0.5042047122416686, "13": 0.12590746202665515, "14": -0.26511106408074014, "15": 0.4210620151090967, "2": 0.0188783532417951, "3": -0.8261123786276403, "4": -0.7909713453566165, "5": 0.4698827268796779, "6": -0.18633525030980236, "7": 0.3233092602833829, "8": 0.204254094442045, "9": -0.2157607270988684}}