{"Q": {"0,1": 0.6268969253929684, "0,10": 1.064819170000193, "0,11": -0.18667214004873056, "0,12": -0.877055244264838, "0,13": 0.874900705519559, "0,14": 1.049306942113851, "0,15": 1.9198986237041824, "0,16": 1.8599984713537339, "0,17": -1.9284832034992436, "0,2": 0.000751872950324195, "0,3": 1.2371475490371373, "0,4": -0.0903156751173988, "0,5": 0.20047959634908175, "0,6": 1.1967283319189446, "0,7": -1.07520546876616, "0,8": -1.9916277722871967, "0,9": -0.4896124712663634, "1,10": 1.658258051900586, "1,11": 0.8103591482042809, "1,12": 1.38322310955687, "1,13": 1.5359708555804956, "1,14": -1.1859011012825391, "1,15": -1.012049526445585, "1,16": 0.6682921358201384, "1,17": -1.6450694184369987, "1,2": 0.8524365150516884, "1,3": -0.9882708765967205, "1,4": 1.8849984422979786, "1,5": 0.7337109702551055, "1,6": 0.31875839321639887, "1,7": -1.7391490448959286, "1,8": -0.08635409221448942, "1,9": -1.5065881853615588, "10,11": -0.6532821654342564, "10,12": -0.3710008519987569, "10,13": -1.5166559784138194, "10,14": 1.7583106873956909, "10,15": -0.0895553818634176, "10,16": 1.4399878890953817, "10,17": 0.543522750649466, "11,12": -0.09074666976570311, "11,13": 1.843499579931592, "11,14": 1.777301370896315, "11,15": 1.5543395064572865, "11,16": 1.22916320050766, "11,17": -1.7574757629508038, "12,13": -1.1819290404155276, "12,14": -0.3291337193476189, "12,15": 1.661748906590116, "12,16": 1.6140449527587086, "12,17": -0.47436934104040596, "13,14": 1.5008667291600948, "13,15": -1.4028917201646522, "13,16": -0.3793552790714254, "13,17": -0.8121117441233348, "14,15": 0.10709970719493977, "14,16": 0.5824129683378803, "14,17": -1.6531356296257336, "15,16": -1.1338288267867624, "15,17": 0.9133128062778204, "16,17": -1.0765779666233133, "2,10": -0.9716435433106456, "2,11": 1.370408765676311, "2,12": -1.6218940803436919, "2,13": 0.9124996422658356, "2,14": 1.7346775563428283, "2,15": -1.0280279894314464, "2,16": 1.586428513934198, "2,17": -0.8479227291642033, "2,3": -0.6000882424682028, "2,4": 0.9828561631857045, "2,5": -1.9520411040650374, "2,6": 0.05091310591675979, "2,7": -1.93562101329778, "2,8": -0.8365226423923926, "2,9": -1.7174206993082786, "3,10": 0.9546861308608725, "3,11": 0.5061509896183067, "3,12": 1.9559751983223368, "3,13": 0.3648023061276886, "3,14": 0.536668169694718, "3,15": -1.3587100731181736, "3,16": -1.3726740775143838, "3,17": -0.5674410287447684, "3,4": -0.5988874618484541, "3,5": -1.6640965904493683, "3,6": -1.356727076826998, "3,7": -1.3205721827328327, "3,8": 1.8497197316216871, "3,9": -1.2309575996281028, "4,10": -1.3971668707748552, "4,11": 1.401723900048482, "4,12": 0.0744849163191299, "4,13": -1.2057522111384888, "4,14": -0.09001919663573776, "4,15": -0.2548614673772325, "4,16": 0.08755141752114648, "4,17": 0.09015688714309, "4,5": -0.6167545040521611, "4,6": -0.30550895093276953, "4,7": 1.8613713575859374, "4,8": 0.9344793520103076, "4,9": 1.6535841135417422, "5,10": 0.6921893422578558, "5,11": -1.3388749312534696, "5,12": -1.4681224322096118, "5,13": -0.01220387788378341, "5,14": 1.6727459113669036, "5,15": 0.9980983189311141, "5,16": 1.446800806595943, "5,17": -0.22952049597127644, "5,6": -0.5343553094119722, "5,7": -1.3395426701291457, "5,8": -0.9981365174264787, "5,9": -0.2787830383748493, "6,10": -0.7951517315609453, "6,11": 1.2123175014350922, "6,12": -0.44119118060761675, "6,13": -1.4825150469729178, "6,14": -0.6459996011959799, "6,15": -0.1345018045976789, "6,16": 0.009452694924750205, "6,17": -1.0030332683261052, "6,7": 1.1576747297926482, "6,8": 1.9846451481065808, "6,9": -0.5900030816380033, "7,10": 1.6120471528025009, "7,11": -1.4060994529065725, "7,12": -0.4589364601564192, "7,13": 1.017691619608427, "7,14": -1.0608590100278503, "7,15": 1.6935553402260708, "7,16": 0.4350492631468632, "7,17": 1.550488716617878, "7,8": -0.19893971134461053, "7,9": 0.20829796227468034, "8,10": 1.1476914027673475, "8,11": 0.7982779949315213, "8,12": 1.8080529168657047, "8,13": 0.8873197831945769, "8,14": -1.7905358548481605, "8,15": 0.7891073612202435, "8,16": -1.80706173714607, "8,17": -0.08895222212843024, "8,9": 1.8937158207393128, "9,10": 1.796666624974399, "9,11": 0.24963345190534802, "9,12": -1.042518159285717, "9,13": -0.5351396418260261, "9,14": -0.7364532905286749, "9,15": 0.9738390107767496, "9,16": 1.7663301189097758, "9,17": -1.027492443341231}, "bias": {"0": -0.015350966062240845, "1": -0.0893675305799011, "10": -0.3065101205373604, "11": -0.07033534305999267, "12": -0.792080822974321, "13": 0.3961846384222758, "14": 0.518159061915028, "15": 0.4464517658133884, "16": -0.7240932122823576, "17": 0.16871221497449795, "2": 0.5143969797901304, "3": -0.2263389572187473, "4": 0.25062335668205304, "5": 0.7857677028795185, "6": -0.6861086380143677, "7": -0.692024013928084, "8": -0.25464484816394184, "9": -0.9310346661358302}}