{"Q": {"0,1": -0.21070035052710656, "0,10": 1.4750661973191228, "0,11": 0.6549868427763408, "0,12": -0.1100712928638603, "0,13": -1.315540185574529, "0,14": 0.9575071308482364, "0,15": 0.27675832927169886, "0,2": -0.15756859289175518, "0,3": 0.1545054013071181, "0,4": 0.44311002196136373, "0,5": -0.18917029698906074, "0,6": -0.5973397780543057, "0,7": -0.3430209930022716, "0,8": -0.06982906906789932, "0,9": 0.6662373168749807, "1,10": -1.6635451000164831, "1,11": 1.4424254906487057, "1,12": -0.7829103955221619, "1,13": -1.3629490142927474, "1,14": -0.5359063293602828, "1,15": 0.6184614740960686, "1,2": 0.9803461066231893, "1,3": 0.49930173216020446, "1,4": 1.662972604663182, "1,5": 0.9613059174725427, "1,6": 0.1734214617113512, "1,7": 0.2583784695853435, "1,8": -1.44178845076522, "1,9": -1.2520190070263904, "10,11": 0.311295255727126, "10,12": -1.9451441851819302, "10,13": 0.68437094791912, "10,14": 0.1678266309190155, "10,15": -1.6601480531200994, "11,12": 1.3376128041754471, "11,13": 1.0064232366830606, "11,14": -0.4811379782377667, "11,15": 1.7120553376445544, "12,13": -0.9746286677002867, "12,14": 0.41269144684559, "12,15": 0.9793740473784651, "13,14": -1.7353395425082918, "13,15": -0.9276965070737413, "14,15": -0.6307595684637666, "2,10": 1.4963564462251409, "2,11": 0.5884618189077808, "2,12": 0.43506647677235843, "2,13": 0.3576439417666739, "2,14": 1.9768501388357618, "2,15": 1.9701365307047842, "2,3": -0.9722855524589478, "2,4": -1.5891359121122872, "2,5": 0.02896683534109057, "2,6": 1.0383928828669955, "2,7": 1.6825803962441284, "2,8": 1.216176072995196, "2,9": 1.2067901553096592, "3,10": -1.2656900120581316, "3,11": 1.4796561701648177, "3,12": -1.2426438981745092, "3,13": -0.8004426251375154, "3,14": 1.3616062317728512, "3,15": 1.5010719594448125, "3,4": -0.995270704760967, "3,5": -1.7374669931099342, "3,6": -1.45128587986588, "3,7": 1.2758780590171863, "3,8": -1.5517437820545519, "3,9": 0.2892511227432557, "4,10": 0.5159127648634856, "4,11": 0.9943811583117572, "4,12": -0.756267712638607, "4,13": -1.66291465230129, "4,14": -1.439543755964114, "4,15": 0.3381864661920013, "4,5": 1.1919303138201145, "4,6": -1.1694426326811533, "4,7": -1.3872588982633447, "4,8": -0.3160366155822478, "4,9": 0.31746019457263674, "5,10": -0.22608732259899122, "5,11": -1.4738126750426592, "5,12": 0.1648835020152486, "5,13": 1.1481044732193375, "5,14": -0.3448961855637571, "5,15": -1.06849819492278, "5,6": -0.9191254685068326, "5,7": 0.34791216105263256, "5,8": -1.9012266068394714, "5,9": -0.40107388835535485, "6,10": 1.6012976776160706, "6,11": -1.4359858946870276, "6,12": -0.8320125420604834, "6,13": 0.5103003084029516, "6,14": -1.887314020782171, "6,15": 0.9878327196706218, "6,7": -0.6145130495582243, "6,8": 0.7903998828260286, "6,9": -0.6391904826422188, "7,10": -0.8234729554468818, "7,11": 0.5677776892530626, "7,12": 0.6340854749203273, "7,13": 0.4177412499204598, "7,14": 0.4198739194776926, "7,15": 1.9959198886813456, "7,8": -0.11323773068923293, "7,9": 1.980286669340952, "8,10": -1.743519172313425, "8,11": 1.3031045987261067, "8,12": -0.10616431596163478, "8,13": 1.7826068295704145, "8,14": 1.8182162397386472, "8,15": -1.0663738627749249, "8,9": -0.7648331934082502, "9,10": -1.192110560661931, "9,11": 1.4271355135900459, "9,12": 1.82018813011023, "9,13": 1.9140574236131997, "9,14": -0.6980471577730762, "9,15": 0.5763709179979353}, "bias": {"0": -0.7177000750216691, "1": 0.575124001167552, "10": 0.8682973214324157, "11": -0.7233641430219835, "12": 0.34870885419128483, "13": 0.6277227449340412, "14": -0.3877173132173499, "15": 0.2942522069195188, "2": 0.007455051171017857, "3": -0.06484071421913984, "4": -0.5487179533722142, "5": 0.18819743082110785, "6": 0.5013590674073296, "7": 0.2859737558788049, "8": -0.44402307567572485, "9": -0.7589533653343148}}