{"Q": {"0,1": -1.0248076513876971, "0,10": 0.49924285098429033, "0,11": -1.2783825568146177, "0,12": -0.3541338460687955, "0,2": 0.6587075121985135, "0,3": 0.4329347562873327, "0,4": 0.7462520054339343, "0,5": 0.40580518018045186, "0,6": -0.3007757781983251, "0,7": -0.5906381871986679, "0,8": -0.7926079292587889, "0,9": -1.69408281691623, "1,10": -1.0351972860216692, "1,11": 1.981680437922098, "1,12": -1.3921256574075476, "1,2": -1.0772148100781873, "1,3": -1.0720687464931977, "1,4": 0.8421518159968624, "1,5": 0.943134360930816, "1,6": -0.2729356937967551, "1,7": -1.8059442145525813, "1,8": 1.4245661872515005, "1,9": -0.06821949961009333, "10,11": -0.9167352599383278, "10,12": -1.628693150735891, "11,12": -1.3575701139317928, "2,10": 1.7583223063840654, "2,11": 1.3529133549999686, "2,12": 1.4029852287725064, "2,3": 1.2028881076220852, "2,4": -0.8902095791014353, "2,5": -1.8746732639063692, "2,6": 0.18436302192603327, "2,7": -0.6182103733183197, "2,8": -0.18483125165221148, "2,9": -1.332643231190266, "3,10": -1.3524871424168436, "3,11": -0.2735831215542128, "3,12": -0.27079585062995193, "3,4": -0.5819813361265949, "3,5": 0.5495852440111273, "3,6": 0.43373221204073875, "3,7": -0.6950670501253873, "3,8": -0.04090152933293778, "3,9": 0.186879732841418, "4,10": 0.19474076026788234, "4,11": -0.8214885590048238, "4,12": -1.4932720674799493, "4,5": 1.1628700661059623, "4,6": 0.5476305851347343, "4,7": 0.43258783559404757, "4,8": 1.6271816175919769, "4,9": 1.8905153008949762, "5,10": 1.2785016390923616, "5,11": -0.0436286749601309, "5,12": 0.43415670846019916, "5,6": 0.8108203537721961, "5,7": -0.26762434664226564, "5,8": 0.11820545606858879, "5,9": -1.8693519441294182, "6,10": -1.3034080877114738, "6,11": -0.03715219593018837, "6,12": -0.4323771471601985, "6,7": -1.96058066329415, "6,8": -0.3978797708941997, "6,9": 1.6918311794177265, "7,10": -1.6863624159927593, "7,11": 1.4260362663889223, "7,12": -0.956357499479839, "7,8": -1.6656065896452485, "7,9": 0.8188370924738724, "8,10": 1.9548543110043228, "8,11": 1.1149971776274885, "8,12": 1.9445702750540734, "8,9": 0.5715778082924352, "9,10": 0.674256515692103, "9,11": 0.666580859110248, "9,12": -1.6586866511167884}, "bias": {"0": -5.852897701874582e-05, "1": -0.38789590772601, "10": 0.2524458215041012, "11": 0.7985825072361588, "12": -0.6033345131534982, "2": -0.32045258930854503, "3": 0.08817712961253421, "4": 0.1285566341348281, "5": 0.20657809987033748, "6": 0.17892515021808353, "7": 0.9430064622046022, "8": 0.9422467111374053, "9": 0.2442757255721757}}