{"Q": {"0,1": 1.8505634569767135, "0,10": 0.49715157865776805, "0,11": 1.2534595981514727, "0,12": 1.3526709244938786, "0,13": -1.98670993305964, "0,14": -1.6368774246344064, "0,15": 1.915496159433557, "0,16": -0.6443868119073692, "0,17": -1.5074778586001147, "0,18": -1.6296437274899462, "0,2": -1.856355228187064, "0,3": -0.7425050372733981, "0,4": 0.26406898648034494, "0,5": -0.9584858406185832, "0,6": 0.07549945872745578, "0,7": -1.3917669612930612, "0,8": 0.25199502232868864, "0,9": 1.8145486689664612, "1,10": 0.6789123403054313, "1,11": -0.4747191696857631, "1,12": -1.1480797771705364, "1,13": -1.993420578326647, "1,14": 1.4154821557178412, "1,15": -1.9958822889469259, "1,16": 1.6962900924634337, "1,17": 0.04198981752634623, "1,18": -0.32524634899006477, "1,2": 0.4904660696378733, "1,3": -0.46624045378669576, "1,4": -1.0310681256973786, "1,5": -0.0962073271321695, "1,6": 1.8552995425446799, "1,7": 1.5345085448434244, "1,8": -1.8209790406586563, "1,9": -1.4466418260557123, "10,11": 1.4316274087296526, "10,12": -0.6446153986338099, "10,13": 1.002895171104949, "10,14": -0.3384781817551743, "10,15": 1.8038375650036511, "10,16": 1.7995565552741546, "10,17": 0.8850465716382598, "10,18": 1.7157957438798488, "11,12": 1.7212867360093336, "11,13": 1.7752235374160632, "11,14": -1.2486932312701233, "11,15": 0.5454102985117331, "11,16": 1.9161587955024153, "11,17": -0.23510808356983715, "11,18": 1.6487678199000593, "12,13": 0.3352188898026349, "12,14": 1.5784925343050138, "12,15": 0.16329144946496577, "12,16": -0.934605232395147, "12,17": -1.3432127821673077, "12,18": -0.9510631150793256, "13,14": -0.20832479806561466, "13,15": -1.4246789112180376, "13,16": -0.4013805637997647, "13,17": 1.881279057944234, "13,18": -1.6140591446707204, "14,15": 0.19410427007923126, "14,16": -1.8761571387053642, "14,17": -0.2473577721537885, "14,18": 0.07690949519744894, "15,16": -0.7905634804889616, "15,17": 1.7726188183516944, "15,18": 0.23558650825418592, "16,17": -1.4381542017286897, "16,18": 1.2156394985769756, "17,18": 1.0904260948933606, "2,10": 0.04048800139108755, "2,11": 0.10361512030719044, "2,12": -0.06913623935041491, "2,13": 1.799919648660758, "2,14": 0.46938407315886943, "2,15": -0.9063488200552046, "2,16": -0.7040530287372193, "2,17": 1.1500479122368894, "2,18": 1.1474121072326855, "2,3": 1.0230987304542483, "2,4": 0.8801976810562198, "2,5": 1.2130732433987967, "2,6": 1.6207038054164604, "2,7": -1.415716755141955, "2,8": 0.3663737242731453, "2,9": 0.33587187976032506, "3,10": 0.8158049054927545, "3,11": 1.546868171937073, "3,12": -0.9867088744108714, "3,13": 0.8563972734225791, "3,14": -0.4801329153590461, "3,15": 1.50869327546611, "3,16": 0.3749915034352811, "3,17": 1.527491583239462, "3,18": 1.2897455495911507, "3,4": -1.2974069306151397, "3,5": -0.4287996134487613, "3,6": -1.405631408207325, "3,7": 1.7042532293129207, "3,8": 1.6770989880939298, "3,9": -1.163407670401245, "4,10": -1.7993898203690364, "4,11": 0.977195335632647, "4,12": -1.2770796639857802, "4,13": 1.4339488694349254, "4,14": -1.972951079990696, "4,15": -1.2932329949105963, "4,16": -1.7040128102901804, "4,17": 1.9641271752305438, "4,18": -0.334674675182812, "4,5": 1.6686839425366808, "4,6": -1.382356530270116, "4,7": 1.6211596445372543, "4,8": 1.9843426662934478, "4,9": 1.1994575976647623, "5,10": -0.4078711577389602, "5,11": -1.6969412652260605, "5,12": 1.9065858081488094, "5,13": 0.6897795487797342, "5,14": 1.345292766536479, "5,15": 1.1207440887734115, "5,16": -1.1892006431431064, "5,17": 0.79246992011542, "5,18": -1.969637645992215, "5,6": 0.49164742908038317, "5,7": -0.8991821567870608, "5,8": -1.809110450368224, "5,9": -0.8348339814463475, "6,10": -1.3408153569494337, "6,11": 0.048767480680378394, "6,12": 0.865895012942425, "6,13": 1.0294271918705724, "6,14": -1.3249933057414038, "6,15": -1.8653333355608979, "6,16": -1.9314780029565375, "6,17": 1.5177578667996023, "6,18": -0.011996901114615266, "6,7": 1.719047013795572, "6,8": 0.3283647730973276, "6,9": 0.06781762996225416, "7,10": -0.42522318662752756, "7,11": 1.024359702102867, "7,12": -1.5006746742152512, "7,13": -0.31402464636268856, "7,14": -0.012727402453475811, "7,15": 0.5883002466962486, "7,16": 0.963820413495978, "7,17": 1.0250231503372431, "7,18": 1.09994279318544, "7,8": -0.9029880177664631, "7,9": -0.2430796732083662, "8,10": -1.8660517820084928, "8,11": 1.8336817081882089, "8,12": -1.5303633963184304, "8,13": 0.9761048932320575, "8,14": -0.9889799984021916, "8,15": 0.5640260971674618, "8,16": -1.8558644627323644, "8,17": -1.3813968565137542, "8,18": 1.1189390201724394, "8,9": 0.49352019841608064, "9,10": -1.8423315956980195, "9,11": -0.6527066468989657, "9,12": -0.7274022450579092, "9,13": -0.21554615999109394, "9,14": -1.694202241269779, "9,15": -0.9798801656316698, "9,16": 0.7474019217346006, "9,17": 0.9785538534905966, "9,18": -0.327481565892326}, "bias": {"0": 0.4265093354136402, "1": 0.14801702348901924, "10": 0.7597679239109523, "11": 0.8946475495179311, "12": -0.6736579921028771, "13": 0.39850202328801276, "14": 0.3707479190172518, "15": 0.7178948771443165, "16": -0.11993819998620348, "17": -0.10931322269883026, "18": -0.4513942318125881, "2": -0.7137047344597072, "3": -0.1718357015627432, "4": 0.6599022837542896, "5": 0.4663709067831867, "6": 0.6053012079594766, "7": -0.2048325029588718, "8": -0.6959240553388819, "9": -0.5208284779718364}}