{"Q": {"0,1": 0.6006109179148704, "0,10": -0.26802586976499576, "0,11": 1.1388413930811874, "0,12": 1.492697931197204, "0,13": 0.5866723420844977, "0,14": -0.9841072481189577, "0,15": -1.7109858675374658, "0,16": -1.599492545583031, "0,17": 0.36162386914270295, "0,18": 0.6308405976187252, "0,2": -0.532264547603094, "0,3": -1.9710627908263305, "0,4": -1.2329202131610586, "0,5": 0.3645789679362226, "0,6": 1.8272608337607483, "0,7": -0.04256551053348945, "0,8": -1.2193669253527957, "0,9": -0.962051199715567, "1,10": -1.5127963541202107, "1,11": -1.618685550555925, "1,12": 1.7495689767221694, "1,13": 1.966554276118158, "1,14": -0.6669964539276654, "1,15": 1.5048852403239872, "1,16": 0.8881138723242334, "1,17": 0.2658801625689171, "1,18": -1.7642967211709046, "1,2": -1.1703524935649186, "1,3": -0.08913367914545622, "1,4": -0.4397906831996816, "1,5": 0.9338918471694506, "1,6": -1.3063330606537935, "1,7": -0.7675461611847392, "1,8": 0.8382255720580392, "1,9": 0.9074534951750142, "10,11": -1.6959703579250913, "10,12": 0.5403684251367924, "10,13": -0.044236545653280945, "10,14": -1.1827726859735384, "10,15": 0.7082020339969874, "10,16": -1.1993418904470001, "10,17": -0.2963931542862217, "10,18": -0.19239428006505488, "11,12": -1.394330215658809, "11,13": 0.808008216151435, "11,14": -1.47550954627128, "11,15": -1.6512556297791519, "11,16": 0.03026947837369187, "11,17": -1.6467347691014869, "11,18": 1.0721041392037374, "12,13": -1.4063443979963965, "12,14": -0.7733121516276498, "12,15": -1.7889068154688723, "12,16": 0.26069251122232995, "12,17": -1.8922793539499048, "12,18": 0.7846108276630606, "13,14": 1.1994049156515794, "13,15": -0.7941995420253574, "13,16": -0.622259192074988, "13,17": -0.5197088997212482, "13,18": -0.8899755906332749, "14,15": 0.03736369986786103, "14,16": 0.9368006096393398, "14,17": -0.0012461443898721392, "14,18": -0.21964695508069987, "15,16": -1.8300523826139927, "15,17": 0.1675800215002936, "15,18": -0.9057935297997344, "16,17": -1.7140847321239758, "16,18": -0.29544017736091543, "17,18": -1.2527475773449672, "2,10": 1.5892892336839215, "2,11": 1.2862173258575993, "2,12": -0.9112361797048343, "2,13": -0.06461178407095103, "2,14": -0.07914644322659248, "2,15": 1.6901417998065535, "2,16": 1.1809574567186014, "2,17": -1.8709349725280138, "2,18": 0.8106903763771136, "2,3": 1.561405724912718, "2,4": -1.5344559767870005, "2,5": -1.9957131014916571, "2,6": 0.6817281571358444, "2,7": -1.8643152359776138, "2,8": -1.7397805000805207, "2,9": 0.043691665398331914, "3,10": -1.2945015264703734, "3,11": -0.008456451637393503, "3,12": -1.777838863253617, "3,13": 1.2334578436360997, "3,14": 1.7959066119446812, "3,15": -1.4663139515637784, "3,16": -0.25602637884974966, "3,17": 1.2430734905364629, "3,18": -0.9796606976498312, "3,4": -0.4604339304783127, "3,5": 0.43175592164773624, "3,6": 1.1283392122712166, "3,7": -1.5565958121167927, "3,8": -1.1014730711932215, "3,9": 0.28757384658840923, "4,10": -1.5330604387214675, "4,11": 1.296541899491197, "4,12": 1.7373339183352168, "4,13": 0.24136495589393459, "4,14": 1.5582504792211664, "4,15": 0.23153609618299686, "4,16": -0.928884292524919, "4,17": -1.1729908896604222, "4,18": -1.2033955024639793, "4,5": 1.1545536261186586, "4,6": -1.3798279787639296, "4,7": 1.57572615470009, "4,8": -1.5015028366564165, "4,9": -0.4911083167963488, "5,10": 1.9829481700953653, "5,11": -0.45661761547898827, "5,12": 0.15510506788156064, "5,13": -1.1138186728298995, "5,14": -0.6937936013384283, "5,15": -1.5286539735359446, "5,16": -0.913675030425035, "5,17": 1.3719112761594396, "5,18": -0.2496279562092898, "5,6": -0.3826753156735019, "5,7": 0.4350992484248821, "5,8": -1.3921388665679557, "5,9": 0.9100254770159246, "6,10": 1.4192469677229957, "6,11": -0.19202319055787287, "6,12": -1.4029321476268195, "6,13": 1.6895610617055872, "6,14": 0.39396054575073824, "6,15": 1.930784307935919, "6,16": -1.5147090053807823, "6,17": -0.11138906731197862, "6,18": 1.538331369658057, "6,7": 1.017581167291326, "6,8": 1.3860203416895005, "6,9": -1.4604168471434966, "7,10": 0.45219878863147, "7,11": 0.34004457074611194, "7,12": 0.08854313746900644, "7,13": -0.7180211762683446, "7,14": 1.7148210291850363, "7,15": 0.2877528667919802, "7,16": -1.1566209276260722, "7,17": -1.3522390270889315, "7,18": 0.5101302545183897, "7,8": 0.7398676248871219, "7,9": -1.8425573998859295, "8,10": -0.66905987067156, "8,11": -0.9385335751318018, "8,12": -0.21275117052141912, "8,13": 1.4622641884750078, "8,14": 0.2531624119499778, "8,15": -1.4373956976891242, "8,16": 1.8625231554639803, "8,17": 1.4622030382661668, "8,18": 0.06562723816967475, "8,9": 1.5782877443397192, "9,10": 0.6266761028999066, "9,11": 1.3829925545826498, "9,12": 1.0267217111701297, "9,13": 1.5128808672251588, "9,14": 1.0165807265167421, "9,15": 0.6348616073568998, "9,16": 1.0784297623325907, "9,17": 1.7053241812663051, "9,18": 0.15669318531712761}, "bias": {"0": -0.6676534551264426, "1": 0.3691368474874426, "10": -0.6362437448545852, "11": -0.10948117635066135, "12": -0.6837507557983777, "13": -0.4854380357707744, "14": -0.1366067923854435, "15": -0.6335609953598533, "16": -0.9266335883467844, "17": -0.41383054835509236, "18": 0.005487431967819756, "2": -0.6259571087915665, "3": 0.2695580782587035, "4": 0.28155009763396555, "5": 0.416514200351767, "6": 0.06267571437117736, "7": 0.1705217097100542, "8": -0.24640753449467878, "9": -0.2155729193560345}}