{"Q": {"0,1": -1.4452385351776127, "0,2": 0.421124265834826, "0,3": 1.356984380414084, "0,4": 0.6132603993837593, "0,5": 1.5031110390434939, "0,6": 0.6300518360353178, "0,7": -1.2104718242102912, "0,8": -0.5603004449371607, "0,9": 1.4889172349261983, "1,2": 1.3769163893496708, "1,3": 1.7469339388538914, "1,4": -0.2446152579683165, "1,5": -0.47169877886515366, "1,6": -1.9903899775579994, "1,7": -1.3138069030233877, "1,8": 1.6033549111362535, "1,9": 1.4806247873664247, "2,3": -1.1494593020738741, "2,4": 1.3568700771070246, "2,5": 0.4369084442293141, "2,6": 1.9190069345488796, "2,7": -1.6553295014513267, "2,8": 0.307898262791527, "2,9": -0.4027469800027581, "3,4": 1.8305239575992087, "3,5": -0.6922320711423873, "3,6": -1.7639179123286977, "3,7": 1.2782228521884682, "3,8": -1.4923450424071971, "3,9": -1.9476903794510299, "4,5": -0.7037868371457319, "4,6": 0.0702038285105897, "4,7": -1.0035525998572203, "4,8": -0.005956901106773493, "4,9": 0.41027979605821185, "5,6": 1.2083812515374937, "5,7": -0.29529383264146203, "5,8": -1.542430063187243, "5,9": -1.2639410540038982, "6,7": 1.8735715525055516, "6,8": 1.0455978541610698, "6,9": 1.6713938860229027, "7,8": 1.317331995055509, "7,9": -0.1080464650705597, "8,9": -0.671032121310001}, "bias": {"0": 0.6208944420114693, "1": 0.67687403481416, "2": -0.2803745558533266, "3": 0.18232935788637628, "4": 0.6285118214044974, "5": -0.46259700723413366, "6": -0.16619423109723708, "7": -0.15675826924274117, "8": 0.5946841401948282, "9": -0.0033963680238637828}}