{"Q": {"0,1": 0.6550522899274762, "0,10": -1.3228146746224145, "0,11": 0.4141781490999352, "0,12": -1.3523940860650736, "0,13": 0.597600353835908, "0,14": 0.9658150658153652, "0,15": 1.5318208913769094, "0,16": 1.4238960089620112, "0,17": 1.427996952152439, "0,18": -0.8044483576524026, "0,19": 1.296143770867738, "0,2": 0.13572623004040096, "0,3": 0.14659773023328793, "0,4": 1.3040208807281912, "0,5": -1.3457592901333708, "0,6": -1.0471193457213799, "0,7": 1.1949244643666077, "0,8": -0.3471987398546639, "0,9": 1.3792014088744127, "1,10": -0.9310469505402894, "1,11": 1.5228561911038834, "1,12": -1.5937264629565755, "1,13": 1.500461505182633, "1,14": 0.4420800974235748, "1,15": -0.07078152404871663, "1,16": -0.8815374098848059, "1,17": -0.23231936934353703, "1,18": -1.152063067678661, "1,19": -0.947854164035645, "1,2": -1.901447533819621, "1,3": 1.1525623520455128, "1,4": -0.047115020887655845, "1,5": -0.10266488704423793, "1,6": 1.1194862660689817, "1,7": -0.41649142126201344, "1,8": 1.8085172805367975, "1,9": 1.5527355209673992, "10,11": 1.7704847799316377, "10,12": -1.4088480863865507, "10,13": -1.8907553937414807, "10,14": -0.7345971355416001, "10,15": 1.897274981451191, "10,16": -0.1861315545197355, "10,17": -1.6474664290494303, "10,18": -0.41531252184128276, "10,19": 0.9085902681769653, "11,12": -1.9293778105112378, "11,13": -1.2410100371327268, "11,14": 1.3409988564877589, "11,15": 1.2299164215229124, "11,16": -1.6138630210263498, "11,17": -1.8247129968311189, "11,18": -0.3886241516010265, "11,19": 1.0873931888262294, "12,13": -1.3128749573503016, "12,14": 0.7498776219157794, "12,15": -1.5212375483557663, "12,16": -0.559898391963253, "12,17": -1.615257660165577, "12,18": -0.5259110307922921, "12,19": 1.2947570881398085, "13,14": -1.4337656575447322, "13,15": -0.24496529425957414, "13,16": -1.9850149674944255, "13,17": 0.8430787834960989, "13,18": 0.7591059829945728, "13,19": 1.191907881344028, "14,15": -1.5706558429481237, "14,16": -0.4795643984766449, "14,17": 1.7492524853973994, "14,18": 0.36118130241907576, "14,19": -0.8490757969653155, "15,16": 1.5566391034277682, "15,17": -1.9152999909220068, "15,18": -0.906253590042978, "15,19": -1.4521490764845555, "16,17": -1.683322437002328, "16,18": -1.996156040506662, "16,19": 1.8144395175313264, "17,18": -1.607238545797371, "17,19": -1.2357545223426922, "18,19": -1.4755766056075177, "2,10": 1.5453475732939204, "2,11": -1.528131550513789, "2,12": -1.0242143022739936, "2,13": -1.5512318175086346, "2,14": 1.5792723354498444, "2,15": -1.3286836448265755, "2,16": -0.2736377268359069, "2,17": 0.18046401982829607, "2,18": 0.29552069439825424, "2,19": -0.4344973222022124, "2,3": 0.2955427922263043, "2,4": -0.059613759742154215, "2,5": 0.4006601329735986, "2,6": 0.2345830776191642, "2,7": 1.4567966520764726, "2,8": 0.35076434799205547, "2,9": -0.6666598782198689, "3,10": 1.103514210309656, "3,11": 1.3584483287834654, "3,12": 1.745711171940552, "3,13": -1.0246504735816706, "3,14": -0.6704518056385096, "3,15": 1.6312048354047013, "3,16": 1.3935373661406203, "3,17": 0.7790258104747565, "3,18": 1.032438015955294, "3,19": 0.015817436340433755, "3,4": -1.6042945662834542, "3,5": 1.2285123011049799, "3,6": -1.9288840764143957, "3,7": -1.0403392433657825, "3,8": 0.4489244978348954, "3,9": -1.2450873785864074, "4,10": 0.06176038388105942, "4,11": -1.2933225248816744, "4,12": -0.6145784250421049, "4,13": -1.3678282800174042, "4,14": -0.2733532785571491, "4,15": 1.3406589566917253, "4,16": -1.568287369617762, "4,17": -0.11421049710018627, "4,18": -0.4633348823186667, "4,19": 0.17166853614438704, "4,5": -1.050597780840306, "4,6": 1.8902947996485047, "4,7": -0.6358580881327298, "4,8": 1.3409161119943631, "4,9": -1.6092738995032305, "5,10": -0.5213492609762587, "5,11": 0.44360534023029663, "5,12": -0.4996691186082871, "5,13": 1.5228733531079004, "5,14": 1.74812714984285, "5,15": 0.5099885236468649, "5,16": 0.7902171190849403, "5,17": 0.26495821816798104, "5,18": -0.0120545517827364, "5,19": 0.27975572773651924, "5,6": 0.3807530082046564, "5,7": -1.5038444707469458, "5,8": 1.2280646426607649, "5,9": 0.10443468115405974, "6,10": 0.4946640900658621, "6,11": -0.37839953737295406, "6,12": -0.824093035494621, "6,13": 1.7810164934650587, "6,14": -0.0451757960085728, "6,15": -0.27977469877686234, "6,16": -1.6576759914299588, "6,17": -1.6530444302497322, "6,18": 1.4276502576151588, "6,19": 1.5160747420075351, "6,7": -1.0918813758059498, "6,8": -1.1064705247083508, "6,9": -1.2445383038194597, "7,10": -0.1115088142542171, "7,11": -0.5583294813624105, "7,12": -0.033676591348432705, "7,13": -1.778508649599309, "7,14": -0.13218166636386774, "7,15": -0.5663017302920479, "7,16": -0.32595877356868197, "7,17": 1.5784261971916687, "7,18": -0.3493197922383988, "7,19": 0.3048901179632013, "7,8": 0.27306605463077327, "7,9": -0.5858588783959968, "8,10": -1.2602891731033776, "8,11": -1.3823925621081115, "8,12": -0.636468495253121, "8,13": -0.9496934617014485, "8,14": -0.04886289998607518, "8,15": -1.4129281508614873, "8,16": 0.9642800846401607, "8,17": 0.8945939148317517, "8,18": 1.0891375164882917, "8,19": -0.813567557432191, "8,9": 0.5723396057132404, "9,10": -0.9501474303691255, "9,11": -0.2489251435536728, "9,12": -1.9680996415753733, "9,13": 0.0804904619037985, "9,14": 1.7141936831208273, "9,15": -1.3877875770544712, "9,16": -0.05781867885819514, "9,17": 1.5753507135539402, "9,18": 1.071948689169437, "9,19": -1.4542328319835134}, "bias": {"0": -0.018589975484875954, "1": -0.16234892007695034, "10": 0.7237350475009046, "11": 0.4482509901736633, "12": -0.9775386023363484, "13": 0.36328194659473834, "14": 0.7669590601389062, "15": 0.5245108989806246, "16": 0.12440949509082344, "17": -0.6572519658895788, "18": 0.008200178354334842, "19": 0.5165917384740639, "2": -0.4978855846182062, "3": -0.8947742695670273, "4": -0.9610454762728957, "5": -0.46396844064037834, "6": 0.8396951000704522, "7": 0.4975890067517845, "8": -0.396963389742371, "9": 0.47435828857963935}}