{"Q": {"0,1": 1.1810206131886276, "0,10": 1.7697249471327523, "0,11": -0.96888666405524, "0,12": 0.31725169495685757, "0,2": -0.1428605838546484, "0,3": -0.7249111332478937, "0,4": 1.5776916440444544, "0,5": 0.6078686006323335, "0,6": 1.6561471794837725, "0,7": -1.4995888085309406, "0,8": -1.655413892634619, "0,9": 0.05716460546399249, "1,10": 0.49486327229607463, "1,11": 1.267177086836099, "1,12": -0.5702222463344766, "1,2": -1.93417706832411, "1,3": -1.6530530402578316, "1,4": 0.5508019540639801, "1,5": -1.478103143405102, "1,6": -0.42280358488865843, "1,7": 1.8474985689190526, "1,8": 1.7680539250611274, "1,9": -1.3419995945370293, "10,11": 0.033035140477682745, "10,12": -1.6187866045984913, "11,12": 1.6134830977741639, "2,10": -1.6313843889427617, "2,11": 0.8670003085769835, "2,12": 0.5204924827380979, "2,3": -1.9055545735004302, "2,4": -1.6261824677903092, "2,5": 0.8095577534469833, "2,6": 0.24257186783071916, "2,7": -1.0034208204833721, "2,8": -1.8011920958809902, "2,9": 1.416621261708638, "3,10": 1.2838607572400202, "3,11": -1.5261037466282903, "3,12": -1.3705463645025713, "3,4": 0.14184487472177665, "3,5": 1.0541465707820068, "3,6": 1.2814138871469627, "3,7": -0.28985812783766507, "3,8": 0.03450010507093593, "3,9": 1.272697082296554, "4,10": 0.9449441938716419, "4,11": 0.27235656128964436, "4,12": 1.2499596432666111, "4,5": -1.1949819236968224, "4,6": 0.48266122841859715, "4,7": -0.6119824041813366, "4,8": -1.5842311588631817, "4,9": 1.9626321569720435, "5,10": -1.663027002469566, "5,11": 0.0810658085861542, "5,12": 0.29950453126160204, "5,6": 0.4449383902238382, "5,7": -0.7425785009804637, "5,8": 1.2147539326096473, "5,9": -0.5732986362695898, "6,10": 0.1087162388212155, "6,11": -1.7084227593317727, "6,12": -0.06753283572056601, "6,7": -1.6047047600925923, "6,8": 1.4606996096980116, "6,9": 1.8721093758416978, "7,10": -1.8219357630679491, "7,11": 1.8511770606458708, "7,12": -0.6781533203335814, "7,8": -1.109158303941368, "7,9": 1.4369377829217513, "8,10": -1.5420396458443069, "8,11": 1.5271658548960074, "8,12": 0.407882316223128, "8,9": 0.47887385929000015, "9,10": -0.8951719263765683, "9,11": -0.7427502017797392, "9,12": -1.5830905209274793}, "bias": {"0": 0.2091763553926813, "1": 0.3033338065475657, "10": -0.46531297470646504, "11": -0.5978756603923876, "12": 0.331031017144648, "2": -0.2793720914749751, "3": 0.07379180323648504, "4": -0.7927567058811196, "5": -0.8498394209287903, "6": -0.9077943279165637, "7": -0.8683457747336365, "8": -0.3521056260743467, "9": -0.2953955726590758}}