{"Q": {"0,1": 0.26190962884266433, "0,10": -1.2985337445788905, "0,11": -1.5386325454779017, "0,12": 0.8405507116043527, "0,13": -0.7617636011345916, "0,2": 0.030438745811315115, "0,3": 1.45765330761804, "0,4": 1.202266493839773, "0,5": -0.6122554506937559, "0,6": -0.1305784860947714, "0,7": -1.7007122494300586, "0,8": 0.7746046280614931, "0,9": 0.6609981597331736, "1,10": 1.4768853748276016, "1,11": 0.6719973529221552, "1,12": 0.810269873433231, "1,13": -1.9023783938575023, "1,2": 0.6780323171969411, "1,3": 1.2304050231611567, "1,4": 0.47771015255218163, "1,5": -1.929370594101837, "1,6": -1.7054964728120274, "1,7": 1.825894503670213, "1,8": 0.3692661251960274, "1,9": 0.4057711489197402, "10,11": -1.9052803789901689, "10,12": -1.0837830931533174, "10,13": 0.33286815633589084, "11,12": 0.8600939705454977, "11,13": -0.1415653483277679, "12,13": -0.49952079144106465, "2,10": 1.4609421658256463, "2,11": -1.2895466923871024, "2,12": -1.6965566887060466, "2,13": -1.148988049695471, "2,3": -1.6331734920638636, "2,4": 1.558827493815016, "2,5": 1.678985272917823, "2,6": 0.48931750625211423, "2,7": 1.9317798587883508, "2,8": 1.1053652608946205, "2,9": 0.21014469715292572, "3,10": -1.5929051124149947, "3,11": 1.702973479582278, "3,12": 0.8139618227738734, "3,13": -1.6225576101670716, "3,4": 1.0638692895894892, "3,5": -1.222277853342177, "3,6": -1.8108923930104375, "3,7": -1.200614693183916, "3,8": 0.326357193761476, "3,9": 0.33461699239523357, "4,10": -0.9636107115174162, "4,11": 0.746159523906833, "4,12": 0.5689839288643768, "4,13": -0.2176584393897829, "4,5": -1.0752548447728287, "4,6": -0.7853928837082571, "4,7": -0.3370348009869315, "4,8": 1.5929055083378416, "4,9": -0.7372549475116101, "5,10": -1.2509815239868378, "5,11": -0.590252785069235, "5,12": -0.12529195884816913, "5,13": 1.5113640860345505, "5,6": 0.15846462885814638, "5,7": -0.9246868835854394, "5,8": 1.5786097884123689, "5,9": -1.4803145971782872, "6,10": -1.7051850509662603, "6,11": 0.9853671042640499, "6,12": -0.10219102777062039, "6,13": 1.7407691239552499, "6,7": -1.692880949852468, "6,8": 1.4052997720885232, "6,9": 0.7123395931219023, "7,10": 0.669597216080954, "7,11": -1.0644668219566542, "7,12": -0.04808721629915569, "7,13": 1.0041519079859835, "7,8": 0.02253323499721649, "7,9": -0.8363256288850685, "8,10": 1.5442602019598004, "8,11": -1.177994363819359, "8,12": 1.1876507988363958, "8,13": 1.158653038769573, "8,9": -1.201286953934603, "9,10": -0.4217436449449945, "9,11": 0.8674822266538995, "9,12": -1.7390914550011338, "9,13": 1.31776284207823}, "bias": {"0": -0.9232932550066157, "1": 0.14213699894726228, "10": -0.23082722986472692, "11": -0.6596561884345074, "12": 0.01864534288133024, "13": -0.4536672813583076, "2": -0.04385965425086091, "3": -0.3947381358490336, "4": -0.13712030662353403, "5": 0.18538793376034635, "6": -0.43699433416058087, "7": 0.6229540057604566, "8": 0.040042999805054436, "9": 0.659945065379836}}