{"Q": {"0,1": 0.9627014341735101, "0,10": 1.8158593654251654, "0,11": -1.0812357497557818, "0,12": 0.9291775785917462, "0,13": -0.9042995709721922, "0,14": -1.7957678663345682, "0,2": -0.7902111217466032, "0,3": -1.0498735689051735, "0,4": 0.884026961859667, "0,5": -1.7888253251553063, "0,6": 0.20592435165624146, "0,7": -0.8112343956583361, "0,8": -0.35480336597284134, "0,9": 0.862468052141125, "1,10": 1.387506910745608, "1,11": -0.9081587502397594, "1,12": 1.5847534000019223, "1,13": -1.5766656106077899, "1,14": -1.4818259638080327, "1,2": -0.7483022685614933, "1,3": 1.7444513517469211, "1,4": -0.5100298302133299, "1,5": -0.5635843892878865, "1,6": -1.1955883824031113, "1,7": -0.2470352260741273, "1,8": -0.8223794237102635, "1,9": 0.2991123040246517, "10,11": 0.20338831325688744, "10,12": -0.8028370091427028, "10,13": 1.7775209802338572, "10,14": -0.8657650551501472, "11,12": -0.35171869325397553, "11,13": 0.6785350041718026, "11,14": 1.016424696487924, "12,13": -1.4144778866845407, "12,14": 0.7195165861908608, "13,14": 1.5460991630385057, "2,10": 1.6074742036109195, "2,11": -0.27893432027413656, "2,12": -1.2009800335680194, "2,13": 1.8830051834556585, "2,14": 0.5323823376404437, "2,3": -1.1370838593829644, "2,4": 1.4126978954493041, "2,5": -0.7095416407509134, "2,6": -0.30889821358420155, "2,7": -1.4184613262034493, "2,8": -1.4180502877167966, "2,9": 0.6450935197256555, "3,10": -0.9866103474852528, "3,11": -0.6496150336461666, "3,12": -0.8233070620154868, "3,13": -0.1509651519799191, "3,14": -0.4265044598606442, "3,4": -1.125504171931183, "3,5": -0.3170209674748907, "3,6": -1.8541839014339545, "3,7": 0.12422181439673396, "3,8": -0.1924962037552782, "3,9": 0.6948294358120943, "4,10": -1.7492541475698395, "4,11": 0.8878362378767881, "4,12": 1.6859273918139035, "4,13": -1.0023864931702757, "4,14": 0.1691887111361221, "4,5": -0.45503429014781815, "4,6": 1.109423133695901, "4,7": 0.8899618792373598, "4,8": -1.001000157259475, "4,9": -0.8798159663154026, "5,10": 0.9842042524193779, "5,11": -0.6927776490570201, "5,12": -0.40651654265235804, "5,13": -1.6763382434052225, "5,14": 1.6096767301462505, "5,6": -1.7424052107861874, "5,7": 1.5352078973229175, "5,8": 1.3996165641204952, "5,9": -1.804528381737418, "6,10": 0.2694079208807074, "6,11": 1.9659177965820294, "6,12": -1.1598271524428818, "6,13": 1.2057382318945757, "6,14": -1.4527317410542206, "6,7": -1.4748248792452245, "6,8": 1.1831478787578167, "6,9": 0.011555537009328987, "7,10": -1.500949594320736, "7,11": -0.6002427077713133, "7,12": 1.2115128325198827, "7,13": 1.3494751951352928, "7,14": -1.7663468513386666, "7,8": 1.5702912589421074, "7,9": 0.34587955612240284, "8,10": -1.3358975365662777, "8,11": 0.15602014356504057, "8,12": -0.010827642754221767, "8,13": -0.3684990111174713, "8,14": 1.8280288127920334, "8,9": -1.102170945496114, "9,10": 1.6488283641856896, "9,11": 0.07506445056067124, "9,12": 0.1274673549805967, "9,13": 1.8494943307789202, "9,14": 0.37550055750876554}, "bias": {"0": 0.9418996149892813, "1": 0.028534432478838134, "10": 0.28310399423191335, "11": -0.10283831221560291, "12": 0.8123845917757526, "13": 0.29222554840027315, "14": 0.7903839059234827, "2": -0.9212616248345058, "3": 0.872720541239465, "4": -0.2926355849209621, "5": 0.7090662413707274, "6": 0.12307517981763683, "7": -0.3921712681494218, "8": 0.2978618035166565, "9": -0.7546469163764047}}