{"Q": {"0,1": -1.3250600681411315, "0,10": 0.9365479811240278, "0,11": -1.5396384727730767, "0,12": -0.0864774055321873, "0,13": 0.13846106953806858, "0,14": 1.2435137415432505, "0,15": 1.7908971985410158, "0,16": -1.5445713369093705, "0,17": 1.560043519488322, "0,18": 0.6308368411430001, "0,2": -0.2698351105222625, "0,3": -0.6854970185348419, "0,4": -1.8820413618270964, "0,5": -0.7749158122444366, "0,6": 0.5932883845763621, "0,7": 1.7596941248889997, "0,8": 1.7014042724974079, "0,9": -0.635132901026537, "1,10": 1.7170399234206348, "1,11": 1.6299271882734545, "1,12": 0.3612902969749161, "1,13": -1.476215428249327, "1,14": 1.0457687554334405, "1,15": -0.8740194818965361, "1,16": 1.5897295299334413, "1,17": 1.764731914719408, "1,18": -1.2124593592967394, "1,2": -1.3183665578545187, "1,3": -0.628328134053898, "1,4": 1.4565195047860438, "1,5": -1.6984769796845667, "1,6": -1.5604489083974564, "1,7": 1.3139923881421383, "1,8": 0.8173031051175474, "1,9": -0.6721709719772013, "10,11": 0.5101520382931883, "10,12": -1.5706930307771678, "10,13": -1.9426864338598215, "10,14": 0.11909051296331663, "10,15": -0.7746173319493961, "10,16": 0.6535547419048284, "10,17": 1.8841457973630233, "10,18": 1.0001714956746848, "11,12": -0.981509099472579, "11,13": -0.697451562831656, "11,14": 0.31173433667175887, "11,15": 1.3967526316164185, "11,16": -1.5482065815968884, "11,17": -0.23488532509200466, "11,18": 1.7587239334009146, "12,13": -0.9552990393275951, "12,14": 1.2819337464373013, "12,15": -1.2281378766035713, "12,16": 0.1659396353495759, "12,17": 1.9447040496871035, "12,18": 0.6897484891896672, "13,14": -1.4680389564134426, "13,15": -0.48322146646556874, "13,16": 0.6727944893290463, "13,17": -0.14179970581121548, "13,18": -1.8075334980632394, "14,15": 1.604812172915382, "14,16": -1.814860919316124, "14,17": 0.8659008441565135, "14,18": 1.163114669463838, "15,16": 0.5717663627562621, "15,17": -0.014077248553354238, "15,18": 1.707597765975715, "16,17": 0.9155014494149589, "16,18": -1.1022841494123794, "17,18": 1.5413994048678066, "2,10": 1.5689226335884654, "2,11": -1.6116683937743277, "2,12": -1.6240768049500707, "2,13": -1.709364379832873, "2,14": -1.4012937164760362, "2,15": 0.5200554800446864, "2,16": -0.41526342917314585, "2,17": 1.3960962360865419, "2,18": 1.8586962233381685, "2,3": -1.4977681147504827, "2,4": -0.700565155469457, "2,5": -0.23842109893806196, "2,6": -0.3118551619002492, "2,7": -0.678297197248197, "2,8": -0.5374973528971121, "2,9": 1.6113668481548138, "3,10": -1.919242060436976, "3,11": -1.4438367368597977, "3,12": 0.3986840482671159, "3,13": -1.6638043520754007, "3,14": 1.9378806731093698, "3,15": 1.6166920949660466, "3,16": 0.8236829358613789, "3,17": 0.4757602559566716, "3,18": 1.9120934402526037, "3,4": 0.17156328883697558, "3,5": 0.3518610172425958, "3,6": 0.28063794220057847, "3,7": -0.7048088892199611, "3,8": -1.8346617464078436, "3,9": -1.8120913994043022, "4,10": 1.111018544948219, "4,11": 1.6459092462349614, "4,12": -1.4146972621092404, "4,13": 0.23075685568498772, "4,14": 0.6556140629821807, "4,15": 1.8668943840635888, "4,16": -1.159026404363793, "4,17": -0.7980035278573836, "4,18": 0.8969595848909857, "4,5": -0.0046027961804453454, "4,6": -1.0471498594497466, "4,7": -0.8822010193559233, "4,8": -1.9324559756932196, "4,9": -1.2977336773611419, "5,10": 0.35468012500252755, "5,11": 0.028630488688908162, "5,12": -1.2753622099206567, "5,13": 1.787715815664003, "5,14": 1.9084431993834858, "5,15": -1.5835977837517645, "5,16": 1.380345179635138, "5,17": -0.22338095981786799, "5,18": -1.4792598184311756, "5,6": 1.4243894802056607, "5,7": 1.850062758600413, "5,8": -0.9781017700338333, "5,9": -1.5486206557864959, "6,10": 0.19303637894747983, "6,11": -0.3744027748472889, "6,12": -1.218065720971369, "6,13": -1.1145014001650635, "6,14": 0.6939479960208663, "6,15": 0.5401053236985307, "6,16": 0.21413986423543152, "6,17": 1.8825096772376102, "6,18": 0.9398258221712936, "6,7": 1.5113577585789288, "6,8": 1.9136781992244467, "6,9": -1.484173657475754, "7,10": 0.45496207888685136, "7,11": 1.61092809938412, "7,12": -0.6161832048826974, "7,13": -0.7701298077910037, "7,14": 0.9063091667598804, "7,15": 1.6712816392981202, "7,16": 0.7754336695171831, "7,17": 1.2473193178181452, "7,18": -1.5132704409948485, "7,8": -1.2154515345562653, "7,9": -1.8074459582506908, "8,10": 1.7458471512498681, "8,11": 0.8513750711159696, "8,12": 1.1210193331713127, "8,13": -1.295118457965692, "8,14": -1.7029879830526955, "8,15": -0.628012245028712, "8,16": 0.3811772993428302, "8,17": 0.6690996498125132, "8,18": 1.714314434630272, "8,9": 1.324756912401725, "9,10": -0.4257321368299767, "9,11": 0.10341670368872835, "9,12": 1.7178969550133965, "9,13": -0.6065172507027556, "9,14": -1.4791138881907706, "9,15": 1.2936087481114495, "9,16": 0.2669099705845128, "9,17": -0.9269591387232543, "9,18": 0.2473044159096469}, "bias": {"0": 0.2209985438946127, "1": -0.738226497635702, "10": -0.9918235253456282, "11": -0.30718342199493565, "12": 0.31886952525281553, "13": 0.9468552141397168, "14": 0.7480355170763746, "15": -0.7642177601496463, "16": 0.8365241260836676, "17": -0.3364448627713268, "18": -0.6754556775164373, "2": 0.4849513536683281, "3": -0.7836175521958395, "4": 0.007805810840685323, "5": -0.6411662622424894, "6": -0.42034688836871403, "7": 0.7814604643507361, "8": 0.162227858636542, "9": 0.3876362874676744}}