{"Q": {"0,1": 1.8707610490392401, "0,10": -0.4489801617479152, "0,11": -0.11282228101315628, "0,12": -0.3326685157527334, "0,2": 1.8925088580193727, "0,3": 1.9749573838699268, "0,4": -1.6873278624658314, "0,5": -0.5393317005051417, "0,6": 0.07027657340076443, "0,7": 1.8028324473360833, "0,8": 0.6017629961541004, "0,9": 1.6263803686366782, "1,10": 0.6715796319682577, "1,11": -1.5054096591084876, "1,12": -1.5180685104946519, "1,2": 1.218748111959549, "1,3": -1.426597383247005, "1,4": -1.852675489537308, "1,5": 0.27132852551196507, "1,6": 1.348964636639551, "1,7": -0.6213846720774798, "1,8": 0.7976284970930365, "1,9": -0.10147634532746608, "10,11": 1.69392067844693, "10,12": 1.536917818075647, "11,12": -0.9074898363089887, "2,10": -0.9097004358520424, "2,11": 0.7804360297463147, "2,12": 1.6775995108815653, "2,3": -0.3329403735948029, "2,4": -0.7145371789116357, "2,5": 0.4630504279599825, "2,6": 0.6115431546128431, "2,7": 0.039898392425060436, "2,8": 0.4290150161415811, "2,9": -0.33368769900278306, "3,10": -0.5093531520533987, "3,11": 0.7452239914299175, "3,12": -1.6923275993123257, "3,4": -1.2455926669050705, "3,5": -1.2193638843093777, "3,6": -0.02012681839036823, "3,7": 1.0055222353719167, "3,8": -0.09557563516132594, "3,9": 0.03358631471727369, "4,10": -1.6799277454200898, "4,11": -1.9899894255384103, "4,12": 0.5197042426535381, "4,5": -1.021929718116306, "4,6": -1.400970330557187, "4,7": -1.976013553571586, "4,8": 1.4682888258946134, "4,9": -1.1624376516748978, "5,10": 1.6203212767729913, "5,11": -0.868171758605921, "5,12": -0.6603690301445186, "5,6": -0.38997511878437896, "5,7": 1.4299995752386079, "5,8": -0.7027030517196104, "5,9": -0.16292363421272915, "6,10": -1.5492314312713482, "6,11": 0.878691887435644, "6,12": -0.4885713311281039, "6,7": -1.576140350483532, "6,8": 0.44548384905428495, "6,9": -1.3121240891079422, "7,10": 0.7696722158244933, "7,11": -0.005084767569113691, "7,12": -1.2152621338716472, "7,8": -0.5724802637221131, "7,9": 1.6978976304295328, "8,10": -0.7603750367009767, "8,11": -1.608528086112352, "8,12": 1.0255013437617864, "8,9": 0.7033860351444634, "9,10": 1.8405782725967441, "9,11": -1.3268280751850998, "9,12": -0.4755692958562583}, "bias": {"0": -0.32819986552359115, "1": -0.6017589869527884, "10": 0.7456210813912572, "11": 0.5958705738299523, "12": 0.9102515714806243, "2": 0.03926802922116046, "3": 0.40537682817125753, "4": -0.22167799382263853, "5": -0.49903592767711613, "6": 0.8705285456218572, "7": 0.913526800209085, "8": -0.23783329927334407, "9": -0.8237366607931988}}