{"Q": {"0,1": -1.972306431781162, "0,10": -0.6979948260008029, "0,11": -1.8915907683748747, "0,12": 0.35949052816373994, "0,13": 0.719419984347613, "0,14": 1.1924005428377464, "0,2": -0.20700919070704193, "0,3": -0.10661621294629242, "0,4": -1.4860153632610822, "0,5": -1.1883195234490147, "0,6": 0.6059069243470776, "0,7": 1.8018745451158007, "0,8": -1.988675414979172, "0,9": 0.8270081574009907, "1,10": 0.5457812942381013, "1,11": -0.30343773625625836, "1,12": 0.6890944230803902, "1,13": 0.3582919084153313, "1,14": 1.324743012352957, "1,2": 0.5449719860028539, "1,3": 1.7314387075486763, "1,4": -1.0028536977248859, "1,5": -1.615668704150845, "1,6": -1.3192089961896492, "1,7": -0.8867112213743589, "1,8": -0.5305607508161132, "1,9": 1.427220225837655, "10,11": 0.8743321658141974, "10,12": -0.7422024915336105, "10,13": 0.4855513642347171, "10,14": 1.4131221855916407, "11,12": 0.24945099367787504, "11,13": 1.8466238715988519, "11,14": -1.8441147493433756, "12,13": -0.4442072042151257, "12,14": -0.6285731448857952, "13,14": 0.9667761798510108, "2,10": -0.4200406735013962, "2,11": 0.5155843959398503, "2,12": 1.8251746658631918, "2,13": -0.8849752534104165, "2,14": 1.1804421560261753, "2,3": -1.1662289429577628, "2,4": -1.0682122180924418, "2,5": 1.6769916426298588, "2,6": 0.8403856650027026, "2,7": -0.5482275349515118, "2,8": 1.5743880683652853, "2,9": -1.9147215899025247, "3,10": -0.42037515867323094, "3,11": 0.6718322933682388, "3,12": 1.7699205832469702, "3,13": 0.9706020138162601, "3,14": 0.850666565793996, "3,4": -0.9487972587817928, "3,5": -0.8036085849601995, "3,6": 0.7148380242544987, "3,7": -0.7308035336607168, "3,8": -0.5843048662291017, "3,9": 1.4403221631626089, "4,10": 1.9177940856986804, "4,11": 0.17657749536902045, "4,12": -0.8362084331497139, "4,13": -1.0455467731485943, "4,14": -1.3742884767290926, "4,5": 1.3703084642083136, "4,6": 0.14973838186980215, "4,7": -1.106989754054481, "4,8": 0.8828793615188948, "4,9": 0.7785793299379962, "5,10": 1.6668345972519067, "5,11": -1.5614289872663383, "5,12": 1.7581869368473253, "5,13": 0.7589794600080637, "5,14": 0.12253201869326791, "5,6": 0.8260427003087836, "5,7": 1.285333403737054, "5,8": -0.7688236487294895, "5,9": -1.4919679319500698, "6,10": -1.9503433268238255, "6,11": -1.0092119866903126, "6,12": 0.10791860863433733, "6,13": 1.5035379539957807, "6,14": -0.3519719824685561, "6,7": -1.209522356420115, "6,8": -0.7276716712998721, "6,9": -1.2689146682494208, "7,10": -1.6163956245841455, "7,11": -0.3690551919940783, "7,12": -1.3017679348561586, "7,13": 0.3278694753891678, "7,14": -1.6952554780656772, "7,8": 0.2428023390895322, "7,9": -0.14574261884337947, "8,10": 1.8717745425608467, "8,11": -0.4628458804517668, "8,12": -1.8968847115907068, "8,13": -0.8102707149217916, "8,14": -0.1792394544816478, "8,9": 0.9473968038105007, "9,10": -1.5842836074883064, "9,11": -1.3860176990191584, "9,12": 0.6371659349924879, "9,13": 1.5102997116159504, "9,14": 0.9889674835911286}, "bias": {"0": 0.6726107864899888, "1": 0.8887405408452016, "10": 0.4993045509708576, "11": 0.7652284327148227, "12": 0.6988631570380901, "13": 0.636155997301084, "14": -0.994307312538816, "2": 0.6406993695868941, "3": -0.9396488682045028, "4": -0.8749864299486316, "5": -0.321714204543496, "6": 0.0316671227276093, "7": 0.8993286202568749, "8": 0.7717302908194414, "9": -0.7901592208263233}}