{"Q": {"0,1": 0.3048587187266114, "0,10": 1.9858182307517076, "0,11": 0.6451889013032823, "0,12": 1.7614071030717282, "0,13": 1.1791240173412385, "0,2": 1.300111201073506, "0,3": 0.4754606032446911, "0,4": -1.6363504632978731, "0,5": -0.1536054674161651, "0,6": 1.0448673300656313, "0,7": -1.6076245295105456, "0,8": 1.9474879408030068, "0,9": -1.1414874285557959, "1,10": -1.2081134836375997, "1,11": 1.9726117158564542, "1,12": -1.6695552957940514, "1,13": -0.937567515701256, "1,2": 0.06277228274054902, "1,3": 1.9873341283716432, "1,4": -0.7281744461855002, "1,5": 0.7838633953715948, "1,6": 1.2425676276421167, "1,7": 1.1958099344243664, "1,8": -1.5547791560473319, "1,9": -0.05592544089149243, "10,11": 1.3847828145615386, "10,12": 0.9909738801037644, "10,13": -1.3609371891078204, "11,12": -0.5115297604239388, "11,13": 1.8564857922817102, "12,13": -0.6797748486472743, "2,10": 1.1928871810615451, "2,11": 1.2732069747176773, "2,12": -1.9304757156622534, "2,13": -1.0900430653605166, "2,3": -0.07434792594592343, "2,4": 0.8359425633635502, "2,5": 1.9050492770082585, "2,6": 1.685101062959629, "2,7": -1.3377930928657924, "2,8": -1.4618310344309746, "2,9": -1.886477122555998, "3,10": -1.7486254777710455, "3,11": 0.27327150023583124, "3,12": -1.1774635610738393, "3,13": 1.5522517756180854, "3,4": -0.07248830172055376, "3,5": -1.70572118493273, "3,6": -0.9236096331045625, "3,7": -0.6143318880804363, "3,8": -1.0725290023250813, "3,9": 1.8178987041073174, "4,10": -1.7584894496350012, "4,11": 0.2211274802835077, "4,12": -0.705195009366236, "4,13": 0.08580870764703219, "4,5": -0.27634720475562036, "4,6": -0.05433161429302036, "4,7": 1.306872203729954, "4,8": -0.5749894215821727, "4,9": 0.1726501284849844, "5,10": 0.35708142730047365, "5,11": -0.5811191484637139, "5,12": 0.5101005768597506, "5,13": -0.7289074443725299, "5,6": 0.9225613787873033, "5,7": -1.9023410089478672, "5,8": 0.6051323850897905, "5,9": -0.30352454294907494, "6,10": -1.017169159946747, "6,11": 0.1987261631152819, "6,12": 1.070082331538495, "6,13": 0.14334158080176973, "6,7": 1.402833068339206, "6,8": 1.7222170470444471, "6,9": -1.8261459810012535, "7,10": -1.058979599900598, "7,11": -0.2626470969870702, "7,12": -0.9318319877325689, "7,13": 0.9924791060727216, "7,8": 0.9604588037426884, "7,9": -1.0456291550640802, "8,10": 0.7157554306392488, "8,11": 0.7635484638635424, "8,12": -0.7610738393764023, "8,13": -0.9091930137748387, "8,9": 0.9781490796907879, "9,10": -1.80811323740163, "9,11": -1.7573535305385488, "9,12": 1.1794174556097552, "9,13": -1.672377163495948}, "bias": {"0": -0.18937326381355635, "1": 0.26304058455080126, "10": 0.9992915902946042, "11": 0.8025488539825112, "12": -0.6415345085329962, "13": 0.4282624008300797, "2": 0.7458450682182332, "3": 0.34572447263802264, "4": 0.13673013797987643, "5": -0.3732505640131205, "6": 0.41770568450465695, "7": -0.9377592006406428, "8": 0.449884030219345, "9": -0.4524919008934316}}