{"Q": {"0,1": -1.7625004468302978, "0,10": -0.860470227166839, "0,11": -1.9237696266626259, "0,2": -1.0460198397367741, "0,3": 0.37333916251096433, "0,4": 1.8545975417526175, "0,5": -1.083729346527344, "0,6": -0.2817832080022922, "0,7": -1.7123821141874513, "0,8": 1.9342023755033293, "0,9": 0.7279681422544573, "1,10": 1.6060627338880753, "1,11": -0.8680115907885471, "1,2": -1.445358596654116, "1,3": 0.6058737364020375, "1,4": -1.0384772013607035, "1,5": 0.17943145442343855, "1,6": 1.8549464902968817, "1,7": 1.5668373702039542, "1,8": 1.6651812228331773, "1,9": 1.4773166987620652, "10,11": 0.11753081614430005, "2,10": 0.6757339035809311, "2,11": -0.6807221101951955, "2,3": -0.6529390834654736, "2,4": -1.7531486776717018, "2,5": -0.4605252483494109, "2,6": 1.6695055848266644, "2,7": -0.18496698870961437, "2,8": -1.1946854710273058, "2,9": 0.19213545994266523, "3,10": -0.4896025480062529, "3,11": -1.1778560041771238, "3,4": 0.9605720402463049, "3,5": -0.09785545545080288, "3,6": -0.8474139201279787, "3,7": 0.9586680341247069, "3,8": 1.274831750349787, "3,9": 0.9131329479606727, "4,10": 1.474706630794477, "4,11": -1.4876553374956147, "4,5": 1.8590074976149005, "4,6": 1.4403019242279669, "4,7": -0.8608965732442386, "4,8": -1.184594624122806, "4,9": -1.0867457073957691, "5,10": -1.2839827930709453, "5,11": 1.7592480612333357, "5,6": -0.5686729470166028, "5,7": 1.8953835108723656, "5,8": 0.8399343958735024, "5,9": -1.8641004362440934, "6,10": -1.5207618138957923, "6,11": 0.5741626304353544, "6,7": 1.6740633322151517, "6,8": -0.8313573187039589, "6,9": 1.5394998871369316, "7,10": 0.17032308846807975, "7,11": 0.8436229096029759, "7,8": -1.9683643229635797, "7,9": -0.3719189298369656, "8,10": 1.0411697312633246, "8,11": -0.03545983366165917, "8,9": 0.26705024974094593, "9,10": 0.15132559960959524, "9,11": 0.31037625990003903}, "bias": {"0": -0.6244352763342109, "1": 0.198792566703496, "10": 0.4689508941029279, "11": -0.25384451135307473, "2": -0.7152856305780704, "3": 0.8112601930420573, "4": 0.8635656142412425, "5": -0.9344650259562854, "6": 0.49095860355516385, "7": -0.9122700082766739, "8": -0.6310531787721296, "9": 0.9097720375858318}}