{"Q": {"0,1": 1.0291142637487645, "0,10": 0.9455211362771005, "0,11": 1.520271954686907, "0,12": -0.6392096759430546, "0,13": -0.24976601943003285, "0,14": -0.7785820326001125, "0,15": -0.8859548734785516, "0,2": -1.4955985516496249, "0,3": 1.4072224365688957, "0,4": -1.8185153855962084, "0,5": 1.6451986373859881, "0,6": -1.17022195144656, "0,7": -1.9276615432333712, "0,8": -1.263102283885425, "0,9": -0.5409793599692585, "1,10": -0.22674512779517508, "1,11": -1.657790223861376, "1,12": -1.5091843522693278, "1,13": -1.2485747657255306, "1,14": 0.08453723639360522, "1,15": -0.49655893739233115, "1,2": 1.9859426450305633, "1,3": 1.4346266610474405, "1,4": 0.7372766700490989, "1,5": 0.8276749681194797, "1,6": -0.1812920458432732, "1,7": 1.8843531386196108, "1,8": -0.8063063835423541, "1,9": 1.3963014700484426, "10,11": 0.9073180064338806, "10,12": -1.0249421531484426, "10,13": -1.0282375044997027, "10,14": -1.9887775678331754, "10,15": -0.15678470550233037, "11,12": 1.3793604111808424, "11,13": 1.3215941721942768, "11,14": 1.2559880811222062, "11,15": -1.1312774229732616, "12,13": 1.903099229500547, "12,14": -1.7933732453768676, "12,15": -1.8764995328826455, "13,14": 0.670323364073905, "13,15": 1.5433312941416228, "14,15": -1.7250550415063204, "2,10": -0.21862434151358734, "2,11": -1.3628350017803337, "2,12": -1.8392058728620824, "2,13": -0.10061715460209575, "2,14": -0.8147700807139286, "2,15": -0.19471006581722783, "2,3": -0.05527803425713973, "2,4": 0.4608469094940508, "2,5": 1.2341828411598006, "2,6": 1.8082356327240623, "2,7": 1.132365751233682, "2,8": 0.42669018587663565, "2,9": 1.8232405760218957, "3,10": -1.6761531760600774, "3,11": -1.8909737093021572, "3,12": -1.9253632025095082, "3,13": 1.492318404959391, "3,14": 1.8958514215639353, "3,15": -0.35551469831796023, "3,4": -0.5591669230989145, "3,5": -0.4378030757955358, "3,6": -1.078524163156644, "3,7": 0.09692179570692971, "3,8": -0.8332615613397376, "3,9": 1.0798027928553986, "4,10": -0.3442016996667183, "4,11": -1.7783391134095035, "4,12": 0.0477028148809473, "4,13": 0.7970757089114171, "4,14": 0.6208857101430363, "4,15": -0.7964590461424468, "4,5": -0.15419854461086846, "4,6": -1.3460188431255347, "4,7": -1.2688607800022171, "4,8": 0.21182847115834935, "4,9": 1.736369616879227, "5,10": -0.37422351065420445, "5,11": 1.1317159104500267, "5,12": 1.5587428972836386, "5,13": 1.4966448037942262, "5,14": -1.0692184662123032, "5,15": 1.122897473809226, "5,6": 0.5798913127114114, "5,7": 1.673734731701241, "5,8": -0.23557067842084134, "5,9": -0.32195243389950523, "6,10": 1.2533333859858242, "6,11": -0.6746813688834221, "6,12": -1.5405778439625477, "6,13": -1.8796198971954108, "6,14": -0.5079260468244051, "6,15": 1.4955991014917354, "6,7": -1.264096385364585, "6,8": -0.41723796975993066, "6,9": -0.10697518821399798, "7,10": 0.5442847490234919, "7,11": -1.1518180646478955, "7,12": 0.7862277335743504, "7,13": -1.849505603358974, "7,14": 1.1562426916710056, "7,15": 0.8725160123173699, "7,8": 0.5558764036607329, "7,9": 1.9124430109412471, "8,10": -0.6111596834629371, "8,11": -0.8868323889298688, "8,12": -0.5575078987148974, "8,13": 1.5728190079750144, "8,14": 1.2032110259897544, "8,15": 1.872982478372212, "8,9": -1.8835639086787435, "9,10": -1.18273134328753, "9,11": 1.646211208051064, "9,12": -1.2122014871974884, "9,13": -0.6262854482867835, "9,14": -1.2997251969750563, "9,15": 1.82273910261116}, "bias": {"0": 0.09689930949809189, "1": 0.8282487745368523, "10": 0.836963701675649, "11": 0.7245668146184792, "12": 0.6807935493747814, "13": 0.46867721530371087, "14": 0.0810773673619467, "15": -0.8812073086634802, "2": -0.040642392535230165, "3": -0.9945409001744256, "4": 0.9226105448107704, "5": 0.8432038571275418, "6": -0.26900886110396915, "7": 0.004244512638348352, "8": 0.925840825127116, "9": 0.12812900987857456}}