{"Q": {"0,1": 1.744332038929124, "0,10": 1.8993842327180834, "0,11": -0.13477473328525358, "0,12": -1.6752286672237875, "0,13": -0.2970230724927898, "0,14": -0.8621191368185688, "0,15": 0.27439408103306784, "0,16": 1.319444044566918, "0,17": 0.020079486055538, "0,18": 1.8960775233963605, "0,2": 1.9590148400601608, "0,3": -1.1504358348642723, "0,4": -0.34948750345960367, "0,5": 0.8304100070379836, "0,6": -0.8559053491547934, "0,7": 0.04535470644882489, "0,8": -1.009288862873443, "0,9": -1.912539058690697, "1,10": -0.8194575785497569, "1,11": -1.9247458064340344, "1,12": -0.43596372015281704, "1,13": 0.2551415133837551, "1,14": 0.41624337509101705, "1,15": 0.10854960168122663, "1,16": -0.07980140761766163, "1,17": 0.7816196044612664, "1,18": 0.9786711291448316, "1,2": -1.9241016832603495, "1,3": -0.9015367509650853, "1,4": 0.6249604326858411, "1,5": -1.8454544213028319, "1,6": -0.1841720655870147, "1,7": 0.3684400626787059, "1,8": -1.341821169634264, "1,9": 1.0545256537006482, "10,11": -0.7255155192514011, "10,12": 0.9947346062012548, "10,13": 0.3929319471686439, "10,14": -0.6979719718631818, "10,15": 1.60599898894728, "10,16": -1.0855226749266351, "10,17": -1.959781883934614, "10,18": 0.14614684689554913, "11,12": 1.239648263518153, "11,13": 0.9597003432466593, "11,14": -0.7917768243776777, "11,15": 0.473138514330115, "11,16": 0.05420406065613692, "11,17": -1.6697291930637013, "11,18": -1.3621128581671722, "12,13": 1.1175127071241358, "12,14": -0.304116325974606, "12,15": 1.9278951933117576, "12,16": 1.7689715581305254, "12,17": 1.925202982747542, "12,18": 1.1037954838665374, "13,14": 0.8297748754710907, "13,15": -0.28004098005887634, "13,16": 1.1757947515794291, "13,17": 0.6653744204410574, "13,18": 1.8001080374416358, "14,15": 0.6455206874877546, "14,16": -1.8661276608800925, "14,17": 0.5803718346474431, "14,18": -0.1495248291066007, "15,16": 0.3902695829437879, "15,17": 0.8625440807825497, "15,18": -0.24146456343274947, "16,17": 1.3987467584990645, "16,18": 1.0703372749525242, "17,18": -1.2468290048895567, "2,10": 1.482985772599247, "2,11": 0.11901742023450135, "2,12": -0.08083229252794677, "2,13": -0.2741535002985347, "2,14": -0.6655298857067926, "2,15": -0.1607973304270205, "2,16": -0.3169253895683499, "2,17": -1.9676705866731075, "2,18": 0.7335277961935769, "2,3": -0.9672610304841887, "2,4": 0.4029513021697606, "2,5": 1.1845119401961721, "2,6": 1.0899888773269835, "2,7": -1.7399551423830864, "2,8": -0.992293354343825, "2,9": 1.4858191457346237, "3,10": -1.4202414597001427, "3,11": 0.23226226901956082, "3,12": 1.9797833358274914, "3,13": 0.041029773057845276, "3,14": -1.628555698198852, "3,15": -0.8251966836685449, "3,16": -0.32860797946144693, "3,17": 1.927452567459281, "3,18": -0.04724602638939901, "3,4": 1.6937299334320293, "3,5": 1.3490226273634773, "3,6": 1.18746058691743, "3,7": 0.08429609656541359, "3,8": -1.92267831138359, "3,9": 1.7928070191027934, "4,10": 0.3757313021543558, "4,11": 1.8660812807506693, "4,12": 1.8682601275992217, "4,13": -0.4802486777864563, "4,14": 0.8883287260993296, "4,15": -1.0990803503435465, "4,16": 1.4556300631745782, "4,17": 0.7614238687976176, "4,18": 1.0398685604037787, "4,5": 0.9312272119524443, "4,6": 0.20389734804760717, "4,7": 1.7921078552532892, "4,8": -0.4203407207641363, "4,9": 0.8939509136809698, "5,10": -0.057380198544967786, "5,11": 1.40310452407418, "5,12": -1.4900601606576798, "5,13": -0.7798295966383781, "5,14": -1.3009411696147914, "5,15": 1.8133354903504766, "5,16": 1.995406391280632, "5,17": -1.1843977001706274, "5,18": -1.1591265163143039, "5,6": 1.2496951731441874, "5,7": -0.31256769196530954, "5,8": 1.4847650904936134, "5,9": 0.15079474666810677, "6,10": 0.36696285229652936, "6,11": 0.6728116511670734, "6,12": 1.724141498129152, "6,13": 0.09081047465569547, "6,14": -0.8981169074541802, "6,15": -0.706144207616171, "6,16": 1.0243944908441187, "6,17": -1.2094036517822828, "6,18": 0.5356127854859292, "6,7": 0.7867629363597173, "6,8": -0.8034143994226977, "6,9": -1.9089536613352642, "7,10": 0.6909902321998578, "7,11": -1.8281342455563312, "7,12": -0.8969481235959562, "7,13": -0.6441789714031363, "7,14": -0.3095988042702098, "7,15": 1.4514571372414156, "7,16": 1.6564240471208649, "7,17": -0.7545843367302569, "7,18": 1.021238998081218, "7,8": 0.9052906593731147, "7,9": 1.5019501096973689, "8,10": -0.7311407548721283, "8,11": -0.30998382288776805, "8,12": -0.7926632968105958, "8,13": 1.7061094609715006, "8,14": -1.7792376397873269, "8,15": -1.5220694017628702, "8,16": -1.1036522070796444, "8,17": -0.048627563832162046, "8,18": -1.2972844709986595, "8,9": -0.2134921019492002, "9,10": 1.8701161702241942, "9,11": 0.887446664948194, "9,12": -0.5049072834179831, "9,13": 0.31173194457959363, "9,14": -0.9487560238091248, "9,15": -1.8384609980449107, "9,16": 0.5566255014487704, "9,17": 0.023089480398644557, "9,18": 1.0559620920101143}, "bias": {"0": 0.5838091890413486, "1": 0.37985385430614227, "10": -0.7882026857735724, "11": 0.4995075187131588, "12": -0.864326884990352, "13": -0.9170187815533275, "14": 0.02054531048741981, "15": 0.6892458681710052, "16": -0.9106688152697211, "17": 0.47731700658640275, "18": 0.09123398899904966, "2": 0.4702047486733725, "3": 0.46913217168672694, "4": 0.51962815729704, "5": -0.026873744395997656, "6": -0.011429706183065269, "7": -0.6631560847109361, "8": -0.8846800985839769, "9": 0.537100064431514}}