{"Q": {"0,1": -0.5347641061062105, "0,10": 0.5187510433886056, "0,11": -0.9961263709224948, "0,12": 1.9322465491412402, "0,13": 1.7064198161369757, "0,14": 0.9363663796738608, "0,15": -0.9937086739599681, "0,16": 1.4630849380622282, "0,17": -0.6177161606624932, "0,18": 0.7537350618085146, "0,2": -1.2105677438040994, "0,3": 1.4997796349313761, "0,4": -1.4996590645106562, "0,5": 1.1356398046221399, "0,6": -0.2830912314437968, "0,7": -0.9573543150769432, "0,8": -1.1558094449112208, "0,9": -0.8826735539232642, "1,10": -0.10992163069005034, "1,11": 0.3145563455342981, "1,12": -0.1072301945887042, "1,13": 0.7827255315602959, "1,14": -0.5587626275552995, "1,15": 1.4930998195729623, "1,16": 0.35007756258440903, "1,17": -1.883561928680169, "1,18": -0.8611633945211392, "1,2": 0.0030516966465246043, "1,3": 0.9547787783684565, "1,4": 0.24966290458194607, "1,5": -1.7156121459757672, "1,6": -0.6630370792061213, "1,7": 1.000804993993786, "1,8": -0.011597124959562333, "1,9": 0.13037990107709652, "10,11": 0.7512325438275487, "10,12": -1.2023956103470899, "10,13": 1.4608259544810798, "10,14": 0.07470918926045433, "10,15": -0.8142301285085511, "10,16": -0.16023484522822118, "10,17": 0.2601876069716864, "10,18": 0.7355392216949839, "11,12": 1.1270431063083022, "11,13": -0.5822835962099573, "11,14": 1.7846713011269597, "11,15": -1.95399942064875, "11,16": 1.7219289003526344, "11,17": -1.4769224342062497, "11,18": -0.5652695002498809, "12,13": -0.16532314561685535, "12,14": -0.11374341682641687, "12,15": -0.13495379367573568, "12,16": 1.9290814971292587, "12,17": -0.9912064667369909, "12,18": 1.7554932292039318, "13,14": -0.6858543218863584, "13,15": 0.45721083248858285, "13,16": -1.3272292432723312, "13,17": -1.8199592288862023, "13,18": -0.5895325876694701, "14,15": 0.6737425203256562, "14,16": -0.009147992912216463, "14,17": -0.3629598234770297, "14,18": -0.5943980770845849, "15,16": -0.9038987417584639, "15,17": -1.6202935076591505, "15,18": 1.9530263836960082, "16,17": -1.5903369476685607, "16,18": 0.532990981037937, "17,18": -0.5470735683321482, "2,10": -1.3416509623278956, "2,11": -1.5705399595507443, "2,12": -0.09971648389240029, "2,13": 1.5481042599293566, "2,14": 1.75574522117157, "2,15": -1.3974626803086587, "2,16": 1.9951383531212006, "2,17": 1.3009108919640475, "2,18": 0.07116273163539466, "2,3": -1.1565489038009975, "2,4": 1.8851628830843987, "2,5": 0.328884142084775, "2,6": -1.1708346644781753, "2,7": 0.7654386293815105, "2,8": -0.3594569154615668, "2,9": 0.4162827734359946, "3,10": -0.11199527000701925, "3,11": 1.702314521344126, "3,12": 1.7957581903477053, "3,13": 0.25821523860692697, "3,14": -1.3627989662353333, "3,15": -0.1038686891640479, "3,16": 0.06837501531710766, "3,17": 1.29497981534272, "3,18": -0.5149546199461978, "3,4": 1.1423017891694487, "3,5": 1.1758278025869418, "3,6": -1.519290406371082, "3,7": 1.4214230870917066, "3,8": -1.858862463427326, "3,9": 0.056012311871561415, "4,10": -1.1822768771779244, "4,11": 0.7229642179473075, "4,12": -1.6535378695770029, "4,13": -0.6516546208795586, "4,14": 0.5646040547859177, "4,15": 0.36672177027693964, "4,16": 1.1586586711670224, "4,17": -1.6743105624579333, "4,18": -0.07460142316453222, "4,5": 1.734333849196453, "4,6": -0.06218048576978452, "4,7": 1.5800745130902847, "4,8": 0.2886486469801506, "4,9": 0.6002131774866628, "5,10": -1.7623337258938916, "5,11": 0.7546306531977631, "5,12": -1.2981399335617625, "5,13": 0.37390426636475915, "5,14": 0.01416924664688679, "5,15": -1.2721458186613464, "5,16": 1.0935386982480275, "5,17": 1.9015958817775287, "5,18": -0.14963823085856465, "5,6": 0.8160238191233158, "5,7": 0.34358223507343144, "5,8": -0.6190945886119397, "5,9": -1.7041244474904746, "6,10": -1.1577657170609261, "6,11": 0.0994898763897365, "6,12": 1.4905377722671966, "6,13": 0.2020296098857437, "6,14": -0.5551451084377979, "6,15": -1.2351456820688473, "6,16": 0.553293213922621, "6,17": -0.5221169899692475, "6,18": 0.2763833963589226, "6,7": -1.0658838195921678, "6,8": -1.2644707336473782, "6,9": 1.2690269997796482, "7,10": 1.1039178104305654, "7,11": 0.7544000911899182, "7,12": 0.9481134369426831, "7,13": -0.08394614737306894, "7,14": 0.6845014791597404, "7,15": 0.47262494541183386, "7,16": 0.3534733475526086, "7,17": -1.0822626137290303, "7,18": 0.5207734143532008, "7,8": 1.9026881286450625, "7,9": 1.8896046315270456, "8,10": -0.1377089260748221, "8,11": 1.2046874382112525, "8,12": 0.2618220271742686, "8,13": 0.7066706315194033, "8,14": 0.9276550341911176, "8,15": 1.3179569862619678, "8,16": -1.7753361372317764, "8,17": 0.5450543392480509, "8,18": 0.10345927958953816, "8,9": 0.9889346299936248, "9,10": 0.44290975935218, "9,11": -1.9164968943609968, "9,12": 0.592051869943143, "9,13": 0.851088782121542, "9,14": 0.08301530120469147, "9,15": 0.6166461103711702, "9,16": 1.297907078751754, "9,17": 0.1626501364836539, "9,18": -0.9908263237206523}, "bias": {"0": -0.3317365821537608, "1": -0.6318894066944531, "10": -0.24325124023806866, "11": 0.3512725640398837, "12": 0.0739440572451342, "13": 0.18684065722603416, "14": -0.9980410852760802, "15": -0.7051743557868635, "16": 0.44668462558599975, "17": 0.9330353781124083, "18": -0.85838972904172, "2": 0.8260146567330862, "3": -0.6114282916726352, "4": -0.6607365086285728, "5": 0.9374538274627255, "6": 0.872022091717308, "7": -0.6969781291588601, "8": 0.08925833941055039, "9": 0.8952926388896754}}