{"Q": {"0,1": -0.5156212079948999, "0,10": -0.9292407113120529, "0,11": 1.0243967098680193, "0,12": -1.4525287341736592, "0,13": 0.881876726618311, "0,14": 1.891206364963213, "0,15": 1.702887704797433, "0,16": -0.25932170013418876, "0,17": 0.42993794144701925, "0,18": -0.2069715048251859, "0,19": 0.8660623462657693, "0,2": 0.8472231896072682, "0,3": 0.040352755950024743, "0,4": 1.6894540247057863, "0,5": 1.083254961814816, "0,6": 1.6194760627049063, "0,7": -0.026681017652501637, "0,8": -0.604904945897808, "0,9": -1.4359884172139856, "1,10": -1.1483811125617902, "1,11": 1.8065101104468204, "1,12": 1.5970153152845392, "1,13": -1.4538392412946282, "1,14": -1.9845889950076008, "1,15": 1.542387058410533, "1,16": 1.5379228821788065, "1,17": -0.888234436377418, "1,18": 0.5776191060969649, "1,19": 0.7960874541472798, "1,2": 1.252261901440638, "1,3": 0.9012382450223249, "1,4": -1.6578938775089855, "1,5": -1.9777839522167389, "1,6": -1.65282573806296, "1,7": 1.9473887098860199, "1,8": -0.766010945025779, "1,9": -1.3318662932890275, "10,11": -1.050350381704769, "10,12": 0.34077382047850513, "10,13": -1.656627498206947, "10,14": -1.1087886993372318, "10,15": -0.5092719683506242, "10,16": -0.8453427841509074, "10,17": -0.7987492024123428, "10,18": -0.5334558250651167, "10,19": -1.995725870430216, "11,12": -0.6183156138402954, "11,13": 0.059277521425577184, "11,14": 1.0918349068472146, "11,15": 0.9384626043228605, "11,16": -0.6771592430279365, "11,17": -1.1597244479072168, "11,18": 1.9073809037699525, "11,19": 0.26218688891948005, "12,13": -1.000526209713155, "12,14": 1.2571023046978205, "12,15": 1.1192308503899944, "12,16": -0.3358345566018923, "12,17": -1.6025968711275107, "12,18": -1.2454119790872409, "12,19": 0.6113254525458331, "13,14": -0.40941166724813316, "13,15": 0.452306415801087, "13,16": -1.5061251312319972, "13,17": 1.9350491947341988, "13,18": 0.38924290952478646, "13,19": -0.6628871068280939, "14,15": 0.18348924576408132, "14,16": 0.661964107088477, "14,17": -0.22837343719042735, "14,18": -1.9376401761851176, "14,19": -0.9378124768192229, "15,16": 0.7441102943365512, "15,17": -1.5691690905051905, "15,18": 0.5507054868382499, "15,19": 1.107886141928434, "16,17": -0.48700520847802675, "16,18": 0.727081453073922, "16,19": -1.4561134133496871, "17,18": 0.22468457482905135, "17,19": -0.15638211717216643, "18,19": 1.70107847543904, "2,10": 1.7986901733025835, "2,11": -1.6297593419130858, "2,12": 1.6584394320289788, "2,13": -0.507707892124635, "2,14": -1.8627796530483236, "2,15": 1.8901036160088602, "2,16": -0.3798165733924317, "2,17": 0.44915056583401425, "2,18": 0.7170126280283027, "2,19": 1.6083370156026011, "2,3": 0.20385277034559657, "2,4": 1.3353227516450406, "2,5": -0.9856829502153537, "2,6": 1.6288386434972817, "2,7": 0.7106964394193391, "2,8": -1.9525536742869076, "2,9": 0.04990163413759774, "3,10": 1.3235347939785824, "3,11": 1.7301421464687525, "3,12": -1.6787154606102463, "3,13": -1.0745901046229345, "3,14": -1.4821782563947523, "3,15": 0.6114742686082519, "3,16": 1.7039528736834995, "3,17": -0.17960226260646373, "3,18": -1.602406660132241, "3,19": -0.8138022260577493, "3,4": -0.3742288532429541, "3,5": 1.3178628499855685, "3,6": -0.6745645712206194, "3,7": -1.8403175489177963, "3,8": -0.6185578982254847, "3,9": -0.9215665130122446, "4,10": -0.8040689497579114, "4,11": -1.8454004148388967, "4,12": -1.8427354315560862, "4,13": -0.825772638103647, "4,14": -0.30821059410414, "4,15": 0.6057986722526003, "4,16": 1.5114418698437388, "4,17": 0.37456814811854366, "4,18": -0.5908296874931462, "4,19": -0.10155835231340493, "4,5": 1.9768319329180897, "4,6": 0.8490198555780273, "4,7": -1.5912909551696424, "4,8": -1.7728650951749856, "4,9": -1.23095974007135, "5,10": -0.8904203114343252, "5,11": 0.1166319994444529, "5,12": 1.6878685716920483, "5,13": -1.9065733784310717, "5,14": 0.7755581045585136, "5,15": 1.3180041701458265, "5,16": 1.1551677125573696, "5,17": -1.4764130339003776, "5,18": 1.6849049094704402, "5,19": -0.18399595716150063, "5,6": -1.4205426921494504, "5,7": 0.7433244022268606, "5,8": -0.7370000986009315, "5,9": -1.891602200265674, "6,10": 0.8352792353508871, "6,11": -0.9138648884830087, "6,12": -0.09837538486684938, "6,13": -0.6233383597370157, "6,14": 1.4550402861424265, "6,15": -1.7219998427065106, "6,16": -0.7277552417910762, "6,17": -1.04954222856965, "6,18": -1.2332953353979006, "6,19": 0.5010100533461697, "6,7": -1.39830862098994, "6,8": 0.4974466754537823, "6,9": 1.970494198757585, "7,10": -0.0776165272024234, "7,11": -0.30296641390088075, "7,12": 1.8099668713013433, "7,13": -0.8144463183592441, "7,14": 0.5100198169753112, "7,15": -0.20431244028205375, "7,16": 1.2685231916401087, "7,17": -0.643149330382947, "7,18": -1.9829382428659161, "7,19": -0.3490840915968496, "7,8": 1.901451437496783, "7,9": 1.8552128307279987, "8,10": 1.3689939808884106, "8,11": 0.32668852683459715, "8,12": 0.18756708559142155, "8,13": -0.07297800326652881, "8,14": -0.9282324901076651, "8,15": -0.978583449061996, "8,16": 1.6279283171762073, "8,17": 0.9572539633437698, "8,18": -1.427520731858754, "8,19": -1.965570068758101, "8,9": 1.8404839690322206, "9,10": 0.023293919319250733, "9,11": -1.4372694254345113, "9,12": -0.9480466629824535, "9,13": -1.064613718521664, "9,14": 0.23945140704029422, "9,15": -0.9262200176981548, "9,16": 0.07838105453550837, "9,17": -0.7868642964397772, "9,18": -1.376939976473452, "9,19": 1.7078743117095536}, "bias": {"0": -0.2208196476574058, "1": 0.6790649923333474, "10": -0.09859642523658607, "11": 0.036359135255768615, "12": -0.40340039181496157, "13": -0.12133684874674411, "14": 0.5683427561811054, "15": -0.0007391298235273069, "16": -0.8873305039748032, "17": 0.5692143445882725, "18": -0.7196767892217215, "19": 0.8534991720406679, "2": 0.35871435631890103, "3": 0.8840322439396386, "4": 0.9524748379708974, "5": -0.32555525173244915, "6": 0.846734641290454, "7": -0.8440647159052965, "8": 0.4748968955833386, "9": 0.6182563795081935}}