{"Q": {"0,1": -1.949568295395184, "0,10": -1.3914693623746444, "0,11": 1.876771666162953, "0,12": -0.8975590418612351, "0,2": 1.65510971061688, "0,3": -0.09643421276299646, "0,4": 1.1665142404899993, "0,5": -0.7936181063312242, "0,6": 0.6836273046205439, "0,7": -1.5602042142413706, "0,8": 1.2188652871070604, "0,9": 1.6738083502830619, "1,10": -0.6907010808781839, "1,11": 1.538156192595736, "1,12": 0.5210662715704228, "1,2": -0.9637560705891666, "1,3": -1.8669342404929123, "1,4": 0.15901793873392345, "1,5": -1.819377874896086, "1,6": -0.20363670896154362, "1,7": -1.8283915117747114, "1,8": -0.5657675024062412, "1,9": 1.5171402401134855, "10,11": -0.5191762388935364, "10,12": 1.9235778348763706, "11,12": 0.5497390821157442, "2,10": 1.6511909717519955, "2,11": -1.4041219849421478, "2,12": 0.7583330457444508, "2,3": -0.37630791040672396, "2,4": 1.7992753791140994, "2,5": -0.9426475071006735, "2,6": -1.467289103229807, "2,7": 1.636345964866904, "2,8": 1.1537886599852114, "2,9": 0.04359552988590654, "3,10": -0.13429371325913353, "3,11": 1.4192088520803128, "3,12": 1.530795108625556, "3,4": 0.6801173845708037, "3,5": 0.7029132996122653, "3,6": -0.9175389792888651, "3,7": 0.24837347435300794, "3,8": 1.2071625130727628, "3,9": -0.2321141455389233, "4,10": -1.4037077196889625, "4,11": -1.907835000462232, "4,12": 0.189948706403539, "4,5": 0.08541858134673808, "4,6": 0.9890344652997123, "4,7": 0.23778248896074894, "4,8": 0.6057845680048124, "4,9": -1.5955667340530986, "5,10": -1.6126525968177385, "5,11": 0.5547601432167473, "5,12": -0.4871300208863749, "5,6": -0.7224296086923494, "5,7": 1.629543192145249, "5,8": 0.14293669693881972, "5,9": 1.2909583435831822, "6,10": -0.13301255989384764, "6,11": 1.0944038844402817, "6,12": -0.7387660688859743, "6,7": -0.8334180841994239, "6,8": -0.9939330156808115, "6,9": -1.1564411974187614, "7,10": 0.1791435260529317, "7,11": -0.6840228812049403, "7,12": 1.709186181805134, "7,8": -1.725878673857339, "7,9": 1.1235674218216727, "8,10": -0.229333830082866, "8,11": 0.008884689614408359, "8,12": 1.970841973518385, "8,9": 1.7225073823313162, "9,10": -1.8904685357689917, "9,11": 0.0529569684903719, "9,12": 1.814609784369058}, "bias": {"0": -0.1908461338528178, "1": 0.7741219961764128, "10": -0.5721309165437116, "11": -0.005790257418540445, "12": 0.17017243764384093, "2": 0.3258608539745196, "3": 0.3649339541045842, "4": 0.5192609497458398, "5": -0.340439957297513, "6": 0.8593036452213674, "7": 0.9979840979515244, "8": 0.13555147914990195, "9": 0.871828309012499}}