{"Q": {"0,1": -1.010855989572578, "0,10": -1.4920459037105624, "0,11": -0.5221908096824177, "0,12": -0.3710170607558885, "0,13": -0.19688165905456456, "0,14": -0.9654959642402585, "0,15": -0.1207760198393113, "0,16": 0.03873885241521258, "0,17": 1.7710439931954438, "0,18": 1.5862595385376452, "0,19": -1.7056639334122128, "0,2": 1.8877529377666673, "0,3": 1.4400542824168028, "0,4": 0.20171031138130413, "0,5": 1.6794396904429374, "0,6": 1.3470368975965639, "0,7": -0.8723158211796727, "0,8": -0.7445763261893337, "0,9": -0.6487241650817239, "1,10": -0.3788194480055056, "1,11": -1.2117676619946942, "1,12": 1.8962014988265654, "1,13": -0.24052715945499914, "1,14": 1.7555722165889183, "1,15": -1.6772284722022914, "1,16": -1.2880185757863352, "1,17": 0.9138124187851844, "1,18": -0.1049814352210725, "1,19": -1.1147053706304977, "1,2": 1.616903419591862, "1,3": 1.7851858237124065, "1,4": 0.5029018180540454, "1,5": 0.9788914607918948, "1,6": -0.6845739849641044, "1,7": 1.5847253453109347, "1,8": 0.8745852564153545, "1,9": -1.0800030434535057, "10,11": -1.184928937190179, "10,12": 1.287803515844681, "10,13": -0.3811211802499588, "10,14": 0.32341461240006275, "10,15": 1.3728095324374245, "10,16": -0.5117073431944257, "10,17": -1.1766666197142324, "10,18": -1.4965704055342322, "10,19": 1.69747178259645, "11,12": -0.8951407992038494, "11,13": -1.09699967154463, "11,14": 0.14775229245641164, "11,15": 0.8057857717847572, "11,16": -1.728335387146783, "11,17": -0.40717583998916096, "11,18": 1.1148697960124778, "11,19": 1.120474658765617, "12,13": 0.2854146577920047, "12,14": 0.9085625996469435, "12,15": -1.4045480467788516, "12,16": -1.8510682953191893, "12,17": -0.753687191953007, "12,18": -1.653264036092379, "12,19": 1.1703897524002018, "13,14": -0.2908165228018067, "13,15": 0.6090159058108262, "13,16": -0.8704186053210257, "13,17": -0.30855980269482197, "13,18": 1.2774863655027575, "13,19": 1.2982434849585216, "14,15": -1.8234740524634399, "14,16": 1.9538312180198423, "14,17": -0.7430275925680272, "14,18": -0.26828011687550113, "14,19": -1.7748703410827775, "15,16": 1.5632087094294742, "15,17": -0.2829324817175789, "15,18": -0.6392773450853104, "15,19": -1.1207303144725422, "16,17": 1.717383306425516, "16,18": -1.2974807786083353, "16,19": -0.8578565027919032, "17,18": 0.07069412379408524, "17,19": -1.6897647493549348, "18,19": 0.5611018297898513, "2,10": -1.182822600795527, "2,11": 0.12699848825147164, "2,12": 1.233490827743562, "2,13": 1.888160390413577, "2,14": 0.4858146884450161, "2,15": 0.05303930301482929, "2,16": 1.8731513287784178, "2,17": 1.361512278969415, "2,18": 0.7827679701663337, "2,19": -1.5608663430230054, "2,3": 0.13033460568062338, "2,4": -1.3891575195043093, "2,5": 1.2148683498495405, "2,6": 1.8422489541642073, "2,7": 0.30475176073196364, "2,8": -0.4343038066587024, "2,9": -0.6380327209039396, "3,10": -0.2512026875544362, "3,11": 0.10006611284993516, "3,12": -1.5950941642727736, "3,13": 1.8606887894528819, "3,14": -1.0205451632165126, "3,15": 0.4642604962456214, "3,16": 1.0036755974880114, "3,17": -1.3085320076575475, "3,18": 0.722227066183116, "3,19": 0.3871512298601467, "3,4": 0.5392976569101062, "3,5": -1.4696017946520707, "3,6": 0.32309935151257285, "3,7": -1.2041731347299507, "3,8": -1.814852625393169, "3,9": 0.00479291146281513, "4,10": -1.7547737406271975, "4,11": -0.5924132835067022, "4,12": -0.5601171565509127, "4,13": 1.7323183552059214, "4,14": -0.07889552417751, "4,15": 0.9854131761017366, "4,16": 0.163158348959759, "4,17": 1.9094218974650095, "4,18": -1.9723056941805703, "4,19": 1.8455302314001307, "4,5": -0.7068224282381488, "4,6": 1.2036024833954824, "4,7": -1.9589671924893919, "4,8": -1.9652245149981948, "4,9": 0.9774705782831337, "5,10": -0.8125230995311741, "5,11": 1.1944871259282617, "5,12": -0.2861074147966223, "5,13": 1.3394031368755352, "5,14": 1.3892336926011382, "5,15": 0.8026714084297648, "5,16": -1.9168566576475352, "5,17": 0.06800440629094862, "5,18": -1.9560211137020924, "5,19": 0.13755473497288895, "5,6": -0.2981351177229157, "5,7": 0.8823134051771868, "5,8": -0.9311830208106677, "5,9": 0.6602228479275309, "6,10": -0.00898707707272317, "6,11": -0.9555543453015263, "6,12": -1.1117235074270657, "6,13": 0.4687894339170371, "6,14": -1.6232450190567844, "6,15": -0.3112673895314173, "6,16": -1.8770357033607992, "6,17": 0.39607004379290833, "6,18": -1.4095154238794256, "6,19": -0.28260644127917267, "6,7": 0.7283408888719585, "6,8": -0.18217745037792987, "6,9": -1.7579335031248084, "7,10": 0.7351224171371316, "7,11": 1.4279022562992183, "7,12": 1.3426569745029426, "7,13": -0.4642373340035002, "7,14": 0.12512592681844747, "7,15": -1.3101198058257104, "7,16": 0.4201446903415529, "7,17": -0.0017038389070926918, "7,18": 0.7047943404589039, "7,19": 0.019304048668364437, "7,8": -0.04079637500956901, "7,9": 1.378630426249459, "8,10": 1.611550951979722, "8,11": -0.7277173765798013, "8,12": -0.20928954230738794, "8,13": 1.7049939019341438, "8,14": 0.73160032520041, "8,15": 1.2022685961681714, "8,16": -1.538581022290118, "8,17": 0.6244650455185496, "8,18": -1.0254066327239175, "8,19": 1.1372182952847498, "8,9": -1.2433983191474844, "9,10": -0.6433070451516221, "9,11": 1.3789876992954357, "9,12": 0.5124622011851776, "9,13": 0.20233694974243743, "9,14": 0.1327120866992093, "9,15": 0.27474947325772536, "9,16": -1.5746796843675903, "9,17": -1.3596027302188465, "9,18": 1.2232408265351493, "9,19": -0.3514729638518528}, "bias": {"0": -0.06562597897889844, "1": -0.09710250576405066, "10": -0.11553165154749068, "11": 0.6237375719539842, "12": 0.6857819844599826, "13": -0.5116477032774311, "14": -0.23323281061406664, "15": -0.38151019082396, "16": 0.08916082645632706, "17": -0.872263548428035, "18": 0.7878565037723169, "19": -0.6782193005262376, "2": -0.5711885266538037, "3": -0.8189907378462642, "4": 0.7551569324745127, "5": 0.2930448911032788, "6": -0.24617927866416878, "7": -0.9438604222678719, "8": -0.4549414750206362, "9": 0.05111880456197526}}