{"Q": {"0,1": -0.27755499135497796, "0,10": -1.7788472566454483, "0,2": 0.2862345653060019, "0,3": 0.6818261938056676, "0,4": -0.6295095532349548, "0,5": 1.622548192357737, "0,6": -0.011443700222955488, "0,7": 0.26494291011555315, "0,8": -0.7492436505196873, "0,9": -0.42310612455437635, "1,10": 0.9629608593928074, "1,2": 0.17129035126415681, "1,3": 1.2743439782582233, "1,4": 1.8657750689855508, "1,5": -0.024987053635423973, "1,6": -0.7070618753637179, "1,7": 1.781165626141647, "1,8": 1.519866648664682, "1,9": -1.1679094573382578, "2,10": -0.13760637441237833, "2,3": 0.7882502008429695, "2,4": -0.8295628296015884, "2,5": 0.8243236845046096, "2,6": 1.810688203366388, "2,7": -0.22920400688890785, "2,8": -0.02328744927729165, "2,9": -1.2843402208501695, "3,10": 0.4770622720755995, "3,4": 1.9590812946753826, "3,5": 1.0780391681405064, "3,6": 0.3901620561020658, "3,7": 1.5412801209883744, "3,8": -0.8925626989377062, "3,9": 1.9722000076181065, "4,10": -1.6923929607106114, "4,5": 1.0042181905418404, "4,6": 0.8563156302685115, "4,7": 1.8121103068332731, "4,8": -0.7358006730748965, "4,9": 1.6795319407367506, "5,10": 0.08400474465884011, "5,6": -1.7131896499886805, "5,7": -0.32854826012901883, "5,8": -1.5731679537458203, "5,9": 1.5073349469534079, "6,10": 1.5878265482738145, "6,7": -0.6598581208764491, "6,8": -1.3461603685565766, "6,9": 1.2180407101787538, "7,10": 1.3559385440760625, "7,8": -0.9213407688934359, "7,9": 0.9300836563663495, "8,10": 0.591354545865701, "8,9": -1.9606922793411026, "9,10": -0.781883052056116}, "bias": {"0": -0.6272534671814463, "1": -0.6009163562780171, "10": 0.39504621397485296, "2": 0.8628594386476023, "3": -0.7896470083496951, "4": -0.006083855799190907, "5": 0.4532693155501544, "6": 0.966899079341403, "7": 0.6954427711641193, "8": 0.548015642826293, "9": 0.38811034198021344}}