{"Q": {"0,1": -0.32962650250035175, "0,10": -1.810703825639516, "0,2": 1.3489152921027392, "0,3": -0.22679203470538933, "0,4": -1.5267142942719092, "0,5": -0.25133006669726576, "0,6": -0.7687892439786617, "0,7": -0.5404456114075171, "0,8": 1.9550383718745854, "0,9": -0.5323440533870567, "1,10": 0.547546873567927, "1,2": -0.7657051447631509, "1,3": 1.1624637774884379, "1,4": -0.46296269649473487, "1,5": -0.7814063450706228, "1,6": -0.8654242220489556, "1,7": 1.30600390451113, "1,8": -1.1319085339251944, "1,9": -0.07223825779438187, "2,10": 0.5717668373300628, "2,3": -0.6097171195092845, "2,4": -0.42603939342549646, "2,5": 0.8004414978226819, "2,6": -1.6661624795757555, "2,7": 0.2039527363778344, "2,8": 1.0502903042430618, "2,9": 0.566591157073344, "3,10": -1.7228323982025104, "3,4": -0.6429307777517481, "3,5": 1.0993362002987142, "3,6": -1.142876081628982, "3,7": 1.8285262987022493, "3,8": 0.9359650052860484, "3,9": -0.9181473433244554, "4,10": -0.1649333091456202, "4,5": -0.1914373999720138, "4,6": -1.233104594964082, "4,7": 1.5475779283449422, "4,8": -1.6880545185074087, "4,9": -0.32736740765067784, "5,10": 0.803263493070848, "5,6": 1.6746109132604832, "5,7": 1.4756869507503652, "5,8": -0.8782439661753836, "5,9": 1.0628372679580331, "6,10": 1.7145619197733168, "6,7": 1.2679856228630944, "6,8": 0.07541406581693177, "6,9": 1.8894864176290822, "7,10": 1.6069772579148172, "7,8": 0.4137277387852647, "7,9": -0.2273034132566818, "8,10": -0.6334787503268773, "8,9": -1.559824133000825, "9,10": 1.4206159119199029}, "bias": {"0": -0.0958838631611485, "1": 0.588699847533428, "10": -0.17531755655875614, "2": -0.08251141706220788, "3": 0.49534103397344365, "4": -0.5312242619487426, "5": -0.665076913936371, "6": 0.8075244539218203, "7": 0.8549852208698934, "8": 0.9369291393439727, "9": 0.5997852108429658}}