{"Q": {"0,1": -0.12759831367766372, "0,2": 1.0195925779379222, "0,3": 0.8179231639287541, "0,4": 1.0727673840723089, "0,5": 1.4732828796212365, "0,6": -1.2413377821502416, "0,7": 0.3908962943547625, "0,8": 0.8572210713762374, "0,9": -0.7216811791615418, "1,2": -1.8679290891209428, "1,3": 1.4718473900906246, "1,4": 1.5234224715439, "1,5": -1.4980095435168286, "1,6": 1.6742252966821116, "1,7": -1.6854564540545574, "1,8": -0.26500127884836067, "1,9": 0.44263016116389586, "2,3": -0.7853904614138756, "2,4": -0.5258031034444701, "2,5": 1.9058897023486598, "2,6": -1.3482722347115397, "2,7": 0.3957422604686647, "2,8": -1.5837357623874793, "2,9": -1.440851175788687, "3,4": 0.8575832795469696, "3,5": 0.2998358596315449, "3,6": 1.6036617779325284, "3,7": -1.8945978930549447, "3,8": -0.1718710959277976, "3,9": 1.7401202310289423, "4,5": -1.7728213706543436, "4,6": 1.9466349445268025, "4,7": -0.5169026856431178, "4,8": -1.8475823351805079, "4,9": 0.2724707955538852, "5,6": -0.7466788506807283, "5,7": -0.678838714559967, "5,8": 1.9166643178547589, "5,9": -1.3774006382103563, "6,7": -1.7504556854815503, "6,8": 0.8408900592204156, "6,9": 1.7510775916785644, "7,8": 0.3425140842684731, "7,9": -0.9289296027930773, "8,9": 0.2853593977632136}, "bias": {"0": 0.9249720680151277, "1": 0.7653071496582224, "2": -0.22348343345045385, "3": 0.9891225201151479, "4": -0.014581430037674759, "5": -0.11635625172804986, "6": 0.06938108682464827, "7": 0.050613759228797184, "8": -0.8599640981887471, "9": 0.20326215409240245}}