{"Q": {"0,1": -1.433952354331466, "0,10": 0.34603788802213886, "0,11": 0.6805269778885377, "0,12": 1.9291183008374486, "0,13": -1.4337079373919996, "0,14": -1.2153977087453747, "0,15": 1.3330132805028319, "0,16": 0.9334446460730272, "0,17": 1.372676778277591, "0,18": 0.5399494916101055, "0,2": 0.2729620013812264, "0,3": 1.987695319625085, "0,4": 1.1489902272050116, "0,5": 0.24004160644719663, "0,6": 1.8867381793613274, "0,7": 1.9909736636819435, "0,8": 0.8140674445396163, "0,9": 1.842862331250282, "1,10": 1.9489294170864255, "1,11": 1.8075252551092365, "1,12": 1.8740820595623213, "1,13": 0.09881835791742821, "1,14": 1.6352300861613358, "1,15": 1.2734890149297868, "1,16": -0.4362329374374072, "1,17": 1.3449093863031476, "1,18": 1.0418750564100305, "1,2": 0.3509829166759233, "1,3": 0.8369085558744138, "1,4": 0.8925721209914168, "1,5": -1.2485649918233284, "1,6": 0.5716529438009808, "1,7": 0.29710305498619594, "1,8": -0.9752516232587118, "1,9": 0.6325648689622327, "10,11": -1.5164777137796723, "10,12": -0.5143268853917191, "10,13": -1.5284802831733488, "10,14": 1.7605773885767575, "10,15": 0.850559718981216, "10,16": -0.805100083661829, "10,17": -0.9818735244411938, "10,18": 1.981866847931359, "11,12": -1.5902476414592313, "11,13": 1.2864979723736476, "11,14": 0.851384031364669, "11,15": 0.34517333500873093, "11,16": -0.31107588672106834, "11,17": -1.367667646501657, "11,18": 0.32186895808380456, "12,13": -1.086320210637846, "12,14": -1.8995133149958399, "12,15": -0.9218054251593197, "12,16": -0.1638737537385868, "12,17": 0.8236351043637153, "12,18": 0.5324443644468966, "13,14": -0.9482938603590281, "13,15": -1.863008323574606, "13,16": -1.9455585282818286, "13,17": 1.128113211820739, "13,18": 1.0956791125010406, "14,15": -1.4450283667221644, "14,16": 1.1889245914343318, "14,17": -0.66730949924764, "14,18": 0.06274733949182343, "15,16": -0.3976101934543288, "15,17": -1.0029055150934738, "15,18": 1.8408699757073337, "16,17": -1.7753354402944117, "16,18": -1.7261118368809147, "17,18": 0.9889026942525128, "2,10": 0.9271579003066428, "2,11": 1.8448089563445071, "2,12": 1.9612659513673005, "2,13": 1.4862816000537848, "2,14": 1.8223875271816365, "2,15": -0.3322659858402037, "2,16": -1.0131234814113288, "2,17": -0.6682001967212998, "2,18": 0.014807647247170763, "2,3": 1.39079992431434, "2,4": 0.48925272958685184, "2,5": -0.39123309289316666, "2,6": -1.4810014696544158, "2,7": 1.9635937792057785, "2,8": -0.4327402349575884, "2,9": -0.8326239325030094, "3,10": -0.8149635706655229, "3,11": 0.8408367261828924, "3,12": -1.3285049340748936, "3,13": 0.4473645388753962, "3,14": -1.240743706638813, "3,15": -0.22201285966802198, "3,16": 0.7187837228234595, "3,17": 1.2339140493228125, "3,18": 1.2914967658946077, "3,4": -0.015453019295102788, "3,5": -1.3240024342070775, "3,6": 0.8946347565739656, "3,7": -0.7296939065298975, "3,8": -1.889342505912854, "3,9": -0.8774653968892543, "4,10": 0.918193887316288, "4,11": -0.5105372236070767, "4,12": 0.34119199690144963, "4,13": -1.3303460646585523, "4,14": 0.3755212505099754, "4,15": -0.578192886931407, "4,16": -0.06145970461604078, "4,17": -1.6289456685361587, "4,18": -0.30170004355034674, "4,5": 1.9763862376073602, "4,6": 1.3565471174157269, "4,7": -0.4548574282362292, "4,8": 0.3103987056473181, "4,9": 1.392563642272223, "5,10": 0.10869819516173873, "5,11": -0.2403321556828577, "5,12": -1.0671947113543965, "5,13": -0.36572157343740397, "5,14": -1.5554581995527301, "5,15": -1.67187266665012, "5,16": -0.3877429813112081, "5,17": -1.8031426159881914, "5,18": -0.9283307447478371, "5,6": 0.5395925536797401, "5,7": -1.8460766952219894, "5,8": 1.4202506033503943, "5,9": -0.8584712376047268, "6,10": 0.4905289539864319, "6,11": 0.7800355646762451, "6,12": -1.3624416173116187, "6,13": -1.480491285962533, "6,14": -1.8359889264768272, "6,15": 0.4014179447851025, "6,16": 1.8572877207309855, "6,17": 0.7319131527042586, "6,18": 1.7566853511578873, "6,7": -0.5427148369784796, "6,8": 1.1423687696640101, "6,9": -0.8892782399972767, "7,10": 1.0339103059513408, "7,11": 1.5477720001143238, "7,12": -0.5349225419330423, "7,13": -1.720471574169102, "7,14": 0.4437747991218761, "7,15": 0.7074433092696721, "7,16": 1.3430002750905925, "7,17": 0.6144070309028908, "7,18": -1.040345210204697, "7,8": 0.7355548959058944, "7,9": -1.2351682870442056, "8,10": 1.2336798117951369, "8,11": -0.2876260647311488, "8,12": -1.4621595235659774, "8,13": 0.06260581245199592, "8,14": 0.4188805273032279, "8,15": -0.6415693181089486, "8,16": -0.9135970580318431, "8,17": 1.3168114739763426, "8,18": -0.7927273379691573, "8,9": -0.2023675385494097, "9,10": -1.9530484507439914, "9,11": -1.3148103005000218, "9,12": -1.0402130195824255, "9,13": -0.9498825540166673, "9,14": 0.1944733753135921, "9,15": -1.9756634901911792, "9,16": -1.5290703785517232, "9,17": -1.3358315296742584, "9,18": -0.5472299439491177}, "bias": {"0": -0.18041288399261068, "1": -0.29393350152425324, "10": 0.6950400102048144, "11": -0.5036473173392149, "12": -0.20272624783738924, "13": 0.9541406796243315, "14": 0.4692259304467499, "15": -0.13004240961654934, "16": 0.591782575575778, "17": 0.4872003444434876, "18": -0.5725591095573062, "2": -0.9944310836618266, "3": -0.9615835669854091, "4": 0.8963028221223563, "5": 0.3190563286133101, "6": -0.4472644543061737, "7": -0.7456222230206744, "8": 0.26876313985824485, "9": -0.8982244509141473}}