{"Q": {"0,1": 1.8477310225494796, "0,10": -1.7132892327107907, "0,11": 1.3165719812057932, "0,12": 1.803575637021655, "0,2": 0.49706856433586477, "0,3": 1.2787456644275355, "0,4": -0.5961353599323775, "0,5": 0.5213034187753589, "0,6": -0.03845494439979369, "0,7": 1.2290799749763228, "0,8": 0.20575899283327237, "0,9": -0.06866871530630725, "1,10": 1.6241910224297778, "1,11": -0.6806690844450394, "1,12": 0.22105793675253516, "1,2": -0.6886339837832391, "1,3": -1.5379397528620737, "1,4": -1.6673201303848137, "1,5": 0.2728809657224889, "1,6": -0.16011862475923522, "1,7": 0.042990398209760805, "1,8": -0.07341586174737458, "1,9": -1.7141779500333953, "10,11": -1.0501711761918475, "10,12": 1.9377316305027583, "11,12": 1.3549221606818032, "2,10": -1.1055720382757528, "2,11": 1.0383992415581864, "2,12": 1.2952867993340065, "2,3": -0.6758796797970281, "2,4": -0.3016273475920186, "2,5": 1.3491992817900873, "2,6": 0.6167812186774584, "2,7": -1.6858746109584772, "2,8": -1.673156819700762, "2,9": 1.354716377078721, "3,10": -0.814430306654752, "3,11": -1.724683246384774, "3,12": -0.29473037858742934, "3,4": 1.8900196110903935, "3,5": -0.5697658778574866, "3,6": 0.838870629733846, "3,7": 0.011527100336405027, "3,8": -1.001437701759825, "3,9": -1.296354318493623, "4,10": -1.3378365039113382, "4,11": -0.025905204758847056, "4,12": 1.9161744790180992, "4,5": 1.4805654412198859, "4,6": 0.8804982707263012, "4,7": 1.1657945241541476, "4,8": 1.820740025302845, "4,9": 1.8499600074071365, "5,10": -0.6800843288766565, "5,11": -0.8844161863383695, "5,12": -0.5764614287783099, "5,6": 1.7068658785247184, "5,7": 0.17433466879666337, "5,8": -1.5398699390130552, "5,9": -0.9519472805936808, "6,10": 1.784804656732927, "6,11": 0.08039424560753039, "6,12": 0.43526348227563183, "6,7": 0.23754291260376803, "6,8": 1.6200285833439159, "6,9": 1.2920771975265302, "7,10": 0.5711884778109901, "7,11": 0.13984106876079228, "7,12": -1.5440122888042946, "7,8": 0.8821526443051195, "7,9": -0.19667037408456833, "8,10": -0.9827603319133322, "8,11": -0.918776310660363, "8,12": -1.7162871390681387, "8,9": 1.7476074408604827, "9,10": 1.8367910289361005, "9,11": 1.2152670183475935, "9,12": 0.6893206919556989}, "bias": {"0": 0.9050830990107297, "1": -0.43903094104195906, "10": -0.9007682743115404, "11": 0.47144486838146205, "12": 0.6748835056965847, "2": 0.7811721138584913, "3": -0.5036640100865177, "4": 0.8128608104795922, "5": 0.909548338469278, "6": -0.5616889674806791, "7": -0.150479415278858, "8": 0.6767908641665414, "9": 0.6334179443351502}}