{"Q": {"0,1": 1.8739471449387284, "0,2": 1.6433444251856577, "0,3": 1.8356037359529909, "0,4": 0.5149289250632547, "0,5": -0.80647193960829, "0,6": 0.7915701738372971, "0,7": 0.4016054763304835, "0,8": -1.165710151404245, "1,2": 1.122079018953562, "1,3": -1.246145739504338, "1,4": 1.1790259524097708, "1,5": 0.46586043160645474, "1,6": 0.31601759085630965, "1,7": -1.1064239055069223, "1,8": 1.5526675026893266, "2,3": -1.1510542798053844, "2,4": -0.3536189805314418, "2,5": -0.26271549904160363, "2,6": -0.5082031584614604, "2,7": 0.02215964778205004, "2,8": -0.780767211239743, "3,4": 1.8453190714311183, "3,5": 1.4298450928021929, "3,6": 0.6856141541564917, "3,7": 1.1890385508301882, "3,8": -0.12104281707835662, "4,5": -1.773572408591452, "4,6": 0.12385860571757457, "4,7": 0.2759839075629662, "4,8": 1.3655549696006912, "5,6": 0.8286141324267478, "5,7": -0.7477504708746023, "5,8": 0.2793020513482025, "6,7": -0.5381661059119112, "6,8": -1.8208642426635082, "7,8": 1.8325666962490086}, "bias": {"0": 0.16349726263612685, "1": -0.7206330022823346, "2": 0.897447434488954, "3": -0.8744183121324676, "4": 0.6854734743094182, "5": 0.44253279060823636, "6": 0.3943449779422581, "7": 0.0297634265345168, "8": -0.6808568957284007}}