{"Q": {"0,1": -1.2365066027023022, "0,10": -0.9469541744690111, "0,11": 0.6989052481628435, "0,12": 0.17034796333759594, "0,13": -0.9629397464462475, "0,14": -1.1088627952984003, "0,15": -1.6704005201520182, "0,16": 1.0921919353975715, "0,17": -0.7926166413467421, "0,18": -0.7979545782848749, "0,2": -0.6976458293389132, "0,3": 1.7442600033254023, "0,4": -0.4166019598779891, "0,5": -1.6304960590060111, "0,6": 0.7146628499660044, "0,7": 0.11937791508642537, "0,8": 1.6755283911098817, "0,9": -1.2554512539489862, "1,10": 0.3230158587734775, "1,11": 0.8132405849074473, "1,12": 1.169723078674957, "1,13": 1.5401664025356179, "1,14": 0.5009015460476718, "1,15": 1.1162684940083052, "1,16": -0.153787560743734, "1,17": 0.8368749265481195, "1,18": -1.2063515240841087, "1,2": 1.402138051251471, "1,3": -1.8447992107537496, "1,4": 1.504233356165495, "1,5": -1.3274260057256764, "1,6": -1.7380386404423658, "1,7": -1.4150546489638414, "1,8": -0.45325118322834035, "1,9": -1.176403305825557, "10,11": 0.8880628523044218, "10,12": -0.4715189385473253, "10,13": -1.4330861724217985, "10,14": 1.4656915810595805, "10,15": 1.4215535073601266, "10,16": 1.186244714852831, "10,17": 0.1987959264108543, "10,18": 1.7364684600548408, "11,12": -1.9607826259031862, "11,13": 1.5679574479250293, "11,14": -0.41565915208448523, "11,15": 0.43805052486033036, "11,16": -1.074952661850213, "11,17": -0.5730424915105607, "11,18": 1.8635967614602467, "12,13": -0.3898340444709767, "12,14": -0.9951673549069207, "12,15": 0.9262556651304541, "12,16": 1.855803640006458, "12,17": 1.3209047163227656, "12,18": 0.08948847604063026, "13,14": 1.0094426825856626, "13,15": 1.0028279055831186, "13,16": 0.3755827585339384, "13,17": 0.17535232660465772, "13,18": 1.8470005199142614, "14,15": 1.5264473619555154, "14,16": -0.15765222881295804, "14,17": -1.1956771569558975, "14,18": 0.4687729553394031, "15,16": 0.5822025495629761, "15,17": 0.23042917389938955, "15,18": 1.8070056187309165, "16,17": 1.457540261713954, "16,18": 1.3896396229923695, "17,18": 0.3274790197732478, "2,10": 0.4031490852231312, "2,11": -0.26951872929709086, "2,12": 0.8514346727536806, "2,13": -0.023680640120125496, "2,14": -1.9778751578595775, "2,15": -1.3779862036464334, "2,16": -1.839877029087467, "2,17": -1.2151105409008882, "2,18": 1.5008044425455047, "2,3": -0.5867630038991098, "2,4": 0.17273306856704274, "2,5": -0.9415353737615395, "2,6": 0.10465456907155657, "2,7": 1.8089517978206149, "2,8": -0.8360290195180995, "2,9": 0.6551981626515975, "3,10": 1.771649409458277, "3,11": -1.6978856855290996, "3,12": 0.3736059186467915, "3,13": -1.9961588263708627, "3,14": 0.5086061964777149, "3,15": 0.6058914116413705, "3,16": -1.4857361766962751, "3,17": 1.6541147043254787, "3,18": -0.00533488204185284, "3,4": -0.4233786741447241, "3,5": -1.6034741489084388, "3,6": 0.8993791780921967, "3,7": 0.6337527111693659, "3,8": 1.6355523959946447, "3,9": -1.6651382993001524, "4,10": 1.1551222666962424, "4,11": -1.6541401537205447, "4,12": 0.09386467881931404, "4,13": -1.1629260477453816, "4,14": -1.4914839491542362, "4,15": -0.6214792122184347, "4,16": -1.2957847806720935, "4,17": -0.053947073226559006, "4,18": -1.7377589344520565, "4,5": -1.8937848371542922, "4,6": -0.46040599245254565, "4,7": -0.27145538421013526, "4,8": -0.21685410928161142, "4,9": -0.6239258856869099, "5,10": 1.3448189853309365, "5,11": 1.9583441646652977, "5,12": -0.6000023929298361, "5,13": 1.8287294361454944, "5,14": -1.1811140314959876, "5,15": 1.5507475777390107, "5,16": 0.9028888073136456, "5,17": -1.1189160661035173, "5,18": 0.20939506649249795, "5,6": 1.299530973203796, "5,7": 1.6924725042251554, "5,8": 1.0661264407936208, "5,9": -0.7846532862118836, "6,10": 0.12209392816518383, "6,11": 0.9954043737084914, "6,12": -1.1381914528574364, "6,13": 0.11740599027952969, "6,14": 0.8642133793813684, "6,15": -1.6911564778771337, "6,16": 0.37330534152092865, "6,17": -1.3282439836728943, "6,18": 0.6570708403645273, "6,7": 1.8831016283174078, "6,8": -0.24012912182835144, "6,9": -0.15337348521834482, "7,10": -1.2069507078763086, "7,11": -0.007185603517852357, "7,12": -1.3634976574175401, "7,13": -0.08700654684019726, "7,14": -1.3838005538387157, "7,15": -1.164282125795256, "7,16": -1.1427112561943584, "7,17": 0.41853537798327123, "7,18": 0.34581364722474195, "7,8": 1.067758529863561, "7,9": -1.2351821263020404, "8,10": -1.1234095623009246, "8,11": -0.3183000423519502, "8,12": -1.611463503623804, "8,13": -0.7788145541563174, "8,14": 0.9245051911662276, "8,15": -0.42356389465856603, "8,16": 0.3429107092027648, "8,17": -1.004920572834219, "8,18": 0.0601188022765351, "8,9": -0.4310634507900861, "9,10": 1.9190383684385073, "9,11": 1.8540317391867314, "9,12": 0.7536124582273791, "9,13": 1.0780982445903295, "9,14": -1.901565969011036, "9,15": -1.797466766848895, "9,16": 0.9643500984897893, "9,17": 0.6665676293643132, "9,18": 1.5382394721554773}, "bias": {"0": -0.3743040760890277, "1": -0.4465168057318083, "10": -0.8896656096431927, "11": -0.3207455719569934, "12": 0.22197816888172217, "13": 0.30182733904243086, "14": 0.3302060040267385, "15": -0.7673524242190815, "16": -0.7943220686749723, "17": 0.7591481744167119, "18": 0.7430135745541804, "2": 0.9837568717828344, "3": 0.32055867066873844, "4": -0.20059971324462111, "5": -0.9200004760594458, "6": 0.6295172137814005, "7": -0.40786628887660137, "8": 0.47904849965137286, "9": 0.7630899062345486}}