{"Q": {"0,1": -1.2973762981016428, "0,10": -1.4499642514880557, "0,11": -0.44686315331004645, "0,12": 0.24772554830051874, "0,13": -0.14752261342830675, "0,14": -0.16886648148893624, "0,15": -1.554259132942562, "0,16": 0.9378773487078238, "0,17": -1.773266127379849, "0,2": 1.9357631005837268, "0,3": -1.1505030063857613, "0,4": 0.8717174435243225, "0,5": -1.837896989017071, "0,6": 1.0438283455115092, "0,7": -0.27054483459395007, "0,8": 1.1538765250671879, "0,9": 0.04475305778167327, "1,10": -1.978864286885329, "1,11": -1.143736012361431, "1,12": -0.35533928398688897, "1,13": -0.15008440297699188, "1,14": 0.2384718957910401, "1,15": 0.7815485653525074, "1,16": -0.8757578149321619, "1,17": 1.7386640868145715, "1,2": 1.571738742907311, "1,3": -0.9700396807929459, "1,4": -0.13906969389488744, "1,5": -0.5615079095505693, "1,6": 0.19763119638993798, "1,7": -0.8750903012629649, "1,8": 0.8794551595600719, "1,9": 0.6848416585508597, "10,11": -0.9178024194461614, "10,12": 1.8764636533488162, "10,13": -0.7429704317071244, "10,14": 1.3311432560787781, "10,15": 0.538143468109983, "10,16": -1.9050045502760824, "10,17": 0.8482244123017386, "11,12": 1.5921029903869983, "11,13": 0.51370701652638, "11,14": 0.009856558068957355, "11,15": -1.1385207029003879, "11,16": 0.3788876867808084, "11,17": -0.4562768862741553, "12,13": 1.7760704046042801, "12,14": -0.3254619119370905, "12,15": -1.8950029776907424, "12,16": 1.119631691124387, "12,17": 1.8916565236157283, "13,14": 0.13858376140373263, "13,15": 0.4640124189718189, "13,16": -0.8670996669727518, "13,17": -0.06680506591552637, "14,15": -0.6524545072838257, "14,16": 1.7224502808183004, "14,17": -1.3678499628084855, "15,16": 1.909034555761234, "15,17": 1.7566100599091343, "16,17": 0.8462636843968978, "2,10": -0.7943244591529739, "2,11": 1.680156182831818, "2,12": -0.9000157166007194, "2,13": 1.1049524074844639, "2,14": -1.0197355469116856, "2,15": -0.901358030172891, "2,16": 0.23233579970011098, "2,17": 0.7987947300444023, "2,3": -0.4707637754022471, "2,4": 0.022173901325981404, "2,5": -1.6675195878604643, "2,6": 0.06655479454930369, "2,7": 0.8586064342235784, "2,8": 0.8241397805684669, "2,9": 1.3775296667731198, "3,10": 0.05010471807028205, "3,11": -1.6966366249761209, "3,12": -0.638928479428122, "3,13": 0.3823075539312075, "3,14": -1.2210377820532257, "3,15": -1.070276823918764, "3,16": 1.730960481265571, "3,17": 1.736840302574957, "3,4": 1.3398434875720553, "3,5": 1.8676005763780954, "3,6": -1.4735780170162052, "3,7": 1.2851050688702017, "3,8": 1.2227640282822527, "3,9": -1.3513843309686315, "4,10": -1.5473272991171156, "4,11": -1.9060088072417423, "4,12": 1.6953143555678616, "4,13": -0.5481646429875724, "4,14": -1.4418561637827536, "4,15": 0.6230724308757161, "4,16": 1.2640871268741591, "4,17": -1.9462371800478322, "4,5": 0.7764596608253829, "4,6": 1.7128148087313786, "4,7": 1.9240168746389674, "4,8": -1.8490997413152468, "4,9": 1.2784136230456116, "5,10": -1.9401909254678738, "5,11": -0.6772410640999547, "5,12": -1.7621001923146942, "5,13": 1.0770522834647656, "5,14": 0.4398862984466243, "5,15": -0.2919575039747748, "5,16": 1.3919631753749386, "5,17": 0.07719556585126774, "5,6": -1.6399993515033402, "5,7": 0.5362248940761964, "5,8": -0.851101864902573, "5,9": 0.9902358540521496, "6,10": -0.8329998398942537, "6,11": -0.7513347505669024, "6,12": 0.0164351860123908, "6,13": -1.9632475700636705, "6,14": 1.443827143187196, "6,15": 0.7458386331981335, "6,16": -1.6079590049868324, "6,17": 0.47613143848414063, "6,7": 1.2790622641333171, "6,8": -1.7517778275161193, "6,9": -0.006115982811574661, "7,10": -1.1373964866888917, "7,11": 0.5562063544212812, "7,12": 0.9319595641988849, "7,13": -0.2977692845064768, "7,14": 0.08544178612955466, "7,15": 0.9476183841966335, "7,16": -1.1521265460725156, "7,17": 0.692156646832478, "7,8": -0.12347835607399071, "7,9": 0.40369619765475484, "8,10": 0.6171494360763998, "8,11": -0.010210010794961644, "8,12": -1.9779926758052038, "8,13": -0.19604120910063294, "8,14": -0.6663524762368489, "8,15": 0.7232962863464003, "8,16": 1.8197176730610156, "8,17": -0.1738737538823414, "8,9": -0.6169187485527634, "9,10": -0.5458719098741813, "9,11": 0.9438366940193124, "9,12": 0.931134422620687, "9,13": 0.012924622945480468, "9,14": 1.605179548920503, "9,15": -0.3244158128811305, "9,16": 1.7253603331393, "9,17": 1.089740258468142}, "bias": {"0": 0.04738709938674712, "1": -0.4891599745091302, "10": -0.9858966931768387, "11": 0.5184433710882204, "12": -0.18260804615711845, "13": -0.3566140085266791, "14": 0.012958760965237515, "15": 0.3618185760340926, "16": 0.3968065128836946, "17": 0.3722126131006729, "2": 0.4654095355779031, "3": -0.43508525514637353, "4": 0.3028885895106366, "5": 0.6826955550227023, "6": -0.5162872778668721, "7": -0.40212219375898517, "8": -0.9890710136789709, "9": 0.15247896247767145}}