{"Q": {"0,1": 0.3034549327396885, "0,10": 1.0256789389781331, "0,11": -0.8153238444779163, "0,12": -1.3496528876411622, "0,13": 1.832000126158606, "0,14": 0.33859491794037666, "0,2": -1.4882325784292831, "0,3": -1.720625444535147, "0,4": -0.755685004179039, "0,5": 1.7377258301868843, "0,6": -0.8025257673309478, "0,7": 1.8797290294002118, "0,8": -1.3849512040580327, "0,9": -0.5280373880458251, "1,10": 1.433253638149231, "1,11": 0.6613523426768224, "1,12": 0.4998920387249841, "1,13": -0.947770223791125, "1,14": -1.3521869985094637, "1,2": -1.3907944395697927, "1,3": -1.2996808829411184, "1,4": 0.9661527777498469, "1,5": 0.8521053082807355, "1,6": -1.3624402647247553, "1,7": -0.7096138935652925, "1,8": 1.77956473133605, "1,9": 1.588910186594425, "10,11": -1.3483567748652021, "10,12": -0.763364008859174, "10,13": 0.8933928779167397, "10,14": -1.7972255379802515, "11,12": 0.8125646524688959, "11,13": -1.7997574119205826, "11,14": -1.5579407833122896, "12,13": 0.24363653070259206, "12,14": -0.9921274446729873, "13,14": -1.6000482903789575, "2,10": 0.6510072901372195, "2,11": -0.5032758606678045, "2,12": -0.5912075472214626, "2,13": 1.380477040144509, "2,14": -1.432484500825559, "2,3": 0.4463961815833608, "2,4": 0.8291714003459414, "2,5": 0.8975094001240849, "2,6": 0.8685912534439164, "2,7": 0.045752824320948626, "2,8": 0.04435840483281561, "2,9": 0.46155455723593297, "3,10": -0.1396268550557278, "3,11": 1.7953444892025097, "3,12": 1.5858518437912235, "3,13": -1.1088575346063165, "3,14": -0.7947920135575348, "3,4": 1.3914261120153322, "3,5": -0.5342681716931743, "3,6": -1.531778894191262, "3,7": -1.7619173605331628, "3,8": -1.017183634598256, "3,9": -0.3346383260056718, "4,10": -0.050998532487893655, "4,11": 0.12986588637951435, "4,12": 0.7356597891684955, "4,13": 0.41822049456321464, "4,14": -0.7768457682992058, "4,5": 0.15632043389119676, "4,6": -1.2326785117879524, "4,7": 1.2057812677367017, "4,8": -0.9404787491841708, "4,9": -1.7628969368334455, "5,10": -0.4719236909901343, "5,11": -1.6621582532361359, "5,12": 0.5898733993330909, "5,13": -1.167351108277796, "5,14": -1.145460810571206, "5,6": -0.23226217125557458, "5,7": 0.5187072935721351, "5,8": 0.3581856193088053, "5,9": 1.8354765210199564, "6,10": -0.49194270948858954, "6,11": 0.21590764634736193, "6,12": 1.543951676554443, "6,13": -0.9546613788997522, "6,14": 0.3991687195045066, "6,7": -0.8962354570560098, "6,8": 0.8088088134302334, "6,9": -1.3836895985082154, "7,10": -1.341398630198853, "7,11": -0.4800287576199298, "7,12": 0.6702797050809561, "7,13": -1.8357760192057686, "7,14": -0.91230413396638, "7,8": -1.3994808050556253, "7,9": 1.3160075855894244, "8,10": -0.2483337729446462, "8,11": 0.5016544502907276, "8,12": -0.8541175884949017, "8,13": 0.5514508147773709, "8,14": -0.6350078252846285, "8,9": 0.08612723540612066, "9,10": 0.01936622271015853, "9,11": -1.7694869839807073, "9,12": -1.2487660774284395, "9,13": -1.738492653940745, "9,14": -0.4569731686569787}, "bias": {"0": 0.7186412269425855, "1": 0.8641063561284634, "10": 0.9547818741152287, "11": -0.4531862821313357, "12": 0.5254686009797522, "13": 0.19795385455012582, "14": -0.6046065726171512, "2": -0.9350777809146587, "3": -0.47484467309817946, "4": -0.1850782777660378, "5": -0.6789434209804535, "6": 0.5969921433470518, "7": 0.31718836275138207, "8": -0.4274965682626233, "9": 0.21114893509812105}}