{"Q": {"0,1": -1.3227592876090957, "0,10": 0.519121692923247, "0,11": 1.003212259459409, "0,12": 1.5176341072421744, "0,13": -0.14879131721637906, "0,14": -0.9630011796328826, "0,15": -1.5432814536178374, "0,16": 1.3510804458741905, "0,17": 1.7904676790254084, "0,18": -0.41137045034058817, "0,19": 1.5474217586370704, "0,2": -0.9941760033992271, "0,3": 0.06545699941940208, "0,4": 0.9947109505387668, "0,5": 1.0922405340898074, "0,6": -0.12285658342281458, "0,7": 1.2748683521105852, "0,8": 0.634206920259571, "0,9": 1.1634169879812846, "1,10": 0.2399776188698537, "1,11": -0.6474344996631269, "1,12": 1.4033999716483692, "1,13": 1.7790771072580096, "1,14": 0.758405649415991, "1,15": 0.07637616969695138, "1,16": -0.13020187276617223, "1,17": -1.3499118263854273, "1,18": -0.37731479690507985, "1,19": 0.1916110143166061, "1,2": -0.6336393335279658, "1,3": 0.5755121497356885, "1,4": -1.6892576797506105, "1,5": 0.4121317614114961, "1,6": 0.7323746446860495, "1,7": -1.3967026930703992, "1,8": 1.8858255247446736, "1,9": -1.8876318996808137, "10,11": 1.210426033227192, "10,12": -1.6286176329989819, "10,13": -0.054565017531465365, "10,14": 0.3309385469624564, "10,15": 1.4481651465229346, "10,16": -1.1521649593837187, "10,17": 0.06582784372794537, "10,18": 0.5216896677132019, "10,19": -0.4487558975768189, "11,12": -0.12123901447027086, "11,13": 0.985766859918848, "11,14": -0.6017414722611019, "11,15": 0.8984888275318261, "11,16": 1.2751149617740554, "11,17": 0.7117909442511143, "11,18": 1.8841963366710517, "11,19": 1.9433042492295947, "12,13": -1.9923990653149022, "12,14": 0.9931297462279791, "12,15": -1.5867855791718775, "12,16": 0.5041029418297667, "12,17": 1.4329262940261591, "12,18": 1.0194727424377898, "12,19": -0.12594936345532615, "13,14": -0.4214493606753136, "13,15": -0.8060859044188047, "13,16": -1.8241216778046074, "13,17": 0.06393853193892429, "13,18": 1.6217149776546447, "13,19": 1.8972633289603689, "14,15": 1.190361596454197, "14,16": 0.2778213184353353, "14,17": 0.6059074358210252, "14,18": 1.3667728536944752, "14,19": 1.1070243130092159, "15,16": 0.17916643723490955, "15,17": 0.524910802775409, "15,18": -0.38985187147813516, "15,19": 0.5155621982932641, "16,17": -1.5718631874706186, "16,18": 1.639728438424926, "16,19": -0.5840864840117352, "17,18": -1.792081017163766, "17,19": 1.4184794140087797, "18,19": 1.9745099758405087, "2,10": -1.599164561289201, "2,11": -1.818182645279185, "2,12": 1.2972248293967552, "2,13": -1.9147746278668483, "2,14": 0.16704333622839007, "2,15": -1.3604268104846464, "2,16": -0.4240986504890025, "2,17": 0.922138437452741, "2,18": 1.6933076645388403, "2,19": 1.303002452260312, "2,3": -1.2952718550928348, "2,4": -0.5602165265554819, "2,5": -1.9489112711250396, "2,6": -1.475436679773734, "2,7": -1.1503646508108982, "2,8": -1.0908330086879978, "2,9": 0.11084231474611927, "3,10": 1.4160573270271866, "3,11": -1.8779741810913482, "3,12": -1.0580783375937273, "3,13": -0.23406108673113302, "3,14": 1.0676637407658385, "3,15": 1.9712368237587112, "3,16": -0.046298308084471884, "3,17": -0.6979631742464485, "3,18": -0.9532517015799051, "3,19": 0.622831910987407, "3,4": 1.965166920668909, "3,5": -0.1490688705891574, "3,6": 0.1218836122951159, "3,7": 1.121327064506703, "3,8": -0.5226944374970874, "3,9": -1.323166247909414, "4,10": -0.9663138498646449, "4,11": 0.669661084514845, "4,12": 0.46452211463964854, "4,13": 1.8633437706732927, "4,14": -1.1187055022964838, "4,15": 0.4554223472182488, "4,16": -0.1402841253173852, "4,17": 0.6977583637346978, "4,18": -1.7118595792652465, "4,19": 0.2197183521279209, "4,5": -0.3716635159894479, "4,6": 1.9006493114970757, "4,7": 0.29200169556504596, "4,8": 1.072660489118563, "4,9": -1.980886639559941, "5,10": -0.8960236154328034, "5,11": 0.43441096965543435, "5,12": 1.5380808927998935, "5,13": -1.285966677404002, "5,14": 1.2258660917042459, "5,15": 0.06338368682853845, "5,16": -1.8167541950196453, "5,17": 0.23078848646770656, "5,18": -0.05826544587399818, "5,19": 0.7013416984875476, "5,6": 0.15250032165460192, "5,7": -1.1315649980346252, "5,8": -1.5876268691177415, "5,9": -1.291520256320895, "6,10": 0.25017331675567034, "6,11": 1.4117252429429406, "6,12": 0.879870480991146, "6,13": 1.1083883790612958, "6,14": 1.371005370270395, "6,15": -0.29032376657920755, "6,16": 0.5674858942908108, "6,17": -1.589999550238736, "6,18": -0.23184116569199364, "6,19": 1.81488361623855, "6,7": -1.7986715749088056, "6,8": -1.013589427832319, "6,9": -0.16976515854453078, "7,10": 0.9834047932975745, "7,11": -1.7487937972686698, "7,12": 0.7212153668594126, "7,13": 1.6994879194997399, "7,14": -0.7276096208571037, "7,15": 0.632432200152993, "7,16": -0.42901375838222844, "7,17": -0.13643601395398086, "7,18": 0.5752133603444096, "7,19": -1.2060810452133803, "7,8": 0.30303015882868056, "7,9": -1.9152286545312829, "8,10": 0.12068944219259681, "8,11": 1.8786477348934372, "8,12": 0.3570604062517537, "8,13": -1.4673810457554053, "8,14": -1.6353075095695586, "8,15": 0.5864820144775154, "8,16": 0.4863605635981916, "8,17": 0.9604283382824805, "8,18": -1.6794010606960916, "8,19": 0.2384476645504141, "8,9": 1.239881940054071, "9,10": 1.6923997317754509, "9,11": -1.7124792682410415, "9,12": -1.8623573920969516, "9,13": 0.054161699077231784, "9,14": 1.7023087511055865, "9,15": 0.01862660251083348, "9,16": -0.02423735734893029, "9,17": -1.8369446443394013, "9,18": -0.23121386763732765, "9,19": 0.7160764221374669}, "bias": {"0": 0.5455753513013037, "1": -0.8963571947707436, "10": -0.271556692196969, "11": -0.4184835268333411, "12": -0.02266018060522801, "13": -0.7319295240830788, "14": -0.74251559025759, "15": -0.20902740395389152, "16": -0.13943364443047446, "17": 0.589634506554028, "18": 0.26774565244915083, "19": -0.9384509648993247, "2": 0.4871476854159238, "3": -0.8549715252325232, "4": 0.9619288037496527, "5": -0.7922446460878072, "6": 0.4136783935191277, "7": 0.0029929245137041427, "8": 0.3425266978733894, "9": -0.051764788098245695}}