{"Q": {"0,1": 0.5775444988693965, "0,10": 0.1588831408934075, "0,11": -1.6066000349243885, "0,12": -0.8784814130742653, "0,13": -1.1100649377773606, "0,14": 1.5491994067222046, "0,15": -0.34356074277428705, "0,16": -0.010832622318628804, "0,2": 1.2769536652675049, "0,3": -0.6653852679742482, "0,4": 0.7911479453798567, "0,5": -0.0011133745067808398, "0,6": 0.4890280046862405, "0,7": 1.1039076797367389, "0,8": -0.26037221734606364, "0,9": -1.8751077050266853, "1,10": -1.7023143664696092, "1,11": -0.7798792821374994, "1,12": -1.9363443320624687, "1,13": 0.48793631881381305, "1,14": 1.9368942951611485, "1,15": 0.9478395650874631, "1,16": -0.5443532778630762, "1,2": -0.0999742850251426, "1,3": -1.3567148908211193, "1,4": 0.5920014433327108, "1,5": 0.857795790560846, "1,6": -0.3052220688340288, "1,7": 0.7618156577679014, "1,8": 1.3499701941859077, "1,9": -0.440766775741408, "10,11": 1.9013086231772727, "10,12": -0.3214141752801192, "10,13": -1.611274224401913, "10,14": 0.8524341708789591, "10,15": -0.7319699269130941, "10,16": 1.236869146439561, "11,12": 0.9070880864310031, "11,13": -1.4139340007063907, "11,14": -0.804452558137918, "11,15": -0.9692099345146556, "11,16": -1.4681380492870502, "12,13": 0.8821395325642207, "12,14": -1.599926624947544, "12,15": -1.2700587838455317, "12,16": -1.5195742119332887, "13,14": 0.7203888828165326, "13,15": -1.7697610960742693, "13,16": -1.3440867417757247, "14,15": -0.38661545023990485, "14,16": -0.3624389582831835, "15,16": -1.9809812936727376, "2,10": -1.0179886391205568, "2,11": -0.9049351802461731, "2,12": 0.507554187446059, "2,13": -0.5698827783884717, "2,14": -1.1790243849032644, "2,15": -0.8274271317997242, "2,16": 1.2771229829701038, "2,3": -1.3909203495788116, "2,4": 1.13724415451013, "2,5": 1.163640903647785, "2,6": -1.617075292470882, "2,7": 1.5117394821758547, "2,8": 0.4871750806063777, "2,9": -1.0783521990218605, "3,10": -0.060871290161569114, "3,11": 1.781550442503403, "3,12": -1.2885087010173866, "3,13": 1.6942313748146005, "3,14": -0.9658441842580285, "3,15": -1.0473175691950836, "3,16": 0.07373323560408274, "3,4": -0.9666356037057784, "3,5": 1.7310517668965226, "3,6": -1.3419883344098493, "3,7": 0.7800183165674954, "3,8": 1.2390278352960387, "3,9": -0.43712512867567144, "4,10": -0.11215361490734344, "4,11": 1.1697845316908086, "4,12": -1.521359195413749, "4,13": 1.7812315501270737, "4,14": -1.252613552137237, "4,15": 0.012627089551988213, "4,16": -1.1258177546106563, "4,5": 1.250807373421405, "4,6": -0.568399150222636, "4,7": -1.7870892293957445, "4,8": 1.0065746967963598, "4,9": 0.7180875719847806, "5,10": 1.7040971825719082, "5,11": 1.7779757544645611, "5,12": 1.0954765098780914, "5,13": -0.13235163794296012, "5,14": -1.1673658265232003, "5,15": 0.19855008028630117, "5,16": 1.360223142068811, "5,6": 0.9385988853816816, "5,7": -0.45801956831831037, "5,8": -0.591715686101852, "5,9": -0.8590139942013875, "6,10": 1.5999045255571902, "6,11": 0.006623901470198756, "6,12": -1.9038710516249364, "6,13": -1.2595409064304048, "6,14": 1.492080178280939, "6,15": -0.8751159118115344, "6,16": 0.35357789240962534, "6,7": -0.3616999974464341, "6,8": 0.5071426517877065, "6,9": 1.9708905770715717, "7,10": -1.7731986895387561, "7,11": 1.6654667241782892, "7,12": -0.5918848811358166, "7,13": -0.6598683080505183, "7,14": -1.6766660727030014, "7,15": 1.3459669996820538, "7,16": -0.4508669597478647, "7,8": 1.4780851912199888, "7,9": -1.6936320583881397, "8,10": -0.8059863365159701, "8,11": 0.14723381592982143, "8,12": -1.7016282447610003, "8,13": -0.7642650050990731, "8,14": -1.805058008298324, "8,15": 0.6156199562351996, "8,16": -0.5795995306850519, "8,9": 0.40437600638109794, "9,10": 1.8007781647401417, "9,11": 0.5902541442494584, "9,12": -0.08752251921987586, "9,13": 0.9278545104303046, "9,14": 0.1195752272083137, "9,15": 1.4778721672752475, "9,16": 1.5200615113768192}, "bias": {"0": -0.7288548346894275, "1": -0.4591345934744566, "10": 0.4930680809238501, "11": 0.1825456603080029, "12": 0.3480635428436649, "13": -0.33935272542217865, "14": 0.5441444208992747, "15": 0.911502047158403, "16": -0.5334433180767066, "2": -0.15496603481100202, "3": 0.6032319347128785, "4": -0.008639193821804891, "5": -0.052084448969947905, "6": 0.910764459659388, "7": -0.014829767316457021, "8": -0.588055410859978, "9": -0.9192430837990948}}