{"Q": {"0,1": -1.9066433719073115, "0,10": 1.9244542456275773, "0,11": 0.7961495549075979, "0,12": -0.4053989166780263, "0,2": 1.929016204102147, "0,3": 0.5482003293729139, "0,4": 1.7316859800683146, "0,5": -0.5168289729718185, "0,6": -1.5290627808509631, "0,7": 1.0666491414922543, "0,8": -1.066257384856347, "0,9": 1.2917648680816982, "1,10": -0.13176545819150265, "1,11": 0.5064256823602471, "1,12": -0.9323808842626806, "1,2": -0.9657796137320838, "1,3": 1.5522415186702125, "1,4": 0.023209752193816602, "1,5": 1.6082012050354337, "1,6": -0.0246271760728356, "1,7": -0.3832860466837924, "1,8": 1.199137919466572, "1,9": -1.2489662682250557, "10,11": 0.6168596965768178, "10,12": -1.2972667913830258, "11,12": -1.655210217593075, "2,10": 1.3025058962766747, "2,11": 0.6103027863303727, "2,12": 1.6220029502262978, "2,3": 0.3749263069458717, "2,4": 0.6298477540954392, "2,5": 1.9690768460477228, "2,6": 0.007795988632590678, "2,7": 1.5505933948327475, "2,8": -0.028421674077953707, "2,9": 1.338394992684306, "3,10": -1.0471623615423336, "3,11": 0.9632937775601129, "3,12": 0.17694647203372726, "3,4": 0.5724170633417853, "3,5": 0.01624791905978995, "3,6": -0.846066377893508, "3,7": 1.1898892715807672, "3,8": 0.16124645611312172, "3,9": -1.04951953161037, "4,10": 1.9377057390721113, "4,11": -1.2906594506330231, "4,12": -0.6387522029664194, "4,5": -0.5938621243204656, "4,6": -1.5365359309700493, "4,7": 0.5338035283591798, "4,8": -1.8288864610154003, "4,9": 0.19868590106819584, "5,10": -0.19164976331606676, "5,11": 0.1582465464126872, "5,12": -1.3220236960667133, "5,6": 1.1405972654374597, "5,7": 0.5518961142020764, "5,8": -0.8975620248101004, "5,9": -0.689692623396553, "6,10": 0.06484961958990754, "6,11": 1.4530547548975377, "6,12": -1.911938167761102, "6,7": -1.4119263796625994, "6,8": -1.308287550034239, "6,9": -0.040697521853192864, "7,10": 1.3517518510610613, "7,11": -0.532337123863512, "7,12": 1.0556092470393934, "7,8": 0.5493838009248275, "7,9": 0.06477329469727389, "8,10": 1.8014420443504409, "8,11": -1.998141792994054, "8,12": 1.8646539919118883, "8,9": 0.3511945264525864, "9,10": -0.5824323128827218, "9,11": -1.4615359271366977, "9,12": 1.9892202241865609}, "bias": {"0": -0.27595229270778354, "1": -0.40121995533470267, "10": -0.11099394347760083, "11": -0.7850493767323838, "12": 0.1467955886912442, "2": 0.5807264067466824, "3": -0.8729951718711824, "4": -0.38393106813260003, "5": -0.5714623935668939, "6": -0.9723448600006523, "7": 0.12737679302464078, "8": -0.9180408193773801, "9": 0.957158994114149}}