{"Q": {"0,1": 0.7683092947255461, "0,10": 0.283274276972207, "0,11": -1.4648713442401102, "0,12": 0.5772830168243006, "0,13": 1.8512061624274283, "0,14": -0.13139853970170767, "0,15": -0.5899158292763347, "0,2": 0.2676540752930032, "0,3": -1.9732539260804232, "0,4": -1.0639831972138403, "0,5": -1.1027409536725061, "0,6": -1.1407009818656548, "0,7": 0.5931679372066658, "0,8": -0.9622589516599804, "0,9": 1.9014826098695008, "1,10": 0.3094435093067216, "1,11": -1.8715457074324573, "1,12": -0.1290860093182351, "1,13": -1.4391283844138565, "1,14": 1.430151418464336, "1,15": -0.4298579418015813, "1,2": -0.615376602187597, "1,3": 1.7058714094328278, "1,4": 0.5536704079794248, "1,5": 0.1760577791890081, "1,6": 0.15409917819827967, "1,7": 1.4556849138240278, "1,8": -0.8787135950000957, "1,9": -1.8669832348685715, "10,11": 1.7716305803935488, "10,12": -1.0906524840291913, "10,13": 0.35684055706692597, "10,14": -0.4999788692433853, "10,15": -1.0161426001991254, "11,12": 1.1116725679336876, "11,13": -1.9105757349173942, "11,14": -1.2601741647364495, "11,15": -1.7488591547171128, "12,13": 1.3314864845811036, "12,14": -0.5221587832859798, "12,15": 0.3448518816534478, "13,14": -0.4087537477271086, "13,15": -0.9710948713635039, "14,15": 1.899023069098143, "2,10": 0.495363780730802, "2,11": 0.5173653207618552, "2,12": -1.3065243565261024, "2,13": -1.8862666636185175, "2,14": -1.0774591643326001, "2,15": 0.05003277250541327, "2,3": 1.2650044032663295, "2,4": -1.9761092015967967, "2,5": 1.0740363994542186, "2,6": -1.3202673085704313, "2,7": -1.399025665507089, "2,8": -0.1593071759448872, "2,9": 0.6728238000073454, "3,10": -1.3562752856560758, "3,11": 1.1645937267811992, "3,12": 0.003165346518318568, "3,13": 0.5587471790961098, "3,14": 1.354729772938362, "3,15": -0.5357330660916144, "3,4": 0.428309126888633, "3,5": -0.4412464300244414, "3,6": -1.5232841788372475, "3,7": -0.3441994188885693, "3,8": 1.591435534936633, "3,9": 1.55206590347859, "4,10": 0.062124497596890205, "4,11": 1.9702431581772664, "4,12": -0.2834705842929779, "4,13": 1.187856617091085, "4,14": 1.9376072001760387, "4,15": -1.2195173818220986, "4,5": -1.2887823091255322, "4,6": -1.6234383367362875, "4,7": 1.3411213177824615, "4,8": -0.810026459845441, "4,9": -0.3742433649942769, "5,10": 0.07154453302752195, "5,11": 0.8365422433145264, "5,12": -1.5044408044986248, "5,13": 0.8751345722241783, "5,14": -1.850308462784822, "5,15": -0.3924216407540131, "5,6": -1.3683170101033935, "5,7": -0.9409641142537852, "5,8": 1.5965199796641567, "5,9": 0.4465964491466168, "6,10": -1.9147947803248502, "6,11": 1.5100673703285787, "6,12": 0.9362837534144641, "6,13": 1.7628225301021407, "6,14": 1.1445301129942735, "6,15": 1.2375760048166544, "6,7": 0.8764284362513566, "6,8": 1.4674417616443582, "6,9": 1.2352218422755374, "7,10": 0.09048806783740249, "7,11": 1.4530089826042532, "7,12": -1.1756299831348684, "7,13": -1.9443756554389595, "7,14": -0.7601009505969327, "7,15": -1.5482785973470912, "7,8": -1.5184021482324015, "7,9": -1.133406016684626, "8,10": -1.9568989932481449, "8,11": 1.855767515525904, "8,12": 0.6963193921383595, "8,13": -1.5277212119509254, "8,14": -1.5211646658263254, "8,15": 1.5954748864552037, "8,9": 0.7219312399905475, "9,10": -0.5220010512129272, "9,11": -0.4982488615531526, "9,12": -0.7072149044945313, "9,13": 1.1394056204589496, "9,14": -1.5053197685110309, "9,15": -1.7169457756166548}, "bias": {"0": -0.7699747866919093, "1": -0.19464701219566138, "10": 0.6542649025434999, "11": 0.9003878146665001, "12": -0.1729294166854647, "13": -0.6406489918319436, "14": 0.8948366388016407, "15": 0.7138347964983685, "2": -0.4600437764943901, "3": -0.18097325031270617, "4": 0.56901981848238, "5": -0.8990192503973558, "6": -0.28524791712832154, "7": -0.8153704922897245, "8": 0.4243739340112165, "9": -0.9346425197672763}}