{"Q": {"0,1": 0.9572110466979589, "0,10": 0.6903905361778948, "0,11": 1.7594067637974087, "0,12": -0.9990741514401802, "0,13": -1.8164323915544065, "0,14": -1.8361370392807914, "0,15": -0.534966028821815, "0,16": -0.5197373339589948, "0,17": -1.0014902478871472, "0,18": -1.0491401081176703, "0,19": 1.2231796631918384, "0,2": -0.4356473483289536, "0,3": 0.9871588223954175, "0,4": -1.6864094939806784, "0,5": -0.9950854079216773, "0,6": 1.4946167400704642, "0,7": 0.8997658625165794, "0,8": 0.607077574422179, "0,9": 1.6922731685131067, "1,10": -0.31107013004106143, "1,11": 1.9654554202143215, "1,12": 1.8125678119012005, "1,13": 0.5098716710578186, "1,14": -1.3508561140090323, "1,15": 0.24631120225134318, "1,16": -1.0898735186115074, "1,17": -0.1443729548586119, "1,18": 1.6311333539586146, "1,19": 1.135500784988345, "1,2": 0.04187256532797212, "1,3": 1.4800309520331645, "1,4": 1.1261709068599903, "1,5": 0.15074870354945258, "1,6": -1.830523089004906, "1,7": -0.2770167655125788, "1,8": -1.951260203074039, "1,9": -0.18673181909947578, "10,11": -1.0161092958347062, "10,12": 1.6597830837337049, "10,13": -0.6057239955372595, "10,14": 0.21135999623335433, "10,15": 0.7862062827013676, "10,16": 1.2609698923086508, "10,17": 1.8719060822478317, "10,18": -0.6852446927682303, "10,19": 1.9557700420876407, "11,12": -0.47139529680725367, "11,13": -1.7214864707805173, "11,14": -0.7676572058491917, "11,15": 0.5510572798337772, "11,16": -1.5211830138507048, "11,17": -1.5108952752237967, "11,18": 1.6164217276176176, "11,19": -0.6926478441571171, "12,13": -1.0725550644219242, "12,14": -0.06684888806259348, "12,15": 1.284052945518158, "12,16": -1.1257133672827955, "12,17": 1.9642876523822816, "12,18": -0.6055337045117408, "12,19": -1.174010037601573, "13,14": -0.16783244316803847, "13,15": 0.48434327669743915, "13,16": -0.4891937572469476, "13,17": -1.613566848720846, "13,18": -0.6804170779320828, "13,19": 0.9505986480014927, "14,15": 0.4623775515224158, "14,16": -1.9693655295591226, "14,17": 0.8820870617411889, "14,18": 0.0025062505363195875, "14,19": 0.3067012513926568, "15,16": -0.24701847086170892, "15,17": 1.0808391083379179, "15,18": 1.6459370619608071, "15,19": 1.8866988615778104, "16,17": 1.3728430802053264, "16,18": -0.47201641643203907, "16,19": -1.3218722261429492, "17,18": -0.05792354569227687, "17,19": -0.2061975847752877, "18,19": -1.1110613382083288, "2,10": -1.2626823557126112, "2,11": 0.5286680948786255, "2,12": -0.3131468725009916, "2,13": 1.5905973332608134, "2,14": -0.32834548271747765, "2,15": -1.655795836635444, "2,16": -0.9792445960451523, "2,17": 0.19017616890402422, "2,18": 0.17765290295703462, "2,19": 1.622530282883138, "2,3": -1.6947821087707853, "2,4": 1.604845291947453, "2,5": 0.9233202650415846, "2,6": -0.11378007443144922, "2,7": -1.7438209906845783, "2,8": -1.441577838338509, "2,9": -0.3994622747642085, "3,10": -1.238854236412823, "3,11": 1.165399897238069, "3,12": -0.14500380170361415, "3,13": 1.5961117738844481, "3,14": 1.1492680963351827, "3,15": -1.7708649964784788, "3,16": -0.2513340737347409, "3,17": -0.9377750690507751, "3,18": -1.9911019570633361, "3,19": -1.2358289459899354, "3,4": -1.3400029462293408, "3,5": 0.8781667436102079, "3,6": 0.5486275544790469, "3,7": 0.21079240089416862, "3,8": -0.07483931157666479, "3,9": -0.2954762264916986, "4,10": 1.9215710057553559, "4,11": -1.8903059288781905, "4,12": 0.3845512091889218, "4,13": -0.06137498276980358, "4,14": 0.39471801604720014, "4,15": -1.3389439042064852, "4,16": -0.3893270496248631, "4,17": 1.9850020138015192, "4,18": 1.5594394473509707, "4,19": 1.4701985504937474, "4,5": 0.5843097018115815, "4,6": 0.2362001169895036, "4,7": -0.19465993969615036, "4,8": 0.361084153115411, "4,9": 0.8753811488220151, "5,10": 1.8308781436900854, "5,11": 1.4967156452847248, "5,12": -1.6108535895458878, "5,13": 0.4078217062153451, "5,14": 1.3127245006258152, "5,15": -0.14598632907457532, "5,16": 1.964073219073034, "5,17": -0.5091381742137737, "5,18": -0.8803337837742728, "5,19": -0.8102523116511096, "5,6": -1.6567578936554885, "5,7": 0.7717562971820051, "5,8": -0.4713814688413289, "5,9": 0.7693758707834957, "6,10": 0.4950777703373106, "6,11": 0.8888947198385884, "6,12": 1.4122013358091272, "6,13": -1.5319672183415234, "6,14": 0.5427072085295817, "6,15": -0.9683352840152915, "6,16": 1.519047492110443, "6,17": -0.4599533653282104, "6,18": -1.17098414175527, "6,19": -1.6295321398550722, "6,7": -0.2383205201721248, "6,8": -0.4082891511343063, "6,9": 1.0582531097891295, "7,10": -1.7084883103161639, "7,11": -0.9753630585892208, "7,12": -1.2962479860892797, "7,13": 0.9825731458437446, "7,14": -0.608647030677802, "7,15": -0.9231329267000112, "7,16": -1.6990875920383153, "7,17": 0.4713648611105188, "7,18": 0.7448219411270283, "7,19": 0.440372737642043, "7,8": -0.3317369723622354, "7,9": 1.0627856287487578, "8,10": 0.6785559988669849, "8,11": 1.1864395157289414, "8,12": 1.2475319792039063, "8,13": 0.5683347929893743, "8,14": 1.888576348380223, "8,15": -0.6682414385887965, "8,16": 1.3461424552788683, "8,17": 1.7999900726531992, "8,18": -0.9758135573249129, "8,19": 1.9907409087310048, "8,9": 1.4412999347520516, "9,10": 0.28017948950689764, "9,11": 1.8194732470652757, "9,12": -1.018207402472612, "9,13": 0.6869240096058107, "9,14": -1.5694974550696825, "9,15": -0.8270927803038846, "9,16": 0.8148662857471729, "9,17": -1.3977483995385143, "9,18": 0.7951559520287792, "9,19": 1.2677174546428756}, "bias": {"0": 0.5701234279826188, "1": 0.655886278306762, "10": 0.030099286124667612, "11": 0.5984957346278204, "12": -0.526034790958894, "13": 0.37259752018608294, "14": -0.5360540432512451, "15": -0.6107550967540722, "16": -0.6874327590342508, "17": -0.339264236239045, "18": -0.8337761886316057, "19": -0.7905205997171794, "2": 0.8007392669778304, "3": 0.9367314179329147, "4": -0.6138632089725762, "5": -0.6892727387232589, "6": -0.6192075684836287, "7": -0.7344704290935475, "8": 0.6114096029819742, "9": -0.5282369133656835}}