{"Q": {"0,1": -0.29244257915961924, "0,10": -0.02427728533373097, "0,11": 1.0011625010156173, "0,12": -0.11746534392937003, "0,13": 0.34512327872560755, "0,14": -1.5409585782962978, "0,15": 0.8176613194356577, "0,16": -1.296867970360458, "0,2": 0.26981201909492913, "0,3": -1.0973554312275864, "0,4": 0.591859010138351, "0,5": 0.38153441353524764, "0,6": 0.7739875384096049, "0,7": -1.9122067936539486, "0,8": 1.5261895635085532, "0,9": 0.14530883435594832, "1,10": 0.45660375864701974, "1,11": -1.5723035748973309, "1,12": 0.7448291818903847, "1,13": -0.25439422088107033, "1,14": -1.7566340718528979, "1,15": -1.5538620504812521, "1,16": 1.2181783165175148, "1,2": 0.17877359249178193, "1,3": 0.49416073362053314, "1,4": 0.03055480441666436, "1,5": 0.25700684562479825, "1,6": -0.554023074874868, "1,7": 1.2936043844143694, "1,8": 1.0495663426503548, "1,9": -1.4205666247865478, "10,11": 1.420827359104306, "10,12": -0.2908900586510259, "10,13": -0.5929290068823314, "10,14": -0.5699623904151738, "10,15": 0.3451070874601454, "10,16": 1.8065143280480545, "11,12": 0.040967883064012334, "11,13": -1.2204126176545715, "11,14": 1.7237100474905254, "11,15": -0.272834690011734, "11,16": -1.6207990948995956, "12,13": 0.4629093948369505, "12,14": -1.0105386281833315, "12,15": -0.7797213719205973, "12,16": 1.7642850408479638, "13,14": -1.2098471739706165, "13,15": -1.853069895525005, "13,16": 0.2034776207087856, "14,15": -1.6936138280426984, "14,16": 0.16724695852332072, "15,16": 1.6633996738659742, "2,10": 0.7331198288287637, "2,11": -1.101984089190057, "2,12": 0.4717916676166536, "2,13": 0.969187199497703, "2,14": -1.4087844956204467, "2,15": 1.1681699138906967, "2,16": 0.9721926255974407, "2,3": -0.30621666010247006, "2,4": 1.1110815543926544, "2,5": -1.6590354775458143, "2,6": 1.0495803415868332, "2,7": -1.5827017568815243, "2,8": -0.650886348484291, "2,9": -1.1405610190686937, "3,10": 1.172358747341124, "3,11": 0.057066870949341375, "3,12": 1.7614304637451537, "3,13": -1.937621462409402, "3,14": -0.35105200691707505, "3,15": -1.8527679346440364, "3,16": -1.4565248221000666, "3,4": 0.5469649959108791, "3,5": 0.5683725814871692, "3,6": 0.6824103584244199, "3,7": 1.5133143850630875, "3,8": 1.5965618856836343, "3,9": 0.7983608620981366, "4,10": 0.43921937914029074, "4,11": 0.7440183146080548, "4,12": 1.3492919235736984, "4,13": 0.4555134490083872, "4,14": 0.7314462980178749, "4,15": 0.37587146732263577, "4,16": -0.9655599506880899, "4,5": -1.673015114092161, "4,6": 0.3457707438607569, "4,7": 0.6038562761736341, "4,8": 1.6594076628356587, "4,9": -1.2814496209793584, "5,10": -0.5032440200167367, "5,11": -1.8645098376121547, "5,12": -0.6075936957735104, "5,13": -0.0613237660535515, "5,14": -0.7811783589513799, "5,15": 0.4899253237482375, "5,16": -1.6830400084302646, "5,6": 0.6755084412194661, "5,7": 0.8250212083443209, "5,8": 1.0163560335409376, "5,9": 1.7389793371700653, "6,10": 1.9263549261744495, "6,11": 0.8180914773247734, "6,12": -0.6085289626190957, "6,13": -1.1723283887111036, "6,14": -1.8384334526374246, "6,15": -0.7400259545668031, "6,16": 1.6384394923568069, "6,7": -1.3940332139657405, "6,8": -0.21660205374407493, "6,9": 0.7949082940827892, "7,10": -1.5208311792316485, "7,11": -0.18063682190441854, "7,12": 1.7579174241829425, "7,13": 0.9249972642918278, "7,14": -1.7235356451938548, "7,15": 0.7685215251356232, "7,16": -0.5914029295000303, "7,8": -1.5693779542406174, "7,9": -0.02737996438364032, "8,10": 1.7666041879456045, "8,11": -0.08916847861258947, "8,12": -0.17226124115835706, "8,13": 1.0231651127040413, "8,14": -0.7079078601844992, "8,15": 0.7297485137273307, "8,16": 1.8431790655278157, "8,9": -0.44621397072608815, "9,10": 1.4393157577104505, "9,11": -0.30683172482509047, "9,12": 1.08213954166209, "9,13": -0.9756324985915126, "9,14": 0.2646358956776522, "9,15": 1.2385899276241936, "9,16": -0.8682763797627358}, "bias": {"0": 0.5337690911116337, "1": 0.8405506868424129, "10": 0.14843236264539872, "11": -0.6273876855395832, "12": -0.1489837453295646, "13": 0.8516116901670914, "14": -0.3542564809514708, "15": -0.917945442379563, "16": 0.3585072784145673, "2": 0.6609450391184899, "3": -0.8765622441819845, "4": 0.1285099970316934, "5": 0.029592444316216993, "6": 0.17618276403944133, "7": -0.6996671655154019, "8": -0.26615458840360806, "9": 0.3293683641245737}}