{"Q": {"0,1": -1.4916456202775104, "0,2": 1.35789374352189, "0,3": 0.32364958311964864, "0,4": 0.7678160346868337, "0,5": -0.8791313624580952, "0,6": -0.5026014874980711, "0,7": 1.8599888281709127, "0,8": 1.3319615580461375, "1,2": -1.574223386058902, "1,3": -0.5548014860270976, "1,4": -0.49034785325263774, "1,5": 1.9185212657189874, "1,6": 0.9416127691526053, "1,7": -1.9089222387788314, "1,8": -0.6737569256789158, "2,3": -0.3781390991634157, "2,4": 0.9467012813255331, "2,5": -0.3638182976575277, "2,6": 0.7966086888424511, "2,7": -1.0595483615370318, "2,8": -1.0419249157782713, "3,4": 0.9210818312316631, "3,5": -0.42934015385046687, "3,6": 0.7667501063567119, "3,7": 0.11899468255057322, "3,8": -1.7068570276076418, "4,5": -0.7251947350012684, "4,6": -0.32397502683523793, "4,7": -0.867015675787997, "4,8": 0.8438165691358073, "5,6": 1.2863708517321397, "5,7": 0.16283485875528525, "5,8": 1.4450364697747502, "6,7": 0.7421340223494464, "6,8": 1.128675563616797, "7,8": -0.9908081966921056}, "bias": {"0": 0.6476024199950305, "1": 0.139570588117911, "2": 0.29408364047293434, "3": 0.7472080772693603, "4": 0.5004135857810967, "5": -0.6056404575401202, "6": 0.14298965594333946, "7": -0.8321001497151062, "8": -0.5271070277037577}}