{"Q": {"0,1": -0.4282679306173858, "0,10": -0.29551508303317187, "0,11": 0.7848951578825103, "0,12": -1.9291332898872584, "0,13": 1.6807620914788335, "0,14": 0.031104085981529916, "0,15": -1.0392008511943063, "0,16": 1.6596616400570094, "0,17": -0.24833071142946617, "0,2": -1.8731230378999526, "0,3": 0.916583163970655, "0,4": -0.21099956748657434, "0,5": -0.4541954578915459, "0,6": 0.10705629204533018, "0,7": -0.9606316674376756, "0,8": 0.48460394545230123, "0,9": 1.9688107320782824, "1,10": 1.380763931059025, "1,11": -0.28825552669682697, "1,12": -0.497257374631074, "1,13": -1.0711349270608514, "1,14": -1.4135380950830334, "1,15": -1.126040026374243, "1,16": -1.8934095811106317, "1,17": 0.47435265842776175, "1,2": -1.3878445465860447, "1,3": 0.3796420259157438, "1,4": 1.639875630654584, "1,5": -0.055036057616031364, "1,6": 1.9983820021280096, "1,7": 1.6324345703661494, "1,8": -1.7968675273889145, "1,9": 0.7455612725224094, "10,11": -1.4209094211731852, "10,12": -1.7758675252681226, "10,13": -1.5667155811170823, "10,14": 1.0022212634734302, "10,15": 0.9746081526922188, "10,16": 0.20257490003998946, "10,17": 1.9645516411544754, "11,12": 0.993210942473667, "11,13": -1.1214971864770154, "11,14": 1.3693152490182672, "11,15": 0.020022297615061024, "11,16": 1.1482021233576307, "11,17": 0.8947196990996615, "12,13": 1.9091863719120545, "12,14": 0.6778980114488196, "12,15": -0.8580193560363782, "12,16": 0.4519656708864255, "12,17": 1.3182256564887447, "13,14": 0.8288953000264767, "13,15": -1.221058789066387, "13,16": 1.103451713069485, "13,17": -0.593856380419076, "14,15": -1.0979428852486892, "14,16": -1.580166670988055, "14,17": -0.2678235793279651, "15,16": 1.2683261530919325, "15,17": -0.19865092883455926, "16,17": -0.09246330366873856, "2,10": -0.8795184442692592, "2,11": 1.789989005219506, "2,12": 1.5228952500182333, "2,13": -0.12666198549347651, "2,14": -0.44935895792002345, "2,15": 0.5420440758687546, "2,16": -0.5103690900036693, "2,17": -1.9615938986485046, "2,3": -0.34637541737288746, "2,4": 0.1896109181009047, "2,5": 0.6419728720337345, "2,6": -1.1933872562573753, "2,7": -1.9757998312285054, "2,8": 0.5718245911924362, "2,9": -1.6087541743395612, "3,10": -0.46795764672355, "3,11": 1.0046957490208, "3,12": -0.9167385761794753, "3,13": 0.7115498735574688, "3,14": -0.8306690030049388, "3,15": 0.5391973904835692, "3,16": -0.6629283546829523, "3,17": -0.19515217900677584, "3,4": -0.4848712043500796, "3,5": 0.35468928113298137, "3,6": -1.351229983648115, "3,7": 0.720437789320342, "3,8": -1.1543532478872724, "3,9": -0.03701234049212987, "4,10": -1.134896310662151, "4,11": -0.19845408288367583, "4,12": 0.8231829201135903, "4,13": -0.6298877681675839, "4,14": 0.20548742347963467, "4,15": -1.3775129993197073, "4,16": -1.114392578453781, "4,17": 1.8988393616578145, "4,5": 0.7795999160333111, "4,6": 1.1807769635121623, "4,7": -1.393894856172361, "4,8": -1.398618197396699, "4,9": 0.1156075507617147, "5,10": -0.14790554753678675, "5,11": -0.06471838386294326, "5,12": 1.1928459170136425, "5,13": 0.8266979728325659, "5,14": 1.59935599248452, "5,15": 1.1609225873006093, "5,16": -0.6788035313384264, "5,17": -0.9893478985213338, "5,6": 1.3795332322180789, "5,7": 0.36192483253141594, "5,8": 1.2897347185240444, "5,9": -0.5894098030444472, "6,10": 1.325066159352601, "6,11": 0.9917478329746374, "6,12": 1.257720261245856, "6,13": 0.6903133654167504, "6,14": 0.9926410435988315, "6,15": 1.406022704036983, "6,16": -0.6213329314418448, "6,17": 0.819605159964087, "6,7": 0.349854230997082, "6,8": 0.8341362243623465, "6,9": -1.1718228246371507, "7,10": 0.6363764818815882, "7,11": 0.6448751154081691, "7,12": 1.2374273449463766, "7,13": 1.9893011626680757, "7,14": -1.3345576397248395, "7,15": -0.5865024708757436, "7,16": 1.8241082645333329, "7,17": -0.3915063629968545, "7,8": 0.9859116883730588, "7,9": 0.7840381113567463, "8,10": 1.0590445806034259, "8,11": 0.05033064306868429, "8,12": -1.964874908879878, "8,13": 1.6403090359863612, "8,14": 1.857561363855385, "8,15": -0.5363463986950463, "8,16": 0.18899225006032472, "8,17": -0.8061055710970741, "8,9": -1.8576915769821913, "9,10": 1.3592974048857278, "9,11": 0.7922032516860589, "9,12": -0.8685645187645759, "9,13": -1.6716756717486616, "9,14": -0.7388336351500668, "9,15": -1.0751184108101421, "9,16": -0.20360860179813223, "9,17": 0.4736308890885863}, "bias": {"0": -0.9776525195951729, "1": 0.012747073523057262, "10": 0.1646525241567809, "11": -0.5137879668991632, "12": 0.46865175752096877, "13": -0.9536827882952126, "14": -0.6549418314483066, "15": -0.20293824187180665, "16": -0.5002214053542338, "17": 0.3829428828504904, "2": -0.4412257429249593, "3": -0.019615635603568604, "4": 0.840750331548354, "5": 0.8080931773190143, "6": -0.49133628476512947, "7": 0.9374594548226596, "8": -0.38812846173224136, "9": 0.8399409059096998}}