{"Q": {"0,1": -1.9020350234961407, "0,2": 0.5594507236376614, "0,3": 1.9936664938818462, "0,4": -1.7965376132481405, "0,5": -1.4321226738674393, "0,6": -1.1487501185793016, "0,7": -1.5852962252214438, "0,8": 1.2555250047897313, "0,9": -0.7784227171733775, "1,2": -0.0441329080904973, "1,3": -0.0664995446186718, "1,4": 0.5444893127145356, "1,5": 0.7656481650746332, "1,6": -1.0239949360525649, "1,7": 1.249894352876864, "1,8": 0.7873095409562665, "1,9": -1.4374964544392537, "2,3": -1.886617363753945, "2,4": -1.5991490360051208, "2,5": 1.0872465622360217, "2,6": -0.561326720778085, "2,7": -0.6296671413369941, "2,8": 0.33368026748953383, "2,9": 1.4273196980125746, "3,4": 0.38237269199790225, "3,5": -0.7358153406582453, "3,6": 1.2764245199761302, "3,7": 0.47500908832529687, "3,8": 0.49919382009264, "3,9": -0.18055975253051182, "4,5": -0.4053076626936556, "4,6": 0.1278737982043321, "4,7": 1.548830387588962, "4,8": -1.442619634020239, "4,9": -0.30476491261230443, "5,6": 0.841311334259057, "5,7": 0.13300841822022358, "5,8": 1.292906282560447, "5,9": -0.627096891946274, "6,7": -0.2152584412846723, "6,8": -0.40574343749870057, "6,9": -0.07148469021373893, "7,8": -1.0947926829069483, "7,9": 1.307233108760633, "8,9": -0.9925898117001619}, "bias": {"0": 0.47191912632877075, "1": -0.6717525011415784, "2": -0.11617930205990223, "3": 0.23845796578367318, "4": 0.5802250869338264, "5": 0.4291485452297745, "6": 0.7195143645660744, "7": 0.28950749326576486, "8": -0.8664280663918786, "9": -0.6802275427557678}}