{"Q": {"0,1": 1.5866813911650426, "0,10": 0.5050029984160416, "0,11": 0.43071053134050397, "0,12": -1.0015642564879808, "0,13": -0.0020800629384867264, "0,14": 1.0799790590709937, "0,15": 0.5833415479564308, "0,16": -1.24543668778403, "0,17": 0.554490941942734, "0,18": -1.69957357328884, "0,19": -1.08028642351879, "0,2": 0.032380951855388584, "0,3": 0.580332305567393, "0,4": 0.6897200010586886, "0,5": -1.5897036582156212, "0,6": 1.4734247392827236, "0,7": -0.6026728253640243, "0,8": 1.767175904736304, "0,9": 1.6772174428394608, "1,10": -1.0821144753730283, "1,11": -1.6976418796180366, "1,12": -0.7735018161691731, "1,13": 0.253784009963371, "1,14": 0.24221279622891512, "1,15": 0.49920542917933286, "1,16": 0.6481569589807701, "1,17": -1.4770461140765732, "1,18": 1.7962696508650673, "1,19": -0.669066142608425, "1,2": 0.3675723373553037, "1,3": -1.4579944230155664, "1,4": -1.455342319363694, "1,5": -0.8039333628501146, "1,6": -1.252114724450308, "1,7": 0.3337878604050135, "1,8": -0.5070899499346857, "1,9": 0.10062221211568545, "10,11": -0.8204732255226146, "10,12": 0.5799585245150096, "10,13": 0.6327561737919627, "10,14": -0.8005521716370527, "10,15": 0.03134341663956208, "10,16": 0.6052187035745713, "10,17": 1.9427014241159064, "10,18": -0.9490249404507813, "10,19": 1.7009288928324393, "11,12": -1.109176409148389, "11,13": -0.8210141021692361, "11,14": 0.36124942460798914, "11,15": 0.9200862454757335, "11,16": -0.33193759750690255, "11,17": 1.0763121229668307, "11,18": -0.727106875888325, "11,19": -0.8890553786679383, "12,13": 0.4253306102383476, "12,14": -0.10599130416846325, "12,15": -0.952767851298105, "12,16": -0.1995539798452577, "12,17": -1.1741062719488955, "12,18": 0.026643632010685092, "12,19": -0.04576537499448241, "13,14": 0.9210877560321391, "13,15": -0.7741833894883383, "13,16": 1.9083998559720543, "13,17": -1.6022606853021366, "13,18": 0.08065477719722347, "13,19": 0.3494895090916912, "14,15": 1.3540390173386219, "14,16": -1.1899814519018355, "14,17": -1.3478163052656478, "14,18": 1.6060307238085252, "14,19": -1.3936252012477448, "15,16": 0.9874375874030088, "15,17": -0.33161041293962246, "15,18": 0.8881724700777456, "15,19": 0.25767136870940144, "16,17": -1.0562180062883733, "16,18": -1.6247638102954456, "16,19": -1.5718886036736759, "17,18": -1.2465705932548756, "17,19": 1.2103558450578644, "18,19": 1.5722826479814853, "2,10": -0.43901636183267234, "2,11": 1.9960108796296412, "2,12": -0.616429402296542, "2,13": -1.4548887549335618, "2,14": 0.8075654315584195, "2,15": -0.573564682010947, "2,16": -0.7746395202631846, "2,17": 1.5411944642258764, "2,18": 0.3481147895204857, "2,19": 1.1003890390486353, "2,3": 0.7024019577383247, "2,4": -0.2587632770250603, "2,5": -0.7924360402953026, "2,6": -1.807472458828737, "2,7": -0.9497317942426786, "2,8": 1.537224474720789, "2,9": 0.8578712027786519, "3,10": -0.6997049543465348, "3,11": 0.17909717004090586, "3,12": 0.9694718688602957, "3,13": 1.6290131537421808, "3,14": 0.13841120954355102, "3,15": 0.08363764683370345, "3,16": -1.601037373989611, "3,17": 1.2059990939053438, "3,18": -0.0644457616718066, "3,19": -0.5935597896968758, "3,4": 0.45603917537079974, "3,5": 1.2933665815249085, "3,6": -0.7657089611204269, "3,7": -1.2416065848895852, "3,8": 1.824231094809408, "3,9": 0.6644074912714748, "4,10": -0.01098570980559721, "4,11": -1.9420838652369845, "4,12": -0.879868743965468, "4,13": -0.4745695825390599, "4,14": -1.4889408388576149, "4,15": 1.185255901156966, "4,16": -0.8421295172055854, "4,17": 1.97517735340212, "4,18": 1.9285611883142169, "4,19": 0.038734466065066364, "4,5": 0.9733756676879532, "4,6": 0.4989425134056158, "4,7": -0.34276412418434665, "4,8": 0.5948295161620938, "4,9": -0.17288793298421679, "5,10": -1.3571518901638506, "5,11": -0.8492835632107325, "5,12": -0.5303416655606696, "5,13": -1.3785696794039315, "5,14": 1.5630433374073007, "5,15": -1.7951160126828043, "5,16": 0.6058020688897767, "5,17": 0.3748622603681313, "5,18": 1.3870543911386148, "5,19": -0.9194546895364435, "5,6": 0.23767265544902827, "5,7": 1.6723139748279952, "5,8": -1.3408413685489164, "5,9": 1.175272094215428, "6,10": 1.377142035798725, "6,11": 1.4035966469020988, "6,12": -1.660930075672883, "6,13": -0.545845763432256, "6,14": -0.46957946086756275, "6,15": -0.7596448110205443, "6,16": 1.4038352037432165, "6,17": 1.3514433997205808, "6,18": -0.264829553953954, "6,19": 1.3593588018057399, "6,7": 1.7966001642472853, "6,8": 0.15459631194766654, "6,9": 1.7991628347005344, "7,10": -1.8251492932271307, "7,11": -1.8606605592915724, "7,12": -1.244461560389916, "7,13": 1.9540630702054966, "7,14": 1.3875835315116043, "7,15": -0.22154558630792254, "7,16": -1.709302936441885, "7,17": 0.27735358062303916, "7,18": 0.40936452195159445, "7,19": -1.4260361361399094, "7,8": 1.887608972604092, "7,9": -0.6327624302309038, "8,10": 1.0052107863708204, "8,11": 1.8688482150230867, "8,12": -1.386562732207374, "8,13": -0.662400895791313, "8,14": -0.7604296966949287, "8,15": -0.06618560740168933, "8,16": -0.36057162056936054, "8,17": -1.3105421928063445, "8,18": 1.5838905417648, "8,19": -1.1475995213747896, "8,9": -1.3872610571871289, "9,10": 0.6097246673657359, "9,11": 1.2037957105299415, "9,12": 1.0071068561426717, "9,13": -1.8873088634849466, "9,14": 1.3895547058147972, "9,15": 0.37642520932982126, "9,16": 0.9981042007099288, "9,17": 0.339967754870103, "9,18": -1.9013784754528973, "9,19": -1.44255691173526}, "bias": {"0": 0.44991629634198604, "1": -0.8625909113907431, "10": -0.14869879639214134, "11": 0.7339053952748213, "12": -0.20353349987328873, "13": -0.8072972510232868, "14": 0.5753853316976856, "15": 0.7616349892772072, "16": -0.25835409820452937, "17": 0.3151241788714587, "18": 0.7746451057102148, "19": 0.048815001662876334, "2": -0.21981995169158552, "3": 0.527335190931431, "4": 0.7530255911738977, "5": 0.3646068101537374, "6": -0.32189749556060065, "7": 0.8099865766947059, "8": 0.5554522867638079, "9": -0.03273286811368936}}