{"Q": {"0,1": -0.3586015872209165, "0,10": 0.9318213311123285, "0,11": -0.9955624443703837, "0,2": -1.9620894458929885, "0,3": 1.4199763868373698, "0,4": -1.2900837483935201, "0,5": -1.4196804912516892, "0,6": 0.8804215172757939, "0,7": -0.2533304956457072, "0,8": -1.9665292265867178, "0,9": -0.418581832917281, "1,10": -1.6061860678248698, "1,11": 0.013053137948836557, "1,2": 1.295297929987942, "1,3": 1.5971217674987819, "1,4": 0.6539787981892626, "1,5": -0.8488909984855679, "1,6": -0.14640575253594923, "1,7": -1.9723093418696078, "1,8": 0.3602194071309315, "1,9": -0.5485257503716361, "10,11": -0.8295667133104918, "2,10": 0.22592924101018852, "2,11": 1.5212195262716466, "2,3": -0.7863515160704226, "2,4": 0.22974583976713703, "2,5": -0.6128121990685482, "2,6": -1.8924450960711279, "2,7": -1.6323012669526555, "2,8": -0.49955031325511445, "2,9": 0.04371947426431522, "3,10": -0.522748328644361, "3,11": -1.2072665430377998, "3,4": 1.78415657034616, "3,5": 0.24529436813534788, "3,6": -0.23354981402564734, "3,7": 1.7923179745909406, "3,8": 1.1169861997383377, "3,9": 1.0852762969385603, "4,10": 1.6514280189392805, "4,11": 0.01715278946481602, "4,5": -0.08980318992576031, "4,6": 1.7074811690632612, "4,7": 0.28708927699778597, "4,8": -1.476932332988381, "4,9": -1.82221064257622, "5,10": -0.07045926610138409, "5,11": -1.0498968609752772, "5,6": 1.9702260851742461, "5,7": -0.18939473147977903, "5,8": 1.935075997996743, "5,9": -1.3604900862258127, "6,10": -0.49508426139773043, "6,11": 1.405480859297934, "6,7": 0.7119136120548593, "6,8": -1.5429282655884977, "6,9": 1.646298903577447, "7,10": 1.8550707081819038, "7,11": -0.1151941956035114, "7,8": 1.8643775022371774, "7,9": -0.7831028752845652, "8,10": 0.46405578623688104, "8,11": 0.36995297191312737, "8,9": -1.8223058921389366, "9,10": 0.3963720121501755, "9,11": -0.2324065250070264}, "bias": {"0": 0.6090610025772312, "1": 0.9657461562692113, "10": -0.9157929447621034, "11": 0.4750330905153761, "2": 0.9924477910476002, "3": 0.9469443764819567, "4": 0.08522218025230943, "5": -0.3641803905905665, "6": -0.7141019891269655, "7": -0.06684626827477369, "8": -0.5873996033365192, "9": -0.031452194748602835}}