{"Q": {"0,1": 1.4651010274847254, "0,10": 1.204295708614592, "0,11": -0.6318452372688679, "0,12": 1.8230477571135686, "0,13": 0.33308561409460546, "0,14": -0.24722149010010241, "0,15": 1.7810498026704722, "0,16": -1.0500587413289244, "0,17": -0.9193303170556781, "0,18": 0.22079070455795557, "0,19": -1.0894131915047138, "0,2": 0.20564852028710723, "0,3": -0.21970360280755985, "0,4": 0.7564666072625736, "0,5": 0.21845979315583097, "0,6": -0.15904414848722048, "0,7": 1.6464524695787421, "0,8": -0.9993207154622454, "0,9": 0.42136574790297, "1,10": -0.4621053039765828, "1,11": -0.3504852262350715, "1,12": 1.5950263152874853, "1,13": 1.1132438403592264, "1,14": 0.38840362135429807, "1,15": 0.3956716331574781, "1,16": -0.4909379025417451, "1,17": -0.002287066013442196, "1,18": -0.9491356234650419, "1,19": 0.5459903089809073, "1,2": 1.1451146490668602, "1,3": -1.138268254793843, "1,4": -1.7152814863956682, "1,5": -0.11024668417664785, "1,6": -0.8054182498186049, "1,7": 0.24484931360204953, "1,8": -0.9670938316671438, "1,9": -1.2580423649146937, "10,11": -0.43010008350932294, "10,12": -0.18752291157927203, "10,13": 0.5559521111996948, "10,14": -0.27594944638586494, "10,15": 1.2018988500993175, "10,16": 0.17249054956450527, "10,17": -0.08076124983923094, "10,18": 1.6362770239533053, "10,19": -0.2643978047030533, "11,12": -0.23879397102224864, "11,13": -0.6867247223881594, "11,14": -0.1542620999310773, "11,15": -1.5477347038317761, "11,16": 0.7270840987544882, "11,17": 1.51085073627228, "11,18": 1.0321395626120515, "11,19": 1.844560371803098, "12,13": -1.5313991820625117, "12,14": -0.4889873548124788, "12,15": -1.2109049743792277, "12,16": -1.8262949582601231, "12,17": -1.1649495402434735, "12,18": -0.02019242640030461, "12,19": -0.9930039267969457, "13,14": 1.9048988642849203, "13,15": -0.3363007940263225, "13,16": -1.1897283199378337, "13,17": -0.9988180906162314, "13,18": 0.2497510156619982, "13,19": -1.2445899794850792, "14,15": 0.3577494959528784, "14,16": 0.4809022603600219, "14,17": 1.8676564127983264, "14,18": 1.2153843029859046, "14,19": 1.1498730043566412, "15,16": 1.8516176453386572, "15,17": -1.404535838365137, "15,18": 0.13442835144193443, "15,19": 0.5278576008003193, "16,17": -1.43503954333478, "16,18": -1.099442459726569, "16,19": 0.17943055401133634, "17,18": 1.854820727782443, "17,19": -0.7682213262387361, "18,19": -0.13414334126957073, "2,10": 0.24994212986535747, "2,11": 1.308177684826834, "2,12": 1.7839206979733504, "2,13": -0.8353060720708041, "2,14": 0.4528434021129417, "2,15": 1.375323043289506, "2,16": 0.43570155887561546, "2,17": -0.11777975988016598, "2,18": -1.2976885074598035, "2,19": -0.8387287342592882, "2,3": -0.41540712625678156, "2,4": -1.8286142649352515, "2,5": 1.0721785505945851, "2,6": 1.6948320705202957, "2,7": -0.3679262261313845, "2,8": -0.582312091274146, "2,9": 0.2321389914315044, "3,10": -0.36642702511026704, "3,11": -1.280562985632093, "3,12": -0.21676365897237293, "3,13": 0.5177255831969712, "3,14": 0.08722983890129576, "3,15": -1.478816233958253, "3,16": -0.013043350160562017, "3,17": 1.8955999402068269, "3,18": 0.7948347790735779, "3,19": 1.3735190033447173, "3,4": 0.6115534291774103, "3,5": 1.2381647883352271, "3,6": 1.888192058312658, "3,7": -0.6266503835561674, "3,8": 0.18545175129000713, "3,9": 1.5394711525140354, "4,10": 1.7657492729675863, "4,11": 1.7502764328261557, "4,12": -1.0657954826772134, "4,13": 0.6522452912665391, "4,14": 1.3348567548588517, "4,15": 0.3940993112761775, "4,16": 0.44082223612914895, "4,17": -1.858224703910953, "4,18": 0.03779787689225644, "4,19": 1.8715487376370872, "4,5": 0.3252652238592231, "4,6": 0.7306965066006148, "4,7": 1.2857145096043312, "4,8": 1.8803032172376213, "4,9": -1.4930304047423433, "5,10": -0.30226941153986964, "5,11": -1.11160593832664, "5,12": -1.90871360193705, "5,13": 0.6232516411334221, "5,14": -1.2901920257458657, "5,15": 0.2981790189570215, "5,16": 1.4433028117345108, "5,17": 1.4466471916216057, "5,18": 0.08808864187218557, "5,19": 0.8248160616825819, "5,6": 1.017429199786898, "5,7": -0.5409037326741557, "5,8": 1.0958401402190159, "5,9": 1.0400821474288775, "6,10": -1.2819425907726854, "6,11": -0.6541384899510985, "6,12": -0.1963855855812251, "6,13": -0.06171292418227603, "6,14": 0.7311827867262557, "6,15": -1.793056203937025, "6,16": -0.44326324620420676, "6,17": -1.9560214272583494, "6,18": -0.850627061223098, "6,19": 1.0579248206975547, "6,7": -0.05530981229170129, "6,8": 1.9063923649114782, "6,9": -0.9103933952171332, "7,10": 0.8350017010030846, "7,11": -0.8812929462241228, "7,12": 1.6929457516389785, "7,13": -0.69710811704025, "7,14": 0.6793146556460292, "7,15": -0.23405703445233028, "7,16": -1.0816103195189104, "7,17": -1.353308349779756, "7,18": -0.8947999835612683, "7,19": 1.5340125857886542, "7,8": 1.915387606317926, "7,9": 0.6964180125160353, "8,10": -1.455512894908241, "8,11": 1.9712745609399023, "8,12": -0.9396667098473346, "8,13": -1.890221416808345, "8,14": -1.539206717186381, "8,15": -0.9115414121954104, "8,16": -0.626711506362315, "8,17": -0.5677351351002127, "8,18": 1.3706386301088802, "8,19": 0.6101025761027166, "8,9": -0.2703196966702408, "9,10": 0.5238130603372584, "9,11": -0.9373065521261577, "9,12": 1.8843789564547322, "9,13": -1.3707525889437489, "9,14": 1.2332747075258323, "9,15": 1.5936236678968614, "9,16": -1.745891920533138, "9,17": 1.885792736968563, "9,18": 0.8459238788263228, "9,19": 1.5915668652800052}, "bias": {"0": -0.09398484954523467, "1": -0.10816439727397098, "10": -0.5041137153024446, "11": -0.10638633755708393, "12": 0.09328569537986597, "13": 0.6639288733645641, "14": -0.7883877291714305, "15": -0.23105072829381412, "16": 0.8275498309934639, "17": 0.11428128480932487, "18": 0.6780553496727069, "19": 0.8662689124403975, "2": 0.30833372645569956, "3": 0.881467110040471, "4": 0.7846252292251816, "5": 0.6729762568703317, "6": -0.7099209029692592, "7": -0.5631500845180706, "8": 0.9752670842839672, "9": -0.7034484092055262}}