{"Q": {"0,1": 1.6930251835126482, "0,10": -1.7725534671903151, "0,11": 0.8020463465780296, "0,12": 0.37853827127028783, "0,13": -1.4468001998827091, "0,14": 1.0145219973874897, "0,15": -0.7522274259322335, "0,16": 0.7514498078604865, "0,17": -1.0958217101063124, "0,2": 1.4860116471489953, "0,3": -1.7580541267571195, "0,4": 1.8920724893379863, "0,5": -1.441260727853289, "0,6": -0.46717302557560325, "0,7": -0.7145863598969919, "0,8": -1.9938932895392165, "0,9": -0.22212070590720767, "1,10": 1.2619599962103392, "1,11": 0.9581977773019306, "1,12": 1.1206667212536794, "1,13": -1.4723345872863827, "1,14": -1.056562480696916, "1,15": 1.163051361273923, "1,16": -1.5016939408800232, "1,17": -0.6057740310167685, "1,2": -1.746276709048927, "1,3": -1.4678896049251158, "1,4": -1.3734090782904014, "1,5": -1.1678986628006407, "1,6": -0.10266273384823377, "1,7": 1.1551491582154312, "1,8": 0.3306559414007242, "1,9": -1.2897044331127394, "10,11": 1.487447443487075, "10,12": -1.6355845841487642, "10,13": -0.6727472975704636, "10,14": -0.9537513915827671, "10,15": -1.5855984818618043, "10,16": 1.9027986367849765, "10,17": -0.8665524824484145, "11,12": 0.890563850092724, "11,13": 1.6094214458793985, "11,14": -1.0230368597878279, "11,15": 0.12973270454999275, "11,16": 1.3658684317267542, "11,17": 1.752149522105344, "12,13": -1.5723004548311716, "12,14": -1.9626272400200655, "12,15": -0.47378408007437267, "12,16": 1.9802049182775723, "12,17": 0.8458840537127759, "13,14": 0.8499654960541001, "13,15": 1.4377341921506654, "13,16": -0.46081349169106556, "13,17": -0.0002743377330816088, "14,15": -1.1088927691375994, "14,16": 0.3059144830377636, "14,17": -1.5993432529022393, "15,16": -0.7706517071649994, "15,17": 1.4360233388276482, "16,17": 1.5688904275232587, "2,10": -0.44123132779613394, "2,11": 1.9444982442730074, "2,12": -0.061317385037304994, "2,13": 0.14448200417532453, "2,14": 1.4543695901437474, "2,15": -0.8615111708946235, "2,16": 0.19814615018340787, "2,17": 0.11165458340358603, "2,3": -0.1372815977973274, "2,4": 1.4478719476650936, "2,5": 0.7723665301097209, "2,6": -1.6950931029592118, "2,7": 1.0437180286248684, "2,8": 1.095391120798078, "2,9": -0.9477027718539723, "3,10": -0.6032757649231613, "3,11": 0.9894746748153698, "3,12": -0.7294469173228908, "3,13": 0.7844824550826934, "3,14": 0.8634541682148393, "3,15": -0.8853710616847379, "3,16": 1.0294619921869654, "3,17": -1.0032888467314929, "3,4": 0.2054011020610802, "3,5": 1.0184619911402284, "3,6": 0.19317737703457594, "3,7": 0.6335907100616893, "3,8": 1.9033990702099226, "3,9": -0.8271330502266796, "4,10": 1.0577164131049512, "4,11": 1.9662206846110766, "4,12": -1.5514351270678506, "4,13": -0.5321656809987649, "4,14": -0.7109928869618818, "4,15": 1.7422122106066378, "4,16": -1.1460062568937617, "4,17": 0.014627091306789186, "4,5": 0.4421638572031181, "4,6": -1.8418613228700709, "4,7": 0.685487458547545, "4,8": -1.257884243029526, "4,9": -1.527175982989399, "5,10": 0.21380286810318916, "5,11": 0.8507191143859627, "5,12": -0.9578847131542325, "5,13": -0.6702919639796261, "5,14": 0.9446036936966893, "5,15": 0.1434503106710614, "5,16": 1.6925401338164794, "5,17": -0.3314904630083735, "5,6": -1.3054323350858432, "5,7": -0.2434260565990729, "5,8": -1.9702401244183227, "5,9": 1.3334632558831214, "6,10": -1.1870993597161639, "6,11": -1.0753511312577761, "6,12": 0.2188132366792379, "6,13": -0.6725928165418802, "6,14": 0.3874042117639753, "6,15": -1.2556899237815142, "6,16": 1.7719936493011645, "6,17": 1.201316168169412, "6,7": 0.12433937714329835, "6,8": -0.7552049071146385, "6,9": -0.8149404219357734, "7,10": -0.22257903216797637, "7,11": 1.0614501538084715, "7,12": 0.04368786708481265, "7,13": 1.7836203531471586, "7,14": -0.7611700143871283, "7,15": -0.9939128416793421, "7,16": -0.00017232924791654725, "7,17": -1.2922227041125325, "7,8": -0.9670098245403236, "7,9": 0.368229677578213, "8,10": -1.6223183382199973, "8,11": 0.3449403839363101, "8,12": -0.9559734938445397, "8,13": -1.196131103688701, "8,14": -1.1932786936435784, "8,15": 0.6366453411712323, "8,16": 0.9214865418836555, "8,17": -1.5627649935731456, "8,9": -1.9404482869467992, "9,10": 0.4882103986104376, "9,11": -0.6889661677721022, "9,12": -1.2069426905850467, "9,13": 0.7387795593535347, "9,14": 0.11201513362624471, "9,15": 0.18433010150318063, "9,16": -1.4322071801828717, "9,17": -0.5658758451647099}, "bias": {"0": -0.5409688294153097, "1": 0.7504518795078134, "10": 0.5479065302750239, "11": 0.83419671527086, "12": 0.34094574756411244, "13": -0.35665986379578873, "14": -0.5403600453877195, "15": -0.8967016573286846, "16": 0.3474030347572452, "17": -0.3058259269943173, "2": -0.5506191385817387, "3": -0.2982581703627001, "4": -0.3508325986666838, "5": 0.4202667225447341, "6": 0.42046486551930706, "7": 0.3241446810671649, "8": 0.2957969464750183, "9": -0.4111460027903606}}