{"Q": {"0,1": 0.3485858969590616, "0,2": -1.2341296283401495, "0,3": 0.7528852492874742, "0,4": 0.4785600787313484, "0,5": 1.19942339421336, "0,6": 0.41013361293501394, "0,7": -1.7964303202592786, "0,8": -1.6201396427926595, "1,2": -0.5536026183727274, "1,3": 0.9481268094923765, "1,4": -0.5997700986775003, "1,5": 1.6917206566862357, "1,6": -0.43853408874083, "1,7": -1.9186902589553823, "1,8": -0.7989957880917986, "2,3": 0.948490992877733, "2,4": 0.767827793921128, "2,5": 0.6327094068169354, "2,6": -0.4575382840808908, "2,7": -0.22297773061088577, "2,8": 0.7107849205307755, "3,4": 0.6512120152913816, "3,5": -0.30741106891186076, "3,6": -1.0697757059592385, "3,7": -1.180420655029073, "3,8": -0.014472204581307935, "4,5": 1.3548158960717847, "4,6": 0.16385800464036482, "4,7": 0.2411403215278205, "4,8": 1.6309637294194719, "5,6": 0.28072813528239227, "5,7": -1.2680580604316822, "5,8": -1.1398724458391372, "6,7": -1.6040434867242643, "6,8": -1.6825839202708104, "7,8": -1.1440183741471266}, "bias": {"0": 0.25916283607326385, "1": -0.14030886535662446, "2": -0.5507857401753851, "3": 0.953498731783601, "4": 0.6464975665025559, "5": 0.44584075598324313, "6": 0.5399643601094384, "7": 0.05407631857601669, "8": 0.6146104107184043}}