{"Q": {"0,1": -1.3431058733400878, "0,10": -1.7071251465598212, "0,2": 0.939642233841075, "0,3": 0.4362566408870747, "0,4": 0.5738573059602876, "0,5": 1.650541006794982, "0,6": 0.42765640860346865, "0,7": -0.4211879519541313, "0,8": 0.3336553993522027, "0,9": -1.8005936979622366, "1,10": -0.19981748216041506, "1,2": 0.9512771818483343, "1,3": -1.368609307812621, "1,4": 1.9379090797236693, "1,5": -0.9131623742661636, "1,6": 1.0741589342016633, "1,7": -1.6658647637059896, "1,8": -1.3822826789089628, "1,9": 1.9770531262984488, "2,10": -0.5704669725654683, "2,3": 1.7120732703909747, "2,4": 1.474968167763532, "2,5": 0.5280307180103039, "2,6": 0.28123532199954404, "2,7": 1.9126404132034476, "2,8": -0.5466465614803164, "2,9": 1.235638014843968, "3,10": 0.16394510777662852, "3,4": 1.535293811633875, "3,5": -1.676241541658177, "3,6": -1.1681177265388616, "3,7": -0.5287651315090911, "3,8": -1.9585813507894065, "3,9": 1.030932144938629, "4,10": -1.1984703778764412, "4,5": 0.2507799191234019, "4,6": -0.43486703609170974, "4,7": -0.737062815551786, "4,8": 0.24755018143825547, "4,9": -1.6431433927817438, "5,10": 1.1385626051692421, "5,6": 0.409510350432591, "5,7": -0.39317490437873825, "5,8": 1.9114063013508678, "5,9": -0.3483805570861467, "6,10": -0.3676763414115145, "6,7": 1.2096487946999672, "6,8": -0.51668327345421, "6,9": -0.966216384478392, "7,10": -1.252839453092954, "7,8": 0.7526490339361089, "7,9": -0.7668140774321284, "8,10": -1.7414243456104583, "8,9": 1.211812784045038, "9,10": -0.523494251375455}, "bias": {"0": 0.649564195631926, "1": 0.5135809697922169, "10": 0.5461924791895918, "2": -0.3542358454205723, "3": -0.8769923139210818, "4": 0.3271834327589871, "5": 0.005460746118548077, "6": -0.11842052065728104, "7": -0.962117796656, "8": -0.8800988424718683, "9": 0.35706948146256723}}