{"Q": {"0,1": -0.8083369426566369, "0,10": 1.3173210243515392, "0,11": -0.7825838417808573, "0,2": 0.6689134046481611, "0,3": -0.8353639411534086, "0,4": -0.5355763623655929, "0,5": 1.626116815502626, "0,6": -1.970173948166436, "0,7": 1.1704443622184209, "0,8": 0.223357482303284, "0,9": 1.022505999759037, "1,10": -1.1342254451149278, "1,11": 1.9540136860530462, "1,2": 0.5770578124482859, "1,3": -0.6032545717008158, "1,4": 0.6214311142992535, "1,5": -1.418604923682846, "1,6": 0.653402229393298, "1,7": 0.871156063279253, "1,8": 0.16765902338508054, "1,9": 0.8424371810955278, "10,11": -0.9767004852344359, "2,10": -1.3364969002066363, "2,11": -0.3833753954447445, "2,3": -0.28857622675801453, "2,4": -0.4611734494769757, "2,5": 0.666750217747913, "2,6": 0.2382034437380547, "2,7": -0.3882733262117237, "2,8": -1.555877850563291, "2,9": -0.40198307643795106, "3,10": 1.3356105797599396, "3,11": 1.7557903871356277, "3,4": 1.7043350849505354, "3,5": 0.9624360985024643, "3,6": 1.6238448705910762, "3,7": -1.298279691220395, "3,8": 1.9500541670738039, "3,9": 1.6864629030322065, "4,10": -0.8280509446273148, "4,11": -1.3086347373602623, "4,5": 0.9473547688744048, "4,6": -0.5700623833731102, "4,7": 1.6410250486665348, "4,8": 1.356714840276123, "4,9": -0.5632282094134156, "5,10": 0.10689056815528897, "5,11": -1.3544886931248104, "5,6": 1.9930929798515757, "5,7": -0.8451889509982888, "5,8": 1.7930577804880548, "5,9": 0.24336442049802898, "6,10": -1.5553587781451603, "6,11": 0.5636961551190685, "6,7": -1.133253891598263, "6,8": 1.0580141759629105, "6,9": -1.989576151748846, "7,10": -1.8373581454664434, "7,11": 0.3524080410721253, "7,8": 1.7613047669174007, "7,9": 1.0621177927781438, "8,10": 1.688640954650543, "8,11": 0.060049638636770375, "8,9": 0.9423970427326576, "9,10": -1.1393998495581945, "9,11": 0.03401034362766753}, "bias": {"0": 0.24398993560720172, "1": -0.10556712728316264, "10": -0.9884252365430721, "11": 0.997981787015799, "2": -0.13334422702623638, "3": 0.6506492144235514, "4": 0.7180590671378693, "5": 0.7443506955929438, "6": -0.48688067054474615, "7": 0.28239496860756863, "8": -0.7085804655088013, "9": 0.99384472522772}}