{"Q": {"0,1": -0.0016020030486112447, "0,10": -0.7739752552161274, "0,11": -1.9835645914646736, "0,12": 0.29991563971578694, "0,13": 0.9163976927120254, "0,14": -0.9501198980515113, "0,15": 1.9200704900853793, "0,2": -0.08458822698863644, "0,3": 1.6533227987252825, "0,4": -0.37562296919802485, "0,5": 0.1933123759160673, "0,6": -0.05286689190507454, "0,7": 1.6863328364048935, "0,8": -1.6120195163111042, "0,9": -1.3319230463846057, "1,10": 0.4201325178165818, "1,11": -0.20911245488270858, "1,12": -0.3421793569178355, "1,13": -0.0498763006301286, "1,14": 0.04381472824478738, "1,15": -1.2379055485470856, "1,2": 1.2937127376547686, "1,3": -0.33824003628752664, "1,4": 0.6824755994397349, "1,5": -0.007673213946440605, "1,6": -1.3484398624803022, "1,7": 0.3565247893647223, "1,8": 1.6276773008166345, "1,9": -1.1179905156508436, "10,11": 1.6874850523903029, "10,12": 1.5880984694793066, "10,13": -0.288414375891461, "10,14": -1.9280949020545575, "10,15": -0.7497477591762376, "11,12": 0.8020002343049213, "11,13": -0.814024258328732, "11,14": 1.9357600083353144, "11,15": -1.135532362747718, "12,13": 0.9339590241940212, "12,14": 1.7336402480647357, "12,15": -0.5499943381218455, "13,14": -0.8639727131912132, "13,15": -0.3665520736746122, "14,15": -1.1350990402922663, "2,10": -0.8414219716985709, "2,11": 0.24637741035740346, "2,12": -1.5855583339365373, "2,13": 1.3783085312058518, "2,14": -1.9235083343242354, "2,15": -0.9193625124785068, "2,3": 0.9204575688907815, "2,4": 1.4876183895578263, "2,5": -1.903588505020545, "2,6": 0.23465897106799893, "2,7": -0.9803534255949145, "2,8": -1.5219886148858501, "2,9": -1.7820905172144177, "3,10": -0.630102947246348, "3,11": 1.8649522151153497, "3,12": -0.9070330978944243, "3,13": -0.15132778567019312, "3,14": -0.0831959963131812, "3,15": -0.9973786832995315, "3,4": 0.8287677081087739, "3,5": -0.1790411292825036, "3,6": -0.32175395544246, "3,7": -1.8072616055515325, "3,8": -1.2686053685592693, "3,9": 1.2146324391404346, "4,10": -0.46696152091416554, "4,11": -0.42041241267622453, "4,12": 0.28446730592157055, "4,13": 0.7296852403469201, "4,14": 1.0431922029448741, "4,15": -1.919280933027149, "4,5": 1.0732784955871324, "4,6": -0.3515126440610774, "4,7": -1.4782223868246769, "4,8": -1.1913449306220119, "4,9": -0.37130252893231974, "5,10": 1.7801302935264234, "5,11": 0.632597339349465, "5,12": -1.5051659217202147, "5,13": 1.272834469954736, "5,14": 0.19630198746134075, "5,15": 0.24785684725515233, "5,6": -1.1250140991799036, "5,7": -1.996052037984549, "5,8": 0.2794226768861727, "5,9": -1.5531452871490026, "6,10": -1.8642282999467645, "6,11": 0.34264645722207954, "6,12": 0.07088115237145809, "6,13": -0.8589231953971046, "6,14": 0.22943373843623993, "6,15": -1.8789070779183996, "6,7": 0.673405131853718, "6,8": 0.13531863252980525, "6,9": -0.991676974526174, "7,10": -1.0133447085517493, "7,11": 0.8934061348371651, "7,12": 1.868300094931202, "7,13": -1.3619018435684134, "7,14": 0.6087681841806702, "7,15": -1.894139299762104, "7,8": -0.7168875418749288, "7,9": -1.3140789374603585, "8,10": 1.724335213662811, "8,11": -1.103064503540085, "8,12": 1.140205981772274, "8,13": -1.1741071117775173, "8,14": -0.9006181234218675, "8,15": 0.14389649500504476, "8,9": -1.7923596994497704, "9,10": 1.8374470658642745, "9,11": 1.7976056542503551, "9,12": 0.9614644816516003, "9,13": 1.6303848970331298, "9,14": 1.1338881972401005, "9,15": 1.2120366484954648}, "bias": {"0": 0.7731056339725357, "1": -0.09105377853019303, "10": 0.8947198024797489, "11": 0.5523636616705252, "12": -0.9238009427150617, "13": 0.7509193741749651, "14": -0.02135570267673126, "15": -0.6031641137018384, "2": -0.8086632667997322, "3": -0.7579745677834928, "4": 0.22755940932851848, "5": -0.09989079884663532, "6": -0.4942013580418252, "7": 0.8871156184672135, "8": 0.6740139679510495, "9": 0.4243773361688843}}