{"Q": {"0,1": -0.8389707184920652, "0,10": -0.8888538200313723, "0,11": -1.4899637513047952, "0,12": -1.3407096959551459, "0,13": -1.3167465427502671, "0,14": 0.36992395989215865, "0,15": -0.504316178387012, "0,16": -0.25828980536511503, "0,17": 1.6511698049363086, "0,18": -0.6536799929122354, "0,19": -1.0409157446058588, "0,2": -1.283429072661212, "0,3": 0.6280791195355735, "0,4": -0.6715997716754547, "0,5": 1.5456042907376246, "0,6": -1.6525512448177286, "0,7": 0.74249750963995, "0,8": 0.39387303148116803, "0,9": -0.32326983430015366, "1,10": 1.7203572038873602, "1,11": -0.9771552550940004, "1,12": -0.6838654303221343, "1,13": 1.6053465583138622, "1,14": -0.821771936630006, "1,15": -1.997314833207998, "1,16": 1.6010648650002244, "1,17": 1.2043673707943494, "1,18": 0.41803685362523435, "1,19": -0.8411168001621587, "1,2": 0.3131676727191848, "1,3": 0.6587691199300227, "1,4": -1.947437555964994, "1,5": -0.6688771400024986, "1,6": -0.017297237931504394, "1,7": 0.384449659832216, "1,8": -1.2154121079195073, "1,9": -1.6157385081757853, "10,11": -0.7068809026542309, "10,12": -0.7101849732989907, "10,13": 0.007661173733219062, "10,14": -0.5912073947790568, "10,15": -0.3275483383153621, "10,16": 1.572769311954087, "10,17": -1.6877789439776087, "10,18": -0.3969113960417512, "10,19": -1.9234974411780863, "11,12": -0.9629191854496555, "11,13": 0.38664800280621137, "11,14": -0.5989703006090381, "11,15": 0.22563627849490908, "11,16": -1.437177399720607, "11,17": -0.7798747639551009, "11,18": 1.7668239533257046, "11,19": -1.440507064690372, "12,13": -1.6672491086678178, "12,14": -0.1926540252331681, "12,15": 0.817154448523433, "12,16": -0.8771603220636637, "12,17": 0.18370686517171908, "12,18": 0.07154849342145031, "12,19": 0.9178162383294381, "13,14": -1.9875454172789766, "13,15": -0.41338647637690773, "13,16": 1.4206411720603849, "13,17": 1.0140257036553617, "13,18": -0.07335843976107181, "13,19": -1.6081414899791149, "14,15": -1.9673466854386845, "14,16": 0.863549581414683, "14,17": 1.3293898990239765, "14,18": 0.16066565077408113, "14,19": -0.9472306032601345, "15,16": 0.5407173261810594, "15,17": -1.1216153077843436, "15,18": 1.352652696138298, "15,19": 1.0224581900029492, "16,17": 0.38866696949716895, "16,18": 1.1719162328466144, "16,19": 1.635870605595394, "17,18": 0.26800358146351266, "17,19": 1.5526532342062023, "18,19": -0.907039800204763, "2,10": 1.786037600760845, "2,11": -0.4247080530702618, "2,12": -0.9421869561098783, "2,13": 0.21896946194188516, "2,14": 0.7140102886947104, "2,15": -0.7375037746003308, "2,16": -0.7875358128024192, "2,17": 1.3988162747750175, "2,18": 0.24016238476586693, "2,19": 1.6489859878328996, "2,3": 0.6949349541972523, "2,4": -0.7053513373714502, "2,5": 0.45427091998642366, "2,6": 1.3745327632257207, "2,7": -0.7250538483836375, "2,8": -0.8885944729949693, "2,9": 0.003192060932852847, "3,10": -0.6588426796221016, "3,11": -0.504827843749279, "3,12": -0.8683893114610055, "3,13": 1.2864476202456774, "3,14": -1.3912488455889958, "3,15": 0.16066264410753783, "3,16": 0.27985233829220535, "3,17": 0.17642419280532406, "3,18": -1.1404658118838942, "3,19": -0.5586409128351235, "3,4": 0.8837014686172568, "3,5": -1.8180602112392599, "3,6": -1.0804304237188251, "3,7": -1.080582514803424, "3,8": 0.06155772968201134, "3,9": -1.5206167230603445, "4,10": 0.13980217932357597, "4,11": 0.8884929589254358, "4,12": -0.045867830229595175, "4,13": 0.673291516220722, "4,14": 1.4913738095321412, "4,15": -0.39766120051437515, "4,16": 1.7510266521373938, "4,17": -0.5235247981380646, "4,18": -1.4952090367491082, "4,19": 0.9119693245972318, "4,5": -1.175459391371033, "4,6": -0.395551756059743, "4,7": -0.6341817784337596, "4,8": 0.8168556959054496, "4,9": 1.695028911000552, "5,10": 1.6030688570734792, "5,11": -0.5845340597293993, "5,12": -0.13653717360401219, "5,13": 1.1236715527871057, "5,14": 1.619648166867075, "5,15": -0.7087342575771367, "5,16": 1.6904909445304788, "5,17": -0.5697983860624487, "5,18": -0.7488106260700684, "5,19": 1.9890099318897292, "5,6": -0.24562567124827472, "5,7": -1.1360914273425333, "5,8": -1.3866814357695585, "5,9": 1.5958883558425279, "6,10": -0.8860247584665606, "6,11": -0.09872393687040137, "6,12": -1.6784055308164443, "6,13": -0.7123708903075778, "6,14": 1.3968675279414389, "6,15": 1.111291760480615, "6,16": -1.332641593733097, "6,17": 1.7275820740992187, "6,18": -1.1161247420852565, "6,19": 1.4514560750421657, "6,7": 0.4133334773404931, "6,8": 0.5098464108120422, "6,9": 0.895860820738192, "7,10": 1.3711770032036021, "7,11": 1.1604186086731634, "7,12": 0.15533092359710077, "7,13": 1.3420577970285792, "7,14": 0.7945287829133405, "7,15": -1.8597983587760551, "7,16": 1.017003149812504, "7,17": 1.841487107641286, "7,18": -1.645868056939332, "7,19": -0.6572993062081682, "7,8": 1.2278718098944874, "7,9": -0.025845276534808725, "8,10": 0.46571870232760704, "8,11": 0.361139475584618, "8,12": 1.8146474827268517, "8,13": -1.1872121828866136, "8,14": -0.9811289910512824, "8,15": -1.9457875586951032, "8,16": -0.5811589045082863, "8,17": -1.8370657471937566, "8,18": 0.5254177518496066, "8,19": -0.5239143607705188, "8,9": 1.2643058724146208, "9,10": 0.2675303029389138, "9,11": 1.9199574790903995, "9,12": 1.135329520440374, "9,13": -1.3198672112022467, "9,14": 1.6700220324637942, "9,15": 0.9214249581037315, "9,16": 1.992457112987755, "9,17": -0.12034534721062196, "9,18": -1.071651582776108, "9,19": -0.15471944072385924}, "bias": {"0": 0.07300711316454778, "1": 0.09219662914264015, "10": 0.3898892551910764, "11": -0.7316487472759632, "12": 0.24352098764536878, "13": -0.9200041426019316, "14": 0.20320486486781908, "15": -0.4592551420796096, "16": -0.375045476036749, "17": 0.18646321607125582, "18": -0.10739322362521109, "19": 0.0815832171771822, "2": -0.9333128500596315, "3": 0.351855312578258, "4": 0.1453620588420228, "5": -0.22752589502528076, "6": -0.46353168535916134, "7": -0.44516595224830513, "8": 0.18473639770361872, "9": -0.44538170543562905}}