{"Q": {"0,1": 1.0670101473684643, "0,10": 0.33037252088712865, "0,11": 0.176342726013492, "0,12": -1.423374803882984, "0,13": 1.0474302697800333, "0,14": 0.28054675351360503, "0,2": -0.6006728141481217, "0,3": 0.4088900267435953, "0,4": -1.795624876229041, "0,5": 1.0347095770938588, "0,6": 1.1197280579126723, "0,7": -1.3874824267544592, "0,8": -1.3614165139953727, "0,9": -0.7097592882166723, "1,10": -0.4149916914959273, "1,11": 0.829289555341306, "1,12": 0.0036763408547164644, "1,13": 0.9054953776927093, "1,14": -0.052048622278653145, "1,2": 1.5320793530937316, "1,3": 1.240353245599898, "1,4": 0.5775843883070082, "1,5": -1.1859620210901274, "1,6": -1.2056413339828276, "1,7": -0.5389371779194319, "1,8": -0.03351573648357631, "1,9": -0.48165437154648005, "10,11": -0.5785603001222812, "10,12": -0.1598182722588124, "10,13": -0.8080058409730633, "10,14": 0.8722903481369406, "11,12": 0.0964522762620148, "11,13": -0.5210024897411301, "11,14": -1.4601894928692394, "12,13": 1.9661613282328299, "12,14": 0.266066419367033, "13,14": -0.8891562032608618, "2,10": 1.039982937322614, "2,11": 0.973121196537555, "2,12": 0.5402210907155789, "2,13": -0.24649843173167385, "2,14": -1.200992249038785, "2,3": -0.8258525071897429, "2,4": 1.494588739709855, "2,5": -1.349089248933915, "2,6": 1.015381983688878, "2,7": 1.2422765667738234, "2,8": -0.6333583799319173, "2,9": 1.666953237795461, "3,10": -0.5054487432700583, "3,11": 0.5387337718455059, "3,12": -1.7399224194256315, "3,13": 1.4776173145032492, "3,14": -0.09100613373065469, "3,4": 1.1129229105872676, "3,5": -1.4332653983988166, "3,6": -0.5053806859905108, "3,7": -0.9504147964409322, "3,8": -0.5478568973825935, "3,9": 0.9104584322134186, "4,10": -0.20651911500136988, "4,11": 0.9946889259239713, "4,12": -0.3826840674842993, "4,13": -0.021092020692968116, "4,14": -1.6774387405454925, "4,5": -1.34827070494232, "4,6": 1.359559531293955, "4,7": 0.7008856116037063, "4,8": 0.03153443668171185, "4,9": 0.8756777455360969, "5,10": 1.237917758762642, "5,11": 0.07216439057999313, "5,12": -0.05133518798659331, "5,13": -1.475494082146335, "5,14": 1.9309808534294293, "5,6": -0.7382391792073695, "5,7": 1.8000040616350135, "5,8": -0.36202950159568115, "5,9": -0.42390461588854356, "6,10": -1.44823935668766, "6,11": -1.162954136775057, "6,12": -0.1477180614627458, "6,13": 0.5646917630128137, "6,14": 1.0495494273049535, "6,7": -1.7763513725222633, "6,8": 0.667286211632069, "6,9": 1.7572181254272548, "7,10": -0.4153362103864868, "7,11": 1.7910628039255974, "7,12": -0.10472573546608688, "7,13": 1.9286805581921849, "7,14": 0.7060106507054065, "7,8": -1.9118548762802021, "7,9": 0.14848740964642237, "8,10": 0.06718102583699803, "8,11": -0.47890252005636436, "8,12": -0.7115280008579061, "8,13": -0.7242231990521555, "8,14": -1.0837806032969302, "8,9": -1.3450614566642214, "9,10": -0.128080027883279, "9,11": -0.9144544256556197, "9,12": 1.4033630194328022, "9,13": 1.3782048610004956, "9,14": 1.9127185493494046}, "bias": {"0": -0.6860838385867056, "1": 0.009256194794579065, "10": 0.42295989693433356, "11": -0.11891179277879882, "12": 0.09777841403258214, "13": -0.3917607670841683, "14": 0.3658543874358515, "2": 0.7687891774355677, "3": 0.2548219828903846, "4": -0.6731377231140159, "5": -0.4923608807706188, "6": -0.8896498403284918, "7": 0.0500751865977902, "8": -0.2884942572315363, "9": 0.9988899298229426}}