{"Q": {"0,1": 1.9305456286283986, "0,10": -0.4775520489847467, "0,2": 1.4197587762479018, "0,3": 0.23068270020753134, "0,4": -1.1016271372196824, "0,5": 1.7133323759037693, "0,6": 1.5989270085452354, "0,7": 0.8571130086005243, "0,8": -0.31623463578858724, "0,9": 0.0802044403310993, "1,10": 0.6987121850405074, "1,2": 0.29430245177683334, "1,3": 1.423957722942454, "1,4": -1.1348038996693215, "1,5": -0.45975080490812514, "1,6": -0.20678537640486017, "1,7": 0.9442300472955871, "1,8": -1.858335943290248, "1,9": 1.9205861585538266, "2,10": -1.8567628852958387, "2,3": -0.3498733713967068, "2,4": 1.5853171518913847, "2,5": 1.8514708600670442, "2,6": -1.2338805918276337, "2,7": 0.9520432370716438, "2,8": 1.8688696402851606, "2,9": 1.1864200045452122, "3,10": 1.246631981076145, "3,4": -1.6592614506888097, "3,5": 1.4157026394681007, "3,6": 1.8238040311430272, "3,7": 1.1486824312329493, "3,8": 1.2476001537417822, "3,9": -0.42289548040717007, "4,10": 0.5932730651289204, "4,5": -1.5274398886958784, "4,6": 1.536792017628505, "4,7": 1.5066304033810316, "4,8": 0.12867005848162538, "4,9": -0.8552701564779159, "5,10": -1.2555876275920772, "5,6": 1.2816621219974973, "5,7": -0.040626439232831935, "5,8": -1.0301143828199826, "5,9": 0.5346186022843171, "6,10": -1.175349658914512, "6,7": 0.01070148569840823, "6,8": -0.37954052353254486, "6,9": 0.9841874745697252, "7,10": 1.2569906760039564, "7,8": -0.7561028682356237, "7,9": -0.601028265071125, "8,10": -1.6365515128866632, "8,9": -0.17152450926200036, "9,10": -0.06414517182109103}, "bias": {"0": 0.5040038622007166, "1": 0.9923762285807742, "10": 0.4914883568645725, "2": 0.7493969206378617, "3": 0.32568112916638836, "4": -0.40981496567177955, "5": -0.11004000827559346, "6": -0.7679761781512005, "7": 0.2794627251006776, "8": 0.8608994528200624, "9": -0.9151239888864287}}