{"Q": {"0,1": -0.7548575456156108, "0,10": 1.8766234089062328, "0,11": 0.8811153301399144, "0,12": -0.6410495886655001, "0,13": 0.38366544554215576, "0,14": -1.8456588711377573, "0,15": -1.8215393453983095, "0,2": 1.7145052883789633, "0,3": 0.4969979698984388, "0,4": 1.994145673685185, "0,5": -1.4570701017342356, "0,6": 1.4504378831743878, "0,7": 1.0415913754777293, "0,8": 1.4756029906813222, "0,9": 0.5355750977160185, "1,10": -1.4282136450507368, "1,11": 0.14158033501300205, "1,12": -0.5275022719767182, "1,13": 0.1153422689278325, "1,14": 0.4001220806352612, "1,15": -0.9239405058125092, "1,2": 1.7075774156785144, "1,3": -1.3328792737268325, "1,4": 0.5990387616954718, "1,5": 1.3391085388384196, "1,6": -0.1384102408931427, "1,7": -0.3986930323169444, "1,8": 1.9374595224046467, "1,9": 1.8235861726131728, "10,11": -0.16459232811553326, "10,12": -1.2422431282102053, "10,13": -1.7805164060172927, "10,14": 0.6132182410139864, "10,15": -0.11941433539887569, "11,12": -0.5355955769667617, "11,13": 0.45359984260322017, "11,14": 1.9281621533555282, "11,15": 1.7548468141711666, "12,13": 1.1714412265681884, "12,14": -0.8639397574976457, "12,15": 0.18665378735818772, "13,14": -1.854274264735435, "13,15": -0.6476502151080221, "14,15": 0.8366344776540915, "2,10": 0.6218195900507215, "2,11": 1.0630182624534417, "2,12": 1.5865011497063626, "2,13": -0.35736151066940014, "2,14": 1.1655094589235455, "2,15": 1.6738193265233927, "2,3": -0.2394570128505178, "2,4": -0.9921264898973123, "2,5": 1.5312414879183334, "2,6": 0.5108510665915635, "2,7": -0.4987866557191314, "2,8": 0.33235820360377044, "2,9": 0.4324401023119071, "3,10": -1.6664182242280994, "3,11": 0.6722226380897469, "3,12": 0.13655669710602902, "3,13": 1.714934208508006, "3,14": -1.3912500444327978, "3,15": 0.4290537185284524, "3,4": -0.26615030315182286, "3,5": -0.7618308152749012, "3,6": -0.8675594426942559, "3,7": 0.806957853067495, "3,8": -1.8279456404765169, "3,9": -0.27009978276725066, "4,10": 1.0681141510800827, "4,11": -1.6706246517179264, "4,12": -1.8290574885043016, "4,13": -1.2393483385890849, "4,14": 1.5038287340049599, "4,15": -1.8021626305199256, "4,5": 1.0942774299784688, "4,6": -0.9362935197633586, "4,7": -1.9644918229117838, "4,8": 1.915733365695365, "4,9": -1.191492325755759, "5,10": -0.333192721227928, "5,11": -0.234414052161382, "5,12": -0.12743793158746186, "5,13": -1.7431865949334115, "5,14": 1.0957163389040327, "5,15": -0.6142510249449438, "5,6": 0.0390427897573975, "5,7": -1.108277224735581, "5,8": 1.47581048967707, "5,9": 1.8929532428506288, "6,10": 1.8506855289904158, "6,11": 0.2372965676851111, "6,12": 0.461822734185545, "6,13": 0.5177417785556204, "6,14": -0.027771709312224502, "6,15": 0.00628933160794265, "6,7": 0.8213989575097584, "6,8": -1.7498796227449698, "6,9": -1.172606246542256, "7,10": -1.1648786440207592, "7,11": 1.5351171012252816, "7,12": 1.665104692224204, "7,13": 1.6121137787303637, "7,14": -1.4562196748814782, "7,15": 0.6198221328875309, "7,8": -1.0030744936343279, "7,9": -0.013243237333191882, "8,10": 0.931848103041069, "8,11": -0.29269058322713004, "8,12": 1.089539405188349, "8,13": 1.440223433068927, "8,14": 0.20636155321402638, "8,15": -1.828690967494178, "8,9": 1.9669197191306882, "9,10": -0.8712724550172419, "9,11": -0.6598731920786487, "9,12": -1.2025116263146791, "9,13": -0.3450086258621887, "9,14": -1.5665903635080407, "9,15": -1.574079087687906}, "bias": {"0": -0.20201873587416097, "1": -0.001419271138442868, "10": -0.9998343083171477, "11": 0.6659391860524981, "12": 0.9857738565443266, "13": 0.4135878943416349, "14": -0.25330483994636843, "15": 0.5366072279882532, "2": 0.47912001703961793, "3": 0.2651364207274258, "4": 0.9227852875226696, "5": -0.8548765800436342, "6": -0.9281233180224413, "7": -0.2920752698380762, "8": -0.7247656344963145, "9": -0.49865457473501373}}