{"Q": {"0,1": -0.02910114398886865, "0,10": -0.2767058255284973, "0,11": -1.622358042142868, "0,12": -0.3624773401876471, "0,13": 0.5462715826018543, "0,2": -1.7213994358853446, "0,3": 0.5581839653046328, "0,4": 1.3204864832390322, "0,5": 1.8828453511720311, "0,6": -1.4590715106519805, "0,7": 1.4438095270731748, "0,8": -1.695689178097091, "0,9": 0.10044992834808175, "1,10": -0.060342267529907456, "1,11": 0.94868528277263, "1,12": -0.04156146280886919, "1,13": -1.6455435668684641, "1,2": -1.8366512011837908, "1,3": 1.5971966076898005, "1,4": 1.0439504239900264, "1,5": 0.48318866304351893, "1,6": -1.4617504298097281, "1,7": 1.6412769592801864, "1,8": 0.0991830005774017, "1,9": -1.4778090739902798, "10,11": 1.218551102296312, "10,12": -1.6713871581189959, "10,13": -1.4222638044527343, "11,12": -1.1846533958998005, "11,13": -0.031201624502545933, "12,13": -0.6883353673473871, "2,10": -1.1950743850992014, "2,11": -0.5482693752750629, "2,12": 1.24492520809505, "2,13": -1.7450245314339274, "2,3": 0.6610876237948857, "2,4": -1.978896548877799, "2,5": -1.710609060226238, "2,6": 0.5272487360904679, "2,7": -1.5328894547200296, "2,8": -0.0019210336593507016, "2,9": 0.5194684923631705, "3,10": 0.07850997425040696, "3,11": 0.8189937940380183, "3,12": 1.924833699002697, "3,13": 0.7023892420863422, "3,4": 0.17462406804667374, "3,5": 0.19745080546122828, "3,6": -0.49397976054751647, "3,7": -0.6249420823769158, "3,8": -1.8257653688161315, "3,9": -1.7072960345943993, "4,10": -1.0107328448916166, "4,11": 0.019266270704910493, "4,12": -1.0142512093977079, "4,13": 0.18690033413047757, "4,5": 1.3172118672597013, "4,6": -0.032404817962158106, "4,7": -0.46593804493935886, "4,8": 0.47438409199723264, "4,9": -1.7316674406993884, "5,10": 0.5600343554944236, "5,11": 1.0622257296545548, "5,12": -1.899136530186007, "5,13": 0.1315089246708978, "5,6": -1.1347472179320115, "5,7": 1.6265611517345544, "5,8": 0.5517883868363618, "5,9": 0.247558833795555, "6,10": 1.1266128231148071, "6,11": 1.1430746378880814, "6,12": 0.20898286517654086, "6,13": 0.11611802475568833, "6,7": 1.8448741042756827, "6,8": 0.09688766986995967, "6,9": 1.6963111888524538, "7,10": -0.6976323372216799, "7,11": 0.5287013953248274, "7,12": 0.9484711426373695, "7,13": 0.4540651811404959, "7,8": 1.1074357197359315, "7,9": -0.7513051501155297, "8,10": -0.8675453867960838, "8,11": -0.1505231057099854, "8,12": -0.8770908846574148, "8,13": 1.873344465405737, "8,9": 1.6159651938016872, "9,10": -0.5459857039070437, "9,11": -1.4943848061453004, "9,12": -0.2445657093387954, "9,13": 1.6057263120265501}, "bias": {"0": 0.14399117766335312, "1": -0.4727333024143119, "10": 0.8101816586347772, "11": -0.2972846325152121, "12": 0.13275362573547733, "13": -0.3902803896973417, "2": 0.7909014887896539, "3": 0.48261452338349664, "4": -0.4243077812393885, "5": -0.03372361620069997, "6": -0.555513965136174, "7": 0.3000460802076026, "8": -0.23064974352089718, "9": -0.116317031732176}}