{"Q": {"0,1": -0.9352076070690498, "0,10": 1.2622709300111197, "0,11": -1.167979392189289, "0,12": 1.6173167291524462, "0,13": -1.4558990108381376, "0,14": -1.5665375028439557, "0,15": 0.2427635678422142, "0,16": -1.8553853644387517, "0,17": -0.23422493989649018, "0,18": 0.44545391561665815, "0,2": 1.0854744451876925, "0,3": 0.08797688789588731, "0,4": 1.046612442910539, "0,5": -1.1529465558561784, "0,6": -1.023412680459867, "0,7": -1.1201483554068394, "0,8": -1.8319780496160045, "0,9": -1.4409187439124524, "1,10": 1.032775670132382, "1,11": 1.4144234982297248, "1,12": -0.016517726104888997, "1,13": -1.4173251976775085, "1,14": 0.8702273937115144, "1,15": -1.1512867961848414, "1,16": -1.5841845988062193, "1,17": -1.3611247241843865, "1,18": -0.39619637438433264, "1,2": -1.9363023470058844, "1,3": -1.3883713604626773, "1,4": 1.6268988767398755, "1,5": 1.752226064366365, "1,6": -1.8205331613864941, "1,7": -0.15059450852102163, "1,8": 0.004886575335651955, "1,9": -1.3558338387509545, "10,11": 0.38234274716419536, "10,12": 0.278676151643356, "10,13": -1.2434801614613518, "10,14": -0.44333069248433254, "10,15": -1.8976902689381565, "10,16": 0.558735549328548, "10,17": 0.6956155772108201, "10,18": -0.5847816953106038, "11,12": -0.6516384247624214, "11,13": 0.004768025898080452, "11,14": -1.1163449367639764, "11,15": 1.0760785939451303, "11,16": -0.342064232822771, "11,17": -1.356635492010788, "11,18": -0.6275891223299923, "12,13": -1.4483969738772382, "12,14": -0.9767755797193507, "12,15": -1.0563693882549106, "12,16": -0.002076410729588307, "12,17": 0.8820716057601237, "12,18": -0.7706482551559359, "13,14": 0.6675552860731098, "13,15": -0.2966182324466229, "13,16": 1.5824877062027345, "13,17": -0.49254286446262396, "13,18": -1.6268919225854952, "14,15": -0.18011668335898046, "14,16": 0.856296729508295, "14,17": 1.281751657041566, "14,18": -0.4003983588013744, "15,16": 0.03806115639447727, "15,17": 0.09729779082126777, "15,18": -0.7327987156533498, "16,17": -1.952734738407779, "16,18": 1.2196205678147458, "17,18": 1.3028080984582129, "2,10": -1.3151047850289959, "2,11": 0.789047286685737, "2,12": -1.4724269469805926, "2,13": 1.043383819847028, "2,14": 1.1442283115750684, "2,15": -0.3041003813492269, "2,16": -0.07191154302485181, "2,17": -1.7561113625776685, "2,18": -1.130938314588131, "2,3": -0.7950704842462524, "2,4": -1.9998297914003738, "2,5": 1.0935908902997258, "2,6": -0.555533811906268, "2,7": -1.9632171947949613, "2,8": -1.1390773486110928, "2,9": 0.03232003339975886, "3,10": 1.0930956527214244, "3,11": -1.2213069999660133, "3,12": -0.5496642035189239, "3,13": -1.7402274660526076, "3,14": -0.6121520216725527, "3,15": -0.8073384925968825, "3,16": -1.9338845032569805, "3,17": -1.8830643609183522, "3,18": -1.2216720685598683, "3,4": 0.6586041110368321, "3,5": 1.2568498816246345, "3,6": 0.10960984586117561, "3,7": 1.8091577337630111, "3,8": 1.6191197418217045, "3,9": -0.9826206997247144, "4,10": -0.8045569892208984, "4,11": -1.2304154842290949, "4,12": -0.2595971358770699, "4,13": -1.5249630299737604, "4,14": -1.7564206557284727, "4,15": -0.16848890650676562, "4,16": -1.2091627494393316, "4,17": 0.5020393259838558, "4,18": -0.520263548244698, "4,5": -1.8461933555503145, "4,6": -1.3350370055416438, "4,7": -1.2279900785497926, "4,8": -1.374030065051703, "4,9": -0.865823178460623, "5,10": -1.626652988961216, "5,11": 0.32860797333354697, "5,12": -0.22674962474349636, "5,13": 0.8976499830032338, "5,14": -1.8614754486643674, "5,15": 1.3938212800302607, "5,16": -0.13451680213800898, "5,17": -0.2274201918994887, "5,18": 0.7320701272952799, "5,6": -1.3015289453701824, "5,7": -1.643547260574624, "5,8": 0.36817167412269214, "5,9": 0.2567268653159962, "6,10": -0.07549474849082571, "6,11": 0.3286609445747519, "6,12": 0.8530893556522128, "6,13": -1.4811820677239256, "6,14": 0.3120626808292659, "6,15": 0.6424451618095257, "6,16": -1.5890377894486298, "6,17": -1.651397179515195, "6,18": -1.7118291631483187, "6,7": 1.8890619885364455, "6,8": 0.5197180917169328, "6,9": 0.9465598924904013, "7,10": 1.1445165155614778, "7,11": -1.491837097504817, "7,12": 1.4085596383274517, "7,13": -1.1433201871822338, "7,14": -0.2710487676749902, "7,15": -0.1523523677126737, "7,16": 1.0352806964483428, "7,17": 0.7085752685633033, "7,18": -1.2399392658971604, "7,8": -0.16820491253001402, "7,9": -0.7491737096910551, "8,10": -0.6686917413869415, "8,11": -1.785092560804812, "8,12": -0.5409001998250109, "8,13": -0.28588622529301144, "8,14": -1.9872018241030704, "8,15": -1.2746977848145988, "8,16": 1.5938971258488843, "8,17": 1.861438508798694, "8,18": -0.38008340735013535, "8,9": -1.3892496660298579, "9,10": 1.4283928051571464, "9,11": -1.8506302629128046, "9,12": -1.192244629664176, "9,13": 1.402730291422841, "9,14": -0.24572608401837392, "9,15": 1.0146519075906082, "9,16": 1.96701035548773, "9,17": -0.7952643592418309, "9,18": 1.535093214670873}, "bias": {"0": -0.7582336650657868, "1": -0.506182764358118, "10": -0.705723242571592, "11": -0.7041873077888632, "12": 0.27437978581080524, "13": -0.7746804229393252, "14": -0.8239824913324338, "15": 0.2959639617148162, "16": 0.10120280164727369, "17": 0.6251216420245267, "18": -0.347340059958245, "2": -0.5199620542189929, "3": -0.5506082617003913, "4": -0.17963576453893437, "5": -0.4313639176937851, "6": -0.05548258669790607, "7": 0.9200663908856668, "8": 0.29966477908001576, "9": -0.9787468156564729}}