{"Q": {"0,1": -0.0684576976593112, "0,10": 1.0603399013660755, "0,11": -0.8357822267130652, "0,2": 0.2883293851760471, "0,3": -1.6978205449555506, "0,4": -0.8178746483011414, "0,5": 1.3752356149859035, "0,6": -1.353394472564795, "0,7": -0.33164707643054125, "0,8": -1.8047840573806493, "0,9": 1.7149721458105156, "1,10": -0.47973857432118416, "1,11": 0.5916734835011388, "1,2": -1.23576059701454, "1,3": -1.979291400410863, "1,4": 1.8405802310456663, "1,5": -1.8582151477392066, "1,6": -1.3597994044948671, "1,7": 0.3366978107850307, "1,8": -1.0734605669878756, "1,9": -0.8893263665417837, "10,11": 1.8576769364132186, "2,10": 0.8804180670419268, "2,11": -0.27928994859213185, "2,3": 1.2111809178470838, "2,4": -0.7388909820868048, "2,5": 0.16525002022916402, "2,6": 1.5191097898214272, "2,7": 1.3490065737296946, "2,8": -0.3178440248768597, "2,9": 0.9968047593588931, "3,10": 0.8050375977186364, "3,11": 1.818390550649724, "3,4": 0.5726261308595633, "3,5": 0.16748696134423469, "3,6": -0.7656460759514916, "3,7": -1.662542601631368, "3,8": 0.23111509510047945, "3,9": 0.7793945517250518, "4,10": 0.7076505690567099, "4,11": 1.0245153908073594, "4,5": -1.2898946726033005, "4,6": -0.5042898643693952, "4,7": -0.5993544914338798, "4,8": -0.6280241066482257, "4,9": 1.121519393004712, "5,10": -1.4230880036593145, "5,11": -1.594622293698575, "5,6": 0.9620971360700827, "5,7": 0.6667385768695402, "5,8": 0.2415918845138565, "5,9": -1.2105894386607448, "6,10": -0.09866023106347566, "6,11": -0.6071860704368781, "6,7": -0.8857303761026709, "6,8": -1.5059627248995944, "6,9": -1.0599649036009708, "7,10": -1.4175040703199144, "7,11": 0.9280045127214782, "7,8": 0.3012423212694668, "7,9": 1.1417377580161445, "8,10": 1.1513519133856893, "8,11": 1.1143080877250116, "8,9": -0.01923092724441844, "9,10": -0.4411458268161734, "9,11": 0.7765600461997524}, "bias": {"0": 0.1675498537708675, "1": -0.6346242825231629, "10": -0.33702709115157026, "11": -0.2553652641249289, "2": 0.08578085476638919, "3": 0.7944578050385742, "4": -0.8265109184675636, "5": 0.5167297510246878, "6": 0.9700950467956497, "7": 0.6635158438715543, "8": -0.8866594189541481, "9": -0.9330695608023691}}