{"Q": {"0,1": 1.194987036720328, "0,2": 1.7686626569446342, "0,3": -1.973719105991227, "0,4": -1.3215058492607676, "0,5": 1.6056236119690874, "0,6": -1.1786055286150185, "0,7": 0.933285188610347, "1,2": -1.1339748551432094, "1,3": 0.28307186247285365, "1,4": 0.12705685518083065, "1,5": 0.18683979489682745, "1,6": 0.5880409211994095, "1,7": -0.3670521099279531, "2,3": 0.6738619840006881, "2,4": -1.9128260079828268, "2,5": 1.1608161646201545, "2,6": 1.5666759773791576, "2,7": 0.3021783708867054, "3,4": -0.8381380276902313, "3,5": -0.5125058067521713, "3,6": 1.9266777690608397, "3,7": 1.198623993801851, "4,5": 1.376925595806512, "4,6": -0.12944160468155497, "4,7": -1.4778906724301017, "5,6": -0.7859635675513061, "5,7": -0.8296400082272344, "6,7": -1.9319159655639426}, "bias": {"0": 0.7697393471300444, "1": -0.07836517933744824, "2": 0.7857225717382725, "3": 0.6432970462130947, "4": -0.2765421729165767, "5": 0.23470571837783694, "6": 0.4654127194888913, "7": -0.2130699580908626}}