{"Q": {"0,1": -1.9430164623216202, "0,10": -0.7051408389302405, "0,11": -1.576745974402229, "0,12": -1.4552154595710776, "0,13": -1.6410737002410771, "0,2": -1.292657461411637, "0,3": -0.2224920338377281, "0,4": 1.8014633748669313, "0,5": -1.7606416538213212, "0,6": -1.1510713391802443, "0,7": 0.43670059010404483, "0,8": -0.18131622375468837, "0,9": -0.05127735336565831, "1,10": 0.43300590547185225, "1,11": -1.5336678307152174, "1,12": -1.3545310397367376, "1,13": 0.12737015428118736, "1,2": 0.30744198567035763, "1,3": 0.585532423283547, "1,4": 0.6495333736727238, "1,5": -0.9072581432039515, "1,6": -0.5973913357268628, "1,7": 0.37974799264415626, "1,8": -0.29243198234541, "1,9": 0.3483544813637858, "10,11": 0.009359710980480607, "10,12": 1.2671177430683924, "10,13": -1.4757572331015112, "11,12": 0.4106501916233851, "11,13": -1.7318927925379883, "12,13": 1.3590729527810064, "2,10": 0.2331818011361939, "2,11": 1.9634651813815136, "2,12": -1.5673328274397451, "2,13": -0.9505986619463802, "2,3": 0.37905734557176807, "2,4": -1.248828464071008, "2,5": 1.497957883887861, "2,6": 0.07380519986802891, "2,7": -1.3681042476171887, "2,8": 0.2588082801005527, "2,9": 1.751351237405372, "3,10": 1.6187946961908883, "3,11": -1.6072930847828504, "3,12": 1.1729749303363604, "3,13": 0.824155813651795, "3,4": -1.788365620098693, "3,5": 0.7412801238881168, "3,6": 1.1452903659125946, "3,7": -1.179556113861918, "3,8": 0.5773250255446283, "3,9": -1.1090385601160846, "4,10": -1.8559255949800018, "4,11": -0.21499922714737618, "4,12": -1.3404164641744925, "4,13": -1.196212397187764, "4,5": -1.183977543106177, "4,6": -0.4799124830811041, "4,7": -1.1302059285262351, "4,8": -0.9176009863952159, "4,9": -1.9861724216967183, "5,10": 1.7522299231706588, "5,11": 1.2359470298363875, "5,12": -0.633484386644267, "5,13": -1.4808696566816169, "5,6": -0.1905907557416162, "5,7": 1.335012276570008, "5,8": -0.8740006582519988, "5,9": -0.6423164216061279, "6,10": 0.8966150729454494, "6,11": -0.6265301102575629, "6,12": 0.18205205409169523, "6,13": 0.7081204008090181, "6,7": 1.3333552004515146, "6,8": -0.4048644814990623, "6,9": 0.745417174358018, "7,10": 0.9850587291972022, "7,11": -0.6503141300814166, "7,12": 0.5294257142879761, "7,13": 1.1110722473264167, "7,8": 1.459514554927393, "7,9": -0.4107056400865239, "8,10": 0.643537529938742, "8,11": -1.7651352410438483, "8,12": -0.9254053620423806, "8,13": 1.1939969616769144, "8,9": -1.4405530599521073, "9,10": -0.09682996170766334, "9,11": -0.21217850331623556, "9,12": 0.36700031619975393, "9,13": 0.08478241894493399}, "bias": {"0": 0.6996344966303283, "1": -0.6231836638829098, "10": 0.47106576298740443, "11": 0.6884585430839323, "12": 0.012429803358632308, "13": -0.6139029397026343, "2": 0.7817625307779108, "3": 0.6806942628574901, "4": 0.38682130341791576, "5": -0.22897302165060252, "6": -0.718664980748335, "7": -0.6281500448977997, "8": 0.7713166180004056, "9": 0.06378448109842672}}