{"Q": {"0,1": 0.7052790643911617, "0,10": 1.8561817698571499, "0,11": 1.7570746323551676, "0,12": 1.8913798940469522, "0,13": -1.812124796660477, "0,14": -0.38028023200289685, "0,15": -0.9829384470288867, "0,16": 0.3942818268319299, "0,2": -0.39664900198700037, "0,3": -0.3294642384762665, "0,4": 0.8513448705501134, "0,5": -1.8339585170762844, "0,6": 1.0729476834912108, "0,7": -1.1011627657597614, "0,8": 1.7931453072445054, "0,9": 1.8857704081714157, "1,10": 1.5169546156827423, "1,11": 0.17196759713120713, "1,12": -0.8704819852607355, "1,13": -1.0150500907370197, "1,14": 1.5008277609447176, "1,15": -0.6245843286541635, "1,16": -0.8833419873210611, "1,2": -0.7317799889432064, "1,3": 1.401064830688941, "1,4": -1.105121055470494, "1,5": 0.561556237492252, "1,6": -1.084147846998106, "1,7": 0.012510122216486508, "1,8": -0.7476176486095198, "1,9": -1.116203832882273, "10,11": 1.1597211080772518, "10,12": 0.7791667070509014, "10,13": -1.8477579426354316, "10,14": -0.3386508538640962, "10,15": 1.8488140157959898, "10,16": -1.373980204664662, "11,12": -0.05281752720921906, "11,13": -0.6895004184977727, "11,14": 1.9098349562340369, "11,15": 0.6569259129252725, "11,16": 1.209439970482797, "12,13": 0.4074535384189355, "12,14": 1.2558224902086588, "12,15": 0.901883959289477, "12,16": 1.4736599410640032, "13,14": 1.9414546989983137, "13,15": -0.9762873378886865, "13,16": 1.8425400494186315, "14,15": 1.2043187736286503, "14,16": 1.1759488035177297, "15,16": 0.10731241985833284, "2,10": -1.2903456328450327, "2,11": 0.42059149154869857, "2,12": -0.052715966975179995, "2,13": -1.561111739553008, "2,14": -0.5968960224093398, "2,15": 0.8507506934338092, "2,16": 0.4840179955313415, "2,3": -1.5294278071436107, "2,4": 0.05005848858147921, "2,5": 1.7136421382975362, "2,6": -1.7126932463650597, "2,7": 1.9408460428671037, "2,8": -0.8577506404897743, "2,9": -0.4900950929023513, "3,10": 1.59167638403162, "3,11": 0.12836035981043636, "3,12": -1.6478114370948762, "3,13": 0.5259600131819964, "3,14": 1.8531975318634202, "3,15": -1.0150535942893035, "3,16": 0.03892267886504586, "3,4": -0.08814775336686953, "3,5": 1.3892259200346326, "3,6": 1.646622134282877, "3,7": -0.038749396275501446, "3,8": 1.4254533579855226, "3,9": -0.3708177707655258, "4,10": -0.07781832480729278, "4,11": 1.3074716817147234, "4,12": 1.3756639516167275, "4,13": 1.7148322853845785, "4,14": 0.8853015703062375, "4,15": -0.37014420499906997, "4,16": -0.3275098528910756, "4,5": 0.9929308115277524, "4,6": -1.2073392966606007, "4,7": 0.1135782918949273, "4,8": 1.9643361948504081, "4,9": -0.28677415318785693, "5,10": -1.2529764741746563, "5,11": 0.8537564839112206, "5,12": 1.9143444355539714, "5,13": 1.5421862215083824, "5,14": 0.02527710989580223, "5,15": -1.2825042489920504, "5,16": -1.4067112052513995, "5,6": -1.969598717432783, "5,7": 0.23994268042581668, "5,8": -0.2257577760796794, "5,9": 1.4829527112163392, "6,10": 1.2105543515879575, "6,11": -1.1094428785812505, "6,12": -0.7991047354474188, "6,13": 0.8554271535357385, "6,14": -1.3241731037073494, "6,15": 1.5003265654975864, "6,16": -1.9125247003915882, "6,7": -1.0649022018567935, "6,8": -1.8560052060780947, "6,9": -1.835930030828338, "7,10": -0.26444535299793825, "7,11": 1.7806880842713597, "7,12": 1.425055945564476, "7,13": 0.6864894021605727, "7,14": 0.36521110853468963, "7,15": 1.9134608684374892, "7,16": 1.6617919012526214, "7,8": 1.1289568395547023, "7,9": -1.6379997299670745, "8,10": -0.1818753182804258, "8,11": -0.13536915503097635, "8,12": -1.5588414866822142, "8,13": -1.9219998293683047, "8,14": -0.8216600035759534, "8,15": -1.7501280176312304, "8,16": -1.5385588329045734, "8,9": -1.365320961828281, "9,10": 1.130823623424746, "9,11": 0.6170692672972464, "9,12": -1.8228030455400903, "9,13": 1.517163412831299, "9,14": -1.0230030241851562, "9,15": 1.1872799018201934, "9,16": 1.4713993322374739}, "bias": {"0": 0.9266216817542607, "1": 0.0429803167053151, "10": -0.1493670721474798, "11": 0.21020899746622845, "12": 0.05830300914472253, "13": 0.04095777793771416, "14": -0.13163845495735127, "15": 0.07994562214275613, "16": -0.24674215177125403, "2": 0.6002074508816082, "3": 0.667361824215071, "4": -0.3036794420475617, "5": -0.69556290538257, "6": 0.007679648547876283, "7": -0.9181373780290367, "8": 0.13262433752767455, "9": 0.39652445000594105}}