{"Q": {"0,1": 1.8411614564391154, "0,10": 0.28423046659530904, "0,11": 0.003971369148706216, "0,12": 0.8481523853794917, "0,13": 0.10241425394816783, "0,14": 1.4813230336692058, "0,15": -1.217968273541099, "0,16": 1.2753313767322827, "0,2": 0.7763837648454968, "0,3": 0.6602692059315687, "0,4": 0.5261016150544551, "0,5": -0.49395238733203817, "0,6": -1.991601772088007, "0,7": -0.5712342000558732, "0,8": -0.2912390888272909, "0,9": -1.402884107978731, "1,10": 1.1965242195099655, "1,11": -1.6970931397046, "1,12": 1.3861450506443722, "1,13": 0.9761204493866154, "1,14": -0.9206984537221699, "1,15": -0.6228711637819133, "1,16": -0.791815083253113, "1,2": 1.4158501934856154, "1,3": -0.5196592106693529, "1,4": -1.4011226969678137, "1,5": -0.9541441468124452, "1,6": 0.5447281341947798, "1,7": 1.741147911032737, "1,8": 0.7000515363626438, "1,9": -0.02117558499484451, "10,11": -1.0861566878004205, "10,12": 1.6931737657698638, "10,13": 0.9992487204382967, "10,14": 0.06353664118149549, "10,15": -1.995817599833631, "10,16": 0.9060783937425327, "11,12": -0.8137688668603169, "11,13": -1.6413963370867437, "11,14": 0.23197801490999792, "11,15": 0.6336287959741322, "11,16": -1.6018261215094642, "12,13": -1.5812557118690131, "12,14": -0.9121164880236892, "12,15": -1.4608797675936143, "12,16": -1.5069880261028166, "13,14": -0.19675851361486174, "13,15": -1.6319222111420095, "13,16": -0.7960302417819123, "14,15": 1.365448838317969, "14,16": 0.723896912198712, "15,16": -1.6613029909221853, "2,10": -0.7087041981522662, "2,11": 0.8223409537178599, "2,12": 1.21464372231091, "2,13": 1.9691887075367922, "2,14": 1.011007252165649, "2,15": -1.554280966140396, "2,16": 0.017006024511806217, "2,3": -1.2360138736916544, "2,4": 1.101068596663369, "2,5": 1.3345137398174542, "2,6": 1.5679850031680815, "2,7": 0.018022839888556685, "2,8": -0.81056453626343, "2,9": -1.667123861038232, "3,10": 1.9252356872861998, "3,11": 0.9509684516607324, "3,12": 0.37647644140084013, "3,13": 0.3127704012672399, "3,14": 0.5403348184294248, "3,15": -1.1021211760659373, "3,16": 1.1325764621472714, "3,4": 1.4095282755552403, "3,5": 0.3835789227838897, "3,6": 0.9769609360917983, "3,7": -0.2769226699611731, "3,8": -1.327263022841703, "3,9": -1.706776587756988, "4,10": 1.996564111520288, "4,11": 0.31117475758218305, "4,12": 1.5931478066905647, "4,13": -1.53642470371434, "4,14": -0.25010574400938035, "4,15": -0.6896745315258057, "4,16": -1.505991193430242, "4,5": 0.2688299506162841, "4,6": 1.9711530701160251, "4,7": 1.9764829337446503, "4,8": 0.47899817408356604, "4,9": -0.5757785947961387, "5,10": -1.6368961479895878, "5,11": 0.7495596885491138, "5,12": 0.5572768175357177, "5,13": 1.6807311547670434, "5,14": 1.930628431609834, "5,15": 1.3517353092549338, "5,16": -1.5757357608296463, "5,6": 0.8355705453717119, "5,7": -1.4022070090932215, "5,8": 1.9069288975913414, "5,9": 0.4337291679692594, "6,10": 1.7248758338949526, "6,11": -1.4024138301069802, "6,12": -0.6809102911692904, "6,13": 1.7928987742230325, "6,14": 0.7660312704000387, "6,15": -1.2700216788633378, "6,16": 0.569377627826114, "6,7": -1.2067122070753378, "6,8": 1.1771514874664577, "6,9": -0.4135830236118352, "7,10": -1.6061711225391346, "7,11": -1.0691577826862204, "7,12": -1.6972189683038525, "7,13": -1.5379253600122746, "7,14": -1.781394453375352, "7,15": 1.6404650604576578, "7,16": 0.6158130180355408, "7,8": 1.7570229876008798, "7,9": -0.41998872269259424, "8,10": -0.4230264672292585, "8,11": -0.5262368796388928, "8,12": -1.8066459131836043, "8,13": -1.6156271802360669, "8,14": -1.035447329571619, "8,15": -1.3290116497769975, "8,16": -0.828544277674212, "8,9": -0.04329129350813998, "9,10": 1.6009053613713746, "9,11": -0.6626872875846543, "9,12": 1.420273282003215, "9,13": 1.9492481544798657, "9,14": -1.6207702085188909, "9,15": -0.8436808693066107, "9,16": -1.4954094397616084}, "bias": {"0": 0.27564169502410363, "1": -0.7591581717724074, "10": 0.8706666315144918, "11": -0.4277929838241361, "12": -0.9250564170695723, "13": 0.2841565008158051, "14": 0.04370357236942568, "15": -0.3601643329052795, "16": -0.03805586399963112, "2": 0.8350829532682336, "3": 0.849156969828968, "4": 0.3165238639279122, "5": -0.4431544021469658, "6": -0.885347629634607, "7": 0.5503351155599399, "8": 0.31436910656395, "9": 0.987362543243272}}