{"Q": {"0,1": 0.4984243026542954, "0,10": 1.62622109194242, "0,11": 0.04968068109692281, "0,12": -0.40866523244779396, "0,13": 0.14487727694176344, "0,14": 0.6306040356491107, "0,15": -1.4543658637207484, "0,16": -1.3477081427273907, "0,17": -0.4160161790837438, "0,2": 0.4648340769471524, "0,3": -0.8424296351006224, "0,4": 1.3726466603368577, "0,5": 0.08494343396809212, "0,6": -0.218385589774035, "0,7": 1.9906123081706686, "0,8": -0.39251627609060336, "0,9": 1.5932653711212277, "1,10": 0.5329113077311947, "1,11": -1.8800758260080723, "1,12": -1.5410693970600287, "1,13": -1.1756639956121266, "1,14": 0.16948457655034543, "1,15": -1.6526342691783156, "1,16": 1.2205380589579815, "1,17": 0.8335213131229047, "1,2": 1.0105519767651616, "1,3": 1.2602551008743679, "1,4": 1.808129300632877, "1,5": -0.5239608591711407, "1,6": -1.8230213409295786, "1,7": 0.9722110887405337, "1,8": 1.7121876029576932, "1,9": -1.016607330891878, "10,11": -0.7609062389263443, "10,12": 1.852638780198105, "10,13": 0.2044083225064659, "10,14": -1.250503900354937, "10,15": -1.5740998514038709, "10,16": -1.204786730755243, "10,17": 1.7584386203689681, "11,12": -1.3006264528361489, "11,13": 0.7179070270606718, "11,14": 1.268639338008168, "11,15": -0.7122705071058952, "11,16": 0.23278840045217697, "11,17": -1.201064356494972, "12,13": -0.2699861498140428, "12,14": -1.8918249031930086, "12,15": -1.9179604233255931, "12,16": -0.7023844067502676, "12,17": -1.669264390427538, "13,14": -1.67499640759912, "13,15": 1.274429340574625, "13,16": -1.5639003785921703, "13,17": -1.8718896873035535, "14,15": -1.132194979795985, "14,16": 0.13151961119738242, "14,17": 1.5069820080384289, "15,16": -1.5307720711558659, "15,17": -0.9253771938609328, "16,17": 1.44625337168053, "2,10": -0.0009178094990844876, "2,11": 1.2191897104100118, "2,12": -0.1660563276336653, "2,13": 1.2956464991482526, "2,14": 0.6367793199633747, "2,15": -1.0034224399235927, "2,16": 1.1100450642280735, "2,17": 0.9331736620433939, "2,3": -1.8806815033302131, "2,4": -1.955498611183299, "2,5": 0.9374464706423047, "2,6": 1.8522357503487163, "2,7": -0.19240032626087045, "2,8": -1.1256427465758994, "2,9": 0.6997906084588057, "3,10": 0.7561005019866327, "3,11": -1.3657227843404662, "3,12": -1.9295308670589453, "3,13": -0.1952018666452675, "3,14": 0.1277540571023632, "3,15": 1.7055721356695197, "3,16": -1.8295472696693795, "3,17": 0.9371618045378196, "3,4": 0.17887812675792203, "3,5": -0.19910503341310282, "3,6": -0.956413031487485, "3,7": 1.7824209480199, "3,8": 0.430575110767363, "3,9": -0.33769743765526883, "4,10": -1.4963453893862733, "4,11": -1.5349291353371797, "4,12": -0.35883449968702097, "4,13": -0.10640649219095666, "4,14": 0.7261749436170875, "4,15": 0.9291700201634963, "4,16": 1.8059802043818283, "4,17": -0.7122023302320266, "4,5": 1.6411284003206488, "4,6": 1.2038925212742826, "4,7": 0.5734815996596407, "4,8": -0.8088917154587105, "4,9": -0.6854618431596555, "5,10": 1.709114061673601, "5,11": 1.4823160459171532, "5,12": 1.3896682717184259, "5,13": 1.4352700725257175, "5,14": -1.558505433785259, "5,15": -0.826857520700373, "5,16": 0.8560951047764571, "5,17": 1.1703774207129833, "5,6": -0.8471370362492303, "5,7": 1.302096063354977, "5,8": -0.31876755621562536, "5,9": -1.2333578748299527, "6,10": -1.1081419737670837, "6,11": -0.6332135053418511, "6,12": 1.5096528799987627, "6,13": -1.4489195262261343, "6,14": -0.8584145284312057, "6,15": -1.8028563545886067, "6,16": 0.2908044915864241, "6,17": -1.201137208564072, "6,7": -1.2576980742590318, "6,8": 0.9105637258543902, "6,9": -1.2399341575032028, "7,10": -1.439680107986303, "7,11": -1.6890149697859176, "7,12": 1.932144316124794, "7,13": -0.4083881646532066, "7,14": -1.4976180888879163, "7,15": 0.3669288247321987, "7,16": 1.2807633405958447, "7,17": 0.6614519600934767, "7,8": -1.8123164147832593, "7,9": 1.722337945097486, "8,10": 0.8273881441767799, "8,11": 1.7851011226388427, "8,12": -0.4828993586969883, "8,13": -0.330720074412568, "8,14": 1.6737850207734608, "8,15": 1.607161173384077, "8,16": -1.1953338028478937, "8,17": 0.16636858880436334, "8,9": 0.35183617307200565, "9,10": -0.0590343741551691, "9,11": -0.77642520235062, "9,12": 0.8821238179660931, "9,13": 1.7393060696757492, "9,14": 1.7593813504696927, "9,15": 0.05568523646080559, "9,16": 0.11742315845376261, "9,17": 1.011162737890761}, "bias": {"0": 0.5496492612243724, "1": 0.8929253885319679, "10": -0.33315156770662036, "11": 0.3604935256258279, "12": 0.9791858886643137, "13": 0.5432941647208263, "14": 0.4472763969037392, "15": 0.8905634783909306, "16": -0.5488754887713667, "17": 0.8921708684754155, "2": -0.4978051329975375, "3": 0.5894841048360417, "4": 0.19583780657159378, "5": -0.29535808894312643, "6": -0.9483682178839019, "7": 0.0852342756863389, "8": -0.2907487692685169, "9": -0.157146673256505}}