{"Q": {"0,1": 0.4650293674619621, "0,10": 1.0831660182027223, "0,11": -0.5972330510718975, "0,12": 0.4332423216029295, "0,13": -1.7831446317530646, "0,14": -1.2517020462372086, "0,15": -1.8808335143374841, "0,16": 1.5087416881439597, "0,17": 1.454264820608906, "0,2": 0.019422627533286718, "0,3": -0.30301266102769375, "0,4": -0.1436807847377377, "0,5": 0.9308324511080484, "0,6": -1.5252913575528453, "0,7": 1.975112283529199, "0,8": -1.9246425544162724, "0,9": -0.2725291297785706, "1,10": 1.0337116739184609, "1,11": 0.33796921517392686, "1,12": 0.022948307987294747, "1,13": 1.2826020107732399, "1,14": -0.09051078197789941, "1,15": 1.5347367690092555, "1,16": -1.5185107636920216, "1,17": -1.2483678958121267, "1,2": -1.7590428317402367, "1,3": -0.48124906315002347, "1,4": -1.2550017850625501, "1,5": -0.980145579448561, "1,6": 1.7905491384103596, "1,7": -1.1867669458401267, "1,8": -0.030328466575765933, "1,9": -0.13308512849133036, "10,11": 0.07142363190200474, "10,12": -0.5244164003091778, "10,13": -0.6141988045572471, "10,14": 1.7118658765981052, "10,15": 1.261478677134308, "10,16": -1.9091458592393886, "10,17": 1.6816585533446151, "11,12": -1.29593112792324, "11,13": -1.7862837019437814, "11,14": -1.6398559024712123, "11,15": 0.7620315209311204, "11,16": 1.0008417266525753, "11,17": -1.065997211142553, "12,13": 0.31549586172050015, "12,14": -1.198098938951738, "12,15": -1.410016199548846, "12,16": -1.4378554063046116, "12,17": -1.3198779742346893, "13,14": 1.6264514935004093, "13,15": -1.637772283125312, "13,16": 0.25113699785753685, "13,17": -1.1294314756486163, "14,15": 0.5867027409592827, "14,16": 1.5237703817806856, "14,17": -1.3231764455959025, "15,16": 1.8797588229954698, "15,17": 0.3882438860116899, "16,17": 1.8342509278416834, "2,10": -1.60147342788065, "2,11": 1.079888744310002, "2,12": 0.3339163913340042, "2,13": 1.4869285581289948, "2,14": 0.6371005483174899, "2,15": 1.7297853169610478, "2,16": 0.6335266958854668, "2,17": 1.8871285260804367, "2,3": -1.906822854934537, "2,4": -1.7725383917583857, "2,5": 1.4177440137330466, "2,6": -1.6344633377322122, "2,7": 1.697952221783627, "2,8": -0.3289743210796354, "2,9": -1.9215265590660544, "3,10": 1.912147207091437, "3,11": -1.3345251118183663, "3,12": -1.5485929212909264, "3,13": 0.6182786620002312, "3,14": -0.3054718380086241, "3,15": 0.09873944220342956, "3,16": -1.4485180291204798, "3,17": 0.30442849819380324, "3,4": 1.9336264184455203, "3,5": -0.7695671092599539, "3,6": -1.971596472605834, "3,7": 0.7893511603542405, "3,8": 1.1966324091335583, "3,9": -0.547035577322156, "4,10": -1.66940665852264, "4,11": 1.7021791785125981, "4,12": 0.9204331371607566, "4,13": -1.7127731421510308, "4,14": -1.4632624395967175, "4,15": 0.6378064564951886, "4,16": 0.7773117513707182, "4,17": -1.3173205919963258, "4,5": -0.18434235079361683, "4,6": 0.08228588051700525, "4,7": 1.8397220582604037, "4,8": -0.39513439152149576, "4,9": -1.2215014631723005, "5,10": -0.15413955494387244, "5,11": 1.8984706825684778, "5,12": -0.2661175980211339, "5,13": 0.4160173386221713, "5,14": 1.4653687721631687, "5,15": 1.5835854523130775, "5,16": 0.2725332694470737, "5,17": -1.4603534877197113, "5,6": -0.36628763841315237, "5,7": 1.7555936567396198, "5,8": 0.49828479177054064, "5,9": 1.6958373438619279, "6,10": 1.917461611327226, "6,11": -0.0008172472797154384, "6,12": 0.6898759974206166, "6,13": -0.8942716262584849, "6,14": 1.0625983903236658, "6,15": -1.7488809767018032, "6,16": 1.2381472203849766, "6,17": 0.29971551506755345, "6,7": 1.2462113182733785, "6,8": -1.0147922601542776, "6,9": -0.38673621873521213, "7,10": 0.9899735539871477, "7,11": -0.8812217837777436, "7,12": -1.758314962132153, "7,13": 1.532068915665342, "7,14": -0.7246363761592884, "7,15": 0.7519974292024805, "7,16": -0.9396223912596309, "7,17": -0.2044178354516868, "7,8": 1.0117956786661413, "7,9": -0.16616458098377196, "8,10": 0.6862999374305399, "8,11": 0.26335144113599185, "8,12": -1.4557727556208202, "8,13": -0.3080237551738443, "8,14": -0.6080927152870057, "8,15": -0.016259598465543146, "8,16": -0.7226895982174328, "8,17": -1.9584434298761204, "8,9": 0.5862285795790547, "9,10": 1.216356409323092, "9,11": -1.78614778684083, "9,12": 0.2912288131734124, "9,13": 0.7705061024771935, "9,14": 0.13369545553286022, "9,15": -0.15303614217335948, "9,16": -1.2203147217930934, "9,17": 1.4730475242033432}, "bias": {"0": -0.8498684266738752, "1": 0.9121270100059133, "10": 0.2992945866484136, "11": 0.10122290168814763, "12": 0.7778351425609122, "13": 0.34481457691470396, "14": 0.7137030527251809, "15": -0.6522729777334977, "16": 0.2195094114044931, "17": -0.9944834801972042, "2": -0.746524481108118, "3": -0.14947701874152242, "4": 0.9166003626189347, "5": 0.16544140502908866, "6": 0.010505695430445217, "7": -0.16068760719508113, "8": 0.12177239373526705, "9": 0.19491582664624119}}