{"Q": {"0,1": 0.9350822739560356, "0,10": -0.7668921602040619, "0,2": -1.5947148843675114, "0,3": -0.013382045411736598, "0,4": -0.5697439178350558, "0,5": 1.9663520631529852, "0,6": -1.217976014649106, "0,7": -1.2575199107768924, "0,8": -0.374170894887055, "0,9": 0.9858674035327031, "1,10": -0.6982840305511591, "1,2": -0.7341036002099313, "1,3": -1.8888905453407663, "1,4": 0.6618633087609571, "1,5": -1.454978950256022, "1,6": 0.8631748094304874, "1,7": -1.1645156143044204, "1,8": -0.6738588245363926, "1,9": -1.421115602398976, "2,10": -1.0939186586830623, "2,3": -1.4564525519938316, "2,4": -0.7665000739146453, "2,5": 1.650592131001229, "2,6": 1.7117405467800282, "2,7": -0.8349761979367782, "2,8": -1.980364291925988, "2,9": 1.7245172226995824, "3,10": 0.9776395898161416, "3,4": 1.8703963189709114, "3,5": 0.07053477955640997, "3,6": -1.8557638652165225, "3,7": 0.5566513830127371, "3,8": -0.6264082921436009, "3,9": -0.5795324226078482, "4,10": -1.7499343785110124, "4,5": 1.3419205508345478, "4,6": 1.5958919452235563, "4,7": -1.8233935114597268, "4,8": -1.617937100709609, "4,9": -1.2234148249829295, "5,10": 0.3725942526556847, "5,6": 1.978582633966893, "5,7": 1.2720311629521048, "5,8": 1.7213817200835413, "5,9": 1.342449631164552, "6,10": -1.5587641773288756, "6,7": -0.82770036322384, "6,8": -0.5037436538904081, "6,9": 1.8228615428650907, "7,10": 0.7720918902913314, "7,8": 0.6693232797814068, "7,9": -1.6820197569662292, "8,10": -0.03874358129157507, "8,9": -1.1800026182563088, "9,10": 1.1567502316170195}, "bias": {"0": 0.085064567416683, "1": -0.3229104806480796, "10": -0.4946970115790186, "2": 0.3035755293470497, "3": 0.17794218941243733, "4": -0.7206228151108827, "5": -0.47018787677330653, "6": -0.4462059470097326, "7": -0.4039198236199688, "8": -0.033547252472106326, "9": 0.7369510001936701}}