{"Q": {"0,1": -1.4547057165053419, "0,10": -1.2218301876962117, "0,11": 0.4467514459090687, "0,12": 0.8690252092882802, "0,13": -1.6894919564796584, "0,14": -1.1255275486351501, "0,15": -1.0313227528408433, "0,16": 1.2963993218190009, "0,17": -1.9564408131176894, "0,2": -1.6730425122143124, "0,3": 0.20566437288936568, "0,4": -0.8455409444533362, "0,5": 1.1971093152511827, "0,6": -1.7910713896620867, "0,7": 0.3989089176637961, "0,8": 0.7606998263819436, "0,9": -1.363932776754075, "1,10": -1.8465068175355817, "1,11": -0.1279300680493609, "1,12": 1.8727875730995698, "1,13": -0.9041180332333214, "1,14": 1.8981857889846379, "1,15": -1.5533346254315075, "1,16": 1.1449803113570711, "1,17": -1.8700601531693324, "1,2": 1.7484656056499164, "1,3": -0.2743508620511803, "1,4": -0.5702906189287438, "1,5": 0.7657765765391318, "1,6": -0.46006749409777736, "1,7": -1.864823634081978, "1,8": -1.1052474641150032, "1,9": -0.9031519923016491, "10,11": 0.8960526699072036, "10,12": -0.7879501167376342, "10,13": 1.722401641800217, "10,14": 1.6078897361671363, "10,15": 0.4402624423732404, "10,16": 0.2867502985574908, "10,17": -1.2365800331271206, "11,12": 0.9493551908701794, "11,13": -0.11150787938612705, "11,14": -1.3613509467854001, "11,15": -1.9970169507035442, "11,16": 1.942084419042318, "11,17": 0.38952559173800294, "12,13": 1.983137426446873, "12,14": -0.1595126013842325, "12,15": 0.8736421040481144, "12,16": -1.0791436650544024, "12,17": -1.4626494832580752, "13,14": -0.032483426800739235, "13,15": -0.6565338492383734, "13,16": -0.4613762258834697, "13,17": -1.452373476324052, "14,15": -0.8336983407614644, "14,16": -0.31983347080247304, "14,17": 0.444169561177052, "15,16": -1.7537998177732028, "15,17": -1.5425014371594625, "16,17": -0.9452169761544793, "2,10": -1.9086428768126198, "2,11": -0.6006629885498946, "2,12": 1.3678707636232756, "2,13": 0.326765280047812, "2,14": -0.49637524563209023, "2,15": 1.740630681897394, "2,16": -0.5880676900866879, "2,17": -0.9759722959195494, "2,3": -0.9148222904344352, "2,4": 1.4768044918260417, "2,5": -0.7253957170034537, "2,6": -0.9244611538298191, "2,7": -1.9139307587754026, "2,8": -0.7020938226986018, "2,9": 1.1808402028842888, "3,10": -0.817902067414257, "3,11": -1.367776686903274, "3,12": -0.34669633719152015, "3,13": -1.8869460098139155, "3,14": 0.7895563691767795, "3,15": -0.25181399753848543, "3,16": -1.3368191489377756, "3,17": -0.18250950294663193, "3,4": -0.9821948876090376, "3,5": 0.9078540798141592, "3,6": -0.8265534629055327, "3,7": -0.5218033067124082, "3,8": -0.6314631622524973, "3,9": 1.7304073877543398, "4,10": 1.302919391014567, "4,11": -1.9743875631835595, "4,12": -1.3599812183465776, "4,13": -0.26963041521517495, "4,14": 1.107605460724474, "4,15": -0.5380383483701952, "4,16": 1.58923688986589, "4,17": -1.163909559282771, "4,5": -1.5801037580438688, "4,6": 0.2691097072402089, "4,7": 0.8223959989455136, "4,8": 0.9933434124759071, "4,9": 0.37784688709500225, "5,10": -1.8810356290493724, "5,11": -0.6021358854351799, "5,12": -1.4136249142048363, "5,13": -1.493936436814908, "5,14": -0.5591004545546396, "5,15": 0.42545832044299114, "5,16": -1.9239578069536218, "5,17": 0.03651743978246946, "5,6": -1.6561190814145945, "5,7": -0.5102093066169409, "5,8": -0.8054840399718688, "5,9": 1.8935376178663348, "6,10": -0.8346039466663719, "6,11": 1.3249854815147022, "6,12": -0.9801858345644989, "6,13": -0.9470317081385118, "6,14": -0.6319826714171306, "6,15": -1.9798181976240254, "6,16": 1.7497860642135388, "6,17": 1.093311038220389, "6,7": -1.231165531151928, "6,8": -0.5590962232442416, "6,9": 1.864383329179892, "7,10": 1.428588207691766, "7,11": -1.545926696068617, "7,12": 0.7229445821706886, "7,13": -1.2390143503703896, "7,14": 0.7844986651156938, "7,15": -1.721790990317237, "7,16": -1.3441090948539318, "7,17": -1.0059692311006803, "7,8": 1.6770159938418843, "7,9": -1.6826513746876426, "8,10": 0.22461266871014285, "8,11": 0.5768143084870352, "8,12": 0.13620864812886335, "8,13": 0.8477827596270111, "8,14": -1.9808231679396773, "8,15": -0.5915753207623538, "8,16": 1.5246397814377244, "8,17": 1.3999288372668097, "8,9": -1.8736260100333815, "9,10": 0.9667885961879223, "9,11": 1.7686617100796997, "9,12": 0.2565544505495958, "9,13": 0.06194879530180453, "9,14": 0.995468330127907, "9,15": -1.4597193060726128, "9,16": 0.17185370605442207, "9,17": -0.7312558134212388}, "bias": {"0": -0.6115972499493543, "1": -0.6378481282065405, "10": 0.8204455737440779, "11": -0.4399766324703982, "12": 0.13281519353145543, "13": -0.6105118259953242, "14": 0.7889020981997392, "15": 0.48256792218631017, "16": -0.12925360582195866, "17": -0.8760739218883651, "2": 0.9760824927255989, "3": -0.3230378113931007, "4": -0.7273690503628478, "5": -0.22353462243142497, "6": 0.19873762738226253, "7": 0.12571165023236142, "8": 0.28554855313355776, "9": 0.7064245198209165}}