{"Q": {"0,1": 1.2696184171373113, "0,2": 1.390946321870814, "0,3": 0.9932533954343241, "0,4": -1.8291356068289044, "0,5": 1.6083487133713308, "0,6": -1.3472163828567663, "0,7": -0.49115399109137226, "1,2": 0.5293856610645729, "1,3": 0.8654676780872763, "1,4": -0.5960038157565188, "1,5": -1.3101890739044384, "1,6": 1.0915863468570306, "1,7": 0.8395524786414157, "2,3": -0.35478839729485623, "2,4": 1.6643095313472198, "2,5": 1.245276634851192, "2,6": -1.409575487461674, "2,7": -1.653371727157313, "3,4": -0.6427574986351847, "3,5": -1.5984319981071962, "3,6": 1.678942677670764, "3,7": -1.0349672232544043, "4,5": -1.605553546326333, "4,6": 1.0260891021460723, "4,7": 1.4870070414209908, "5,6": 0.9879398028976025, "5,7": 1.1655973198853902, "6,7": 0.5616160476718384}, "bias": {"0": -0.8016646562602359, "1": -0.11344196785241034, "2": -0.46412946293239554, "3": 0.7279217622453593, "4": 0.013762242643578837, "5": -0.4478523145332034, "6": 0.4656808657054252, "7": -0.12707226323965903}}