{"Q": {"0,1": -0.6439106083015291, "0,10": 0.9767381740859093, "0,2": 1.9412052765063597, "0,3": -0.6004853895989593, "0,4": 1.9127106399913774, "0,5": -1.81284678904631, "0,6": -0.1359570105379495, "0,7": 1.9483241089479595, "0,8": -1.1043715174370465, "0,9": -1.4293240489748813, "1,10": -1.2117457170842214, "1,2": 0.17245825840779272, "1,3": -1.6038689223516687, "1,4": 0.8734438441251124, "1,5": -0.7018138991683318, "1,6": -1.0972819611451512, "1,7": -0.8028426284755201, "1,8": 0.20913359302089773, "1,9": 1.65516282046184, "2,10": 0.31357769886688036, "2,3": 0.21942741596393445, "2,4": -1.5613392698613855, "2,5": 1.4925160835513869, "2,6": -0.4839408843172479, "2,7": -1.5260598772095673, "2,8": -0.07279655967724796, "2,9": 1.6016583210397353, "3,10": 0.6320011287460576, "3,4": 1.684491897103416, "3,5": -0.1940215555842082, "3,6": 1.2624860267995794, "3,7": 1.253827390105433, "3,8": -1.7458948366621176, "3,9": 0.6741390968693719, "4,10": 0.6453833063821444, "4,5": 1.7240931663183638, "4,6": -1.9209801210360657, "4,7": -1.7392655243511306, "4,8": 0.0693652717397053, "4,9": 0.7396986631035558, "5,10": -0.4705197691268723, "5,6": 0.6189851424358954, "5,7": 1.689929742379865, "5,8": -1.8442481861084197, "5,9": -0.07030712112833282, "6,10": 1.8564483950021513, "6,7": 0.5084503242516694, "6,8": 0.9942499286927604, "6,9": -1.513844937001258, "7,10": -0.0022839394462050855, "7,8": -1.2053250684006915, "7,9": 1.3242663625718687, "8,10": -1.1846457372445225, "8,9": 0.7624452314753607, "9,10": 0.7875991801536104}, "bias": {"0": 0.6386556881256689, "1": -0.14963208608808842, "10": 0.615987749030841, "2": -0.2470650038349964, "3": 0.7773731416706633, "4": 0.9281647197791327, "5": -0.8556377213396527, "6": 0.7847928497558281, "7": 0.4546906693581485, "8": -0.09929729602357917, "9": -0.3876566805965702}}