{"Q": {"0,1": 1.2986381006882448, "0,10": 0.14053510623429455, "0,11": -0.4716984290797215, "0,12": 1.800319964841032, "0,13": 1.488182444369818, "0,14": -1.3255605523815697, "0,15": 1.9174604715123404, "0,16": -0.8503433863171024, "0,17": -1.4064444196405992, "0,18": -0.33740792784932605, "0,19": 1.9292147568898175, "0,2": 1.6076428712228044, "0,3": 1.7459506943420418, "0,4": 1.8920979877191755, "0,5": 1.4931883202978184, "0,6": 0.45040989817356136, "0,7": -1.9039847871816091, "0,8": 1.052242545185912, "0,9": 1.3315899903459005, "1,10": -0.48287529252880246, "1,11": -0.37096174625610434, "1,12": 0.5075386755915878, "1,13": 0.011528225085115196, "1,14": 1.625931734474487, "1,15": -1.067447924555219, "1,16": 1.5460218249869166, "1,17": 1.6705350811932456, "1,18": 1.4094800036760393, "1,19": -1.0334264004025062, "1,2": -0.3235334270572827, "1,3": 1.307961139498385, "1,4": -0.3617431525091286, "1,5": 1.8988069874533902, "1,6": -1.0024530394239024, "1,7": -0.014105537570427096, "1,8": 0.1374325089056243, "1,9": 1.620789707091423, "10,11": -0.26698444182961056, "10,12": 0.9814085682737184, "10,13": 1.0244778369375065, "10,14": -0.96765451703404, "10,15": -1.2258270521461707, "10,16": 1.5242856965901184, "10,17": 1.8517224931958647, "10,18": 0.7121214418301367, "10,19": 1.6711053166839132, "11,12": 0.7396562000780778, "11,13": 0.1285821067583277, "11,14": 0.7688826551100028, "11,15": -0.1585140881800009, "11,16": 0.06955398363472476, "11,17": -1.9665352191008525, "11,18": -0.2196872213191421, "11,19": 1.032065065206711, "12,13": 0.15620942581363773, "12,14": 1.322532703116286, "12,15": 0.904173486607708, "12,16": -1.6194859003206905, "12,17": -0.018368738852684086, "12,18": -1.3629252270960674, "12,19": 0.8868890456107996, "13,14": 0.8634969630314413, "13,15": -0.8262475166821837, "13,16": -0.5948680343597017, "13,17": 1.3379731933507593, "13,18": -1.296444110632859, "13,19": 0.9975962123831081, "14,15": -0.07920368240238052, "14,16": 0.5944215508798494, "14,17": -0.8744032219761149, "14,18": -1.3267068302625984, "14,19": -0.9491973982792099, "15,16": -0.8867393768032716, "15,17": -0.6079006333220391, "15,18": -1.87464676438156, "15,19": 0.10032436108334819, "16,17": -1.879978546109049, "16,18": 1.12955365942403, "16,19": -0.8518178662417211, "17,18": 0.4706836364811813, "17,19": 1.8580758335057248, "18,19": 0.5545022004990714, "2,10": -0.47455625203518315, "2,11": 1.8211162666318792, "2,12": 0.33007738305567313, "2,13": -0.13313540875386787, "2,14": -1.0829848187337978, "2,15": 0.6136513253766092, "2,16": 0.7903620993007614, "2,17": 0.5009035814459142, "2,18": -0.7709227031692079, "2,19": 1.0789909358367407, "2,3": -1.1508440717602628, "2,4": 1.8100618723440651, "2,5": 1.0458150231315035, "2,6": -0.766582692611157, "2,7": -0.6713127996615502, "2,8": 0.6362815048286903, "2,9": -1.425712111780467, "3,10": 0.3277192973553489, "3,11": 1.0947079033094882, "3,12": 1.401585796256728, "3,13": 0.5270876386429122, "3,14": 1.283472611449712, "3,15": 0.6602186038360953, "3,16": 1.444966019984681, "3,17": -0.07661924708325074, "3,18": 1.2254433624135475, "3,19": 1.2404145102262332, "3,4": 0.7936664178086121, "3,5": -0.913147319224251, "3,6": 0.06507765023935397, "3,7": -0.42066877748053066, "3,8": 0.7658274962189804, "3,9": -0.8346113583807733, "4,10": 1.4055239742410182, "4,11": 1.994548518402596, "4,12": -1.1363184000551865, "4,13": -1.6818158817312194, "4,14": 0.818648481599523, "4,15": -0.6763349239354581, "4,16": -1.4729952178927315, "4,17": -0.2921956765853513, "4,18": 0.27851302549831436, "4,19": -0.2133218002583308, "4,5": -0.7853134097303216, "4,6": -0.7663706179018321, "4,7": 1.239194590940361, "4,8": 1.4037751175392899, "4,9": -0.3400104188582769, "5,10": -1.97206303181741, "5,11": -1.7512334158937617, "5,12": 1.6259384864322142, "5,13": -0.9311370263770291, "5,14": -1.970569861807245, "5,15": -0.8722340752720315, "5,16": 1.865766520968775, "5,17": 1.170619976930888, "5,18": 1.2454221867504294, "5,19": 0.2955586737072724, "5,6": -1.6419568926381527, "5,7": 0.6679624220827654, "5,8": -1.8937481101280298, "5,9": 1.9517912374696014, "6,10": 1.1539559385384583, "6,11": 1.2296913512815308, "6,12": 1.1347539492672336, "6,13": -1.8386413482524122, "6,14": -1.5685992210543414, "6,15": 0.483387876063754, "6,16": 0.31173198342202646, "6,17": -1.4259993991181377, "6,18": -0.3714154787781334, "6,19": 0.19968600286406168, "6,7": -1.540127254427937, "6,8": -0.6386633400602899, "6,9": 0.4024587515872087, "7,10": 0.780645852287368, "7,11": -0.24563914847581314, "7,12": 0.674910605029797, "7,13": 0.05842342800689737, "7,14": 1.7235541335285522, "7,15": -0.43367001206760136, "7,16": -1.2976655512371784, "7,17": -0.8332156134105024, "7,18": -1.178754873528438, "7,19": -1.1543253531212292, "7,8": 1.8266632078500087, "7,9": 0.7244249360663875, "8,10": 1.9639054425706615, "8,11": -0.009716083450148627, "8,12": -0.23137050802977477, "8,13": 1.1283545868104583, "8,14": 0.25206397890066334, "8,15": 0.1871700368021343, "8,16": 0.22944192173092404, "8,17": 0.33403676637727564, "8,18": 0.12418870255647008, "8,19": -1.192706540187587, "8,9": -0.22735825633041307, "9,10": 1.9427141450897736, "9,11": 1.2601056974429867, "9,12": 0.24468530927352905, "9,13": -0.8911417449707963, "9,14": 1.0336680456292342, "9,15": -0.4244023999911324, "9,16": -0.2830804384256913, "9,17": -1.4480533638783508, "9,18": 0.34681564639964213, "9,19": -1.5341700207777156}, "bias": {"0": -0.8652685798191964, "1": 0.36681009514610374, "10": -0.15979346232268976, "11": 0.3980701055485134, "12": 0.05044857646619949, "13": 0.8896101232716371, "14": 0.13688228190053664, "15": 0.5625358044467856, "16": 0.9673224168851524, "17": -0.5603575217198382, "18": -0.6393933072470555, "19": 0.8345881782653772, "2": 0.5867978092001742, "3": 0.21642788361891974, "4": 0.6593368083096864, "5": 0.16974284350476498, "6": -0.8880195389990562, "7": 0.6927642038650108, "8": -0.5511404580137396, "9": -0.3271632532021256}}