{"Q": {"0,1": -0.2159753382193479, "0,10": -1.9460917128458686, "0,11": 0.1376522261379991, "0,12": -1.320647248994399, "0,13": 1.410876994437643, "0,14": 0.7050555076134155, "0,15": -1.255206428913489, "0,2": 1.4012096204354507, "0,3": 1.7287048967812768, "0,4": -0.9885640515006506, "0,5": -0.8513280990829517, "0,6": 1.205836750388912, "0,7": 0.8495105847393614, "0,8": 1.411639548301503, "0,9": 1.8335072810428947, "1,10": -1.0419654569704133, "1,11": 1.1262911777333633, "1,12": 1.8406751252570812, "1,13": -1.9914294998527993, "1,14": 1.9407596187365699, "1,15": 1.7734122902827494, "1,2": 1.4211212275493619, "1,3": -1.2821339290398996, "1,4": -1.1004023419350024, "1,5": 0.9749983562283839, "1,6": -0.6499706934511158, "1,7": -0.28965871805722987, "1,8": 0.44632938525664523, "1,9": 0.4701347981533073, "10,11": 1.3942793096551114, "10,12": -1.7448617819138357, "10,13": 1.7440505494105123, "10,14": -1.0136625657987386, "10,15": -1.8473573919560908, "11,12": 0.45994976704252055, "11,13": -1.3499406704593384, "11,14": 0.4283433099025791, "11,15": 0.9004282749557153, "12,13": -0.12818414428816238, "12,14": -1.5542436974420175, "12,15": -1.0004111676051863, "13,14": 1.6634681962240099, "13,15": 0.37983032090722535, "14,15": -0.7314069584355058, "2,10": -1.5866619719157087, "2,11": -0.8570063625267297, "2,12": 0.6823249595025369, "2,13": -0.7952516640419249, "2,14": -1.804834971821295, "2,15": 0.16906417250300043, "2,3": 1.6817487904074002, "2,4": 0.9589265030649741, "2,5": -1.2252913017257132, "2,6": 0.5319061994678913, "2,7": -0.14420827041487394, "2,8": -0.018687793113448592, "2,9": 0.5812289331883775, "3,10": -0.8268416476177447, "3,11": -1.0057902565628374, "3,12": 0.15373185743740425, "3,13": 0.5665659685346913, "3,14": -0.6439749359680627, "3,15": 0.6070735714558078, "3,4": -1.972971816946007, "3,5": -0.12418742664079563, "3,6": -1.149715170424611, "3,7": 0.33683910749434265, "3,8": -0.041321026037536956, "3,9": 1.0753155100974605, "4,10": 0.6832036589926687, "4,11": -0.1885609330593141, "4,12": -1.6847230117638068, "4,13": -1.9000549760624557, "4,14": -1.8201975631008223, "4,15": 0.6779638617164903, "4,5": -1.7563842558035812, "4,6": 0.5561566077108608, "4,7": -0.4473385058804067, "4,8": 1.547034389180689, "4,9": -1.0005586624845302, "5,10": -0.8849160471200914, "5,11": 0.15073784486968433, "5,12": 0.44417321246729813, "5,13": -1.288935183983225, "5,14": -0.599834607161525, "5,15": 0.3340030772163374, "5,6": 0.5080356397880226, "5,7": 0.06175627846275811, "5,8": 0.3496481991070106, "5,9": 1.7949597736139764, "6,10": -0.5932931270640811, "6,11": -1.326556844938799, "6,12": -0.5733419127859807, "6,13": -1.5282403652978465, "6,14": -0.94727124983884, "6,15": 0.5948891102358562, "6,7": 0.5691512451644636, "6,8": -1.6954109005052622, "6,9": 1.8284858621266773, "7,10": -1.2316590012948052, "7,11": -0.847204470610218, "7,12": -0.06923569405830188, "7,13": 0.2909941729742975, "7,14": 1.2757797358451985, "7,15": -1.5206571811164413, "7,8": 0.7034558602459393, "7,9": -0.9950268856125679, "8,10": 0.5567849377779956, "8,11": 0.7676354422463865, "8,12": 1.3871861940301167, "8,13": 1.2564314561558199, "8,14": -1.927343451811196, "8,15": -0.9649346730270385, "8,9": 0.8218330799760944, "9,10": 1.8604023982604332, "9,11": 0.03802399421950087, "9,12": -1.9556244011164932, "9,13": -0.9229847455891589, "9,14": -0.1652011922439538, "9,15": 0.05888882805183826}, "bias": {"0": 0.9224059123318766, "1": -0.9147811808704054, "10": -0.01858389855860798, "11": 0.8349028774100216, "12": -0.7665111291253144, "13": -0.35620458324068616, "14": 0.6016300611859957, "15": 0.31436141178208343, "2": -0.9993872860805475, "3": -0.5276144525846267, "4": 0.6414917929093582, "5": 0.5027061624917797, "6": -0.2827954301873854, "7": -0.7741359958557501, "8": 0.5707863397131894, "9": -0.15188517766713283}}