{"Q": {"0,1": -1.2625279099481372, "0,10": 1.001340274655397, "0,11": -0.40023987559050944, "0,12": -1.5651242379335275, "0,13": 0.5955762143198817, "0,14": -0.9102659754249811, "0,15": -1.7637877397260477, "0,16": 0.7020857454778451, "0,17": -0.679306095213851, "0,18": -1.8515754240312918, "0,2": -1.437715486787789, "0,3": 0.04845406767535243, "0,4": 0.9135867818095953, "0,5": 1.7615273855219344, "0,6": 0.33742847579759205, "0,7": 1.0278222424382744, "0,8": -1.3725226650409499, "0,9": -1.7414654788496189, "1,10": -1.575750410877744, "1,11": 0.6848815642846109, "1,12": -1.8134451175393482, "1,13": -0.5571789987294111, "1,14": -1.0098312249942039, "1,15": -1.088972818224713, "1,16": 0.26899428185976726, "1,17": -1.5401655557968637, "1,18": 0.12546090159552392, "1,2": -1.6612804193476025, "1,3": -0.2490696893559483, "1,4": -1.8256224811972834, "1,5": -0.42606026465220603, "1,6": 0.2531305964603856, "1,7": 1.8645818465483535, "1,8": 0.9597957346853305, "1,9": -1.3466469412229873, "10,11": 0.8506021462763202, "10,12": -1.1777462231098852, "10,13": -0.8333207250240711, "10,14": -0.7099121389853025, "10,15": 1.6218059005301035, "10,16": -1.9891794666555356, "10,17": -1.7337868711845759, "10,18": 0.854753899884682, "11,12": 0.7913540304421711, "11,13": -0.7678673842001018, "11,14": 1.9438028474770093, "11,15": -1.1029266293685898, "11,16": -0.24814701193293276, "11,17": -0.13199442391471594, "11,18": -1.4674306806839286, "12,13": -1.805380440648503, "12,14": 0.1389702601741205, "12,15": -1.2121203356190757, "12,16": -0.10029261703018388, "12,17": -1.3974208032045503, "12,18": -1.9351656993698092, "13,14": -0.9727658291571233, "13,15": -0.23482540915849937, "13,16": -0.30349947908924024, "13,17": 1.015009919739061, "13,18": -1.193127272601576, "14,15": -1.9476792287758524, "14,16": 1.2989505830570063, "14,17": -0.5307663168746815, "14,18": -0.5177653311292141, "15,16": 0.74995487906993, "15,17": -1.120596223281101, "15,18": -1.19789198318158, "16,17": 0.030079488272853006, "16,18": -1.0433658119952032, "17,18": -1.8313815385213186, "2,10": 0.1827001808995634, "2,11": -1.525612602589471, "2,12": 1.482387798984929, "2,13": 0.2675303985006474, "2,14": 1.1701231480998104, "2,15": -1.4161633981718809, "2,16": -0.11597707509484234, "2,17": 0.19921254324287707, "2,18": 1.7988829337048302, "2,3": 1.400289382929341, "2,4": -1.6909601120070237, "2,5": 0.4234455376474737, "2,6": 0.5040258422491766, "2,7": -1.7072073615415917, "2,8": -0.8168773813748968, "2,9": -0.3549487690827009, "3,10": -0.5617341451069007, "3,11": 1.4211730912166645, "3,12": 0.6692907136653714, "3,13": 1.1338050042586696, "3,14": -1.955944035287625, "3,15": -0.6854777540322177, "3,16": -1.9385172920076004, "3,17": -1.671496171391416, "3,18": 0.48094597738860534, "3,4": 1.8695262296272745, "3,5": -1.8870636767585447, "3,6": -0.8744989694025724, "3,7": 1.3777422982313543, "3,8": -1.4398115472644548, "3,9": 1.3544969245073517, "4,10": -1.6260449799520047, "4,11": 0.6225733525086672, "4,12": 1.578802488075206, "4,13": 1.850621895355172, "4,14": -1.4753847093247257, "4,15": -1.6089801672914308, "4,16": -1.9097203577277932, "4,17": -0.14403456225260802, "4,18": -0.001620970422630652, "4,5": 1.652280586188601, "4,6": 0.7312355460912858, "4,7": 1.9606454830331255, "4,8": -0.27143783932754983, "4,9": 1.6176337728803611, "5,10": 0.528826553622721, "5,11": 0.7688845317240167, "5,12": -1.0702082394195434, "5,13": 1.7042523504034959, "5,14": -1.0904828038019838, "5,15": 1.3943904136045355, "5,16": -1.2786513152578918, "5,17": 0.29054703648388536, "5,18": -1.7293230588451785, "5,6": 1.8827909360416504, "5,7": -1.4806731312487833, "5,8": 0.4951356615613016, "5,9": 0.7103458977119637, "6,10": 1.4463298986962205, "6,11": 1.1880612933938335, "6,12": 0.7115924368704207, "6,13": 0.5456630828836464, "6,14": -1.050012079025206, "6,15": -1.6102658210829808, "6,16": -0.5451246017447828, "6,17": -1.5439607016310992, "6,18": -1.7764433495195346, "6,7": 0.18633670604686703, "6,8": 0.792889593277665, "6,9": -0.49085430830871646, "7,10": -0.15913987061311063, "7,11": 0.7647862847655937, "7,12": -0.2048044379260272, "7,13": 0.7971339801772266, "7,14": -1.660666754760796, "7,15": -1.9824986320915272, "7,16": -0.5132717594847338, "7,17": 0.46793036002086863, "7,18": -0.28504029248525775, "7,8": -1.3910254437814062, "7,9": 1.9094130974959693, "8,10": -0.013170803042062751, "8,11": 0.02023773709971044, "8,12": -0.32870252566917246, "8,13": 1.2209204952704762, "8,14": -0.4800277532955599, "8,15": 1.4602249161601728, "8,16": -1.2451580638722346, "8,17": 1.0381243536215154, "8,18": 1.4796273450549928, "8,9": -0.43201877527369303, "9,10": -0.1957019244328735, "9,11": -1.4976896599474463, "9,12": 0.6373846916421697, "9,13": 1.655107275918633, "9,14": 0.5603117502173149, "9,15": -1.0898091580935891, "9,16": -0.9578848281865824, "9,17": -0.11208848910652058, "9,18": -0.38875273514034214}, "bias": {"0": 0.310845830682958, "1": -0.5103150584617924, "10": 0.3165917716002966, "11": -0.2001761355658449, "12": -0.43916845326874143, "13": 0.9152225953094044, "14": -0.9599372333008411, "15": 0.012804708797280684, "16": -0.7890240694972308, "17": -0.7895193771526312, "18": 0.07696203822010195, "2": 0.09024446094316052, "3": -0.3739208102369709, "4": 0.29967996154751764, "5": -0.6814491608185209, "6": -0.5865817836542189, "7": -0.06070507308166828, "8": -0.1998243300517939, "9": 0.514236798850169}}