{"Q": {"0,1": -0.7432663521012284, "0,10": -1.7487454275956336, "0,11": 1.9285337619801952, "0,12": 0.7754255912028629, "0,13": 0.801478354457644, "0,14": 1.8028521335722396, "0,2": 0.15017845619954873, "0,3": -1.4185045923547301, "0,4": 1.7442156981079417, "0,5": -1.6197830725836613, "0,6": 1.482622458724244, "0,7": -0.7423775932052044, "0,8": -1.8669664718158479, "0,9": -1.49737413214572, "1,10": -1.3055939540031214, "1,11": 1.4469217457639965, "1,12": -1.3829032263169787, "1,13": 1.0573831261893836, "1,14": -0.9859538660308806, "1,2": -0.010409823921663452, "1,3": 0.8270034651764346, "1,4": -1.6057620970551656, "1,5": -0.325751836341551, "1,6": -1.1273891399354907, "1,7": 0.771356344003153, "1,8": -1.7450927556178533, "1,9": -0.13080981387298563, "10,11": -0.5777614071495303, "10,12": -1.299377313579242, "10,13": 0.7151631988409344, "10,14": 1.621137188733134, "11,12": 1.8531015094317662, "11,13": 1.7153158993075035, "11,14": -0.44124736463187686, "12,13": -1.7834032323109135, "12,14": 1.1780991210909724, "13,14": -0.23641418062842146, "2,10": 1.8269700087591803, "2,11": -0.3192070513748284, "2,12": -1.8133468042878227, "2,13": 1.0200568415991875, "2,14": -0.8847625201586298, "2,3": -0.40042647924339025, "2,4": 1.7989937326294583, "2,5": -1.7863079801304833, "2,6": 1.5875056895713793, "2,7": -0.32460080444364703, "2,8": -0.5035280192351443, "2,9": 1.1065719491872081, "3,10": 0.3065229583550213, "3,11": -1.702802635153509, "3,12": -1.2507093042158615, "3,13": 1.7507097333839763, "3,14": 1.124463973584596, "3,4": -0.27069946604385997, "3,5": 0.8152383601587734, "3,6": -0.7102527626107671, "3,7": 1.4480901043493701, "3,8": 1.530980517403147, "3,9": 1.2908277220904512, "4,10": -1.8487925697031575, "4,11": 0.06744167748035856, "4,12": -0.9912998303154437, "4,13": 1.7667112880834464, "4,14": 1.2518516499085575, "4,5": -1.9055204301381408, "4,6": -1.2147829330942526, "4,7": 0.9183211520934202, "4,8": 0.8434812209130076, "4,9": 0.2141299360570308, "5,10": 1.2027272172906573, "5,11": 1.7075283646456607, "5,12": 1.5547057610185364, "5,13": -0.42547310266830163, "5,14": -1.8259022771561808, "5,6": -0.8619084730062001, "5,7": 0.2060074863128909, "5,8": -1.1548764583752043, "5,9": 0.9945875300637321, "6,10": -0.4816474519481537, "6,11": 0.9297999959713423, "6,12": 1.2132076890574295, "6,13": -1.3774282278895034, "6,14": 1.5255190374207963, "6,7": 0.7579540820210466, "6,8": 0.35329815542706067, "6,9": -1.700151636585785, "7,10": 0.4500045462800428, "7,11": -1.3064424027442039, "7,12": 1.8451113228737457, "7,13": 1.1452247263075184, "7,14": 1.6950587811821585, "7,8": 1.4261430638486674, "7,9": 1.2727143934017544, "8,10": -0.9795962216373266, "8,11": 1.8374456730477555, "8,12": 0.7693228492544204, "8,13": 0.9569807933244583, "8,14": 0.7038928404052971, "8,9": 0.5706071368849148, "9,10": -0.23244052101265789, "9,11": 1.6499616342440997, "9,12": 0.9018238046221896, "9,13": -1.0398321661544632, "9,14": -0.2905307854959016}, "bias": {"0": -0.228971941925721, "1": 0.5433163669122933, "10": 0.172448551055977, "11": 0.013927819035725486, "12": 0.4513045994607272, "13": -0.5530473806020957, "14": -0.21736102896252119, "2": -0.3991224593759193, "3": -0.31111180747060607, "4": -0.7309933870531657, "5": -0.809276825605598, "6": 0.7885173396442617, "7": -0.03393221230834853, "8": -0.3519269175572777, "9": -0.955396068459827}}