{"Q": {"0,1": -1.4463809664536287, "0,10": -0.2724814730717364, "0,11": -0.25547445088529974, "0,12": 0.7253465175084313, "0,13": -1.5241119760567083, "0,14": 0.7894894479788617, "0,2": -0.20053100376800215, "0,3": -0.5394444448010893, "0,4": 0.6881361261820715, "0,5": -0.8346555562331992, "0,6": 1.5504294277856965, "0,7": 1.4363971130017896, "0,8": -0.5883207409579576, "0,9": 0.24211524445489196, "1,10": -1.730815757075789, "1,11": -0.3347166661860932, "1,12": -0.9549672813783046, "1,13": -0.326692024427341, "1,14": -0.35108488533416526, "1,2": -1.2064701488322034, "1,3": -0.2812103966072481, "1,4": 1.6137896013463493, "1,5": 1.981148610391319, "1,6": -0.8645071788166798, "1,7": -0.4295972546477036, "1,8": -1.842296846834894, "1,9": 0.8588299592933244, "10,11": -0.09874587817150626, "10,12": -1.311382061116464, "10,13": 1.9073329228880604, "10,14": 1.3615470279726365, "11,12": 1.1291380696990063, "11,13": 1.061557780650948, "11,14": 1.8483798645867968, "12,13": 0.689491868613318, "12,14": 1.7150365356531916, "13,14": -1.4390166553537949, "2,10": 0.14026304705248593, "2,11": 0.4803537445748298, "2,12": 0.013817790485715964, "2,13": 0.006525072890358974, "2,14": -1.5006564843432377, "2,3": 1.3416017525096522, "2,4": -0.35391100856092184, "2,5": -1.9827777146382153, "2,6": -0.35816908764823063, "2,7": 1.8364486338383639, "2,8": 1.3919276651817118, "2,9": 1.785518753900973, "3,10": 0.9784333911043661, "3,11": 0.33032491592186375, "3,12": -0.04722863343006711, "3,13": 1.644859124433132, "3,14": -0.7575479019816274, "3,4": 0.5297678332881808, "3,5": 0.29606807836495896, "3,6": -1.447097308035095, "3,7": 0.1115623628759197, "3,8": 0.1152004939876381, "3,9": -1.640003398142158, "4,10": 1.034531069516956, "4,11": -0.9168856764118796, "4,12": -0.5870254409005655, "4,13": -0.6466319550295037, "4,14": 1.028818039358843, "4,5": 0.8919310515132564, "4,6": -1.7279888858194834, "4,7": 0.3610016038497026, "4,8": 1.7999607337982013, "4,9": -0.07946171519816625, "5,10": 1.8852969812870821, "5,11": 0.7876773289834524, "5,12": 1.2756122162143444, "5,13": -1.76733252060028, "5,14": -1.8709604254396197, "5,6": 1.9924451392785367, "5,7": 1.3719035873353524, "5,8": 0.00618846893256686, "5,9": 0.025342117911164586, "6,10": -1.4276589510251898, "6,11": -1.4520172219799372, "6,12": 1.4985805838388284, "6,13": -1.8545405639214447, "6,14": -1.1150314456057373, "6,7": -1.5000886642481062, "6,8": 1.5707427341047975, "6,9": -1.8877365705371072, "7,10": 1.2637608480292268, "7,11": 0.8794436364756462, "7,12": -0.33579574827166425, "7,13": 0.7517373713058393, "7,14": 1.9485791632351437, "7,8": -0.764362273767071, "7,9": -0.03149122820669481, "8,10": 1.6202961148972772, "8,11": 0.14450797070787624, "8,12": -1.439996761288353, "8,13": 0.3659182065301172, "8,14": -1.6369671405985051, "8,9": 1.2613315812497938, "9,10": -1.449568731141289, "9,11": -0.5794200289797131, "9,12": -0.8646242562291482, "9,13": 1.464249784434438, "9,14": -1.1100700462359923}, "bias": {"0": 0.610981333981774, "1": 0.04305324576629177, "10": 0.32508302599377803, "11": 0.5029441052654673, "12": 0.8130628971794072, "13": 0.5292116250671688, "14": 0.2702872035536279, "2": -0.5377460724915453, "3": -0.03475714342851477, "4": 0.9679410702332225, "5": -0.6981954150902738, "6": 0.31521918022920614, "7": -0.22263466608236548, "8": -0.49635310781330766, "9": 0.06499051890889285}}