{"Q": {"0,1": 1.6166836831535858, "0,10": -0.13748124981833154, "0,11": 1.498822585964303, "0,12": -1.4071183065128534, "0,13": 0.898583803251916, "0,14": 1.448042171601588, "0,15": -0.24758359555863318, "0,2": 1.6427916789634414, "0,3": -1.4031045139300256, "0,4": -1.1494190740275436, "0,5": -1.3947799953670632, "0,6": 1.3872799889195742, "0,7": -1.1050375465211029, "0,8": -0.9893528212331271, "0,9": 1.418885256569284, "1,10": -1.051666117959531, "1,11": 1.880492380761368, "1,12": 0.37951530539418776, "1,13": -1.1463916834273236, "1,14": 1.8872683621526996, "1,15": -1.2146179541711066, "1,2": 1.736726048219181, "1,3": -1.289541107683568, "1,4": 1.3142350247847205, "1,5": -0.30525627942167954, "1,6": -1.740914679101952, "1,7": -0.5776366093142169, "1,8": 1.1290740871921665, "1,9": -1.6506871140836612, "10,11": -1.5585036965548569, "10,12": -1.208375261393492, "10,13": 1.0508766822841187, "10,14": 1.5257260197095373, "10,15": 0.29494560710192186, "11,12": -0.287020567965929, "11,13": 1.41833336636053, "11,14": 0.5941750597525628, "11,15": 0.36750794230827966, "12,13": 0.4549798248009984, "12,14": -1.801681305479165, "12,15": -1.2857274052438776, "13,14": -0.6786872710186569, "13,15": -1.8923971054959319, "14,15": 1.1064449091360213, "2,10": 0.7713766643040905, "2,11": 0.40220092775388583, "2,12": -0.44614335313033004, "2,13": 1.1864225146458178, "2,14": -1.8290554061106672, "2,15": 0.28808281672203107, "2,3": -1.0245803166686214, "2,4": -1.0746164789402197, "2,5": -1.1460519473875088, "2,6": 0.19947442129685333, "2,7": -1.3768704612028686, "2,8": -1.7683873065557036, "2,9": -0.02664698085414141, "3,10": 1.041160033157908, "3,11": -1.9892339940061414, "3,12": 0.31726846383435836, "3,13": -0.5717060925097424, "3,14": -0.10405856267155533, "3,15": -0.44639898361709607, "3,4": 0.8814047311621098, "3,5": -1.5602473054515995, "3,6": 1.0466648865363428, "3,7": 1.2082527160026841, "3,8": -1.3107853457585161, "3,9": 1.3766587623252762, "4,10": 1.155604790524241, "4,11": 1.7382329180256209, "4,12": -1.3150930290017189, "4,13": -1.5084996827327206, "4,14": -0.6879146377668985, "4,15": 1.810309989450119, "4,5": -0.14069693967439356, "4,6": 1.875839672953738, "4,7": -0.45550483668202446, "4,8": 1.3921275515401579, "4,9": -0.3067953131815475, "5,10": 0.42421613222940646, "5,11": 0.6254080462459517, "5,12": -1.3465680233083819, "5,13": -0.767510606113269, "5,14": 1.0323732987126841, "5,15": -1.7705878983228507, "5,6": 1.4547781522908583, "5,7": -1.3497159902351847, "5,8": -0.0658469150426626, "5,9": 0.17472027291788006, "6,10": -0.5587020612242797, "6,11": 1.9317565548417721, "6,12": -0.1586460236293199, "6,13": -0.5938087120777289, "6,14": 1.652650264174953, "6,15": -1.851583574240447, "6,7": 0.5533753848613268, "6,8": 0.3100197637231479, "6,9": -1.8136806265643135, "7,10": 1.7271739253476222, "7,11": -1.7907884364243873, "7,12": 1.8451656466414446, "7,13": -0.7029646878345748, "7,14": 0.2677026529544344, "7,15": -1.8013743169377308, "7,8": -1.1225056769200976, "7,9": 0.23713205662120806, "8,10": -1.1770141106113452, "8,11": -0.36616787243959115, "8,12": 1.3696840657689338, "8,13": 1.212019250322078, "8,14": 0.871647293491391, "8,15": -1.158611906965627, "8,9": 0.4303994368920798, "9,10": -1.2829286359631538, "9,11": 1.0591712279720693, "9,12": 1.003977899803747, "9,13": -0.11232315927396863, "9,14": 1.6113186232871124, "9,15": 1.112697957046621}, "bias": {"0": -0.39897542313134027, "1": 0.6022227254271479, "10": -0.7482991657330824, "11": -0.38583717951366436, "12": 0.5118439610807353, "13": -0.03521201860474332, "14": -0.6933579150382512, "15": 0.189551091269768, "2": -0.9043523288024637, "3": 0.937774791713569, "4": 0.8339771391755466, "5": -0.5951544400496089, "6": -0.04062108354499627, "7": -0.1088961761148377, "8": -0.21995215913831156, "9": -0.005547283220753041}}