{"Q": {"0,1": 0.21877004089944707, "0,10": 0.029156842239745018, "0,11": 0.8993382728883184, "0,12": 1.583301948371136, "0,13": 0.6090582935605808, "0,14": -0.4064633153466941, "0,15": -1.5466607542161608, "0,16": 1.9908215120369501, "0,2": -0.7151468475050269, "0,3": 0.09825622971976777, "0,4": 1.594190672614896, "0,5": 0.1847687464453016, "0,6": 1.7253209511166592, "0,7": 0.6590402439551655, "0,8": -1.9804507141313321, "0,9": 1.326741243673252, "1,10": 1.5225279765430648, "1,11": 1.5369896997747818, "1,12": -0.7314600502084798, "1,13": -1.2768497121712779, "1,14": -0.6128293548914656, "1,15": 1.5958168298245394, "1,16": -1.8618790280853927, "1,2": -0.30444297538832066, "1,3": -0.8095677008945703, "1,4": 1.7127312885888313, "1,5": 0.15999116135301206, "1,6": 0.8332645486012269, "1,7": 0.25821279673827524, "1,8": 0.6460820955562383, "1,9": -0.12459352567458737, "10,11": -0.3692875365440642, "10,12": -0.2865679528111418, "10,13": -1.8896955857983246, "10,14": 0.3062234087069733, "10,15": 1.767147832188713, "10,16": 0.9247901209737783, "11,12": -1.269544221921115, "11,13": 1.2617617022844256, "11,14": -1.2964669846735593, "11,15": -0.7309053162653503, "11,16": 1.5889328655164152, "12,13": 0.8905831845788925, "12,14": 1.4724863790443208, "12,15": -1.6321604157284266, "12,16": -0.5843372952840862, "13,14": 0.7553587519454994, "13,15": -0.10056087678524328, "13,16": -0.2524821205832435, "14,15": 1.0160022811230385, "14,16": 0.19473184760901363, "15,16": -1.5750881876423604, "2,10": 1.9021435969448137, "2,11": -1.4697505643986584, "2,12": 0.8817529533325978, "2,13": 1.8995572863835704, "2,14": -1.6122944847089493, "2,15": 0.07407644684187353, "2,16": 0.8636249756738499, "2,3": -0.5623939558914848, "2,4": -0.6695971908501308, "2,5": 0.6148435459472341, "2,6": -1.4881938877211138, "2,7": -0.48290394269718284, "2,8": 0.6434226116118662, "2,9": 1.5188794987545235, "3,10": -1.270320623417037, "3,11": 0.28690473238346126, "3,12": 0.0599099663884366, "3,13": -0.6054118152059864, "3,14": 0.49294616595566465, "3,15": -1.1465737809165497, "3,16": 0.58187537312376, "3,4": -0.3837131722962628, "3,5": -0.6980147375839731, "3,6": 1.7309286561816482, "3,7": 0.3109815996027363, "3,8": -0.388590594793361, "3,9": 0.14456825160229503, "4,10": 1.065231300516543, "4,11": -1.1565848159906449, "4,12": 0.3963449569429667, "4,13": -1.6872548074542526, "4,14": 1.8493179361734522, "4,15": -1.6883728735111507, "4,16": -1.9245900234458597, "4,5": -0.5472671707230936, "4,6": -0.11386087842629333, "4,7": -1.1307463154217157, "4,8": -1.0609075693464254, "4,9": 0.5384177040714024, "5,10": -0.002953586292039123, "5,11": 1.2736236289439264, "5,12": -0.19002882268872234, "5,13": -0.015351402039727624, "5,14": -1.059035414877802, "5,15": -1.8321337214009072, "5,16": 1.838409967525385, "5,6": -0.028229615543262643, "5,7": -1.9180244616296167, "5,8": -0.687995595787608, "5,9": 0.600461659092848, "6,10": 1.9211128283344006, "6,11": 1.1351291156309, "6,12": 0.5456234225705918, "6,13": 0.6430567670956187, "6,14": 1.1891112695920758, "6,15": -1.3808397258646563, "6,16": 0.15962936856123244, "6,7": 0.6788144929892228, "6,8": -1.6417018015327138, "6,9": -1.0406017591435544, "7,10": 0.03583446601552076, "7,11": -1.5085360830740404, "7,12": 0.015550898566548899, "7,13": 1.4955281135593834, "7,14": 1.3236028909202857, "7,15": -1.9201571373238897, "7,16": -0.5758829770184555, "7,8": 1.251825331622757, "7,9": -0.6056362567249942, "8,10": 1.5642352852566153, "8,11": -1.862215535433947, "8,12": 1.248722188115483, "8,13": -0.7249208762593282, "8,14": -0.5274590279229052, "8,15": 0.5098172694556311, "8,16": 0.6530939734143342, "8,9": -0.33539690158636537, "9,10": -1.8201955967544738, "9,11": 1.6098059453715368, "9,12": 1.2197737699404732, "9,13": -0.9980499871434674, "9,14": 0.3857292988535299, "9,15": -0.0728148613871813, "9,16": 0.7935359373332793}, "bias": {"0": -0.6775619162308295, "1": 0.30082727012086474, "10": 0.5752811615310613, "11": -0.8644727895552642, "12": 0.34276538914459476, "13": 0.0010417911068612007, "14": -0.4816329830900996, "15": 0.010120623288131236, "16": 0.8415271873520014, "2": 0.9471907668858952, "3": 0.0861077753593682, "4": 0.32231247723134215, "5": -0.6114146349647316, "6": 0.5482170252123046, "7": 0.6851105566674347, "8": 0.2836584681721932, "9": 0.9347480900096357}}