{"Q": {"0,1": -0.23301882041926048, "0,10": 1.6690396225003479, "0,11": -1.4585454747260926, "0,12": -1.2162937469789044, "0,13": 1.510034657270873, "0,14": 1.442664484358061, "0,15": 1.7617679005327647, "0,2": 1.4621514785167702, "0,3": -1.1316461503297406, "0,4": 1.6451736800197385, "0,5": -0.506317984269061, "0,6": -1.451106726801069, "0,7": -0.7497313877444971, "0,8": 0.801714524519249, "0,9": 0.5321675613095653, "1,10": -0.7842194129006588, "1,11": -0.026316888393502325, "1,12": 1.6560757572053042, "1,13": 1.2421322966068975, "1,14": 1.0737617266887294, "1,15": -0.36117221416814305, "1,2": -0.4060144132827066, "1,3": -0.5662615734742666, "1,4": -0.28270326822305414, "1,5": -0.34435568470603295, "1,6": 0.902988956884371, "1,7": -1.279174597977804, "1,8": 0.32328077783719733, "1,9": -1.0774022487888613, "10,11": 1.1455326107555468, "10,12": -0.865533278333932, "10,13": 0.29043089593226235, "10,14": -0.5740293994710837, "10,15": -0.28161881634740293, "11,12": 1.9516672241815844, "11,13": -1.3030654600561822, "11,14": -1.0120070738511218, "11,15": 1.8474917111764109, "12,13": -0.19517067847021297, "12,14": 0.8331827287341609, "12,15": 0.43215854614141014, "13,14": -1.3903060762967008, "13,15": 0.49961243553874635, "14,15": 0.26979791837712996, "2,10": -1.7506486832148593, "2,11": 1.4396531352316977, "2,12": -0.6087233120892175, "2,13": -0.8253984262141039, "2,14": 0.7911358006404559, "2,15": 1.6539813828229364, "2,3": 1.0705131129284253, "2,4": 1.1521735998854479, "2,5": 0.4683453095851582, "2,6": -0.23058679702738427, "2,7": 1.2945196607093652, "2,8": -1.9953185006743417, "2,9": 1.8175956085418772, "3,10": 0.28305058644851266, "3,11": -0.9201942244369543, "3,12": 0.07563535452783832, "3,13": 1.3017226211345, "3,14": 1.5076855037256287, "3,15": 0.25997143065487327, "3,4": -1.7559988979463914, "3,5": -0.8300297093500264, "3,6": 1.3949087631021766, "3,7": 0.11703281975045066, "3,8": -0.9688411958424159, "3,9": -0.7343872016070856, "4,10": -0.7661683873789782, "4,11": -0.12625860542765777, "4,12": -0.10826918029165178, "4,13": 0.594044720127584, "4,14": 0.25507369812328484, "4,15": 0.6256163071387943, "4,5": -0.25904606178438794, "4,6": 1.2127944332575868, "4,7": 0.13841752704192167, "4,8": 0.02433705725279678, "4,9": -1.1908224462024508, "5,10": 0.14490738190100005, "5,11": -1.5886846633906644, "5,12": -0.9739108696439462, "5,13": -1.174949643798243, "5,14": 0.017431799434773243, "5,15": -0.014461200205201585, "5,6": -0.97799836292074, "5,7": -0.5514163440490805, "5,8": -0.17108798483223797, "5,9": 0.031900825596827165, "6,10": 0.5686093604391567, "6,11": -1.501736493696491, "6,12": 0.18582979114690978, "6,13": -1.60652576987507, "6,14": -1.3258724329609515, "6,15": 1.7712801878114988, "6,7": -1.0886905815611465, "6,8": -1.4415994209706624, "6,9": 0.342564374614188, "7,10": 1.893481512967679, "7,11": 1.9391786859174265, "7,12": -0.2652622271449978, "7,13": 1.9721902047342144, "7,14": -0.44621376196943574, "7,15": 0.5093551956027782, "7,8": -0.5973931903625767, "7,9": 1.54275985738668, "8,10": 0.15106973517666145, "8,11": 0.04057997222143683, "8,12": -1.5521252650589505, "8,13": 1.3739684925539524, "8,14": 1.4025612485390297, "8,15": -1.3448551118167273, "8,9": 1.8019568013551641, "9,10": 0.9808683493068431, "9,11": 0.8939600947689708, "9,12": 0.9937814437418715, "9,13": 1.9023285300682273, "9,14": -0.2279290414164099, "9,15": 1.2370137023445342}, "bias": {"0": 0.34865435925567634, "1": 0.09229471217372032, "10": -0.2867679646909673, "11": 0.48520841001977577, "12": -0.6628949600182894, "13": -0.22431866516217802, "14": -0.9023215340826716, "15": -0.841753412454169, "2": 0.7608574372162362, "3": 0.8588094060106977, "4": -0.3544406679136167, "5": 0.5474923600972161, "6": 0.7871997691837829, "7": -0.1456030744136967, "8": 0.5885404823558156, "9": -0.621211174156012}}