{"Q": {"0,1": -1.1420761643773694, "0,10": -1.232545863223646, "0,11": 0.9730109239628613, "0,12": 0.07874255097592764, "0,13": 1.6572622944619915, "0,14": -0.29930505231577387, "0,15": 1.4882275918581676, "0,16": 1.1489592376410411, "0,17": -1.3365587386724922, "0,18": -1.1634753948533048, "0,2": -0.005360099249065886, "0,3": -1.0874084263002395, "0,4": 1.9947298849302562, "0,5": -1.214257557679281, "0,6": -1.2932169668726474, "0,7": -1.9086449051367418, "0,8": -1.5716128935887888, "0,9": 0.24602802787709743, "1,10": -0.48063904608651775, "1,11": 0.2109366462222626, "1,12": 0.7189442884375721, "1,13": 0.710815848568128, "1,14": 1.3884315944835586, "1,15": -1.5021597357462793, "1,16": -0.7571960554302288, "1,17": 0.5385557473236711, "1,18": -0.2969292872378775, "1,2": 1.1699655040094696, "1,3": -0.3520116240939233, "1,4": -1.0066700384467921, "1,5": 0.6876582817008181, "1,6": 1.9807792368190733, "1,7": 1.497080064741715, "1,8": 1.627109233157705, "1,9": 0.7266162318142886, "10,11": -0.006148330928286594, "10,12": -0.37085353235374674, "10,13": -0.08092491429659043, "10,14": 0.6365140376136007, "10,15": 1.9298174903976313, "10,16": 0.3496471745957379, "10,17": 0.36747544915534824, "10,18": -0.6605531009347199, "11,12": 1.9663135160416814, "11,13": 1.327894091934263, "11,14": 1.7088329122406196, "11,15": 0.5308382628045849, "11,16": 0.2731831172261545, "11,17": -1.4698201703032718, "11,18": -0.6055604407278321, "12,13": -1.9022437521462554, "12,14": -0.5411911861043555, "12,15": -0.49740899589758136, "12,16": 1.677465513121648, "12,17": -0.9666952024551594, "12,18": 1.7311600060551426, "13,14": -0.14265707217570656, "13,15": 0.8254081725884586, "13,16": -1.8564288511280727, "13,17": -1.2788737876856566, "13,18": 0.13428284883406816, "14,15": -0.5011412961450663, "14,16": -1.34430993741482, "14,17": -0.7094607529182144, "14,18": 1.6480171951809583, "15,16": 0.9637052626026308, "15,17": -1.994273698164763, "15,18": -0.8109693622569711, "16,17": -1.5900424418465486, "16,18": 0.23039958195811838, "17,18": 1.1466961768494177, "2,10": -0.19120730641432804, "2,11": 1.648735880300063, "2,12": -0.535782242453104, "2,13": 1.7345239838201696, "2,14": 1.9216558762202571, "2,15": 0.1855077980553861, "2,16": 1.212010014973449, "2,17": 0.6400675500537889, "2,18": -0.6326489478647539, "2,3": 0.02708483315163024, "2,4": -0.2978673650968098, "2,5": -1.7360735428283935, "2,6": 1.606876381506119, "2,7": -1.8434249290249172, "2,8": 0.055528342513057716, "2,9": 0.8634804760961838, "3,10": -1.521895494946227, "3,11": -1.694424669734179, "3,12": 1.7570890551661194, "3,13": -1.7851426189522708, "3,14": 1.533534367078241, "3,15": -1.2984094120384415, "3,16": -1.0860151483680234, "3,17": 0.7097350811923175, "3,18": -1.9508764797317606, "3,4": -1.4592517944228942, "3,5": 0.6711276848320762, "3,6": 1.765188810118397, "3,7": 0.7782425182812629, "3,8": 0.34377075814698843, "3,9": 0.17295037687080494, "4,10": 0.9617222910209104, "4,11": 0.47249684387991575, "4,12": 0.32089788361813554, "4,13": 1.5626029150451695, "4,14": -0.6946412486840119, "4,15": 1.2182449672887445, "4,16": -0.9119301765021341, "4,17": -0.4427362058935529, "4,18": -0.19365096874978027, "4,5": -0.5723045949822128, "4,6": -1.7895795048140717, "4,7": 1.2430294581443415, "4,8": -1.5932833486130424, "4,9": 1.4194458576286948, "5,10": -0.5356766398351169, "5,11": -0.6854840107660087, "5,12": 1.2908168593287508, "5,13": 0.6941869414505342, "5,14": 0.5392966157425563, "5,15": -1.3475209834210844, "5,16": -1.1690895559571368, "5,17": 0.357610692273751, "5,18": 0.8700138925936964, "5,6": -0.47400066162901, "5,7": 1.977427931781476, "5,8": 1.0198650375428477, "5,9": 0.47591463363633846, "6,10": -0.27650056543496593, "6,11": -1.912237733031155, "6,12": 0.3898293062735103, "6,13": 0.5382571841660346, "6,14": 1.062012979107727, "6,15": 0.6244281814694164, "6,16": -1.2607485662667979, "6,17": -0.49195993980785024, "6,18": -0.10333571115624496, "6,7": 1.496182512648677, "6,8": -0.9877630783747473, "6,9": -1.9051383439006226, "7,10": -0.6622754085028375, "7,11": -0.4520214298858187, "7,12": 0.9577858597334008, "7,13": 1.7736898342512246, "7,14": -1.5574532051418704, "7,15": 1.3186284012003302, "7,16": 1.5847242520777667, "7,17": -1.4232747193013116, "7,18": -1.6216509624757474, "7,8": 0.9470248602967795, "7,9": -1.6588168208057499, "8,10": -0.49901266832257507, "8,11": -1.4507703539930006, "8,12": -1.508083846628474, "8,13": 1.6602607033946262, "8,14": 0.7753118178246621, "8,15": -1.2294243822934718, "8,16": 1.3991665511804938, "8,17": -0.6550535715208894, "8,18": -0.6441593702557022, "8,9": -1.0108230963660154, "9,10": 1.698872326351005, "9,11": -0.4608314580172399, "9,12": -0.9685289054123487, "9,13": -0.34950742648763855, "9,14": 1.8369752474871763, "9,15": 0.741410002386794, "9,16": -0.1845896800425999, "9,17": 1.7455873352794269, "9,18": 1.477635043267422}, "bias": {"0": 0.09890556994344757, "1": -0.9298764371148651, "10": -0.934988097443961, "11": -0.5478928599090171, "12": -0.2491812828801876, "13": -0.858193150360766, "14": -0.2976550935170732, "15": 0.17443187696414086, "16": -0.33119616702216104, "17": 0.800215451389976, "18": -0.537792494070295, "2": 0.6171015548576839, "3": -0.5307699678199829, "4": -0.9393195784946853, "5": -0.6424589616777363, "6": -0.06450690044788421, "7": -0.2706089387798907, "8": -0.12451127560561859, "9": -0.3955414441353313}}