{"Q": {"0,1": 0.9256652518432031, "0,10": -0.38551670100038793, "0,11": 0.5329402436883566, "0,2": -1.9175094291260648, "0,3": -0.1519612746845045, "0,4": 0.49243551811046515, "0,5": -0.9232239668546822, "0,6": -1.5352872766191203, "0,7": -0.9875046185733565, "0,8": -1.621599761472603, "0,9": 1.847215978865305, "1,10": 0.2264638406210846, "1,11": 1.0434149418519367, "1,2": -0.2828850505435603, "1,3": -1.1321036462143055, "1,4": -1.4705971329313257, "1,5": -1.470707621244793, "1,6": 0.1455166022163401, "1,7": -1.1247030092516956, "1,8": 0.4946989822079102, "1,9": 1.582878702423355, "10,11": -1.1227458899679714, "2,10": 1.126000723197282, "2,11": -1.1075278128479797, "2,3": 1.4784745172154379, "2,4": -0.3484900409316678, "2,5": -0.9831339362530018, "2,6": 1.1593171120866708, "2,7": 0.8959060118560136, "2,8": -1.3424581038654928, "2,9": 1.2692760998109103, "3,10": 1.5772173010472113, "3,11": 1.6078195584477561, "3,4": 0.677226139640108, "3,5": 0.7635777522224658, "3,6": -1.7674788876215155, "3,7": 1.1471189081182311, "3,8": -1.6672539622936484, "3,9": 1.1092091341022958, "4,10": -0.08879873548374517, "4,11": -1.9602078967232863, "4,5": 1.103569784503951, "4,6": -0.8678032863372582, "4,7": -0.9446183627268394, "4,8": 0.2028362543257023, "4,9": 1.5894886913776864, "5,10": 0.6308798664180952, "5,11": -1.0879856830034904, "5,6": -1.2291835642561875, "5,7": -1.1884356624301229, "5,8": 1.3556366620349265, "5,9": -1.4265388173604476, "6,10": -1.498437113052197, "6,11": 1.6422000271187853, "6,7": 1.2780715476110918, "6,8": -1.4758257919048683, "6,9": -1.310942424369928, "7,10": 1.3908077389042712, "7,11": 1.0794667041868329, "7,8": -1.6718745164982236, "7,9": 0.8746248162405337, "8,10": 0.6504834297566844, "8,11": -0.5791157501588358, "8,9": 0.460432531921644, "9,10": -0.6112403191521154, "9,11": -0.3845992649796366}, "bias": {"0": -0.8389091353738567, "1": -0.07726505772336645, "10": 0.05577146932167598, "11": 0.22256599331483673, "2": 0.4209757636782945, "3": -0.7599432354506435, "4": -0.8760585567468844, "5": 0.9998084666674334, "6": 0.9562317825686628, "7": 0.4031479600124317, "8": 0.3210239235841812, "9": 0.6153434492381258}}