{"Q": {"0,1": 0.7371179417985845, "0,10": -0.15106864442993384, "0,11": 1.7495941769045698, "0,12": 0.17218399239685045, "0,13": -0.9736295167618176, "0,14": 1.490224442408668, "0,15": -1.0553912713962088, "0,16": 1.068449506295376, "0,17": 0.8703521331223918, "0,2": -1.1858165174094464, "0,3": -0.5047298688957573, "0,4": -1.6099159962622878, "0,5": -1.8990751558329584, "0,6": 0.012691686276385283, "0,7": 1.5335276893230851, "0,8": -1.6655028956037619, "0,9": 0.9757155442263157, "1,10": 1.2811385405937288, "1,11": -0.6533626700886703, "1,12": 1.7816263694523005, "1,13": 1.0119546055710362, "1,14": 1.198549015742488, "1,15": -0.43328355137433894, "1,16": 1.1404865353193263, "1,17": 0.5908922080986816, "1,2": -0.7248478830157978, "1,3": 1.5340167231751018, "1,4": -1.2831576774077735, "1,5": 1.7453978273635395, "1,6": -0.8579282936505046, "1,7": 0.6167389969848509, "1,8": 1.588077397499689, "1,9": 1.891562425752559, "10,11": 0.5838554717905469, "10,12": 0.33999868714531933, "10,13": 1.0467073482510836, "10,14": 1.5306817536267139, "10,15": -0.2940079487746474, "10,16": 0.10019786546372522, "10,17": -0.9259718136593342, "11,12": 0.27986186487350073, "11,13": 1.7177162566964537, "11,14": -1.0507460114119982, "11,15": -1.3015031811471713, "11,16": 0.32101786496584683, "11,17": 1.5157395816537407, "12,13": -1.2289128500058935, "12,14": -1.556719102938462, "12,15": -0.014201349072595182, "12,16": -1.6869785741567203, "12,17": -1.8791134566400283, "13,14": 0.37168419579826883, "13,15": 0.8868628905592693, "13,16": 0.8224379820190655, "13,17": -1.1219880459269231, "14,15": -0.09462523300519221, "14,16": -1.1279838945534952, "14,17": 0.9336818200724037, "15,16": 0.6822886079098947, "15,17": -0.9539853280487471, "16,17": 1.6233364985767977, "2,10": -1.7423300227762257, "2,11": -1.3205806336482593, "2,12": -1.7689024462168046, "2,13": 0.6434447330217834, "2,14": 0.940988254429703, "2,15": 1.2902104372772767, "2,16": 0.6088551070069217, "2,17": 0.939721128136247, "2,3": -1.6864996386354996, "2,4": -0.8133518906325383, "2,5": -1.8438970977318703, "2,6": -1.5647884901860118, "2,7": 1.7613298433347508, "2,8": -1.3993251082914293, "2,9": -0.1797033038509288, "3,10": 0.4784346341681367, "3,11": 0.8745092279961035, "3,12": -1.2095332843663842, "3,13": 1.3126414703351994, "3,14": -0.3648847418595187, "3,15": -1.7904705817905775, "3,16": -1.1619307472575295, "3,17": 0.8759788977090897, "3,4": 0.5413991542924279, "3,5": 0.8916927221359408, "3,6": 0.5420304413835217, "3,7": -1.9508241657154386, "3,8": 1.720545383195042, "3,9": 0.6031896672313666, "4,10": -0.8415795377363819, "4,11": 0.9434095546473484, "4,12": 0.7422954398591588, "4,13": 1.7363353197316935, "4,14": 1.2358429645986724, "4,15": 1.468624532363489, "4,16": -0.34420435403994576, "4,17": -0.06112169592012595, "4,5": -1.9664235618997998, "4,6": 1.786167473295917, "4,7": 1.6298576424184783, "4,8": 0.7165914762383454, "4,9": 0.6526454963530437, "5,10": -1.1482953307646944, "5,11": 1.1981612061123785, "5,12": -0.8423113518474685, "5,13": -1.1565555410065538, "5,14": -0.666895559558041, "5,15": -1.0766504312075162, "5,16": -1.999587279932701, "5,17": -0.2978654874179085, "5,6": 0.277654305131537, "5,7": 0.8814279871937822, "5,8": 0.5882850471685388, "5,9": 1.4102468779925559, "6,10": 1.1838136812942093, "6,11": -1.809970230472572, "6,12": -0.4549053740447744, "6,13": -1.15942391513605, "6,14": -1.5463901634317208, "6,15": -1.9348904912683906, "6,16": 0.688058852143143, "6,17": 0.5257645550326382, "6,7": 0.8106351774110268, "6,8": 1.4938326931361843, "6,9": 1.990164031419881, "7,10": -0.4048542540116493, "7,11": -1.4284955610296284, "7,12": 1.458489271970659, "7,13": -0.6375463305051778, "7,14": 0.34681662275987657, "7,15": 1.8374279613837823, "7,16": 1.7873057440683509, "7,17": 1.4095651672924854, "7,8": 0.17992199788885666, "7,9": 1.5867842650723878, "8,10": -0.8887389585996872, "8,11": -0.36314337044234524, "8,12": 1.767262579728217, "8,13": 0.38466737556227626, "8,14": 1.0784325735869675, "8,15": 0.3020887645544046, "8,16": 1.483290104645035, "8,17": 0.8766670172850568, "8,9": 0.726388393852178, "9,10": -0.20719608231901754, "9,11": -0.9628325845274959, "9,12": -0.6055228434432727, "9,13": -0.02301350862951068, "9,14": 0.3082860818270041, "9,15": 1.606684337546242, "9,16": 0.147035264625611, "9,17": -1.9760756023213446}, "bias": {"0": -0.5010508148022146, "1": 0.42143694846853785, "10": -0.5372397913243212, "11": 0.8544292070852733, "12": 0.8333131973760566, "13": 0.3492940123826511, "14": -0.15729218931996325, "15": -0.5099191940448295, "16": -0.022226522667302184, "17": -0.6509247434296197, "2": -0.8648689527708473, "3": 0.7150789191591533, "4": 0.7156579790630677, "5": 0.7471053365582176, "6": 0.5107260680739225, "7": -0.5490355104799589, "8": 0.13121842250140858, "9": -0.0814693249553553}}