{"Q": {"0,1": 0.8324812835518394, "0,10": -0.4881071058817059, "0,11": 1.3499687682946289, "0,12": -0.6393413611514496, "0,13": 1.4343222735567198, "0,14": 1.4235884922493378, "0,15": -0.7209138086432527, "0,2": 0.916881395727756, "0,3": 1.3658741454197005, "0,4": -1.718854781800458, "0,5": 1.646921608765659, "0,6": 0.2979401980182832, "0,7": -0.584424224699704, "0,8": 1.4146666795366425, "0,9": 1.67802514853397, "1,10": 1.4131223924966747, "1,11": 0.7319199798083793, "1,12": 1.3425137433729262, "1,13": -1.3720183520678892, "1,14": 1.558127027204185, "1,15": 0.13159388446391684, "1,2": 1.310559969922196, "1,3": 0.1630216972597176, "1,4": 1.5264055208818479, "1,5": 1.3528014105623756, "1,6": -0.26915659404936143, "1,7": 1.8495428418093116, "1,8": 0.09960744250258147, "1,9": -0.31396576939226417, "10,11": -0.4930341918466197, "10,12": 1.3102337280126712, "10,13": 0.13169681558089197, "10,14": -1.9208299145623258, "10,15": 0.6053535784054667, "11,12": -0.3912167184025268, "11,13": -0.4959623447569652, "11,14": 0.6936133575026959, "11,15": 0.8511580586943972, "12,13": -1.4363412163450717, "12,14": -1.3333812912918992, "12,15": -0.9090878284580413, "13,14": -0.9596009374981458, "13,15": -1.658030014916915, "14,15": 1.6945009063247185, "2,10": 0.8166126791344355, "2,11": 0.13499987716160433, "2,12": 0.8346447755251436, "2,13": 0.8357210648764024, "2,14": 0.7217463717606574, "2,15": -0.8869371203287857, "2,3": -1.5711792878160886, "2,4": 0.7590722633252147, "2,5": -1.9787333453637532, "2,6": -1.0149822514540152, "2,7": -1.7126477462016592, "2,8": 0.8016562617515595, "2,9": 1.5518409960410913, "3,10": 1.198998264957428, "3,11": -1.5201317569310264, "3,12": 0.08391104025005136, "3,13": 1.134494261062195, "3,14": 1.9628735029147975, "3,15": 0.7428079899367552, "3,4": -1.8273698228100295, "3,5": -1.9842830799305964, "3,6": -0.4730445722409127, "3,7": -1.7216380613725097, "3,8": -0.6996672821352004, "3,9": -1.0850138067887958, "4,10": 1.6719081469140522, "4,11": -1.2377950513931553, "4,12": -1.7181489640574457, "4,13": 1.5075806094011406, "4,14": -1.8717695308311084, "4,15": 0.13333420570549404, "4,5": 1.1820201054017123, "4,6": 1.9186949397978155, "4,7": -0.29931837306351783, "4,8": 1.6754284554699042, "4,9": 0.4506698285939019, "5,10": 0.13381101751256752, "5,11": 1.9788869486483964, "5,12": 0.31060829109065224, "5,13": -0.4566578063467577, "5,14": -1.7002747328808807, "5,15": 0.46139843555458526, "5,6": -0.8471363172604676, "5,7": 0.572204327551483, "5,8": -0.958607089684151, "5,9": 1.889100285617571, "6,10": -1.043561326676373, "6,11": 1.0891302273837962, "6,12": 0.6959163995767716, "6,13": -1.9863225440808536, "6,14": 1.1903349641188385, "6,15": -0.6761942079411001, "6,7": -0.7995598942115265, "6,8": 1.129583779877835, "6,9": 1.3235622882383304, "7,10": -1.6161722106019787, "7,11": 0.8207912094596579, "7,12": 0.7855317786874783, "7,13": 1.646879066674182, "7,14": -1.051537785463874, "7,15": -1.1400188111899419, "7,8": 1.354728280999968, "7,9": 0.7899916862717391, "8,10": -1.4562593149050156, "8,11": 1.6947009746888417, "8,12": 1.592151767639237, "8,13": 1.2553176300732356, "8,14": 0.048759372750866614, "8,15": 1.359920981666698, "8,9": -0.04745348037278507, "9,10": 1.604045745013416, "9,11": -0.2201626982989242, "9,12": -1.5539838466892442, "9,13": 1.4197450740854238, "9,14": -0.6313985154405364, "9,15": -0.7735604338589761}, "bias": {"0": 0.7806962135015663, "1": -0.1914646877182129, "10": 0.3344402613685873, "11": -0.5477448660323956, "12": -0.2984270206743451, "13": -0.2728022465745479, "14": 0.9836519083523179, "15": -0.9153100423260971, "2": 0.43430532182529213, "3": -0.510903873086352, "4": -0.7840842869530427, "5": 0.08505605914499847, "6": 0.23334811899315655, "7": -0.6743614484905229, "8": -0.9504590700623268, "9": -0.3789276803818016}}