{"Q": {"0,1": 0.9223797695686367, "0,2": 0.4384690471959529, "0,3": -1.81581917484686, "0,4": -0.04800349937370463, "0,5": -1.984575912391521, "0,6": -1.1245630125460897, "0,7": 0.5815442712168819, "1,2": -0.9178082307020929, "1,3": -0.8702844762827353, "1,4": 0.9814638260224604, "1,5": 1.8064540171969714, "1,6": 1.6190225047638522, "1,7": -0.871452612159719, "2,3": -0.14732752305467578, "2,4": -1.050727639531679, "2,5": -0.49805386472367985, "2,6": -0.9495007432412743, "2,7": 0.7935411885680601, "3,4": 1.0015347464111182, "3,5": -0.2740741753062248, "3,6": -0.08213995045976485, "3,7": 0.3024755660596359, "4,5": 0.8649688204376043, "4,6": 0.4227541109390094, "4,7": -1.6447254652869683, "5,6": 1.6005514755443078, "5,7": -0.5481300738726844, "6,7": 1.9532222783993607}, "bias": {"0": 0.6036675961525435, "1": 0.9526747358310368, "2": 0.10318420147459717, "3": -0.40396376091716135, "4": -0.8738506384147755, "5": 0.3890400639859346, "6": 0.3588875182128448, "7": 0.00891343188850402}}