{"Q": {"0,1": 0.5035253982603076, "0,10": 1.427763502350067, "0,11": -0.28741190472960376, "0,12": -1.3267382480610297, "0,13": 1.1062711874528928, "0,14": -1.4878960826921417, "0,15": 0.2867706636257661, "0,16": 0.47320776096036665, "0,17": -0.4663190820088454, "0,18": 0.8276025385898764, "0,19": 0.7362589863078832, "0,2": -0.6423135723821756, "0,3": -1.5960667555517634, "0,4": -0.4626042377109387, "0,5": 0.6442253243872678, "0,6": 0.4763260750280196, "0,7": -1.1312845038524566, "0,8": 1.6678574034558649, "0,9": -0.3273805810293928, "1,10": -1.263783774463188, "1,11": 1.0708387068601057, "1,12": 0.602483742002669, "1,13": 1.6059866166070695, "1,14": 1.2803057199148307, "1,15": -1.1261480762284646, "1,16": 0.571418297695133, "1,17": 0.17363624132022792, "1,18": 0.8168360044923988, "1,19": -0.08657879295526749, "1,2": -1.5106064392837824, "1,3": -0.9070298938115053, "1,4": 0.8026346007157303, "1,5": 0.46182299339433275, "1,6": 1.0965752306443952, "1,7": -0.40135046635788507, "1,8": -0.09608230577603383, "1,9": -0.9828450204690862, "10,11": 1.921546495627299, "10,12": -0.12348730230628391, "10,13": -0.40219071287870234, "10,14": 0.8906944131800816, "10,15": -0.894750225507047, "10,16": 1.156332742804278, "10,17": -0.8236072994007348, "10,18": -1.3650922726633263, "10,19": 0.8473086444010365, "11,12": 1.2740630699606612, "11,13": -0.6803947766616272, "11,14": -0.24214827953898554, "11,15": -0.6277161981417234, "11,16": 1.334565746237756, "11,17": 0.5878521234384726, "11,18": 0.3815367162345247, "11,19": -0.03248162669277255, "12,13": 1.5922047150438572, "12,14": -1.1325773020525296, "12,15": 0.9896199365595026, "12,16": 1.8665350092814377, "12,17": -1.9895837770584897, "12,18": -1.8956877012639337, "12,19": -1.8295512510307939, "13,14": 1.880427241895906, "13,15": 0.4259338086566311, "13,16": 0.68283563997162, "13,17": -1.9935099325370675, "13,18": -1.3769659228483246, "13,19": -0.7640068944857492, "14,15": -1.4938743655699676, "14,16": 0.22562039691277969, "14,17": 1.7954479838958015, "14,18": 0.565811353750254, "14,19": -0.47983617211051, "15,16": 1.5541325569825437, "15,17": 1.0809476766536905, "15,18": 0.40081048202282776, "15,19": -0.41045019636875324, "16,17": -1.951567715069316, "16,18": 0.5789956630587176, "16,19": 0.16749303581473285, "17,18": -0.4291744596174363, "17,19": -1.6027893643153024, "18,19": 0.050756806108410935, "2,10": -0.7249854189894367, "2,11": -1.7481406124553298, "2,12": 0.8780532034387156, "2,13": 0.12884966107987683, "2,14": -1.7081998083071128, "2,15": 0.30794318799488796, "2,16": 1.1902935039082885, "2,17": 1.315590411480113, "2,18": -0.5898419842839564, "2,19": 1.7177066770744776, "2,3": -1.241936406402829, "2,4": 0.15128807984621728, "2,5": 1.6055587195525218, "2,6": 1.8850816213722914, "2,7": -0.08732050386816281, "2,8": -0.21485142153708203, "2,9": 1.5706546524887774, "3,10": 1.3382428295478386, "3,11": -0.8125810364004029, "3,12": 1.8556898732844984, "3,13": -0.5880516449776909, "3,14": -1.8695697133273597, "3,15": -1.910880903509085, "3,16": 0.2154407929159654, "3,17": -1.8209182719960046, "3,18": 0.08308264577053492, "3,19": 1.1164185798550195, "3,4": -1.2740453502555482, "3,5": 1.461674346733938, "3,6": -0.68989554647376, "3,7": 1.871797973708016, "3,8": 0.4138752373747856, "3,9": 0.4673541091173865, "4,10": -1.993172624326668, "4,11": -1.5729592809272859, "4,12": -1.24963837791978, "4,13": 0.03648900115256026, "4,14": 1.8937397600140216, "4,15": -0.3818782730477137, "4,16": 0.4614735171851252, "4,17": -1.8419631132654577, "4,18": 0.22435259604404534, "4,19": -1.2390046597691904, "4,5": -0.7697094043812913, "4,6": -0.014967546300773016, "4,7": 1.5656481148584005, "4,8": 0.005487622139181969, "4,9": 1.8469780692529856, "5,10": -0.7566305305473437, "5,11": 0.31296490202194027, "5,12": -0.8853517352541691, "5,13": 1.1233112117880282, "5,14": 1.9828686600829548, "5,15": 1.8220453010380968, "5,16": -0.6929342923031201, "5,17": 1.5697085361119805, "5,18": 0.35584858630525584, "5,19": -0.9686829805119794, "5,6": -1.6869834049541574, "5,7": -1.72259319541386, "5,8": 1.3643644058194884, "5,9": -0.15181442768820785, "6,10": -0.3514084059345963, "6,11": -1.8346030678563898, "6,12": 1.741507971966929, "6,13": -1.4274387011032945, "6,14": -1.5147634482131802, "6,15": 0.02433277799898903, "6,16": 1.6673378773903464, "6,17": -1.1030929171415864, "6,18": 0.35032105032157235, "6,19": 0.14737055290869616, "6,7": -1.8115894604572724, "6,8": -1.3269706414153464, "6,9": 0.9790769123034497, "7,10": 1.5121635525067143, "7,11": -1.1014510678199794, "7,12": 0.7270056840102566, "7,13": 0.8553232947147422, "7,14": 0.17135542424101846, "7,15": -1.019018422451496, "7,16": 1.753880072823777, "7,17": 1.1680285902730803, "7,18": -1.1975044297340172, "7,19": 0.4312256500855818, "7,8": 1.732656613927288, "7,9": -0.6852464468788111, "8,10": 0.9032653673864006, "8,11": 1.6048831286278578, "8,12": 0.5505220962097086, "8,13": -1.4440906266765157, "8,14": -1.8429936407661889, "8,15": 0.10141233912134728, "8,16": 0.04615909109019123, "8,17": -1.5780396429740908, "8,18": 0.060120331803440674, "8,19": -0.5187300858716091, "8,9": 1.5693131044307873, "9,10": 1.8769886051960012, "9,11": 1.014599752779473, "9,12": 0.05533355099559101, "9,13": -0.9831485878431585, "9,14": 0.22966114932318904, "9,15": 0.6081827694213349, "9,16": -0.22548457870702032, "9,17": 0.10637373352615365, "9,18": 0.8300251259590774, "9,19": -1.9867041761330717}, "bias": {"0": 0.37683097305357416, "1": 0.3810109102386563, "10": 0.7773052869663113, "11": 0.5457285494896864, "12": 0.6822383343446528, "13": 0.0969950702448501, "14": 0.6663921482907618, "15": -0.18156330516083674, "16": 0.3243021502101242, "17": -0.31430252339614184, "18": 0.6549629017781631, "19": 0.06689886403805811, "2": 0.674382135783625, "3": 0.7475754549917288, "4": -0.7415996486937675, "5": 0.03715192280273394, "6": -0.9247332142103364, "7": 0.048405191393497304, "8": 0.5412497113682351, "9": -0.8214836214279364}}