{"Q": {"0,1": 0.8311771478322418, "0,10": -0.2856096204975893, "0,11": -1.7708602598827436, "0,12": -1.0952566141767122, "0,13": 0.9220584089006549, "0,14": 0.5917808130360043, "0,15": 1.8907840209594466, "0,16": 0.8762259548848244, "0,17": 1.0454004330587359, "0,18": 0.4544061829790298, "0,19": -1.8089371984565918, "0,2": -1.3628898391779942, "0,3": -1.27580010547954, "0,4": 1.883096835979619, "0,5": 0.00038792326363612517, "0,6": -1.275628569759148, "0,7": 1.8349133480096653, "0,8": -0.16564046141457878, "0,9": -1.8073025380832184, "1,10": 0.2724921856596798, "1,11": -1.3505678387585598, "1,12": 0.3356331654244573, "1,13": 1.6192732325130512, "1,14": 1.1460408235840265, "1,15": -1.8449537070841338, "1,16": -0.3344721803266908, "1,17": 1.8538600119734916, "1,18": 0.3256233287093546, "1,19": 1.7046370650599196, "1,2": 0.8468095548758408, "1,3": 1.388633692737502, "1,4": -0.9398733714261311, "1,5": 1.6980945417752005, "1,6": 0.473106648278915, "1,7": -1.7929039548872314, "1,8": -1.7978237796179881, "1,9": -0.37682813940796756, "10,11": 1.9573402660248629, "10,12": 0.75805844660974, "10,13": -1.0217009273320201, "10,14": 1.1862511844019195, "10,15": -0.37289080265544117, "10,16": -0.37805143319115375, "10,17": -1.6708494426546565, "10,18": -0.6186819858534167, "10,19": 0.49074054263583555, "11,12": 1.8574203963056242, "11,13": 1.0842177545684857, "11,14": -1.6380265130671403, "11,15": -1.3132903549912802, "11,16": -0.6865127484841862, "11,17": 0.35365664474651615, "11,18": 0.8918878380153239, "11,19": 1.1183456767377624, "12,13": -0.5293762317654851, "12,14": 1.3071826495439627, "12,15": -0.9751897617809684, "12,16": -0.5355232023477807, "12,17": -1.0222611673808264, "12,18": -1.9069106536475653, "12,19": 1.46706033078287, "13,14": 1.5086171681993967, "13,15": 0.6604994892381768, "13,16": 1.988963591798437, "13,17": -0.9195477304938224, "13,18": 1.364877303323588, "13,19": -0.8410376191456002, "14,15": 0.8200064264844844, "14,16": -1.1364635220483144, "14,17": -0.26450097389809635, "14,18": 0.6858273338818202, "14,19": -1.9827361858948005, "15,16": -1.2928427663284126, "15,17": -0.925685222833811, "15,18": -1.0639894459435761, "15,19": -0.5707945031852648, "16,17": 0.1353828577921532, "16,18": 1.4392686241223096, "16,19": -1.6668789717549481, "17,18": 1.7812392146416585, "17,19": 0.6650792114837096, "18,19": -1.0809694330443822, "2,10": 0.9250509022825821, "2,11": -0.9302826425908228, "2,12": -0.6011412827732956, "2,13": -0.41901431084017426, "2,14": -1.9341191981024326, "2,15": -1.7452819033617102, "2,16": -0.8135269541640038, "2,17": -1.8340556501717238, "2,18": 0.42684169018929996, "2,19": -0.6793742397522418, "2,3": -0.09380028821160202, "2,4": 1.7830235717543768, "2,5": -1.575480057896557, "2,6": 1.697368180474112, "2,7": 1.2432038577070843, "2,8": -1.0973102332352633, "2,9": 1.080413960866975, "3,10": -1.3906728868456808, "3,11": 1.480305863658534, "3,12": 1.0907580761928601, "3,13": 0.8097893495396371, "3,14": 1.118085937900211, "3,15": 0.08309981613189832, "3,16": 0.7256071228529435, "3,17": -0.7099421518275886, "3,18": 1.685009612912383, "3,19": -1.406413621869941, "3,4": -1.7525217093482515, "3,5": -1.7980042018285292, "3,6": 1.6003126574790958, "3,7": -1.5881100751432289, "3,8": -0.3604584683213594, "3,9": -1.891280160715893, "4,10": 1.1363609904147074, "4,11": -0.04225090381971075, "4,12": 1.9548864281376228, "4,13": -0.1814624001951417, "4,14": -1.1044481674199305, "4,15": -1.0154069782120327, "4,16": -0.2598546873235885, "4,17": 1.1530125138954936, "4,18": 1.615939955828385, "4,19": 1.1418188084797336, "4,5": -0.2935049117481814, "4,6": -0.6289596120139969, "4,7": 1.9109194619466363, "4,8": 0.9354566073198747, "4,9": 1.2854459115336643, "5,10": -1.585324408283212, "5,11": 1.2154242003680018, "5,12": -0.8315721779256013, "5,13": 1.7197156451306097, "5,14": 0.6207635322019205, "5,15": 0.726077670693781, "5,16": 0.14401972584023515, "5,17": -1.607159979644849, "5,18": -0.6188839562732706, "5,19": 1.39446012213191, "5,6": 1.430224261393716, "5,7": -0.10402354514037526, "5,8": 0.5478571772636136, "5,9": 1.6391535077360557, "6,10": 1.999120953948876, "6,11": -1.8891176284675337, "6,12": 1.6327350188138516, "6,13": 1.9235584171648106, "6,14": -1.1514619213655437, "6,15": 0.663027812964299, "6,16": 1.7732577863585863, "6,17": -1.5309033027168288, "6,18": 1.1057232996000317, "6,19": -0.4162184810865144, "6,7": 1.910306425867434, "6,8": -1.111046029668099, "6,9": 0.6133870257274241, "7,10": 1.9425354069096605, "7,11": -0.6019946380805883, "7,12": -1.5167217599222131, "7,13": -0.10695531553308424, "7,14": -1.2671327031594206, "7,15": -0.8178617529826253, "7,16": 1.025344579884619, "7,17": 1.1726015264745464, "7,18": 1.70604678328589, "7,19": 0.08895099891781388, "7,8": -0.63727634035234, "7,9": -0.7786447507581098, "8,10": -0.5406236681015568, "8,11": -0.8523172387577063, "8,12": 1.6180321369017134, "8,13": 0.2458871837950385, "8,14": -0.6294705941106948, "8,15": 1.867865778457304, "8,16": 1.669876548721407, "8,17": 0.5209024585002284, "8,18": 1.4791320933799832, "8,19": -1.7658642888848042, "8,9": -1.1022269215186213, "9,10": -1.066322166255644, "9,11": -1.8872898914052993, "9,12": 1.52169979270474, "9,13": 0.6733716834642016, "9,14": -0.7582238316370824, "9,15": -0.21188934751160016, "9,16": -0.974989079783088, "9,17": -1.3649534344102348, "9,18": 1.010918106437519, "9,19": 0.989619399872673}, "bias": {"0": 0.8912844602133956, "1": -0.09589630197782073, "10": 0.23752508465162459, "11": 0.05566676930180292, "12": -0.8059178780829397, "13": 0.6049316186348415, "14": 0.4088183168946251, "15": 0.6025127175403868, "16": 0.2661369195049068, "17": -0.8610250834473168, "18": -0.002675657350401206, "19": 0.1840400715273487, "2": 0.4286156103000176, "3": 0.8358877379856782, "4": 0.8669016478331522, "5": 0.6586275691411494, "6": 0.44625537386476655, "7": 0.4049127681514153, "8": -0.6202844040956177, "9": -0.2740105940372122}}