{"Q": {"0,1": 1.817696093555886, "0,2": 0.001670948817923179, "0,3": 1.3039688187628777, "0,4": -1.1342013338621335, "0,5": 0.1665163454591161, "0,6": -0.5917336230020966, "0,7": 0.18725638179579596, "1,2": 1.4186504661970676, "1,3": 0.37011871198623325, "1,4": -0.7827762706040096, "1,5": -1.5946869589330657, "1,6": -1.8603970758987138, "1,7": 0.3536251330183853, "2,3": -1.5081835993842012, "2,4": 0.358893905613646, "2,5": -0.10271025221675023, "2,6": 1.8958095604694671, "2,7": 0.9188556451006775, "3,4": 1.1016119406173597, "3,5": -0.22007253096571144, "3,6": -1.1322730732134327, "3,7": -0.8268592843379694, "4,5": 1.2344772606759489, "4,6": -0.7587138951162418, "4,7": 0.8153980603375457, "5,6": 1.241236931566117, "5,7": -0.8631971453769043, "6,7": 0.5322203982545504}, "bias": {"0": -0.6334538935723328, "1": 0.8283237084892361, "2": -0.13934934377588282, "3": -0.02693558767243176, "4": 0.30634686970357716, "5": 0.7131064886110416, "6": 0.7433780040527866, "7": -0.6455900712519198}}