{"Q": {"0,1": -0.26200426085661777, "0,10": 0.04822638011882585, "0,11": 1.4889657414043094, "0,12": 1.3929210382650656, "0,13": 1.4281726105804915, "0,14": 1.0653407574855454, "0,15": 1.9136037317770236, "0,16": -1.5888913282132147, "0,17": -0.6762028521776409, "0,18": -0.4472645098395116, "0,2": 1.1324644115757185, "0,3": 0.43073250766161, "0,4": -1.836812494055787, "0,5": -0.5597000245422108, "0,6": -1.7421399882349813, "0,7": 0.6110071879272381, "0,8": -1.2766142381265726, "0,9": -1.9875833375478669, "1,10": 1.6932491847730509, "1,11": 1.5373169191814968, "1,12": 0.9145511168763569, "1,13": -0.020606859228073038, "1,14": -1.4472102548120924, "1,15": -0.2792120065215671, "1,16": 0.6656130893953618, "1,17": -0.695259291115093, "1,18": -0.9656110970869198, "1,2": 1.4221488292799882, "1,3": 1.3736549820317694, "1,4": 0.6453402388732914, "1,5": -1.2077637663152458, "1,6": -0.37699593305883417, "1,7": 1.8817438690405388, "1,8": 0.2732006746652371, "1,9": 1.3674061075825281, "10,11": 0.07317198013082304, "10,12": 0.9334168098915874, "10,13": -0.5047603376451368, "10,14": -0.8175595110099039, "10,15": -0.5144412432634455, "10,16": -1.578986119072567, "10,17": 1.7765830374263758, "10,18": -1.4351729088247116, "11,12": 1.8532794554689005, "11,13": 1.186973750855901, "11,14": 1.5775305913526272, "11,15": 0.6205494200053843, "11,16": 1.3026336661869142, "11,17": -1.9715131497508165, "11,18": -0.4535468178024211, "12,13": 0.719223575992137, "12,14": 1.8594851167033966, "12,15": 1.688074168932582, "12,16": -1.3827882179448432, "12,17": 0.07552494193978987, "12,18": 1.460706488474, "13,14": -1.8174587995248075, "13,15": -1.4520138247184033, "13,16": -1.3731503816146913, "13,17": 1.7885261463075777, "13,18": 1.9831580743144266, "14,15": -1.891020472709747, "14,16": 0.07683362733899601, "14,17": -0.4812739473023089, "14,18": -1.1262326604956128, "15,16": -1.8553659880968656, "15,17": -0.7919937471897627, "15,18": 1.1745585233377893, "16,17": 1.3678599112760974, "16,18": -1.8624035256490492, "17,18": -1.7141694588625054, "2,10": -0.40895978678635103, "2,11": -0.7241568781365877, "2,12": -0.9235254399129502, "2,13": -1.8271038767529668, "2,14": 1.2472851262286588, "2,15": 1.3654330591086121, "2,16": 1.5808942123305445, "2,17": 0.17970375339332678, "2,18": -0.12763631196963265, "2,3": 0.48517072399270056, "2,4": 0.27515855957253166, "2,5": 0.0364009158658658, "2,6": 1.706480685796735, "2,7": -0.0658190500481659, "2,8": -1.2077530371305731, "2,9": -0.3678090028624683, "3,10": 0.7080568351705354, "3,11": -0.32575881603555024, "3,12": 1.513586000676749, "3,13": -0.6754960255195313, "3,14": 1.5423354476890432, "3,15": 1.5627105910996004, "3,16": -0.8658349043471958, "3,17": 0.49677551211507165, "3,18": -1.0469229267575777, "3,4": -0.24672384758673038, "3,5": -0.7105440770190841, "3,6": 0.27701683891716344, "3,7": 1.6003839235890482, "3,8": 0.08430457700968974, "3,9": 0.035583656545425946, "4,10": 0.9280930305871564, "4,11": 1.0224854766645546, "4,12": 0.8398327360416697, "4,13": 1.388877870791299, "4,14": 0.8439710342859752, "4,15": -1.613365208032921, "4,16": 0.7878432132780913, "4,17": 0.12383921693981348, "4,18": -1.45905908767394, "4,5": -1.9479252866437773, "4,6": 1.2903641430146298, "4,7": 0.9044745994693151, "4,8": 1.9360036021549942, "4,9": 0.7881735350060324, "5,10": 0.27904915296465305, "5,11": 0.3692308591923563, "5,12": 0.08506702216851192, "5,13": -0.9676651733680939, "5,14": 1.9820089679807569, "5,15": 0.5835106442661933, "5,16": -0.22057117244901647, "5,17": 0.25774213220453523, "5,18": 0.8053295759552745, "5,6": 0.46781091538714303, "5,7": 1.8159943905897267, "5,8": -1.3012394053591136, "5,9": 1.6015578156745, "6,10": 1.5947820129373178, "6,11": 1.5188325664911067, "6,12": -0.8586955563697121, "6,13": 0.7204149782318021, "6,14": 0.8374293585125803, "6,15": -0.5311608910582453, "6,16": -1.1875102896401089, "6,17": -0.38213958217762745, "6,18": 0.7203053607723211, "6,7": -1.780996067682235, "6,8": -1.1226105950604603, "6,9": 0.7603129999126277, "7,10": 1.807768578063364, "7,11": 1.8241992784320669, "7,12": 1.3809127151609526, "7,13": -0.7977589421710567, "7,14": -0.37360268426556686, "7,15": 1.6489680163315978, "7,16": 1.091189729476187, "7,17": 1.3479200083455312, "7,18": 1.080560528525098, "7,8": 1.7709311094329299, "7,9": -0.03235644269105542, "8,10": -0.8777588635865703, "8,11": 1.0411351676945926, "8,12": 1.3196071201624826, "8,13": 1.5633339934590316, "8,14": -0.0025523048300710727, "8,15": -0.7011018719363658, "8,16": 1.6792582579677369, "8,17": -0.4374785824259986, "8,18": -0.5195398904859614, "8,9": -1.9962527439299929, "9,10": -0.30997107873857965, "9,11": -0.3619402939692975, "9,12": 1.9976933525801726, "9,13": -0.3393665016029894, "9,14": -0.008091936236716002, "9,15": 1.6645298664814199, "9,16": 1.9128842279956926, "9,17": 1.5247753469234837, "9,18": -0.9371996249461518}, "bias": {"0": 0.8837389381395473, "1": -0.9817145347578569, "10": -0.5088717131762541, "11": -0.820193011017583, "12": -0.7365105815915427, "13": -0.34112543202376977, "14": 0.7860676857229669, "15": 0.10572058090092162, "16": -0.8432599512789847, "17": 0.6491422278851626, "18": 0.12207145743945702, "2": 0.4277117893971316, "3": -0.8661292174799415, "4": 0.3143777457899375, "5": 0.41539315471318305, "6": 0.32501118175228894, "7": -0.9189007712122681, "8": -0.7377832059270335, "9": -0.3725985052790388}}