{"Q": {"0,1": -0.43193078991911227, "0,2": 1.895986958514356, "0,3": -0.7523396558215878, "0,4": -1.0888713129919498, "0,5": -1.3132654713457512, "0,6": 1.65197918596645, "0,7": 0.0683778464751783, "1,2": -0.5966648975992168, "1,3": -1.5922756330023002, "1,4": -1.1051277470991212, "1,5": -0.3888785794489342, "1,6": -1.2112222720861667, "1,7": -0.4426248196322944, "2,3": -0.00772537158663722, "2,4": -0.8136418240851633, "2,5": -1.6182905348445802, "2,6": -1.434018115211448, "2,7": 0.3824312701638579, "3,4": -1.429324344841624, "3,5": -0.6478909691339765, "3,6": -0.1620120631956694, "3,7": 0.32457295005645825, "4,5": -1.110013325765836, "4,6": 0.7774363508861049, "4,7": -1.4086685776454657, "5,6": 1.051081069123935, "5,7": 0.8227020094803814, "6,7": 0.11847018945039878}, "bias": {"0": 0.6584705975835545, "1": 0.32793388756118835, "2": -0.5983452292409066, "3": -0.8458038708630005, "4": -0.9314167441940238, "5": 0.9471286015666289, "6": 0.30083385890946457, "7": 0.728172171913072}}