{"Q": {"0,1": -0.44180447089856045, "0,2": 0.6517432735028521, "0,3": -0.3870648944636197, "0,4": -0.17908634419774305, "0,5": -1.204008020607707, "0,6": -1.9980768958578374, "0,7": 0.23306445880592186, "0,8": 1.0066177771733744, "0,9": -1.9554163917502878, "1,2": 0.11428913642457106, "1,3": 1.0033870220405152, "1,4": -1.5320196098342618, "1,5": 1.9743541075085171, "1,6": -0.41113533276915426, "1,7": -1.3280256705776838, "1,8": -1.8626402962087139, "1,9": 0.13734806297963686, "2,3": -0.08543233020980434, "2,4": -1.8012007453397119, "2,5": 0.8590239652775731, "2,6": -0.49736764668615185, "2,7": -0.24364052930550573, "2,8": -1.3970432776021604, "2,9": 0.5835035724312312, "3,4": -0.5938315741458577, "3,5": 0.04586829200148834, "3,6": -0.8182409249982396, "3,7": -1.9553060460197398, "3,8": -1.6606135331175063, "3,9": -1.8029370343980835, "4,5": -1.0899792958963492, "4,6": 0.19584091894268507, "4,7": -0.5457385736386686, "4,8": -0.758890845074017, "4,9": -1.4652133005835415, "5,6": -1.5400139901833145, "5,7": -0.91510911536801, "5,8": -1.5929039629149537, "5,9": -1.4422738129778616, "6,7": -1.54080552168949, "6,8": 1.1657020016976114, "6,9": -0.39060731228344325, "7,8": -0.3578855433087931, "7,9": 0.9459739059180476, "8,9": -1.1264254354498875}, "bias": {"0": 0.27669232978542024, "1": -0.7616999566310529, "2": 0.8579754928608674, "3": -0.23198709551853414, "4": 0.01729750862589463, "5": -0.9659148440247873, "6": 0.5085407191788109, "7": 0.15482727376178929, "8": -0.32752722112750043, "9": -0.4929329491118781}}