{"Q": {"0,1": -0.5107935230751468, "0,10": 0.26203745337592244, "0,11": -1.6989751149127468, "0,12": 1.0432352878026556, "0,13": -0.2896710047297262, "0,14": -1.5239499236493352, "0,15": 1.3054912172714204, "0,16": -0.2756829439612609, "0,17": -0.07529199203597159, "0,2": -1.170688420845576, "0,3": 0.5147859306076592, "0,4": 1.4085354081740529, "0,5": -0.2335465296321999, "0,6": 0.4360178892556936, "0,7": -0.8474652911763001, "0,8": -0.44427571146740563, "0,9": 0.0659557331038414, "1,10": -1.366357583457538, "1,11": 1.0110883376100976, "1,12": -1.8138387239306137, "1,13": -0.062258231746585846, "1,14": 1.5899305342733978, "1,15": 1.184891503232076, "1,16": -0.09658102447732109, "1,17": 0.03871748439928169, "1,2": -0.3357379723601315, "1,3": 1.3052910682618277, "1,4": -1.4908373622082398, "1,5": -1.9394083345237694, "1,6": -1.6602222154037793, "1,7": -1.8349766221444614, "1,8": 1.7952313566187468, "1,9": -0.06099142125494339, "10,11": -0.34629242945568883, "10,12": 0.8366998810232071, "10,13": -0.06645536591541656, "10,14": 1.6508436708207284, "10,15": -0.8706195170185143, "10,16": -0.7626456137407858, "10,17": 0.43073131746648974, "11,12": -0.2981765062079442, "11,13": 1.0864353245625997, "11,14": -0.45739179174739375, "11,15": 0.026681494372935877, "11,16": -1.4873720065841205, "11,17": 1.376865066226494, "12,13": -0.40774390742483435, "12,14": -1.7571339291739352, "12,15": -1.0555188628076801, "12,16": -0.2165469072774009, "12,17": -1.5040364595157136, "13,14": -1.1163565383395126, "13,15": 0.19344197789776185, "13,16": -1.4411535726170968, "13,17": 0.4314448266750195, "14,15": -0.680696384362498, "14,16": -0.6252536247129337, "14,17": 1.4714181831110333, "15,16": -1.7507061599747695, "15,17": -1.472215304630251, "16,17": -1.4526286261029737, "2,10": -0.26337012267064086, "2,11": 1.8960122024437784, "2,12": -0.49692302245208264, "2,13": -1.803312872079832, "2,14": 0.7000992195454816, "2,15": 1.7360444085113693, "2,16": 1.403453664642491, "2,17": 1.815011052291494, "2,3": 0.5172670996510469, "2,4": 0.6895741032613194, "2,5": -0.5589475026906658, "2,6": 0.33173236852225596, "2,7": 1.9030042923734194, "2,8": -0.1974732834766293, "2,9": 0.5145129275572473, "3,10": 0.8757690045541646, "3,11": 0.08535740589689178, "3,12": 0.22037734375853413, "3,13": 0.3105125318494326, "3,14": 0.8374135586038891, "3,15": 0.4943324355891625, "3,16": 1.5288943888022488, "3,17": 1.4471497817981263, "3,4": -1.3966925795962601, "3,5": 0.8832033936892443, "3,6": -0.26033762833170604, "3,7": -1.5995598805891351, "3,8": 0.9853928454577936, "3,9": -0.3945794363829789, "4,10": 0.037756403916171966, "4,11": -0.8276582179727572, "4,12": 1.1424221061960003, "4,13": 0.8656444732937758, "4,14": 1.4425493560814915, "4,15": 0.9454768980688133, "4,16": 0.11091646799779786, "4,17": -0.41863730687567724, "4,5": 1.5606237776824612, "4,6": 0.17513883109817607, "4,7": -1.650430309287254, "4,8": 1.980514706319373, "4,9": 1.6710677681683892, "5,10": 0.6810426457587107, "5,11": -0.8761554757038565, "5,12": 0.4385318903922708, "5,13": 0.4564904281082267, "5,14": 0.8755073195163989, "5,15": -1.836331495811407, "5,16": -0.26614396323354006, "5,17": -0.06304093667953214, "5,6": 0.4678626209047154, "5,7": 0.06648453212007377, "5,8": -0.28792298104725056, "5,9": 0.891765756488792, "6,10": 0.9461998340314302, "6,11": -1.6293930014298894, "6,12": 1.0790001597861392, "6,13": 0.3167536026096478, "6,14": 0.7220338589118382, "6,15": 0.20023917262486313, "6,16": -0.1949854671042992, "6,17": -0.938878033222942, "6,7": -0.018104930494192484, "6,8": 1.705225361248489, "6,9": 0.7860068730228562, "7,10": -0.4035226231252289, "7,11": -0.6441499560259354, "7,12": 1.919269619864822, "7,13": -0.5482474023215298, "7,14": 1.7853237718801522, "7,15": 0.008734525291082651, "7,16": -0.48972157607139666, "7,17": -0.7174311104811069, "7,8": 0.9616879791919271, "7,9": -1.2024783481431571, "8,10": 1.6230516309543654, "8,11": -0.049294083599755734, "8,12": -0.038410198540060225, "8,13": -1.4743949944103392, "8,14": -0.2658759654404843, "8,15": 1.0946836656194656, "8,16": 1.9672412666545225, "8,17": -0.2232761164260717, "8,9": -0.9524457935652233, "9,10": 0.3539152110110737, "9,11": -0.7123162601807986, "9,12": -1.9428401248793117, "9,13": 1.0674167775078538, "9,14": 1.5686260937194225, "9,15": -1.2905639786915795, "9,16": -1.2706189422586602, "9,17": -0.4393207238915595}, "bias": {"0": 0.4937969586439801, "1": -0.7009665924445141, "10": -0.42914742990434673, "11": -0.3157522309602059, "12": 0.5969156241575437, "13": -0.22666253979545292, "14": -0.40304119147106365, "15": 0.5688963223756123, "16": 0.7563609480517797, "17": -0.6892102503381485, "2": -0.29364873650783174, "3": -0.294683991568524, "4": -0.2557606513484778, "5": -0.29773398075401714, "6": 0.9898821657102472, "7": -0.6270632879810809, "8": -0.3531810369537822, "9": -0.327952138209207}}