{"Q": {"0,1": 0.6678437938814898, "0,10": 1.2348735151350154, "0,11": -0.7903912316627668, "0,12": 0.6758138439701731, "0,2": -1.0533922594762446, "0,3": 1.671035394271815, "0,4": 1.0945556604983269, "0,5": 0.10713715192584061, "0,6": -1.0412964143158407, "0,7": 1.7785631773144348, "0,8": 0.49565850484582263, "0,9": 0.89355992539297, "1,10": -0.47595272491886087, "1,11": -0.7968753753476627, "1,12": 0.5065598718955404, "1,2": -1.3582111519507762, "1,3": 1.1882962099535397, "1,4": 1.7220639278460768, "1,5": 0.03907487821332989, "1,6": -0.24352846902377978, "1,7": -1.9644975763793022, "1,8": 0.9688339552189027, "1,9": -1.2274285241304663, "10,11": -1.8964933631931231, "10,12": -0.7778410295768761, "11,12": -0.8393362370324584, "2,10": 1.3845310127973178, "2,11": 0.1782841876924044, "2,12": -1.0329669419022576, "2,3": -1.3338708640247714, "2,4": 0.7177604163863434, "2,5": -1.20755403288578, "2,6": 0.5146565336823423, "2,7": -0.3791837824329991, "2,8": -0.9821142083050747, "2,9": -1.2818960394979952, "3,10": 0.08051593879141716, "3,11": -0.20109955356299025, "3,12": 1.3565207360935645, "3,4": -1.2906869039378646, "3,5": 1.0051083733817068, "3,6": 0.762285886040754, "3,7": 1.1935952675631412, "3,8": -0.8630758343268838, "3,9": 0.5698500032403868, "4,10": 1.5447337151980443, "4,11": 0.8924372651398067, "4,12": 0.983774159545904, "4,5": -0.4924140815407023, "4,6": -0.8776617644256257, "4,7": -1.9476000970639298, "4,8": -0.955874591460824, "4,9": 0.7832817873599214, "5,10": 1.1845090251032202, "5,11": -1.0992396933468402, "5,12": 1.9353486808972615, "5,6": -0.7842299801290573, "5,7": -0.6210750368632678, "5,8": -0.5336270994570258, "5,9": 0.09042105815201085, "6,10": 0.030688278208633957, "6,11": -0.7566267351006926, "6,12": 1.9765296191308108, "6,7": -1.0254813283442412, "6,8": -1.0790200142929924, "6,9": -1.957513102729187, "7,10": 0.8072414438518134, "7,11": -0.02627305567477567, "7,12": 1.7162115242180693, "7,8": -1.1897246036401259, "7,9": 1.8812645793225475, "8,10": -0.5904125755704537, "8,11": 1.818158182349856, "8,12": -0.5722562620175546, "8,9": -0.035794720729207086, "9,10": 1.0156898668582968, "9,11": -1.7715150232192567, "9,12": -0.18321624833380312}, "bias": {"0": 0.4807902881246935, "1": -0.9599101586409426, "10": 0.8530663524637843, "11": -0.9300452703641378, "12": -0.8637801727595718, "2": -0.14485440591562426, "3": 0.027816796061737703, "4": 0.21706113163258633, "5": -0.36715796669339973, "6": 0.9378886943162874, "7": -0.77190625491337, "8": 0.4631113256913506, "9": 0.61686201463012}}