{"Q": {"0,1": 1.5003930622089077, "0,2": 0.40608461694326126, "0,3": 0.4829013414977661, "0,4": -0.295302766052588, "0,5": 0.9355409619158488, "0,6": -1.616325831143206, "0,7": -0.36621408065488126, "1,2": -1.3168901446320405, "1,3": 1.880073154339648, "1,4": -1.700105186651867, "1,5": -0.31940857523198085, "1,6": 1.9954331365158575, "1,7": 0.3111677080108799, "2,3": -1.219410269968762, "2,4": -1.816277156519389, "2,5": -0.1345538215130877, "2,6": 0.28094320682314056, "2,7": -1.0437809402999374, "3,4": 1.2929777426266993, "3,5": -1.5550435426623443, "3,6": 1.2282615647633248, "3,7": -1.0999986452357216, "4,5": 0.2060477516969983, "4,6": -1.8222040649178801, "4,7": -0.14927901621860507, "5,6": 0.012061477931417208, "5,7": -1.019269786876555, "6,7": -1.966787805157935}, "bias": {"0": 0.6041950379827401, "1": 0.6951114488439012, "2": -0.831249689783556, "3": -0.9503247376015549, "4": 0.21912558706072405, "5": 0.784262437111874, "6": -0.3303700642645049, "7": -0.23228186250844618}}