{"Q": {"0,1": 0.0625031325924783, "0,10": -1.1217560395735169, "0,11": 1.0335512476929165, "0,12": 1.5330820944657497, "0,13": 0.9138464899086847, "0,14": 1.4722338107721065, "0,15": -0.9410180185807353, "0,16": 0.08449308235272213, "0,2": 1.5351854310952042, "0,3": 0.16108630138353774, "0,4": 0.29509303776068263, "0,5": 1.7282968779398344, "0,6": 0.26522251136692043, "0,7": -1.9815230323657387, "0,8": 0.5291325673881797, "0,9": -0.8977504465336046, "1,10": 1.7686152107639153, "1,11": -0.5245720966827179, "1,12": -0.417999944943487, "1,13": -0.4674614049527399, "1,14": -0.2189583485572162, "1,15": 0.2887482599852609, "1,16": -1.1417037981186784, "1,2": -1.391739112479443, "1,3": 0.42983738021793316, "1,4": 1.8844787207778806, "1,5": -0.12354204449758344, "1,6": 0.8635262215509187, "1,7": -0.04791328612935564, "1,8": -0.09812796826647929, "1,9": 0.03407972491290634, "10,11": -1.2389003378819172, "10,12": -0.0814443979258388, "10,13": -0.15365449434314948, "10,14": 1.2677297216744168, "10,15": 1.724620237141815, "10,16": 0.4969968034986114, "11,12": -0.3728827267740713, "11,13": 1.4542938590966417, "11,14": 1.1038638549777793, "11,15": -1.4312912792765276, "11,16": -0.21259962110796948, "12,13": -0.8109385916219796, "12,14": 1.199708541826329, "12,15": 0.5366606672668346, "12,16": 1.289077856610676, "13,14": -0.5917128518020371, "13,15": 0.6179140316325, "13,16": -0.9195506618167717, "14,15": -1.4388658874432956, "14,16": 0.8076200622207552, "15,16": -1.3335246421226863, "2,10": -0.43700803067440885, "2,11": -1.9279690677318704, "2,12": -1.7316773606598788, "2,13": 1.143018921626879, "2,14": 1.7228215082769451, "2,15": 1.2926637458891994, "2,16": -0.8289779288594539, "2,3": 0.9168386844610095, "2,4": -0.32577928397626055, "2,5": -0.024350051488688074, "2,6": -1.7467968221472767, "2,7": 1.5968584381636308, "2,8": -0.4670693425090424, "2,9": 1.8697584989554263, "3,10": -0.19143364089779036, "3,11": -1.1857794223674087, "3,12": -1.315456094162276, "3,13": 1.3651941234162224, "3,14": 0.4062368777113292, "3,15": -0.26257304800732495, "3,16": -0.17061542009314445, "3,4": -1.5628790857971762, "3,5": 1.1176634134173073, "3,6": -1.6663436614674043, "3,7": 1.4757408825440566, "3,8": 1.0009571766556316, "3,9": -1.5545156502971564, "4,10": -1.1050946236345411, "4,11": 0.9959545828264815, "4,12": -1.6708910143236375, "4,13": -0.5130802032687969, "4,14": -0.9555088482301488, "4,15": 0.7320382859792502, "4,16": 0.551347856662491, "4,5": 1.9512458847724412, "4,6": 0.711332312591459, "4,7": 0.5751811349999976, "4,8": 0.19324248516421338, "4,9": -1.8557954793713525, "5,10": -1.089082047092988, "5,11": -0.6624567920422035, "5,12": -0.4707550054668985, "5,13": 0.9012136187204929, "5,14": -1.1736197430377642, "5,15": 1.1306401706669922, "5,16": -1.984944950966697, "5,6": -1.707090322460933, "5,7": 1.5131202522951162, "5,8": 1.0873876414283785, "5,9": 1.691158253790889, "6,10": -1.9898391867135574, "6,11": -1.2101665614714143, "6,12": 1.60100249098498, "6,13": 1.6933518752368109, "6,14": 1.0981665779707752, "6,15": -0.7594337358069607, "6,16": 1.9202820543940016, "6,7": -1.4630515102276869, "6,8": -1.7126659012468424, "6,9": 1.4424689015110963, "7,10": -1.5367333528149025, "7,11": -1.220069492014355, "7,12": 1.1604353920012036, "7,13": -0.6448090970762239, "7,14": 1.2966247521543264, "7,15": -0.6342540368866674, "7,16": 1.925917525927916, "7,8": -1.7452713078750222, "7,9": -1.514883179988737, "8,10": -0.9686641895145409, "8,11": -0.19653845037244322, "8,12": 1.6591921250515402, "8,13": -1.9849989958288723, "8,14": 1.106089862258084, "8,15": 1.3673711083378568, "8,16": -0.7942794277179086, "8,9": -0.7390494857605696, "9,10": -0.665406734702302, "9,11": -0.44391379203519366, "9,12": 1.7175648664571859, "9,13": -1.988630787660023, "9,14": -0.7649569735466737, "9,15": 0.621292880962137, "9,16": -1.3602540533618854}, "bias": {"0": 0.522673779202466, "1": 0.45343789628722475, "10": 0.09555424855782957, "11": -0.5735551395251688, "12": -0.2795226733429965, "13": 0.44379360928816225, "14": 0.8475573378724115, "15": 0.3269701586814646, "16": 0.6672246583276769, "2": -0.686511182819024, "3": -0.11840889533582843, "4": 0.3254141504813284, "5": 0.8045003807175408, "6": 0.7482719605759505, "7": -0.8518574443417277, "8": -0.799575013759205, "9": -0.7103125214506449}}