{"Q": {"0,1": 1.1672548253701462, "0,10": 0.7272894107827681, "0,11": -1.3892363570576434, "0,12": -0.8251466623253392, "0,13": 1.3415030854557366, "0,14": 0.36563657265553395, "0,15": -1.6118470628183434, "0,2": -0.24309442992020314, "0,3": 1.8625753122511495, "0,4": 0.6116595852768492, "0,5": 0.09094443591899459, "0,6": -0.538201791621598, "0,7": -0.4203364228220461, "0,8": 0.7640294126392293, "0,9": -1.5794144860667996, "1,10": -1.666940707026987, "1,11": 1.7074472825817226, "1,12": -1.5368663753826293, "1,13": 0.829955963748819, "1,14": -1.7608286582786405, "1,15": -0.8062499984565736, "1,2": -0.2612062422513337, "1,3": -1.1402483480590115, "1,4": 1.649051487620997, "1,5": -1.2516804456357224, "1,6": 0.23019203811665, "1,7": -0.8484433367156954, "1,8": -1.283827185259251, "1,9": -1.726748847227117, "10,11": 0.26452375716639187, "10,12": 1.5138997722693248, "10,13": -1.1773045176902306, "10,14": -1.9869692248649389, "10,15": 1.117850144249072, "11,12": -1.8510625360132327, "11,13": -1.4561303154107246, "11,14": -1.8362922774568897, "11,15": 1.3031779830141277, "12,13": 0.630347152413663, "12,14": -1.2684653821848113, "12,15": 1.436233479502096, "13,14": 0.0906636085016359, "13,15": 1.8111781678153966, "14,15": 1.698461331352827, "2,10": 0.3580873149365318, "2,11": -1.881196730957298, "2,12": -1.7137350449624646, "2,13": 1.2281700841151109, "2,14": -0.35286694989396894, "2,15": 0.5639173336326655, "2,3": -0.3551798776500883, "2,4": 1.7005212640641911, "2,5": -0.7747727203074994, "2,6": -0.3634815320918836, "2,7": 1.1893053177270523, "2,8": 0.8229245655116548, "2,9": 1.332201363471142, "3,10": -1.7323214003527592, "3,11": 0.9788789384686516, "3,12": 0.2627979918783816, "3,13": 1.8154502537341553, "3,14": -0.9506223417259685, "3,15": -1.0528613021681905, "3,4": -1.559004917291265, "3,5": -0.47842808571018125, "3,6": 1.0001026075233983, "3,7": -1.93072522629337, "3,8": -0.27440058404682555, "3,9": 1.4463601738381087, "4,10": 1.4082281652608204, "4,11": -0.945970337681783, "4,12": -1.5992280352180286, "4,13": 1.7272403290095264, "4,14": 1.368535635423631, "4,15": -0.7506585577558518, "4,5": -0.1791647493655022, "4,6": 0.1661628110293707, "4,7": 1.7843569383246485, "4,8": 0.637489666126291, "4,9": -1.1687963458870767, "5,10": -1.8609785679753426, "5,11": 0.6273808742806852, "5,12": -0.2516291303788849, "5,13": -1.281080641133284, "5,14": 1.4404107290715773, "5,15": 1.7118908420449248, "5,6": -0.8216550974142764, "5,7": -1.9393189505611876, "5,8": 1.3988016509359396, "5,9": -1.670345658481783, "6,10": -1.7446716165379814, "6,11": 1.5259136177362422, "6,12": -1.4310402987575843, "6,13": 1.6502297229983212, "6,14": -0.6041282974951456, "6,15": 0.38310659464719965, "6,7": -1.8024932592927185, "6,8": 1.4068841328943629, "6,9": -0.1271150723217387, "7,10": 1.0080155359368468, "7,11": 0.4160240770362029, "7,12": 1.855676616494652, "7,13": -1.7353986247202364, "7,14": -1.6764074884540174, "7,15": -1.6897602205983704, "7,8": 1.9530559859526773, "7,9": -0.26393107833972707, "8,10": 0.08797022333338944, "8,11": 1.8112114264219588, "8,12": -1.4415631364683898, "8,13": 1.4954635346684069, "8,14": -0.39817300729512084, "8,15": -1.1039350386902411, "8,9": -1.009879118565888, "9,10": 1.0656069136534976, "9,11": -1.865598094168086, "9,12": 0.876846737597111, "9,13": -1.1353380576301881, "9,14": 1.8523979896876495, "9,15": 0.6534818872977013}, "bias": {"0": 0.4924571169465102, "1": 0.4259468841460954, "10": 0.9728706905075841, "11": -0.5502468490781531, "12": -0.14130963972715183, "13": 0.6927057721733068, "14": 0.9301460541021627, "15": 0.8866576839952764, "2": 0.5431547648038844, "3": 0.1790483322230556, "4": -0.2771273031582797, "5": -0.9644470379579417, "6": -0.2595837896132218, "7": -0.2219272716717995, "8": 0.6316342322344566, "9": -0.1385443020022259}}