{"Q": {"0,1": -1.665325256110405, "0,2": -0.08221331116692188, "0,3": 0.2168875435806772, "0,4": 0.3798261137080603, "0,5": -1.3626742834467334, "0,6": 0.5948201884177386, "0,7": 1.5339967951135933, "1,2": -0.36346541533666343, "1,3": 1.660845328378219, "1,4": -0.5993659397914923, "1,5": 0.32954058432073907, "1,6": 1.042729931941003, "1,7": -1.4255500849471607, "2,3": 0.5862295940030684, "2,4": -1.440354533201171, "2,5": -0.8133825995239325, "2,6": 1.7481292316854842, "2,7": -0.927471875488918, "3,4": 1.2963570623316687, "3,5": 0.10180794465583487, "3,6": -0.960455443459534, "3,7": 1.569535611907189, "4,5": 1.2305683758926715, "4,6": -1.5146121257910514, "4,7": 0.12614890275513657, "5,6": -0.6189843727770508, "5,7": 0.2639016336771145, "6,7": -0.2667015690148977}, "bias": {"0": -0.7993407095333671, "1": -0.40588938095283544, "2": -0.43246702744424215, "3": 0.49235590049063527, "4": -0.04338064753714432, "5": 0.4865542909659011, "6": -0.4651541187866761, "7": -0.9826728582668978}}