{"Q": {"0,1": -0.2737151025073694, "0,10": 1.6658479005503133, "0,11": 1.0505480796987312, "0,12": 1.8618203931049697, "0,13": -1.545261257164921, "0,14": 0.7412475279441271, "0,15": -1.8189938276692281, "0,16": 1.8903920736785418, "0,17": -1.1008538007318118, "0,2": -0.05271146501747026, "0,3": 0.005868381006858936, "0,4": -1.472402622566884, "0,5": -1.6428590582156462, "0,6": 1.7029652401584774, "0,7": -0.8044695937372732, "0,8": 1.3949234447031102, "0,9": 1.5904275792890292, "1,10": -1.1266647632348428, "1,11": 0.8034574503706491, "1,12": -1.910900777357328, "1,13": -0.38000168892893393, "1,14": -0.3300111978574325, "1,15": -1.9752169152111696, "1,16": -0.09773742817804454, "1,17": 0.19164551919786232, "1,2": 1.2395870953597887, "1,3": 1.0449120340268783, "1,4": 0.7569154339426722, "1,5": -1.965604769596847, "1,6": 0.4177970593729392, "1,7": -0.21312418853332504, "1,8": -1.9960255622262104, "1,9": 1.6410879812716872, "10,11": -1.077795912553726, "10,12": 0.8044343677331316, "10,13": -0.5495628058845741, "10,14": -0.2890584929841373, "10,15": 0.3401491231363787, "10,16": -0.04694913070348239, "10,17": 0.5584041225158849, "11,12": -0.14973919150843384, "11,13": 1.2218901244597515, "11,14": -1.2714569187049811, "11,15": 0.3855669290028203, "11,16": 0.4905040735147037, "11,17": 0.5806725818822005, "12,13": -0.0454973824286542, "12,14": 0.31083703567520704, "12,15": -0.46597438376776745, "12,16": -0.3326881486921973, "12,17": 1.1282186819752127, "13,14": 1.437333825130744, "13,15": 0.6407024715459535, "13,16": -0.7040947418443615, "13,17": -0.847231296954444, "14,15": 0.3833407452241495, "14,16": -0.13355979672482432, "14,17": -0.3090348827725249, "15,16": -1.6846379701936662, "15,17": 0.6686507917043061, "16,17": -0.8488522787694546, "2,10": -0.4425642128975884, "2,11": -1.3208936394325574, "2,12": -1.5356896222763567, "2,13": 1.5988265163440465, "2,14": -0.7267295644822722, "2,15": 0.828375512078849, "2,16": 1.7678527363749605, "2,17": -1.0929533814788917, "2,3": -0.07388446871195109, "2,4": -0.1592962904546984, "2,5": -1.98287686433192, "2,6": -1.3620763726952059, "2,7": 0.7308466392294748, "2,8": 1.1438367574064001, "2,9": 0.9256882663587405, "3,10": -0.4432729752660389, "3,11": -1.40393224093533, "3,12": -0.28239309197625717, "3,13": -1.3949785940089923, "3,14": -1.762534192967279, "3,15": -1.7693706788801218, "3,16": 0.7621742132081453, "3,17": -1.4655823766580913, "3,4": 1.2312136318978233, "3,5": 1.2760530372347483, "3,6": 0.5183123975230615, "3,7": 0.23455340481750886, "3,8": -0.9494207781043422, "3,9": 0.38866749062592243, "4,10": 1.9717738558356612, "4,11": 0.7683038503347297, "4,12": -1.6476728442325328, "4,13": -1.6755783402558775, "4,14": -0.8802917100604333, "4,15": 0.008586216246667444, "4,16": -0.9934764080374703, "4,17": -1.5886233631556537, "4,5": -0.5854092424396491, "4,6": -0.11654804139109487, "4,7": 1.8049643020796475, "4,8": 0.7468502057833519, "4,9": -0.9412364744203452, "5,10": 1.2343660176838704, "5,11": 0.5836733331831616, "5,12": 0.9547180737417178, "5,13": 0.6388791849729984, "5,14": -0.1380114878663541, "5,15": -1.1113318994826673, "5,16": 1.4789118984070888, "5,17": -1.8479364704831442, "5,6": 0.3173233086483531, "5,7": -0.8194158232109756, "5,8": 0.6809141753797627, "5,9": -1.8576950612600012, "6,10": 1.7513213842581976, "6,11": 1.4571299590497357, "6,12": 0.14344805012037298, "6,13": 0.7681018221701823, "6,14": -0.23470056563687258, "6,15": 0.16246670290153364, "6,16": 0.06642765740104295, "6,17": 0.5928473889634969, "6,7": -0.3994432506794561, "6,8": 1.0272296692171428, "6,9": -0.4646372438387054, "7,10": 1.4673808186753856, "7,11": -1.1122344898688974, "7,12": -1.5889447791558742, "7,13": 0.45829297390048085, "7,14": -1.8542448653143357, "7,15": -1.8685437849303068, "7,16": 1.3893297228723949, "7,17": 0.019452056211752833, "7,8": -0.23581271276492854, "7,9": -0.9235426519292878, "8,10": -1.6382117163960093, "8,11": -0.02164108126520148, "8,12": 1.7210425769893698, "8,13": 1.1592956038321929, "8,14": -0.48676711189696187, "8,15": -1.6665938433857344, "8,16": 1.911895718371012, "8,17": 1.6220385997669409, "8,9": -1.0358325403013957, "9,10": 1.2792654234932441, "9,11": 0.5200319841520877, "9,12": -1.9890351396234136, "9,13": -0.44537776997807654, "9,14": 0.1271931189992146, "9,15": -0.12697354501150038, "9,16": 0.37177147725621573, "9,17": 1.6865449182496581}, "bias": {"0": -0.6446925803927128, "1": 0.8802462856706383, "10": 0.6703111500244463, "11": -0.7116022264057011, "12": -0.40641009814841755, "13": -0.5690956334259656, "14": -0.14276709391522546, "15": 0.1891596379213527, "16": -0.20080773457089696, "17": -0.17733401007287442, "2": -0.8519374977562084, "3": -0.2326843506852021, "4": -0.6694871397909237, "5": 0.18868873982418588, "6": 0.20036235408831815, "7": -0.9040568713358796, "8": -0.2882973052626938, "9": -0.29044586168148423}}