{"Q": {"0,1": 0.14450991821990966, "0,10": -0.11474254559308816, "0,11": -1.9579616830348607, "0,12": -0.2789372914881971, "0,13": 1.3233700871127163, "0,14": 1.9487874062000041, "0,15": 0.8064587500106151, "0,16": -0.9280734598770586, "0,17": 0.7053681241671033, "0,2": 1.9924475359702725, "0,3": -1.9397669144054137, "0,4": 1.8948542162660749, "0,5": 0.8594222401866971, "0,6": -0.3303888440476199, "0,7": -0.5937594542453639, "0,8": -0.2491704396564387, "0,9": 1.3210834029355643, "1,10": 0.9262520420207623, "1,11": -0.31348181811776366, "1,12": 0.7090938037768759, "1,13": 1.1166621417047105, "1,14": -1.5793613003542042, "1,15": 0.4914095071887279, "1,16": -0.7246953528836624, "1,17": -0.42920387282433214, "1,2": 1.2704090950433087, "1,3": -0.4629176576171803, "1,4": 1.473384120678742, "1,5": 0.3824225853198788, "1,6": -1.1826692440836553, "1,7": 1.5716085558958945, "1,8": -0.8899268053035341, "1,9": 1.2618713520372258, "10,11": -1.6682511813864371, "10,12": -1.3724730677337962, "10,13": 1.7329126300026378, "10,14": 0.4225409619963494, "10,15": -0.6449665176455128, "10,16": -0.35148695282821274, "10,17": 1.348428132875442, "11,12": -0.9163941298384155, "11,13": 0.04001274985309866, "11,14": -0.42871864567194873, "11,15": -0.3994026505043706, "11,16": -1.1544430646747608, "11,17": 1.9596357140692473, "12,13": 1.876896661119504, "12,14": 1.4123270097296734, "12,15": -1.6424778986412027, "12,16": 0.33418239820415074, "12,17": 1.221021213619406, "13,14": -1.6146469974690034, "13,15": -1.2211827421745665, "13,16": 1.8540876778723798, "13,17": -1.022967517755868, "14,15": -0.28273970036173823, "14,16": -1.3298690098001154, "14,17": 1.21344690201721, "15,16": -1.4118780818331742, "15,17": 1.5036227765216061, "16,17": 0.9252658316426574, "2,10": 0.6221703982921949, "2,11": 1.273586454173842, "2,12": -1.2106659360267789, "2,13": 1.37622253733826, "2,14": 0.05590013558284612, "2,15": 1.8235488058695997, "2,16": -0.47096931513380014, "2,17": 0.4985526678833496, "2,3": -1.5733097159771123, "2,4": 1.9827848312677445, "2,5": 0.82144869364673, "2,6": -0.7740290129504812, "2,7": -0.030694598872708312, "2,8": -1.7058758692253, "2,9": 1.882984182724337, "3,10": -0.9886274892421976, "3,11": 1.2746286899602288, "3,12": -0.3881231953356945, "3,13": -0.6229576137886643, "3,14": -1.1129090476538077, "3,15": -0.24772008149819502, "3,16": 1.7971147764947677, "3,17": 1.3709807090057904, "3,4": 0.43527213714796087, "3,5": -0.07539831548736409, "3,6": -1.1401212005128194, "3,7": -1.9663829703306397, "3,8": -1.4357609615146831, "3,9": 0.0856817799804972, "4,10": -0.684620811448196, "4,11": 1.4414504378147366, "4,12": -0.8792882022739397, "4,13": 0.2590475766260796, "4,14": -0.1544643230296887, "4,15": 0.7880291583783552, "4,16": -1.4415249289681435, "4,17": 1.4781237802023948, "4,5": -0.12517727006210544, "4,6": -0.409003925652653, "4,7": 0.15137472233802196, "4,8": -1.9208392747999836, "4,9": 1.483619021741788, "5,10": -0.12615387680429357, "5,11": -0.0109408446724375, "5,12": -1.9120000766645844, "5,13": -1.042781645533232, "5,14": -1.8858342138915853, "5,15": 1.4744653465808648, "5,16": -1.8166033538447244, "5,17": -1.5229659165398424, "5,6": 0.22081458570057366, "5,7": 0.03976551742085288, "5,8": -1.9882696778469926, "5,9": -0.10043907812517228, "6,10": 1.032331535496421, "6,11": -1.924833596884758, "6,12": -1.5769193323372344, "6,13": -1.6756126320712283, "6,14": 1.7368416479706208, "6,15": -1.7165673144749953, "6,16": -1.519828067503596, "6,17": -1.1448512419587713, "6,7": -0.30129059308607964, "6,8": 0.7208961473068278, "6,9": 1.782108908583623, "7,10": -0.4582575475694859, "7,11": -1.0186049855186696, "7,12": 1.0775109591337024, "7,13": 0.45279653432458433, "7,14": 1.1772380407756362, "7,15": -0.19744694345603442, "7,16": -1.8024072828024198, "7,17": -1.7019190051755722, "7,8": 1.414709181462785, "7,9": -1.9775536595098058, "8,10": -0.6065494092477497, "8,11": -1.6421371523393247, "8,12": -1.8769972262086432, "8,13": -1.454116223196154, "8,14": -0.00998124712097459, "8,15": -1.495168672801114, "8,16": -0.6412968382733042, "8,17": 0.6047305022100855, "8,9": 0.9867533569809015, "9,10": -1.1108226145159397, "9,11": -0.5486899935293064, "9,12": -0.4704568229010029, "9,13": 0.839487139082161, "9,14": 0.5334473806852373, "9,15": -1.26504174867511, "9,16": 1.5259549077378138, "9,17": -0.3100554665854087}, "bias": {"0": 0.29298800757679566, "1": 0.11289705121511928, "10": -0.09387334880763532, "11": 0.18399812216880207, "12": 0.4007728472092724, "13": 0.2553720035793847, "14": -0.22779019693173153, "15": -0.14055034089711005, "16": 0.9117006236903367, "17": -0.45128461841680134, "2": 0.22584204006744013, "3": 0.19290175227623862, "4": -0.10948055246929633, "5": -0.4876030525398023, "6": -0.5078117015185928, "7": 0.566027442592032, "8": 0.04403105294237242, "9": 0.014285175486961954}}