{"Q": {"0,1": 0.3969979575286833, "0,10": 0.5142130820161661, "0,11": -0.18609353914519255, "0,12": -0.8096504771690594, "0,13": -0.9898657571165583, "0,2": -1.6595456571626737, "0,3": -0.4353268091359781, "0,4": -1.3201779809255, "0,5": 1.7278898534237515, "0,6": 0.7051645395869786, "0,7": 1.4366114753449932, "0,8": -1.3941793042232424, "0,9": -1.4206368500661335, "1,10": -1.8054702517035133, "1,11": 1.8054066626349181, "1,12": -0.626275466174623, "1,13": -1.2727836464287434, "1,2": -0.9145489386752956, "1,3": 0.9297937304530466, "1,4": -1.1138773826982784, "1,5": -1.3877751827581322, "1,6": 1.636255756485283, "1,7": 1.009695351942328, "1,8": 0.24897262944900378, "1,9": -0.6218723232614884, "10,11": -0.6089037074096009, "10,12": -0.0014607665068027131, "10,13": -1.3510938977978562, "11,12": 1.4668202092162272, "11,13": -1.4174671192724237, "12,13": 0.0030790631882990915, "2,10": -1.2037691786305658, "2,11": 1.7100158652321484, "2,12": 1.8068859948502434, "2,13": 1.2087513453083156, "2,3": -1.8425684587344033, "2,4": 0.07981642004260969, "2,5": -1.994434769290975, "2,6": 1.4097322205309313, "2,7": 1.4604185237383565, "2,8": 0.01088101134096986, "2,9": -0.07036798135985078, "3,10": -1.0590864229538286, "3,11": -1.9619267438523011, "3,12": -1.0945869611085879, "3,13": -0.728902853611086, "3,4": 0.5883866503142108, "3,5": -1.3194413656435082, "3,6": -1.6715339814449135, "3,7": -1.0143366008747878, "3,8": 1.673379446359342, "3,9": -0.5905846699739854, "4,10": -0.036514551460713474, "4,11": 1.175475427108239, "4,12": 0.29658921610655264, "4,13": 0.7631645961470661, "4,5": 0.6415231373535595, "4,6": 0.7425215283308861, "4,7": -1.8153753827578982, "4,8": 1.1847115664486707, "4,9": -1.3148486795166838, "5,10": 0.47889021089222394, "5,11": -0.9158548300451077, "5,12": 0.07303453036217533, "5,13": -1.6241527375714577, "5,6": -1.3987751485412705, "5,7": 0.8017539982375714, "5,8": -0.2635106746328888, "5,9": 1.9309861951647571, "6,10": 0.624191707814203, "6,11": -1.9737109772604047, "6,12": 0.40520578655580186, "6,13": 0.2960246435933085, "6,7": -0.7844097983304503, "6,8": 0.28196198943246964, "6,9": -1.6485908255551207, "7,10": -1.805509809597456, "7,11": -1.5741668062892304, "7,12": 1.4286273084520582, "7,13": -0.7873657127046756, "7,8": -1.391245691070763, "7,9": 1.4490920862714196, "8,10": -1.780642803028715, "8,11": -1.8657535408167822, "8,12": 1.5914193747794507, "8,13": -0.3420241943307931, "8,9": 1.5959509154027174, "9,10": -1.4981017682732634, "9,11": -1.7622080580742137, "9,12": -0.9830293157884924, "9,13": -0.7865750525164041}, "bias": {"0": 0.43230289795423826, "1": 0.515603160665318, "10": 0.6075419825196702, "11": -0.307930618543246, "12": -0.1084528401604461, "13": 0.9376230544844644, "2": 0.6306903735028622, "3": 0.744543900958132, "4": 0.5337694873433854, "5": -0.7977653769313822, "6": -0.3116240404301889, "7": -0.8611995098620004, "8": -0.953549006641359, "9": -0.5931508998466457}}