{"Q": {"0,1": -1.851544750744286, "0,10": -0.5059599436850992, "0,11": -1.7644167633845025, "0,12": -0.1259692867802249, "0,13": -0.8558473745794668, "0,14": -0.7412338362399065, "0,15": 0.36395451773305343, "0,16": 0.31385122228110474, "0,17": -0.9390462923152545, "0,2": 0.17498246323098154, "0,3": -1.6556598483163723, "0,4": 1.29925627509909, "0,5": -0.6098039566447144, "0,6": -0.9609187024260253, "0,7": -0.3880638747817815, "0,8": 1.467745698915452, "0,9": 0.4595669671426048, "1,10": -0.9735029013391938, "1,11": -0.20906624139917973, "1,12": -1.8457369287896856, "1,13": 0.45385607338343537, "1,14": 1.7998275069332657, "1,15": 1.6319593665615089, "1,16": 0.8988777207951579, "1,17": -1.182368108702871, "1,2": -0.19533364887675164, "1,3": -0.3312056247848778, "1,4": 0.860888990652628, "1,5": -0.5330045989875325, "1,6": -0.005093650804729233, "1,7": -0.13425444175441648, "1,8": -1.3723896835148937, "1,9": 1.8670244739928115, "10,11": -0.0025017753276435073, "10,12": 0.6579816007206332, "10,13": 0.3292100659633861, "10,14": 0.5743405090547005, "10,15": -1.5661608987827322, "10,16": 0.6657301328014538, "10,17": -1.9563256530525233, "11,12": -1.9215411646431928, "11,13": 0.6701720663424466, "11,14": -1.8457091940268797, "11,15": -1.8689864959537639, "11,16": -1.0433907493099754, "11,17": 0.12772792333163752, "12,13": -0.0686297596432568, "12,14": -1.8631054877094972, "12,15": -0.6850378810017554, "12,16": 1.0404959181883284, "12,17": -0.7287714622582233, "13,14": -1.5878581367290074, "13,15": 1.4909179923405191, "13,16": 0.22375894702307075, "13,17": 1.6899833753284192, "14,15": 0.3055536712537821, "14,16": 0.9276350792866612, "14,17": 1.9528039630808567, "15,16": -0.4110043490755282, "15,17": 0.3306748595402511, "16,17": -1.9339066836444387, "2,10": 1.755054770595271, "2,11": 1.9330187476546072, "2,12": -0.9448601174374889, "2,13": 0.7538260447423113, "2,14": -1.6189727496405526, "2,15": -0.7714157266422239, "2,16": -1.4241737978758193, "2,17": -1.690702210255711, "2,3": 0.38825743087667774, "2,4": 1.511321744195219, "2,5": 0.500844050964449, "2,6": 1.0189763409583579, "2,7": -1.4883886120361027, "2,8": 0.4062131096685131, "2,9": -1.14449176782569, "3,10": -0.982403641535583, "3,11": 0.7224640803160098, "3,12": -1.3536648072055453, "3,13": -1.7377863369614341, "3,14": -1.470484400088071, "3,15": 1.6098280728968875, "3,16": 1.653545339269702, "3,17": -1.5315334906508768, "3,4": -0.5713633651865786, "3,5": 0.08837793693437579, "3,6": -1.4434368540011238, "3,7": 0.3786534897310654, "3,8": -1.8569063495537312, "3,9": 1.0341205759036538, "4,10": 1.4432898270375532, "4,11": -0.18779846000430478, "4,12": 1.0803126954564712, "4,13": -1.2941041712316923, "4,14": -1.807661327698475, "4,15": -0.6721480013723968, "4,16": -0.9728838349914222, "4,17": -1.4784965091783722, "4,5": -0.06456438384204155, "4,6": -1.6923815996706613, "4,7": -1.9228355438931821, "4,8": 0.2854293509804111, "4,9": -0.21063132602528523, "5,10": -1.632429782252827, "5,11": 1.0001200961071528, "5,12": -0.5465347974560619, "5,13": 0.03310753682027068, "5,14": 1.9930137902593272, "5,15": -0.7563044461523201, "5,16": 0.1963236492404996, "5,17": 0.2855743800220196, "5,6": -0.9568638761983457, "5,7": 0.13356754722366393, "5,8": 0.777572888538939, "5,9": -0.19202439117905445, "6,10": 1.0776093002730311, "6,11": 0.6334599740121818, "6,12": -0.23102677935475002, "6,13": -1.5729731024451539, "6,14": 0.6025507437328517, "6,15": 1.1961511775919087, "6,16": 0.9816373355321115, "6,17": -1.1188577329000053, "6,7": -1.6038577892288424, "6,8": -1.5609200354489996, "6,9": 0.9000569438704273, "7,10": 0.8087209192784277, "7,11": 0.4912661775701692, "7,12": 0.19893660264221014, "7,13": -0.5960388702282655, "7,14": -1.0292808014995751, "7,15": -1.649907874534072, "7,16": 1.6711220271695728, "7,17": -1.0502391292139825, "7,8": 0.6657777552921496, "7,9": 1.4260200114164903, "8,10": -0.9505115640486372, "8,11": -0.5346863711821785, "8,12": -1.724361331143605, "8,13": -1.6939215265529706, "8,14": 0.310891857202515, "8,15": 1.6526524829226013, "8,16": 0.11971117603580961, "8,17": 0.2597831386251701, "8,9": 0.39947566457294625, "9,10": 0.3490037039777434, "9,11": 0.18235076249687765, "9,12": -1.8658612263180898, "9,13": 0.16261491437295073, "9,14": -0.24182474223474326, "9,15": 0.6499942339466869, "9,16": -1.8928307433922793, "9,17": -1.7753787603653572}, "bias": {"0": 0.12169489074682183, "1": 0.6107235893918299, "10": -0.29700800186076304, "11": 0.792259601156861, "12": 0.7494541953675122, "13": -0.533943044633705, "14": -0.14067117319662437, "15": -0.7374057431412921, "16": -0.12679158177987038, "17": -0.49866978983830923, "2": 0.3661907506988731, "3": 0.9692174650321923, "4": 0.6494969240217436, "5": -0.529983673419864, "6": 0.9736799383696477, "7": 0.930388074029507, "8": -0.8667647666304028, "9": 0.4795290953573361}}