{"Q": {"0,1": -0.878193854594608, "0,10": -0.9258850128804998, "0,11": 0.8902488190699707, "0,12": -0.3956363771540028, "0,13": -0.633988533505994, "0,14": 1.0601822272288781, "0,15": -0.3522411924390769, "0,16": 1.4522122293380928, "0,17": -0.42732324590147064, "0,2": 0.5524460480264892, "0,3": -0.9437585080402733, "0,4": -0.292914922967491, "0,5": -1.4529344218304465, "0,6": -1.4781214794093893, "0,7": 1.0176079699550589, "0,8": 0.5440347016538296, "0,9": -0.17907800016529363, "1,10": 1.066640978328767, "1,11": 0.9773208120051002, "1,12": -1.0724934059947202, "1,13": -0.9460698462014787, "1,14": -1.1724889468804922, "1,15": -1.7517876883002312, "1,16": 1.6663805318512255, "1,17": 1.738108606834667, "1,2": 1.5537348600212453, "1,3": 1.9356863891232816, "1,4": -0.211564299081191, "1,5": -1.21428834258024, "1,6": 1.5057882116641945, "1,7": 0.4022111354748774, "1,8": -0.20748767770566756, "1,9": -0.746841947527479, "10,11": -1.2743332702762529, "10,12": 1.079087205303472, "10,13": -0.20314759845908137, "10,14": 1.231153657429871, "10,15": -0.4991566040259259, "10,16": 1.1544279353244993, "10,17": -0.6397570297082047, "11,12": -0.9964737192470441, "11,13": -0.505376045174756, "11,14": 1.0465411355721788, "11,15": 0.8544481719872148, "11,16": 0.8198699026920746, "11,17": -1.519253783002834, "12,13": -1.6541236141180682, "12,14": 1.5379454298330635, "12,15": -0.19844476388595744, "12,16": 0.020959490971727224, "12,17": -0.6724549156861408, "13,14": 1.189687961735733, "13,15": -1.5274443676914284, "13,16": 1.2421615171059925, "13,17": 1.5918281625799722, "14,15": 1.2354409870376668, "14,16": -0.8029964436247701, "14,17": 0.5863899253250677, "15,16": -1.1791473611252572, "15,17": -1.856314193843386, "16,17": 1.9934867219070251, "2,10": 0.876725933805715, "2,11": 1.298853780149754, "2,12": -0.4034435688954261, "2,13": -0.3892587521836308, "2,14": 1.848342553030795, "2,15": -1.7177140975279657, "2,16": 1.4365559717891663, "2,17": 1.4285643663876342, "2,3": -1.062025129755035, "2,4": -0.9836551215567111, "2,5": -0.44178860841613465, "2,6": 1.90790004163577, "2,7": 1.3703174062600945, "2,8": 1.3319965503192526, "2,9": 1.451130417137474, "3,10": 0.17633920817556792, "3,11": 1.8972322067686385, "3,12": -0.6677750302774768, "3,13": -1.7369051455602325, "3,14": 0.3006784671091176, "3,15": -1.8644604525523847, "3,16": 1.7731404620170417, "3,17": 0.06603844292977046, "3,4": -0.686535282478903, "3,5": 0.4087658038076887, "3,6": 0.11628602848179748, "3,7": 1.3979341564674197, "3,8": -1.5475708033814, "3,9": 1.838736565775862, "4,10": 0.41104145676907855, "4,11": -1.0881583199021838, "4,12": -0.8847368308284733, "4,13": -1.4153729753615214, "4,14": -1.3853553620583514, "4,15": 1.3802075991917886, "4,16": 1.0869718868302294, "4,17": 1.544211078897057, "4,5": 0.18314762676891405, "4,6": 1.581051522592619, "4,7": -0.9071920246113945, "4,8": -0.47375279349003874, "4,9": 0.8039705724041517, "5,10": -0.20476554855798001, "5,11": -0.6784207012946073, "5,12": 1.2800681353942878, "5,13": 1.300531169173209, "5,14": 1.420466271164551, "5,15": 0.4226907862968554, "5,16": 1.5057322444516443, "5,17": 0.9180117759426936, "5,6": -0.23765716860068586, "5,7": -0.2924427658726696, "5,8": -0.9846883372021824, "5,9": 0.3055891357223297, "6,10": -0.5913961120757185, "6,11": 1.3604662382614636, "6,12": -0.9017339109614855, "6,13": 0.07885133937267197, "6,14": 0.18440126900100706, "6,15": -1.7340299885008226, "6,16": 1.806845727945797, "6,17": -0.3047632816685555, "6,7": 0.029250843051660702, "6,8": -1.5962323675360555, "6,9": -1.9156363591366485, "7,10": 0.47570424212919127, "7,11": -0.10578279964238524, "7,12": -0.6862544401827773, "7,13": -1.1263977981022713, "7,14": -0.2942768061882668, "7,15": -0.04783050477240902, "7,16": 1.429639173686347, "7,17": -1.574181336001094, "7,8": 0.029180398330449275, "7,9": 0.3764782677084044, "8,10": -1.3114400569934856, "8,11": -1.4079040337458162, "8,12": -0.6938287499001898, "8,13": -0.1863094401435057, "8,14": -0.5242842577397959, "8,15": -1.9471771523983112, "8,16": 1.280509533592915, "8,17": 1.557240576138319, "8,9": -1.3104262318527056, "9,10": -0.8585239542982404, "9,11": -0.6710726949909636, "9,12": 0.09871324451226471, "9,13": -1.021858238167376, "9,14": 1.207316782757609, "9,15": -0.9976304821329802, "9,16": 0.22176452614947184, "9,17": -0.19658295318659924}, "bias": {"0": 0.6368698984294683, "1": 0.7832511919787319, "10": -0.3744428290203612, "11": -0.31853125950974737, "12": 0.6946403041349156, "13": 0.15417132094682207, "14": -0.7779689116478845, "15": -0.4468388458417356, "16": 0.3431070349110805, "17": 0.18198335827553613, "2": -0.44679661151762473, "3": 0.8320990915203568, "4": -0.9449939798546267, "5": 0.1433431435333017, "6": 0.6664885885238303, "7": 0.12391160808361401, "8": -0.04221934621479839, "9": -0.16182880577879621}}