{"Q": {"0,1": 0.3336048771522866, "0,10": -0.02413150694650934, "0,11": 1.848960761417072, "0,12": -0.6082209653608128, "0,13": -1.8703983914398954, "0,14": -1.215846551084316, "0,2": -1.4550957818386512, "0,3": -0.9810848308027889, "0,4": -0.7152653657032659, "0,5": -0.4863470913003862, "0,6": -1.1737788512398875, "0,7": 1.9122790144619928, "0,8": 1.2998235729272003, "0,9": -0.4852143605906707, "1,10": -1.9555639499047826, "1,11": 1.4173549135997212, "1,12": -0.5310838168752787, "1,13": -1.9708824711170205, "1,14": 1.1209947566000653, "1,2": 0.6343099311814195, "1,3": -0.5414597588199426, "1,4": -0.00029446863783411104, "1,5": -0.8040671860563631, "1,6": 0.9847184577203403, "1,7": -0.8988851762887573, "1,8": 0.000856256202296013, "1,9": -0.6882710841323658, "10,11": -0.5580668743792199, "10,12": 0.7034829839932475, "10,13": -0.2487866296945742, "10,14": 1.4413259784012404, "11,12": -1.289427038079206, "11,13": -1.8817655051285787, "11,14": 1.3369358206469855, "12,13": 1.6598160870735432, "12,14": 0.5764695401677256, "13,14": 1.9615767331272491, "2,10": -1.1468552827616025, "2,11": -1.2555428008310603, "2,12": -1.5970566780185251, "2,13": -0.33633457436586944, "2,14": -0.5978926701879854, "2,3": 0.9512490856845677, "2,4": -1.7320037486049693, "2,5": 1.6525039486464372, "2,6": 1.2570096488540972, "2,7": 1.1658005614931963, "2,8": 0.7182684116736362, "2,9": 0.05711094257363181, "3,10": 0.320864909070802, "3,11": 1.9170770780288802, "3,12": -1.1585973934537375, "3,13": -0.8102423832482808, "3,14": -0.668214381343899, "3,4": 0.09848111352330724, "3,5": -1.6142675940342999, "3,6": -1.104595458669841, "3,7": -0.17178141675299985, "3,8": -0.19090203559376517, "3,9": -0.579135205608071, "4,10": -0.943584833955907, "4,11": -0.3014017261946704, "4,12": 0.8626962093068493, "4,13": -0.9242534966952918, "4,14": -0.662859744561437, "4,5": -1.746228130791767, "4,6": 1.7292473208165697, "4,7": -0.6366597446529498, "4,8": -0.25166554466737256, "4,9": 1.1052723755385774, "5,10": 1.2270629771765327, "5,11": 0.21694614409414914, "5,12": 0.5781537950158269, "5,13": 1.858612297110274, "5,14": -0.9481976240875607, "5,6": 1.3653181237465328, "5,7": -0.7677150192076834, "5,8": -1.0836417202673458, "5,9": -1.2755405011249357, "6,10": -0.49098826923528494, "6,11": -1.8044958683787224, "6,12": 0.6147932411994224, "6,13": 1.9735723252247266, "6,14": 0.6717505295450055, "6,7": -0.9829191259184267, "6,8": -1.6419740479568095, "6,9": -0.9402391119201514, "7,10": 1.1453990152476656, "7,11": -1.040643776488856, "7,12": -1.421664814410764, "7,13": 0.6409885583877237, "7,14": -1.6740537431125908, "7,8": -1.2485422079343973, "7,9": -1.8170784548873438, "8,10": -0.016131225857145992, "8,11": -0.3438447853454676, "8,12": 0.4641737847972238, "8,13": -0.8961099724034716, "8,14": 0.9410894413766311, "8,9": -0.43439230817400043, "9,10": -0.6068149689847631, "9,11": -0.4580274758521714, "9,12": 1.9860545906467069, "9,13": -0.715568328340213, "9,14": -1.5163669963352522}, "bias": {"0": -0.34497994432636814, "1": -0.8340423233344292, "10": 0.2872606505392139, "11": 0.25210838944865444, "12": 0.08222514534205483, "13": -0.7527423167519018, "14": -0.7005161365253569, "2": -0.2200772014057235, "3": 0.2547627771627048, "4": 0.6475584488823236, "5": 0.4530349764196424, "6": 0.009094566966214579, "7": 0.6167060634281802, "8": 0.828846046941986, "9": 0.715029214187626}}