{"Q": {"0,1": 1.2410273741717663, "0,10": -0.4237314900088487, "0,2": 1.3633882041352372, "0,3": -0.004916213755551624, "0,4": 1.6019563808693627, "0,5": -0.5917379948915555, "0,6": 0.10321902251127879, "0,7": -1.6667333349969553, "0,8": 1.0396996239007255, "0,9": -0.1656187438990342, "1,10": 1.2243588096958775, "1,2": -0.7666017402452341, "1,3": -1.439341975031851, "1,4": 0.8774834850323763, "1,5": -1.9300613725359375, "1,6": -0.4227991692238362, "1,7": 0.6532689604778756, "1,8": -0.957090013008802, "1,9": -1.173240613543288, "2,10": 0.6708806414221171, "2,3": -0.10289254546399906, "2,4": -0.06675932353163017, "2,5": -1.0920422498163158, "2,6": 1.6217733121889073, "2,7": -1.5326400450565703, "2,8": -1.8427566397279267, "2,9": -1.728132218813665, "3,10": 1.9935165842839004, "3,4": -1.2758567315220746, "3,5": -0.2089637489733076, "3,6": -1.2057796328635857, "3,7": -0.3937120659961155, "3,8": 0.8932492626974851, "3,9": 0.11757418337061232, "4,10": 1.9061250170211914, "4,5": 0.7685659594895902, "4,6": -0.33481683034962995, "4,7": 0.4680906202089026, "4,8": -0.3454379839644255, "4,9": 0.6385561297038187, "5,10": 0.8244707523667341, "5,6": 1.955545538620492, "5,7": -1.9541667922058963, "5,8": 1.2290035959288255, "5,9": -0.4114877501256644, "6,10": 0.7672658356832165, "6,7": 1.7744755160242494, "6,8": -0.991892305802903, "6,9": 1.4822233644499674, "7,10": -0.7665566941919839, "7,8": -1.1119805000072698, "7,9": -1.2452600571180996, "8,10": 1.7655320224262234, "8,9": -0.7418994451829621, "9,10": 0.3222281197349619}, "bias": {"0": 0.36981231596502684, "1": 0.7486371697015806, "10": 0.16452614243501085, "2": 0.8239307448580773, "3": -0.9203746216017075, "4": -0.25059015844112076, "5": 0.9620887499456716, "6": 0.18760404627912175, "7": 0.5461304466999399, "8": 0.4395498050923281, "9": 0.3980327030322819}}