{"Q": {"0,1": 0.04619870113967872, "0,10": -1.2730235654809485, "0,11": 0.06501230387297019, "0,12": 1.5014096812752005, "0,13": 1.6321706246378702, "0,14": 1.0471137486264612, "0,15": 0.039562285639529016, "0,2": -0.026926069918169038, "0,3": -1.7614927437236885, "0,4": 1.4421053370245267, "0,5": 1.5732873584108362, "0,6": -0.916841776505628, "0,7": 0.703078202866037, "0,8": 1.66426535378503, "0,9": 0.9865661340676883, "1,10": -0.528427970849962, "1,11": -0.4309387929458981, "1,12": 0.4598661469072596, "1,13": -0.8989093795605445, "1,14": 1.2470915231388413, "1,15": 0.5167954158693413, "1,2": 0.32252783902654425, "1,3": -1.2462461822010624, "1,4": -0.5859347786191806, "1,5": 1.7958263239584302, "1,6": -0.19745782213331342, "1,7": 0.02912795936691248, "1,8": -0.5917688238046002, "1,9": 0.9360621736797854, "10,11": 0.5040367843777456, "10,12": 0.048326785003899975, "10,13": 1.1195706584752192, "10,14": -0.9058784311317676, "10,15": -0.8447064641537185, "11,12": 1.0071872279902854, "11,13": -1.0189127947448502, "11,14": 1.26960411576772, "11,15": 1.9360229072511195, "12,13": 1.634412883444257, "12,14": 0.15745745869204208, "12,15": 0.07386590500465173, "13,14": 1.4911745721950198, "13,15": -0.45282101360131666, "14,15": -1.7794531777178397, "2,10": 0.4780045462448812, "2,11": 0.7335510761700275, "2,12": -0.2894223213622156, "2,13": 1.107914319171063, "2,14": -1.79652702255424, "2,15": 1.0138647996621315, "2,3": 0.4035134109636531, "2,4": 1.4497252164512702, "2,5": -0.5602398462376827, "2,6": -0.06502333238767255, "2,7": -1.72275204172754, "2,8": -1.0661295785245484, "2,9": 1.6098096684700272, "3,10": -0.7260262914426177, "3,11": 1.923627645460853, "3,12": 1.7367177465096, "3,13": -0.16374545539837726, "3,14": -1.3232709507276748, "3,15": 0.348845872943083, "3,4": -0.5347838389427171, "3,5": 0.8502053846460105, "3,6": -0.8381862119455632, "3,7": -1.519336395249458, "3,8": -1.1290586147923665, "3,9": 0.2735396547243609, "4,10": 0.03076956173822687, "4,11": -0.4681376389808163, "4,12": 1.6436049573166427, "4,13": -0.8633445701875178, "4,14": -1.5553522391963401, "4,15": -0.3280296375389238, "4,5": -0.29051368399903144, "4,6": 0.8212569739840054, "4,7": -0.0016062891172334837, "4,8": -1.007596548321978, "4,9": -1.3658290358280603, "5,10": 1.864231681888259, "5,11": -1.7841402688254924, "5,12": -1.6584210801368147, "5,13": -1.5688483864666702, "5,14": 0.4286116554278636, "5,15": -1.9922112613234346, "5,6": 0.5370931190770887, "5,7": 1.0882529269257928, "5,8": 1.4841894413721541, "5,9": -1.2206236497247307, "6,10": -0.6006979068644367, "6,11": 1.8603400971523616, "6,12": 0.12164546135017895, "6,13": 0.4196597839592928, "6,14": -0.5520989518260642, "6,15": 1.2934301098658292, "6,7": 1.7395190342281892, "6,8": -1.1708181932632118, "6,9": -1.2936682246353404, "7,10": 1.019812645785518, "7,11": 0.28377965818453355, "7,12": -0.9740309435759014, "7,13": -0.6120961577650812, "7,14": 1.666523075514085, "7,15": -1.6431093777727521, "7,8": -0.9609579616971646, "7,9": 0.11377279286963615, "8,10": 0.10278138079749244, "8,11": -1.4635167453965319, "8,12": 1.6864791473648126, "8,13": 1.6155917963988937, "8,14": 1.7157203451523673, "8,15": -0.7300762620442622, "8,9": -1.5796347374027877, "9,10": -1.8782356407872087, "9,11": -0.12388828694529552, "9,12": 0.3060255685216391, "9,13": 0.4120059592906893, "9,14": -1.3590010739352296, "9,15": 0.32801181463836615}, "bias": {"0": -0.03770938459435924, "1": -0.44393030975081804, "10": 0.7657651241070744, "11": 0.5421339968928831, "12": 0.6717582633955532, "13": 0.6185533031009804, "14": 0.034782047120801796, "15": -0.8756929104860205, "2": 0.4837830741859084, "3": 0.06608830031215929, "4": 0.8756671036585124, "5": -0.8453788764958672, "6": -0.8904230153098738, "7": -0.27841168990296716, "8": 0.2608808020686959, "9": 0.8286231695720057}}