{"Q": {"0,1": 0.003431404705600105, "0,10": -1.4554282828831324, "0,11": -1.3439992597473305, "0,12": -0.10189464589859032, "0,13": -0.7611575894103639, "0,14": -0.5687117234218717, "0,15": 1.820660091154164, "0,2": -1.250038349564723, "0,3": 1.589277958373175, "0,4": 1.4704084315434969, "0,5": 0.8638354191116999, "0,6": -0.14618884573456503, "0,7": 1.9261196923050012, "0,8": -1.242050221786374, "0,9": -1.5413710778793015, "1,10": 1.6998015544980807, "1,11": 0.16951374618629433, "1,12": 0.26321641108269045, "1,13": 1.10946730302217, "1,14": 0.3755747643009668, "1,15": -0.5044402768037992, "1,2": 1.2736112622397777, "1,3": -0.5602528853715669, "1,4": -1.769341444865745, "1,5": -0.37352813728615564, "1,6": 1.2007160917314907, "1,7": 0.4503027016322232, "1,8": 0.14289756894186567, "1,9": -0.5040130388589255, "10,11": 1.1884498903347347, "10,12": 0.26444489134695504, "10,13": 1.687664274354801, "10,14": 0.6516014781305439, "10,15": -0.2859260481365986, "11,12": -1.8964277480091902, "11,13": 0.7959011911206879, "11,14": -1.3406516525652536, "11,15": 1.3221475253854114, "12,13": 0.06516695233710168, "12,14": 1.7513594622694821, "12,15": 1.0151344627091277, "13,14": -1.7822370984264087, "13,15": -1.9413394933075114, "14,15": -1.2694124148987367, "2,10": -0.9970668523783952, "2,11": 1.8634691441749616, "2,12": -1.6483321996930655, "2,13": 0.8637083659308642, "2,14": -0.4451743751945174, "2,15": 1.9085228132105527, "2,3": 0.5035638202515202, "2,4": -1.3477284334129545, "2,5": -1.4791617521919638, "2,6": -1.4362743751838303, "2,7": -0.538828158038374, "2,8": 1.6204905060352015, "2,9": -0.4905094768638527, "3,10": 1.72249198118879, "3,11": 1.1065928544680315, "3,12": 0.8496032604360528, "3,13": -0.8310158058264894, "3,14": -0.09532259724657743, "3,15": 1.067441902007745, "3,4": 1.886469883221229, "3,5": -1.9694565568494924, "3,6": 0.02372278188217214, "3,7": -0.4991396750691446, "3,8": -0.8122301492592334, "3,9": -1.538447408783305, "4,10": 0.9291895150562572, "4,11": 1.5440124467938952, "4,12": 0.5024715696550728, "4,13": -0.605942434715149, "4,14": -0.8311710302401631, "4,15": -1.5360716581446572, "4,5": 1.7778484543124136, "4,6": 0.20299402500906538, "4,7": -0.9143174751729681, "4,8": -1.626247657528633, "4,9": -0.9251529335941608, "5,10": -0.5895416513142626, "5,11": 1.5144894753596967, "5,12": 1.980627703770506, "5,13": 1.1037503078903335, "5,14": -1.4578276838708346, "5,15": -0.4817460534185032, "5,6": -1.8036396819389249, "5,7": -1.0659645918358098, "5,8": 0.8050492163884968, "5,9": -1.0885860391273825, "6,10": -0.0327180880201583, "6,11": -0.33432047701005274, "6,12": 1.9156394119601257, "6,13": 1.035943071362484, "6,14": -1.866284755437968, "6,15": -0.9931500994713747, "6,7": -0.20912409284264388, "6,8": 0.9187005101289043, "6,9": 1.3084473464649276, "7,10": 0.7057637593702815, "7,11": 1.824262416143788, "7,12": -0.26630140918976375, "7,13": -0.5683053256806034, "7,14": 0.1238466635883011, "7,15": 0.5651009406260612, "7,8": 0.10412843632428759, "7,9": 0.6115375339951665, "8,10": -1.6797544484224192, "8,11": -0.02611565285897033, "8,12": 1.8075095144204787, "8,13": 1.4380604465846094, "8,14": -0.0649062518083312, "8,15": -0.450669498566723, "8,9": 1.1927060406367032, "9,10": 1.7982600297138362, "9,11": -0.9550017028256543, "9,12": 1.914435139581958, "9,13": 1.3150884777216274, "9,14": 1.4467437090837723, "9,15": 1.7481630993555224}, "bias": {"0": -0.5151627157877585, "1": -0.6847110829299383, "10": -0.5070045470316626, "11": 0.17378503158450775, "12": -0.35293812805445723, "13": 0.505740715520548, "14": 0.08983664248937884, "15": 0.6411503453037315, "2": -0.8104444071551096, "3": 0.5269646472653586, "4": 0.429203470536919, "5": -0.20300419784433, "6": 0.7913740733493102, "7": 0.988945741312617, "8": 0.2759351846193425, "9": 0.7776247290350664}}