{"Q": {"0,1": -1.904812055411592, "0,10": -0.5236809844161385, "0,2": -1.6758432766586089, "0,3": 0.26439716457360163, "0,4": 0.8883471071917723, "0,5": -0.22514806618133054, "0,6": -1.1693473478405685, "0,7": -1.9412951885699608, "0,8": -0.49329526235240495, "0,9": 1.6380738002475632, "1,10": -1.7008827400241922, "1,2": -0.2170465386838738, "1,3": 1.1090723734981816, "1,4": -0.1431172766897717, "1,5": 1.869377240465948, "1,6": 0.2540977917140306, "1,7": -0.6864952461437066, "1,8": 0.9770995718370927, "1,9": -1.841712208027995, "2,10": 1.6695567891481096, "2,3": 0.4383170224948425, "2,4": -1.4194450560960172, "2,5": -1.983494000807589, "2,6": 0.43136700190953725, "2,7": -0.761322560231334, "2,8": 1.3916160468589265, "2,9": 1.433953638492489, "3,10": -1.4327998138146847, "3,4": 1.4795620190426044, "3,5": 0.35048597809493387, "3,6": -1.9061086965671228, "3,7": 1.9437526725505605, "3,8": 0.18982366374032367, "3,9": 1.940781972447172, "4,10": -0.0610937036004815, "4,5": -0.2377759740002383, "4,6": 0.6318358874381382, "4,7": -1.3524910604682345, "4,8": -1.3496328832382867, "4,9": -1.4790550632162631, "5,10": 1.7822838236986596, "5,6": 1.0687356270568262, "5,7": -0.03178578135059107, "5,8": 1.0469487201087513, "5,9": 1.012430544730368, "6,10": -0.9062301259876935, "6,7": -0.04955054548422044, "6,8": -0.3514834511493081, "6,9": -0.5740275966640178, "7,10": -1.5028176668157083, "7,8": 0.019788739583456394, "7,9": -0.68177983122155, "8,10": -0.8026726075842494, "8,9": -1.2917619024621074, "9,10": 0.252368867061024}, "bias": {"0": -0.8642635947009862, "1": -0.9046099353535997, "10": 0.8422418919536732, "2": -0.5276788633525977, "3": 0.17812912659467006, "4": -0.4812310822796819, "5": 0.3343204810227647, "6": 0.04397095233004311, "7": -0.3309166801543233, "8": -0.18050611612255074, "9": 0.9770646066854345}}