{"Q": {"0,1": 1.1234124480531915, "0,10": -0.5911579118578261, "0,11": 0.7159494183616486, "0,12": 1.5210088465604543, "0,13": -0.799617197105567, "0,14": 0.12168557707544458, "0,2": 0.38855723646867935, "0,3": 0.4594041367025081, "0,4": -0.12213709810119333, "0,5": 0.5516822939219472, "0,6": -1.5429844461580635, "0,7": -1.4523765833056528, "0,8": -0.6959288733717202, "0,9": 1.9012521056701477, "1,10": -1.3436414135749364, "1,11": 1.7213098360471792, "1,12": -1.6641518939867255, "1,13": -0.9436343343191345, "1,14": -0.5084750773271995, "1,2": -0.2825200374617154, "1,3": 1.3911903297042074, "1,4": -0.14186274328829684, "1,5": 1.9899270978809658, "1,6": -1.8856706018009395, "1,7": 1.2526483388454093, "1,8": 0.2622572256485527, "1,9": -0.3070131581125377, "10,11": 1.0967323022875886, "10,12": 1.3677365854695802, "10,13": -1.3546967910934211, "10,14": -0.9815640137989381, "11,12": 1.0283290338182338, "11,13": -0.9135953101388221, "11,14": -1.5336424615694377, "12,13": 0.7878061255657496, "12,14": -0.6756091141675773, "13,14": 1.0146047577903077, "2,10": 1.518665064504091, "2,11": -0.3119998467712848, "2,12": 0.9427667097862233, "2,13": -1.172995474547799, "2,14": 1.044557303041965, "2,3": 1.775882967046742, "2,4": 0.7513887312573195, "2,5": 1.4594878857934033, "2,6": -0.17363824461977595, "2,7": 0.2090290070490215, "2,8": -0.8128243588459321, "2,9": -0.7089855688294184, "3,10": -1.8771344649791697, "3,11": -0.7169334892101609, "3,12": -1.5224617865125594, "3,13": 0.8006037722510055, "3,14": 1.970202359057693, "3,4": -1.4882981913919706, "3,5": 0.4591966878575615, "3,6": 1.183231708893929, "3,7": -1.0392322381276586, "3,8": -0.923130830817342, "3,9": -0.7156139857069435, "4,10": 1.8222798371557398, "4,11": -1.1192618886970016, "4,12": 1.4142065330947724, "4,13": 0.9067180064818174, "4,14": 0.5287351003118252, "4,5": -1.2613764453404173, "4,6": 0.25583015941770126, "4,7": -0.427333080252962, "4,8": -0.6526958806980372, "4,9": -0.5594344901421389, "5,10": -0.35402595688745286, "5,11": -0.08780704283918705, "5,12": 0.6843909370624823, "5,13": 0.5206919273991701, "5,14": -1.098777878097236, "5,6": 0.9745366085222309, "5,7": -1.0358618329545806, "5,8": 0.6010687541491841, "5,9": -0.5023589526831751, "6,10": -0.9001154984687698, "6,11": 0.7447685412701701, "6,12": 1.6533827849184388, "6,13": -1.264695102117456, "6,14": -1.272815653513974, "6,7": 1.7341389412434531, "6,8": 1.1615324866780834, "6,9": -1.8653014913322838, "7,10": -1.5006607560765777, "7,11": 0.3695331116454934, "7,12": 1.7748197523054814, "7,13": 0.43467727391256217, "7,14": -1.6812620916111398, "7,8": 1.3130610671406724, "7,9": 1.1998571062418435, "8,10": 0.1411309419338318, "8,11": 0.34963988433932425, "8,12": -0.3455528650360207, "8,13": -1.1155409679426653, "8,14": 1.023552951734715, "8,9": -0.011931940410450537, "9,10": -0.7378977090741867, "9,11": -0.3771081137028296, "9,12": 0.8158203429611359, "9,13": -1.8906771936931022, "9,14": 1.7850302283957955}, "bias": {"0": 0.9029790960665085, "1": -0.511175144020406, "10": -0.23035267432251927, "11": 0.6933092705599211, "12": -0.9520244995027731, "13": -0.1605073923180722, "14": -0.9327908721015385, "2": 0.9008693777987595, "3": 0.44270759762602996, "4": -0.7617257407457101, "5": 0.2634621194586424, "6": 0.1949727265620047, "7": 0.9091018697271869, "8": -0.9791301344968619, "9": -0.4359387776773176}}