{"Q": {"0,1": -0.6634707748723896, "0,10": 0.05356172312472385, "0,11": 0.6549025511977384, "0,12": 0.20646624655774515, "0,13": -1.8475228320016495, "0,14": -1.44054751032442, "0,15": -0.4074373618435869, "0,16": 0.5347822455975395, "0,17": -1.9465591569979037, "0,18": -0.9774784067653632, "0,19": -1.2676951729917398, "0,2": -0.5274232782166051, "0,3": 1.6077318307271096, "0,4": -0.1486448962135305, "0,5": 0.9823062074981288, "0,6": 1.3885374687257075, "0,7": -0.6256349205253584, "0,8": -0.4536790547606855, "0,9": -1.4147667180766064, "1,10": 1.1931488469124543, "1,11": 0.5055230343142982, "1,12": 1.7939741022833369, "1,13": -1.1386249966025659, "1,14": 0.7561460002998963, "1,15": 1.7242580732923853, "1,16": 1.8892498453882038, "1,17": -1.3837382376461185, "1,18": 1.22053290053636, "1,19": -1.0723798263216184, "1,2": 1.2460710007960945, "1,3": 0.12918963866029198, "1,4": -1.9768727024806316, "1,5": -0.9484101599672172, "1,6": 1.5886278905373477, "1,7": -1.4787132337199003, "1,8": 1.0622315205053634, "1,9": 1.3811175576182935, "10,11": 0.19208391782645906, "10,12": 0.96276979157691, "10,13": -1.8477906220680826, "10,14": -1.4427281269313066, "10,15": 0.7893098875022959, "10,16": -1.466483896584061, "10,17": 0.5198377996301176, "10,18": -1.7221637893998611, "10,19": -0.09026487983735532, "11,12": 1.8807641060458864, "11,13": 1.6473019643517275, "11,14": 0.39454655274466965, "11,15": -0.8007560692697457, "11,16": -1.7061188434005627, "11,17": -1.7728454896700114, "11,18": 1.9596660875111476, "11,19": 0.5787627324598312, "12,13": -1.7033145133931957, "12,14": -1.8836094596548283, "12,15": -0.5771836104036874, "12,16": -0.27729402563861205, "12,17": -0.7611360998602961, "12,18": -1.1164843410014162, "12,19": -0.5445351717573135, "13,14": -0.9830323474574802, "13,15": 0.37212800649717614, "13,16": 0.07531099561629073, "13,17": -0.7343918217069021, "13,18": -0.08244573429079383, "13,19": -0.40437150037212444, "14,15": -0.02900557728256814, "14,16": -1.728029046564985, "14,17": 0.8036733155327731, "14,18": -1.8878350656788805, "14,19": -1.415201065610118, "15,16": -1.4830560796681183, "15,17": -1.0594742890669138, "15,18": -0.9531754722659613, "15,19": -0.8054189387423913, "16,17": 0.057436395341330826, "16,18": 1.5809812111617627, "16,19": 1.2322765492789274, "17,18": 0.0010227600287664451, "17,19": 0.9765260548387236, "18,19": 1.2204182485916975, "2,10": -0.2075065416247086, "2,11": -1.3749056481882627, "2,12": -0.10129806454116697, "2,13": -1.1215640615118456, "2,14": -0.19778248988942337, "2,15": 0.2854837196038509, "2,16": -0.12003362157537545, "2,17": -0.6754381993302165, "2,18": -1.9016149917422864, "2,19": -0.6847966746120147, "2,3": 0.6743940048194097, "2,4": 1.1341937558737683, "2,5": -1.3498765007761069, "2,6": 0.09980704992723544, "2,7": 0.4153221123676758, "2,8": 0.14976186288188398, "2,9": -1.5666350938710383, "3,10": 1.2514887871259424, "3,11": 1.613186671909677, "3,12": 0.813401323719654, "3,13": 1.640176274577282, "3,14": -1.5500256549632292, "3,15": -0.4218587842401593, "3,16": 0.6216326133713772, "3,17": -1.2992681151145264, "3,18": -1.0001140174912808, "3,19": -0.8428315261470627, "3,4": -0.8832608958074584, "3,5": -1.1279973275325048, "3,6": 1.7673774913378906, "3,7": 1.7393301478278764, "3,8": 0.8940700999191522, "3,9": 0.6246079342618343, "4,10": -0.3378245278830061, "4,11": 0.9846368644517631, "4,12": 0.09160225824218271, "4,13": 0.9556470053404356, "4,14": -0.5436795666575533, "4,15": 0.2580915006476685, "4,16": 0.920046442070293, "4,17": 1.0182445145971575, "4,18": 0.41964775486982964, "4,19": 1.7106410683078752, "4,5": -0.37760649865358387, "4,6": 0.20945801707112688, "4,7": 0.1486568470046179, "4,8": -1.6727504638849706, "4,9": -0.95557822863509, "5,10": 1.1798404002353018, "5,11": 0.7775866021568971, "5,12": -1.1262254234801445, "5,13": 0.0006281481439702752, "5,14": -0.9615165364274603, "5,15": 1.0309718022806833, "5,16": -1.992064282142206, "5,17": -0.2682557627874891, "5,18": 1.902952855324958, "5,19": 1.2049952298946125, "5,6": -0.3368121440442158, "5,7": 0.2727772744769643, "5,8": -1.4325182470635993, "5,9": 0.8406788971275341, "6,10": -0.17018748099692127, "6,11": 0.531216074061684, "6,12": 0.23840086662891302, "6,13": -1.6650325540463533, "6,14": 0.4845524285252467, "6,15": -1.2837086955334143, "6,16": -0.5695442670257433, "6,17": 0.48311673035270086, "6,18": -1.013623412155388, "6,19": -1.7878800488786672, "6,7": -1.0579892992905293, "6,8": -0.6756374631082291, "6,9": -1.7837518445010785, "7,10": -1.469687471443538, "7,11": -0.11836859881004358, "7,12": 1.4199116063119184, "7,13": 1.4258146203248825, "7,14": -0.32020165921050703, "7,15": 0.19847040859673593, "7,16": -1.5189717699769045, "7,17": 0.9345626767340116, "7,18": -0.4299333489473338, "7,19": -0.8611029989117926, "7,8": 0.4125014488752998, "7,9": -0.7674195744072381, "8,10": 1.9096323123628403, "8,11": -0.9672067540524325, "8,12": -0.7340262577067449, "8,13": -0.18619620317582042, "8,14": -1.345401596118326, "8,15": 1.448006239133524, "8,16": 1.1466173126155481, "8,17": 1.622447065896576, "8,18": -1.1004971321196906, "8,19": 1.8069092768551727, "8,9": 0.10321588479859312, "9,10": 0.8459326264881795, "9,11": 0.30339616619567833, "9,12": -1.756384897776695, "9,13": 1.1585326422167812, "9,14": -1.2882935343055548, "9,15": -0.04802809617812365, "9,16": -0.4480993917276712, "9,17": -1.427870781151861, "9,18": -1.9333309051461463, "9,19": -1.1891276253978171}, "bias": {"0": -0.45770376218221354, "1": 0.14331640454733474, "10": -0.15668324845793147, "11": -0.9725399186874, "12": -0.8545428416462544, "13": -0.36339791759663354, "14": 0.07676122415788478, "15": 0.0996206696869597, "16": -0.44858180825713956, "17": 0.6512748861280631, "18": 0.6607762310462608, "19": 0.25170996347350716, "2": 0.3862244607989085, "3": -0.5859252509636927, "4": 0.20090982299869253, "5": -0.3915048921584465, "6": -0.25435302054850273, "7": 0.5256207527634988, "8": 0.9893885566219756, "9": 0.35067880289366693}}