{"Q": {"0,1": -0.6875944070655962, "0,2": -1.9701380386709615, "0,3": 0.9310157224817712, "0,4": -1.9048556820349685, "0,5": -0.10896902808439801, "0,6": 0.6404075413018919, "0,7": -0.017159292355859, "1,2": -1.8359720227351262, "1,3": 0.937524663923524, "1,4": 1.0399727348063013, "1,5": 0.23294403891505455, "1,6": -0.22906869441341549, "1,7": -0.11771770109224322, "2,3": -1.3870840453852327, "2,4": 0.6152698270040262, "2,5": -1.1959106424261736, "2,6": 0.8949840412745784, "2,7": 0.23859397780618385, "3,4": -1.7331487450174028, "3,5": 1.7385464334704368, "3,6": 0.3775414041150005, "3,7": -0.15206800015551236, "4,5": 0.17762664176921117, "4,6": 1.1400864843507073, "4,7": -0.33785597140886336, "5,6": -1.6245564681092226, "5,7": -1.7955108256901777, "6,7": 1.7247185707743942}, "bias": {"0": -0.36187873565992845, "1": -0.9904448410518105, "2": 0.8885241808171409, "3": 0.5109408037810779, "4": -0.9344719923533584, "5": 0.04818260321408108, "6": 0.55676770312944, "7": 0.6843264715894424}}