{"Q": {"0,1": 0.6924450907732105, "0,2": -1.5037554437577052, "0,3": 1.0118258574395478, "0,4": 1.3845285870295725, "0,5": -0.38179006896665735, "0,6": 0.42730407666387604, "0,7": 1.5084257540222366, "1,2": 0.934013909931346, "1,3": 1.2789646926086755, "1,4": -1.833585609717419, "1,5": 0.46375535857711814, "1,6": -1.9326620000075594, "1,7": 0.9904343649036265, "2,3": 0.032190192841837106, "2,4": -1.2708977384172515, "2,5": 0.5062736475689706, "2,6": -1.0171150932290005, "2,7": -1.1733091123510277, "3,4": -0.221017322610932, "3,5": -0.7871919629941457, "3,6": -1.1069523873600895, "3,7": -0.138468738682461, "4,5": 0.611099547771619, "4,6": -1.1015148511477455, "4,7": 0.9080351059188119, "5,6": 1.684069062750786, "5,7": 0.4198425280545459, "6,7": -0.060292634445307414}, "bias": {"0": -0.9189157389116827, "1": -0.4175837191514846, "2": 0.3793147468710125, "3": -0.8154867556905292, "4": 0.12950278781792735, "5": -0.20473970308903566, "6": -0.4877349066243948, "7": -0.4432475847289421}}