{"Q": {"0,1": -1.942155618258663, "0,10": 0.663445648237242, "0,11": -0.9510175033656747, "0,12": 1.0861987968154825, "0,13": -1.1326569940400146, "0,14": 0.8353798677460462, "0,15": 0.8606084544030903, "0,16": -0.6090576668941017, "0,17": -1.2504905159619963, "0,18": 1.1230113058393587, "0,19": 1.912848460164907, "0,2": -1.6730927094896058, "0,3": 1.2135982891374941, "0,4": 1.1492709118388444, "0,5": 0.943493325243328, "0,6": -1.439919025776386, "0,7": -1.825726923819599, "0,8": 1.680508809091867, "0,9": -1.707979926062468, "1,10": 1.0207611330371895, "1,11": -1.4673566985949478, "1,12": -1.574505014018491, "1,13": -0.6731654608867732, "1,14": -1.8080535048734463, "1,15": 1.273668953679449, "1,16": -1.2473379468748669, "1,17": -1.5789385502713182, "1,18": -1.893081419777591, "1,19": -1.0963681363087376, "1,2": -0.014835215357851261, "1,3": -1.8765785444754464, "1,4": -1.444903584326882, "1,5": -0.07786181599408604, "1,6": -0.41125217937998393, "1,7": -1.6884676370951341, "1,8": 0.4908379748349545, "1,9": -1.8717663675887688, "10,11": 0.8648099182000344, "10,12": 0.9356670761122343, "10,13": -0.08061711002075, "10,14": -1.5695708612078527, "10,15": 0.22590841539289075, "10,16": -1.1757489667030683, "10,17": 0.011411903908974619, "10,18": -0.7972575716989954, "10,19": -1.9903077285639923, "11,12": -0.2195098388815726, "11,13": -1.9586796646748414, "11,14": 1.7085956538127318, "11,15": -1.1889934499971173, "11,16": -0.2743466409580497, "11,17": -1.2469880027656326, "11,18": 0.5479629891971283, "11,19": -1.3709515575695206, "12,13": -1.6577819639795375, "12,14": -1.7340304795726391, "12,15": 0.5992615510054216, "12,16": -1.5784697808192742, "12,17": -0.3452136805697905, "12,18": -0.7087502389747238, "12,19": 1.568866747362085, "13,14": 1.178059750333467, "13,15": -1.5696281373941008, "13,16": 1.810024287409623, "13,17": -1.5766081768425635, "13,18": -1.8043575349053733, "13,19": -1.1998776640239748, "14,15": 1.0587897281188603, "14,16": 1.170064781794149, "14,17": 1.026567297019433, "14,18": -1.4702336950324342, "14,19": 0.922944990363213, "15,16": 0.2463294014515851, "15,17": 0.2584785541154253, "15,18": -0.24820485484584864, "15,19": 1.3309473033593, "16,17": -1.5850570553921846, "16,18": 0.9139814090878855, "16,19": -1.1358866373738783, "17,18": -0.3400912694861691, "17,19": -1.5154329064040999, "18,19": -0.12147505148217519, "2,10": -1.665881456816324, "2,11": 1.901450429211716, "2,12": -0.7871232578771195, "2,13": -1.3871039178034503, "2,14": -0.26035312020594903, "2,15": -0.0168260542729759, "2,16": -1.4990800285872128, "2,17": -1.9079594431467832, "2,18": 0.03763111919572859, "2,19": 0.23242851667984743, "2,3": -1.658175933393962, "2,4": -0.8230254366339742, "2,5": 1.1235443980383732, "2,6": 1.2149549027364008, "2,7": 1.2143515643409164, "2,8": -1.5942374366214445, "2,9": 1.672378930391401, "3,10": -1.4253030996147742, "3,11": 1.9641759783835173, "3,12": 0.6127256799604308, "3,13": -1.928628401517455, "3,14": -0.5883563585201648, "3,15": 1.2549854206505517, "3,16": 0.7216815429781582, "3,17": -0.9878902064836526, "3,18": -0.3845843798257951, "3,19": 1.8005038815134178, "3,4": 1.3627056939553324, "3,5": 1.5756672157389193, "3,6": 1.9459848793940409, "3,7": -0.9375283468007063, "3,8": -0.2035066222283457, "3,9": 1.2148407268262975, "4,10": 1.7952189788337765, "4,11": -0.11329199209386775, "4,12": -0.7425989455696782, "4,13": 1.7621220524245502, "4,14": 1.0212207368287163, "4,15": -1.547936051768974, "4,16": -1.2921510550218591, "4,17": -0.20171777407649882, "4,18": 0.6126085545733368, "4,19": 0.8587699982398989, "4,5": -0.5124371562424312, "4,6": 1.917414678991824, "4,7": -1.198535182945676, "4,8": 0.7018755544143014, "4,9": -0.8246187506501954, "5,10": -1.7056465814213166, "5,11": -0.05847814486091529, "5,12": 1.4861700736838221, "5,13": -0.445671133777493, "5,14": 1.315149584385383, "5,15": 0.9782234482259655, "5,16": -0.20439685563739163, "5,17": -1.479151812964501, "5,18": -1.5089465914053832, "5,19": -0.5707723904059989, "5,6": -1.9184966611654244, "5,7": 1.3095721451167024, "5,8": 0.4717493299899638, "5,9": -1.9520015575890928, "6,10": 1.5439772532209677, "6,11": 1.1669379609486148, "6,12": 1.300802351047769, "6,13": 1.9847571172438299, "6,14": 1.040661573814496, "6,15": -0.11894821300751168, "6,16": -0.36880069097550194, "6,17": 0.6447959278293744, "6,18": -0.3583918896927032, "6,19": -0.7254111333013284, "6,7": -0.23934110441590795, "6,8": -0.357648588676196, "6,9": -1.3853449311098958, "7,10": -0.26116822302838427, "7,11": -0.9950882041042255, "7,12": 0.3075601828289112, "7,13": 1.901031241649004, "7,14": 0.5973485490722088, "7,15": -0.17946461602622055, "7,16": 1.5731703714230982, "7,17": 1.4346976271085086, "7,18": 0.6615774241819858, "7,19": 0.31601631134460373, "7,8": 0.7338490510886149, "7,9": -1.613449942485984, "8,10": -1.4311731665475635, "8,11": -0.4948548017066985, "8,12": 1.5481827297665043, "8,13": -1.012430369643908, "8,14": -0.3627459153054242, "8,15": -1.263268384496003, "8,16": -1.1919514407481584, "8,17": 0.34474290072890756, "8,18": -1.066288972429465, "8,19": -0.689234520576071, "8,9": -0.7793100233341566, "9,10": 0.32792783673659587, "9,11": -1.31114549317904, "9,12": 0.4156139447048015, "9,13": 0.1047388840044623, "9,14": -0.08622330437395931, "9,15": 1.7417690611325147, "9,16": -1.0061224363378276, "9,17": -1.7082440389868347, "9,18": 1.4323611603290107, "9,19": 1.4128331356072446}, "bias": {"0": 0.5839996558996958, "1": -0.6780438779433646, "10": 0.9622314617456156, "11": -0.09533095589412444, "12": -0.863352558172217, "13": -0.6173610963695639, "14": -0.07552137652710633, "15": -0.3593245820862516, "16": 0.11364842762361804, "17": -0.8311883371557185, "18": 0.7681238264277783, "19": 0.9446570260430505, "2": -0.4920269946771809, "3": -0.6113969278326732, "4": -0.8349820032947124, "5": -0.44595078614852945, "6": 0.678376360700875, "7": 0.33722138004158086, "8": -0.15271021376907123, "9": 0.5953213556640107}}