{"Q": {"0,1": 1.4287122115340578, "0,2": -0.52435433052226, "0,3": 1.636223530133408, "0,4": -1.0000373456828955, "0,5": -1.5403797735376066, "0,6": 0.8889493468996719, "0,7": 1.5432823873750081, "0,8": 0.3538607216630738, "0,9": 1.5487571522981813, "1,2": -1.2818056875932444, "1,3": 1.7018965916285378, "1,4": -1.8752518143113321, "1,5": -0.9920185033890023, "1,6": 1.517392683512993, "1,7": -0.5503983557102661, "1,8": -1.5128464274760263, "1,9": 1.6658444949220783, "2,3": -0.40506848660424755, "2,4": -1.4077103343233652, "2,5": 1.6722028107063842, "2,6": 1.8071449459960678, "2,7": 1.151820773840897, "2,8": -0.702239090365834, "2,9": -0.699479529940644, "3,4": -0.2695897644660863, "3,5": -1.1336590158225728, "3,6": -0.23243499742610352, "3,7": -0.006057743885207856, "3,8": 1.765086128524663, "3,9": 1.3938484160544342, "4,5": 1.645177896125284, "4,6": 1.5582126285264488, "4,7": 0.3873796165716805, "4,8": 0.08304362486808659, "4,9": 1.5307960994393461, "5,6": 1.0151402301986239, "5,7": 1.946820032464763, "5,8": -0.614667305230276, "5,9": 1.0194426678573763, "6,7": -0.9405593211562682, "6,8": -1.6353731812691077, "6,9": 0.8077014675096845, "7,8": 1.2584277287173657, "7,9": 1.3148009965752308, "8,9": 1.611100928657259}, "bias": {"0": -0.4042242364428501, "1": -0.5740856618619488, "2": -0.5177916444056581, "3": -0.9627016570559763, "4": 0.08346576173168452, "5": 0.01990722562633107, "6": 0.5033058284877603, "7": -0.833171390059462, "8": -0.940072803308466, "9": 0.3520520528941431}}