{"Q": {"0,1": -1.810293657776763, "0,10": 1.9995420173769043, "0,11": 1.3664173899535794, "0,12": -1.5968651666528322, "0,13": -1.5868231092758474, "0,14": -0.9669751507758026, "0,15": -0.10397057025900347, "0,16": -0.9981726997380287, "0,2": 1.8385958421839312, "0,3": 0.06243110458716483, "0,4": -0.32549801469894035, "0,5": -1.6785114836571329, "0,6": 0.2917229004247148, "0,7": -0.24301056739383542, "0,8": -1.0154464128988132, "0,9": -1.4315190350531481, "1,10": -0.20400702126930392, "1,11": -1.984781378365987, "1,12": -1.8655627810755582, "1,13": 0.49805078294372995, "1,14": 0.8303215165329068, "1,15": 1.938406790879612, "1,16": 1.5949165539764252, "1,2": -1.9373557249507196, "1,3": -0.35067116167374746, "1,4": -1.7187542592683753, "1,5": -1.5612667457662663, "1,6": -0.6807031299609383, "1,7": -0.5494478119608042, "1,8": 1.7718391485371154, "1,9": 1.6676683427250802, "10,11": -0.7963569671300554, "10,12": -0.25590969038143685, "10,13": 1.717630692639481, "10,14": 1.249718049163406, "10,15": -1.8602454354678932, "10,16": 0.6966253042384318, "11,12": 1.2534975368742884, "11,13": -0.2991361191195181, "11,14": 1.1356044796717475, "11,15": 1.2042465588977862, "11,16": -1.6337314006188137, "12,13": 1.6856372776017294, "12,14": -1.5890569445505593, "12,15": 1.127097329029147, "12,16": 0.04738430425412865, "13,14": 0.8535278588883788, "13,15": -1.8655982114168532, "13,16": -1.617635314396583, "14,15": -1.6841247442733063, "14,16": 0.39560587437830197, "15,16": -1.6818241288794993, "2,10": -1.779210165511043, "2,11": -1.8921311990094183, "2,12": -1.2405682702569174, "2,13": -0.9559925477402222, "2,14": 1.1244215489143459, "2,15": 0.7664156273099132, "2,16": -0.5517385099724557, "2,3": 1.2972680572398456, "2,4": 0.33354573123901954, "2,5": -1.7665991598134498, "2,6": -1.4489020091421323, "2,7": -0.9986183100199355, "2,8": 0.5421446766014411, "2,9": -1.3486810481822795, "3,10": -1.1195175988926462, "3,11": 0.5587821617719557, "3,12": 0.5834438314120822, "3,13": 0.25542620280659767, "3,14": -1.5567321257919189, "3,15": -1.7636035118649702, "3,16": 0.6539319879886882, "3,4": 1.935678180744672, "3,5": -0.6006012808923962, "3,6": -1.780735337368509, "3,7": 0.47494710173127297, "3,8": 1.8448644180525378, "3,9": -1.4233001721774032, "4,10": 0.10453098259314464, "4,11": 0.8049562248943527, "4,12": -1.567324948202336, "4,13": 1.290523881821525, "4,14": 1.7945092858064902, "4,15": 0.6366897565755485, "4,16": 0.26590613796146423, "4,5": 1.302191672632528, "4,6": 0.8771074842704514, "4,7": 1.4037013490653836, "4,8": 0.23351867078080923, "4,9": -0.6523515089177496, "5,10": -0.46620067849792957, "5,11": -0.016478496006458343, "5,12": 1.2337414690174486, "5,13": -1.983910270401064, "5,14": -1.5742704393603146, "5,15": -0.7950396286183508, "5,16": 0.07543952219201078, "5,6": -1.6420876492298175, "5,7": 0.5758235602932587, "5,8": -0.07842840941492346, "5,9": 1.5832243834908617, "6,10": -1.2378116680289635, "6,11": -1.6251201152022987, "6,12": 1.3846103770531988, "6,13": 1.8218173214547124, "6,14": 0.3246075650655502, "6,15": 0.16172255658229506, "6,16": 0.6237279906119766, "6,7": -0.5527967038395842, "6,8": -1.293827804769391, "6,9": 0.5830797063047757, "7,10": -1.5944574465581982, "7,11": -0.02827782587890626, "7,12": -1.5538085316311467, "7,13": 1.5445460654962475, "7,14": 1.634753497041821, "7,15": 0.2352538078152988, "7,16": -1.277409754534324, "7,8": -1.6619205885115615, "7,9": 1.7429210031211477, "8,10": -0.650089034695188, "8,11": 0.31589773328887194, "8,12": 0.8873571570723597, "8,13": 1.806763578107292, "8,14": 0.42358759808084434, "8,15": -1.726871910689396, "8,16": -1.5784425406575178, "8,9": -0.799997709533355, "9,10": -0.8346476221172989, "9,11": -0.33930838846345157, "9,12": -1.0943707828736273, "9,13": -0.9846220749422359, "9,14": 0.7774226049084954, "9,15": 0.6691961733532987, "9,16": 1.6742316169276243}, "bias": {"0": 0.30166072258227206, "1": 0.7961471095358006, "10": 0.39303494049209364, "11": 0.7931174699214605, "12": -0.7271006305408194, "13": 0.3832412534946734, "14": -0.4847386529027786, "15": -0.44947353183535443, "16": 0.3795273424842496, "2": -0.5428956837001777, "3": 0.7053081974682713, "4": 0.6682055662816919, "5": -0.11868218614663806, "6": 0.9660252202733999, "7": -0.5994682893657466, "8": -0.1496062523094457, "9": 0.5868373896733241}}