{"Q": {"0,1": 0.18838024290380195, "0,10": -1.342653993678987, "0,11": -1.3773711279586318, "0,12": -0.5504103262360971, "0,13": -0.5758058898624365, "0,14": 1.9882781740026476, "0,15": 0.14270634490143141, "0,16": 0.10575547799012286, "0,17": -1.227652792193993, "0,18": 0.14194248842385715, "0,2": 1.9569712630467295, "0,3": -0.6732907401556463, "0,4": 1.8500950598048065, "0,5": 0.08290844522317586, "0,6": 0.5052428529352428, "0,7": -1.51243558380886, "0,8": 1.0452117536207948, "0,9": 1.9027472420366567, "1,10": 1.69817668437505, "1,11": -0.9867537583667709, "1,12": 1.6996545571706112, "1,13": -0.3864672515811236, "1,14": 1.3068777207365496, "1,15": -0.2657549532689485, "1,16": 0.9378499948966286, "1,17": -0.6781269791511169, "1,18": 1.0767905240663125, "1,2": -0.2737882409872321, "1,3": 0.1231740268167818, "1,4": -0.24955480628430982, "1,5": -1.365184170631287, "1,6": 0.8314827499538482, "1,7": -0.7647509217933641, "1,8": -1.0176429634038526, "1,9": -1.1430567077047744, "10,11": 0.11748672479535038, "10,12": -1.4612957382088534, "10,13": 1.9509572703594356, "10,14": 0.006572967585499523, "10,15": -0.577141444196974, "10,16": 1.0155043735013374, "10,17": 1.0416046317077177, "10,18": -1.1564983446423382, "11,12": -0.36885205711026536, "11,13": 0.3788876470660796, "11,14": -0.8650487370593929, "11,15": -1.857923815778793, "11,16": -1.1243675543906622, "11,17": 1.3630435927197824, "11,18": 0.44858511655359523, "12,13": 0.659560204353395, "12,14": -1.3668336794749045, "12,15": 0.6467722270497767, "12,16": -1.5199023771962525, "12,17": 0.1622790257647404, "12,18": 1.3879052901357722, "13,14": 0.27836809866935797, "13,15": -1.353641271145544, "13,16": 1.6575514804546265, "13,17": -0.19106132886544813, "13,18": 0.9514418057867764, "14,15": 1.7947334429234165, "14,16": 0.708769987729676, "14,17": -1.1102852792478264, "14,18": -0.5298034204654156, "15,16": 1.6858684277665992, "15,17": 1.6018245023837943, "15,18": -1.2726222511002012, "16,17": 1.899025784476215, "16,18": -0.9061730420732479, "17,18": 0.4268818858235357, "2,10": -0.7115374519386801, "2,11": -1.7705598197336982, "2,12": 1.1334241082597716, "2,13": -0.9994864215901433, "2,14": 1.181292047143096, "2,15": -0.366319834047927, "2,16": -0.3355812964662923, "2,17": -1.1531361547922936, "2,18": -0.03975495571877774, "2,3": -1.9374679895201274, "2,4": -1.5793499637329984, "2,5": -0.9976203699348734, "2,6": 1.1304668422383042, "2,7": -1.3088556795621686, "2,8": 1.979995084678217, "2,9": -0.12041786219531048, "3,10": -0.9951511911035813, "3,11": 0.24311740557223382, "3,12": -1.7313989408170678, "3,13": 0.5361043963586614, "3,14": 0.5053841174631715, "3,15": 1.9362962477663923, "3,16": -0.7181998317851259, "3,17": 1.3808383825508885, "3,18": -0.10296109452745839, "3,4": -1.6761738358226896, "3,5": 0.6286507246391899, "3,6": 0.7959514279416018, "3,7": -0.1918968410566455, "3,8": -1.828257270413963, "3,9": 1.341849113519761, "4,10": 0.8022040247645656, "4,11": -1.6650534624961142, "4,12": -1.8366696300901229, "4,13": 1.9534504603056217, "4,14": 0.8612969166865234, "4,15": 1.9654825548276684, "4,16": 0.8373304586855945, "4,17": 0.34259849634371387, "4,18": -0.9017103662308559, "4,5": 0.9818451751395889, "4,6": -0.12304356011532924, "4,7": 1.3198971616001036, "4,8": 1.514454494468918, "4,9": 1.9877324247283346, "5,10": 0.5783225469157061, "5,11": -1.9157364373603016, "5,12": 0.6731210033316217, "5,13": -1.5744501415866514, "5,14": -1.315887165651695, "5,15": -1.75185272415448, "5,16": -0.07227266497079121, "5,17": -0.519475457649329, "5,18": -0.26283033579611104, "5,6": -0.36141918245066984, "5,7": -1.594674598641462, "5,8": -0.3982687280835524, "5,9": 0.9348389343528698, "6,10": -1.5101687413139584, "6,11": -0.03616326357754751, "6,12": -1.2391465502532193, "6,13": -1.9355813443547332, "6,14": -0.043236361328129025, "6,15": 0.5821380378027254, "6,16": -1.2001365540959101, "6,17": -1.094412746275816, "6,18": -1.4532906199099958, "6,7": -1.9956382786730398, "6,8": -0.9911141459297648, "6,9": 0.05145589363362779, "7,10": -0.43682197874907613, "7,11": 1.33463361791173, "7,12": 0.5297079653127632, "7,13": 0.34947154054355867, "7,14": 0.7479836061582583, "7,15": -1.273920206057079, "7,16": 0.5324503361542612, "7,17": -0.8524001903595408, "7,18": 0.4231864747230736, "7,8": 1.4332956995632085, "7,9": -0.11238760127874015, "8,10": -1.1126844909570264, "8,11": -1.2885622875447775, "8,12": -0.42991873871575415, "8,13": -1.7233329748786907, "8,14": 0.3363574558719926, "8,15": 1.2104964913938376, "8,16": 0.47599309072150264, "8,17": 1.1992197418885029, "8,18": 0.07929592514405437, "8,9": -1.0886192834407988, "9,10": -0.47867512367636467, "9,11": 1.145476628869217, "9,12": 1.459065602661434, "9,13": 1.0939112786336982, "9,14": -1.57455301908475, "9,15": -0.27507736768575963, "9,16": -1.8684787938067333, "9,17": 1.758969096372161, "9,18": 0.9999119125097651}, "bias": {"0": 0.6627657339466986, "1": -0.13120968249234655, "10": 0.2585593536563424, "11": 0.4766948362090817, "12": -0.7927991568191495, "13": 0.4228205726315737, "14": 0.3275954537973016, "15": -0.5038353949011913, "16": -0.7193978911840941, "17": 0.7727370056236658, "18": -0.8096344630120393, "2": -0.8216115988274912, "3": 0.0826430646057319, "4": 0.8202603342261499, "5": -0.2634645005403027, "6": -0.18794427547719894, "7": 0.8261011114492647, "8": 0.5679898130408665, "9": -0.3420657667179252}}