{"Q": {"0,1": -0.7595836843264352, "0,10": 1.0344001461783918, "0,11": -1.244779071613829, "0,12": 0.719156912687823, "0,13": 0.02276786591190172, "0,2": -1.487894703645797, "0,3": 1.0619748450512265, "0,4": 1.305884907538104, "0,5": -1.7979152442135309, "0,6": -1.509889774376918, "0,7": -1.5672503411158454, "0,8": 0.5693434777144888, "0,9": -0.5779547906804208, "1,10": 0.4072858067930323, "1,11": -0.6862725225723896, "1,12": -0.7035144903932746, "1,13": -0.22630474733089345, "1,2": 0.9692394492222531, "1,3": 0.46230298752697774, "1,4": -1.5880897858314902, "1,5": -1.0998571078116997, "1,6": -0.22128759336891335, "1,7": -0.48012211604329247, "1,8": -1.921500375531903, "1,9": 1.5688963598984338, "10,11": -0.14543633280345913, "10,12": 0.2584395790301479, "10,13": -1.3983939065374922, "11,12": -1.8961168699882096, "11,13": 1.759005906830632, "12,13": -0.02782612605170698, "2,10": 0.4802839723904837, "2,11": -0.8608022728770526, "2,12": 1.4686130424906438, "2,13": 0.915252379389027, "2,3": -0.7561038404531222, "2,4": -0.8137015740803459, "2,5": 1.2140509805915993, "2,6": 1.0717459825045244, "2,7": 0.8503214115604094, "2,8": -0.7089854393864554, "2,9": -1.7340781186622491, "3,10": -1.5185005811660561, "3,11": -0.6648053415623623, "3,12": 0.6914270989287128, "3,13": 0.5122370504225051, "3,4": -0.6361888882716324, "3,5": 1.2415300367756936, "3,6": 0.9056678569909575, "3,7": 0.16249931942591722, "3,8": 1.5188236186059791, "3,9": -1.069216010241203, "4,10": 1.1765832889092929, "4,11": 1.7479290321635643, "4,12": 1.7647803606788153, "4,13": -1.0979828094457438, "4,5": -0.3038851445654043, "4,6": 1.4994661750717886, "4,7": 0.5011966678425264, "4,8": -0.44046472536850834, "4,9": 1.4116926335765423, "5,10": -0.7400240827736249, "5,11": 0.3319882345975955, "5,12": 0.2537803161178762, "5,13": -1.4764730042010128, "5,6": -0.47766238462945765, "5,7": -0.7335457876998457, "5,8": -0.15611423208716113, "5,9": 0.6605457292033212, "6,10": 0.6284816313624981, "6,11": 1.791454547342279, "6,12": -0.7741625895648476, "6,13": 1.2597448052583142, "6,7": -1.9568813973940844, "6,8": -0.726115201513601, "6,9": 0.6603004485612627, "7,10": 0.3923210492446869, "7,11": -1.4471045523187485, "7,12": -1.4088870806456901, "7,13": -1.6560227445417413, "7,8": -1.8690234692186296, "7,9": -1.3737518022210997, "8,10": 0.10868495029810754, "8,11": 1.004453406244867, "8,12": -0.49632040251364806, "8,13": 1.4646717656522528, "8,9": 0.6576843136315751, "9,10": -1.4563775705416204, "9,11": 1.3663990590402406, "9,12": -1.7477401997748236, "9,13": -0.7759189039066259}, "bias": {"0": -0.00478698469708938, "1": -0.7449128865404946, "10": -0.9926477880858566, "11": -0.11000917506804964, "12": 0.7644360567903294, "13": -0.2498666964379248, "2": 0.4822535786525981, "3": 0.20123693175386204, "4": 0.15148750080670603, "5": -0.424522280330909, "6": -0.42555224303596995, "7": -0.7305377427063466, "8": -0.7991963706343257, "9": 0.9940287373341055}}