{"Q": {"0,1": 1.493680671140834, "0,10": -0.12277452510198472, "0,11": 0.045906740229428866, "0,12": -1.0035031141608588, "0,13": -1.522930259985916, "0,14": 1.6626038950145454, "0,15": 1.3888516653686627, "0,16": 1.1746070580121275, "0,17": -0.06271522551292597, "0,18": 0.5309130474466546, "0,19": 0.3340525477228229, "0,2": 1.6293099254170276, "0,3": -0.4908116346958793, "0,4": 1.8363715839877455, "0,5": 1.9453833023961518, "0,6": -1.648175407148429, "0,7": 0.09076982985999527, "0,8": -0.8782033655627566, "0,9": -0.7414407615794261, "1,10": 1.5804136113351923, "1,11": -0.3201700020376488, "1,12": 0.7514552449181995, "1,13": 0.9523561601296704, "1,14": -1.9256382519890853, "1,15": 0.6373686157728926, "1,16": 1.1031935510800475, "1,17": -0.5397841071997687, "1,18": 1.8973046986408053, "1,19": 1.825684177031032, "1,2": -1.230872084373392, "1,3": 0.027734037843921477, "1,4": 0.8957299965537042, "1,5": -1.397344436786272, "1,6": 1.4773452181860036, "1,7": 1.3173352034527586, "1,8": -1.717455495826107, "1,9": 0.002486428985246203, "10,11": 1.3721607573916357, "10,12": 1.9775509299784173, "10,13": 1.0358571832637296, "10,14": 1.1829427032611166, "10,15": -0.9819903899065117, "10,16": 0.43872059615049697, "10,17": 1.1306946818620527, "10,18": 0.23027444147022402, "10,19": 0.8671650549473697, "11,12": -1.2346933483120166, "11,13": 1.9998244483375358, "11,14": 0.7472134566730859, "11,15": -0.6373373170423928, "11,16": -1.3938682976164611, "11,17": 1.2766663098350217, "11,18": 0.49760084811655414, "11,19": 0.7238035735118156, "12,13": 0.8365382657830658, "12,14": 0.8739478901014994, "12,15": -1.6475833374432076, "12,16": 1.5208006678883286, "12,17": 0.4576932506213889, "12,18": -1.642964276182603, "12,19": -0.30293844322617547, "13,14": 0.5259414527055823, "13,15": -1.041775908863677, "13,16": 1.2426547250323718, "13,17": -1.5519125654422492, "13,18": 1.399325009040186, "13,19": -0.8033622895829069, "14,15": 0.5131066946475453, "14,16": -1.6283199949312177, "14,17": -0.1322287939396305, "14,18": 1.1486673753686412, "14,19": 0.07279400013810111, "15,16": -0.9088150102163577, "15,17": -0.06858420052488556, "15,18": -0.9838608691313189, "15,19": 1.1157002661794886, "16,17": 0.753762319236936, "16,18": 0.1362998902835053, "16,19": -0.5337599942628355, "17,18": 1.201164735011135, "17,19": -1.5617659917505553, "18,19": 1.6064301096023912, "2,10": 0.6240923619305336, "2,11": 0.9483552524664605, "2,12": -1.8143935078493079, "2,13": -0.36695086578435854, "2,14": 1.8702815772910388, "2,15": -0.8536512775330678, "2,16": 0.3094321096717034, "2,17": 1.9720508726642705, "2,18": -0.8911414180616903, "2,19": -1.954976460771555, "2,3": 0.9013804399227623, "2,4": -0.574823375475654, "2,5": -0.06070310442053506, "2,6": 1.9146698495032553, "2,7": 1.0785811318638139, "2,8": 0.7236657404972537, "2,9": 0.37960480363302773, "3,10": 1.6710296560164641, "3,11": 1.829777875005297, "3,12": -0.8177440984490074, "3,13": -0.9096136958347674, "3,14": 1.7351150898595087, "3,15": 0.5967265239431403, "3,16": 0.5393395475016156, "3,17": 1.8421595656972007, "3,18": 1.7904232392585113, "3,19": 0.6864591993790672, "3,4": -0.32136903463644995, "3,5": -0.308623353596833, "3,6": -1.8840288517457906, "3,7": -1.046712880044986, "3,8": -1.8507751982525504, "3,9": 0.8655200012811921, "4,10": 1.1727228118223598, "4,11": 1.0948571968595422, "4,12": 1.5155773694366794, "4,13": -0.8450720651068684, "4,14": -0.8903547183049323, "4,15": 1.22516779900335, "4,16": -0.6314525390637784, "4,17": 0.9659435484535539, "4,18": 1.8331273491978184, "4,19": 0.14173482937918314, "4,5": 1.7777490525635784, "4,6": 0.020314664329387, "4,7": -1.5528533044084973, "4,8": -1.5014373700163923, "4,9": 1.6889681781145014, "5,10": -0.43798584189326784, "5,11": -1.741207707155982, "5,12": 0.4075946720791097, "5,13": 1.0305578453810638, "5,14": 0.04634334356426573, "5,15": -0.8165230190398067, "5,16": -1.9664390566475882, "5,17": -0.6358502100363626, "5,18": 1.6928625383823457, "5,19": -0.6571049603199826, "5,6": 0.9427649988878843, "5,7": -0.0696964486392595, "5,8": -0.31286958197220116, "5,9": -1.458145341647891, "6,10": -1.7480890313204451, "6,11": -1.9776368746843898, "6,12": -1.1610250308509387, "6,13": -1.3912770623731339, "6,14": -1.3630267352241625, "6,15": -1.2927168494578458, "6,16": 0.19833391263665945, "6,17": 1.1271715943475984, "6,18": -0.9999202609554412, "6,19": -0.8250507838545205, "6,7": -0.7238341166506648, "6,8": 1.7501411660531994, "6,9": 0.043499026982929845, "7,10": -1.4857685791791853, "7,11": 0.35220387273459774, "7,12": -0.4822425480440993, "7,13": -1.9689902928850902, "7,14": 0.8476218304890399, "7,15": 0.2143660130313867, "7,16": 1.9506645604272723, "7,17": 1.2934916892559012, "7,18": 0.3239529978443598, "7,19": 1.0599442465073938, "7,8": -0.6290727614299718, "7,9": 0.06645703088064314, "8,10": -0.09256060965060575, "8,11": -0.6412755825970438, "8,12": -1.9758596324071638, "8,13": 1.6086581015954264, "8,14": 0.48565321927953375, "8,15": 0.4639187330485157, "8,16": 1.7661727617776122, "8,17": -0.4016685939118392, "8,18": 1.7243753983369459, "8,19": 0.4342605879865373, "8,9": 1.64920583673034, "9,10": 0.390078744526106, "9,11": -0.5997093835891381, "9,12": -1.182680620010382, "9,13": -0.8011865248725516, "9,14": -0.11995046930375697, "9,15": -0.5031375927115196, "9,16": 1.632845804596942, "9,17": -0.9488886632549964, "9,18": -1.4155816368958574, "9,19": -0.6843930216337544}, "bias": {"0": 0.7904826024448022, "1": 0.8232335019283152, "10": 0.11881534209211098, "11": 0.34174237020235454, "12": 0.22060206807351923, "13": -0.24661875979909076, "14": 0.5663376806529161, "15": 0.9572361570238559, "16": -0.7648106155858991, "17": -0.5858977548365762, "18": -0.3959343513029334, "19": 0.3620307757524688, "2": 0.3970266626057428, "3": -0.9336167184111877, "4": -0.027920653348238123, "5": -0.1855916330656353, "6": 0.6039315007174302, "7": -0.5675252960578765, "8": -0.9136434163790033, "9": 0.7053319179082764}}