{"Q": {"0,1": -0.09620041237346522, "0,10": -0.2776552117623745, "0,11": 1.1425411523987425, "0,12": -1.192933641107797, "0,13": 1.264620231662219, "0,14": 0.3818837687012757, "0,2": 0.8387799523494368, "0,3": -1.049913254994777, "0,4": -1.1890117460017722, "0,5": 1.9650067059798104, "0,6": -1.1253852495876044, "0,7": 1.4346210197484983, "0,8": -1.5736594143007312, "0,9": 0.9318286132052394, "1,10": 0.6095639483969815, "1,11": -0.49681116804776515, "1,12": -0.5526431822737141, "1,13": -1.8672271088366919, "1,14": -0.3291876002604961, "1,2": 1.7781928809519911, "1,3": -1.2393261430652585, "1,4": 1.4515412576246702, "1,5": 0.19058143292486474, "1,6": -1.3504307126723831, "1,7": 0.10090567352745472, "1,8": -1.849154674999629, "1,9": -1.1781642040216451, "10,11": 0.16574826063073322, "10,12": -1.0801746005729673, "10,13": -1.8206300855754036, "10,14": -0.8930606021733443, "11,12": 1.3878732411174743, "11,13": -0.977487319755669, "11,14": 0.09439284106042711, "12,13": 0.14012879578771198, "12,14": 0.5510953363550373, "13,14": -0.1935746095244224, "2,10": 1.3628600749010578, "2,11": -1.2675320102970016, "2,12": 1.124996585421255, "2,13": 0.9460349381146358, "2,14": 1.122142506468847, "2,3": -1.8522308280280457, "2,4": -0.9414576342731409, "2,5": 0.9864190161375883, "2,6": 0.9989855681575994, "2,7": 1.5491829581779997, "2,8": -1.3813826752495673, "2,9": -0.46878589108090507, "3,10": -1.801480418034148, "3,11": -0.2582035655568724, "3,12": 1.1510002106883164, "3,13": 1.941126323119299, "3,14": 0.3442767322388254, "3,4": -1.5167327357631692, "3,5": -1.025106981755875, "3,6": 0.5727261635270939, "3,7": 1.2462276279634006, "3,8": -1.1438773560108428, "3,9": 1.2918406369301243, "4,10": -1.0404134456142975, "4,11": 0.15306854637458311, "4,12": 0.6252954179498285, "4,13": 0.778934513089915, "4,14": 0.18805021519278187, "4,5": -0.4860582978912107, "4,6": -1.1134830414613743, "4,7": 1.2537510690742328, "4,8": -0.5576164180365804, "4,9": 0.78522347965164, "5,10": -0.951599460444311, "5,11": -0.9103285244613808, "5,12": 1.4913819164834212, "5,13": -0.8760112836817866, "5,14": -1.0496836994993903, "5,6": -0.6453894956034358, "5,7": -1.004012879179125, "5,8": 0.9768118311491865, "5,9": -1.7218282292267015, "6,10": -0.48300438303436977, "6,11": -0.555334440678434, "6,12": 0.1114754764392254, "6,13": 1.72980971789538, "6,14": 0.5267304963054613, "6,7": -0.9475650707638557, "6,8": -1.2238309497537379, "6,9": -1.0427802425871642, "7,10": 0.6708631201586619, "7,11": -0.9490811839688744, "7,12": 0.7152288623848015, "7,13": 1.8131845440865022, "7,14": 0.04817882515091432, "7,8": -1.238215885377599, "7,9": -0.30880244470218354, "8,10": -0.4327979242175166, "8,11": -0.8373737664526879, "8,12": 1.6462375556612279, "8,13": -1.774538312652933, "8,14": -0.5121292467449226, "8,9": 0.9533860994833852, "9,10": 1.1432149894062107, "9,11": -0.7855730881598171, "9,12": 1.3346295201104148, "9,13": -0.804944907083271, "9,14": -1.7814676059976002}, "bias": {"0": -0.07160053344861961, "1": 0.2995327539422441, "10": -0.8325252837160799, "11": -0.59406298801272, "12": -0.8752827427193242, "13": -0.027047576495134118, "14": -0.01587145617547603, "2": 0.07427601503836923, "3": 0.42905940663177455, "4": 0.47048233836342557, "5": -0.4556688203077266, "6": 0.9702734710407084, "7": 0.8003933896837236, "8": -0.3901141235560355, "9": 0.05644374202660907}}