{"Q": {"0,1": -0.20807547444044294, "0,10": 1.4629777444716803, "0,11": 1.5444039933884453, "0,12": 1.280342659856676, "0,13": -1.2386065733494567, "0,14": 1.8975323436880926, "0,15": 1.8731587493794235, "0,16": -0.3616954721662542, "0,17": -0.10470778134109748, "0,2": -0.424989931564125, "0,3": -1.503704815797934, "0,4": -0.3345515130465122, "0,5": -1.6560024872284438, "0,6": 1.721226885436936, "0,7": 0.15801664716087815, "0,8": 1.3657585879363037, "0,9": 1.3909763999795968, "1,10": 1.8265205817419505, "1,11": -1.5960847782142782, "1,12": 1.42088032115134, "1,13": -1.3321695460418157, "1,14": 0.9521569128697549, "1,15": -0.7937515964537103, "1,16": -1.6057018775849445, "1,17": -0.837000606666304, "1,2": 0.48668864308894877, "1,3": -1.8086715741108974, "1,4": 1.9990288264494525, "1,5": -1.8154284437850539, "1,6": 1.0619574116649062, "1,7": 1.0339645865775307, "1,8": -0.32014602715653684, "1,9": -1.0465689179884667, "10,11": -1.2634609621740434, "10,12": 1.936523246565761, "10,13": -1.2167527803812375, "10,14": -1.095813400322219, "10,15": 0.6043356630010637, "10,16": -1.4334371867152784, "10,17": -1.6833361497563009, "11,12": -1.0617741268687833, "11,13": -1.5126086533487473, "11,14": -1.0964273350349072, "11,15": 0.5610139134957248, "11,16": -0.6944959518800342, "11,17": -0.17888416739110813, "12,13": -0.7827885598076514, "12,14": -1.6796044372498846, "12,15": -1.7306902849881234, "12,16": 1.7153146156853678, "12,17": -1.5011205629302404, "13,14": 1.2229531909337426, "13,15": -0.4155984310783132, "13,16": 1.1963137201413692, "13,17": 0.09584233473706805, "14,15": -0.25106352201496307, "14,16": 0.9018075078718937, "14,17": -1.7841078249556657, "15,16": -0.5984475354220873, "15,17": -1.6982937264914786, "16,17": 0.04397877970803732, "2,10": 0.13162859971916285, "2,11": 0.8486577434469775, "2,12": 1.974141144691207, "2,13": 0.27250519283864616, "2,14": 1.4949040233234276, "2,15": -1.370373068563648, "2,16": -1.4596606089733246, "2,17": -1.0356082751554077, "2,3": 1.0881066827160932, "2,4": -1.6489226555847205, "2,5": 0.473410903167943, "2,6": 0.019897253004868887, "2,7": -1.929996658322504, "2,8": -1.2890044800873155, "2,9": -1.873409656725566, "3,10": -1.696398110454338, "3,11": -1.4834868578342317, "3,12": -1.8433557338701254, "3,13": 1.0602235327520755, "3,14": 0.4299202464372609, "3,15": 0.4870334496892754, "3,16": 0.8802168825718315, "3,17": -1.1642599306621002, "3,4": 0.7854106711948394, "3,5": 1.979077580696916, "3,6": 0.23280053154083769, "3,7": 0.4444233107918212, "3,8": 0.7306105108534768, "3,9": 0.45791532262353574, "4,10": -1.4639411958680864, "4,11": -1.7578375220155875, "4,12": -1.90205145845917, "4,13": 1.5939381128603682, "4,14": 0.778298659854086, "4,15": -0.25963935996194776, "4,16": -0.40345803430785265, "4,17": 1.799713306289672, "4,5": -0.8506933104954162, "4,6": 1.1952805957141046, "4,7": 1.9869404452970656, "4,8": 1.102717431504249, "4,9": 0.37281227843602727, "5,10": -0.8480895175895622, "5,11": -1.1119437669206382, "5,12": 0.4293562248340961, "5,13": 1.334394456349524, "5,14": 0.21478572911910288, "5,15": -1.500301685955391, "5,16": 0.6902067936329339, "5,17": -0.38497715659247866, "5,6": -0.4702217694623503, "5,7": 1.7659108446544471, "5,8": -0.5583301997548538, "5,9": 1.883973313551989, "6,10": -1.7094837042259208, "6,11": -1.557015335250186, "6,12": 0.916275150672603, "6,13": 1.0429532585607295, "6,14": 1.9590451075529485, "6,15": 1.4274472906807452, "6,16": -1.3307037441018865, "6,17": -0.933781434067769, "6,7": -0.7915207648916671, "6,8": -0.9555968669167685, "6,9": -0.792601552137985, "7,10": 0.7111602804285901, "7,11": -1.360717749803427, "7,12": -0.5469421478857335, "7,13": 1.896098558905286, "7,14": 1.0903932349894845, "7,15": -1.788167219397673, "7,16": 1.7559636477562521, "7,17": 1.9567963726192872, "7,8": 1.93628159575371, "7,9": 0.4765570306896123, "8,10": 1.74135504490078, "8,11": 1.9338362009987167, "8,12": -0.23210142854652993, "8,13": -0.7001535736594646, "8,14": -1.9396192720612793, "8,15": 0.49090545645892014, "8,16": -0.92884533860612, "8,17": -1.2384901835852875, "8,9": 1.3177961946594232, "9,10": 0.9689703567229007, "9,11": -0.7461383163071922, "9,12": 0.023500925017237773, "9,13": -1.1728200337053973, "9,14": -0.3898153166241478, "9,15": -1.2694323455416607, "9,16": -0.5131466117565542, "9,17": -0.017127928715182872}, "bias": {"0": 0.8037456208453337, "1": -0.3076361960353393, "10": -0.8421793673430669, "11": -0.26698484291853, "12": -0.8604545341910075, "13": 0.9370817244144858, "14": 0.6529966521235506, "15": -0.7807435053737886, "16": -0.2435320883436054, "17": 0.3561743096579175, "2": 0.4028974281330171, "3": -0.8181533037577855, "4": -0.8477767967909406, "5": -0.8956100350869554, "6": -0.7430367245948317, "7": 0.10572634195444341, "8": -0.8359280873434431, "9": 0.06463134832064665}}