{"Q": {"0,1": 0.9222536742080325, "0,10": -0.3981100047396571, "0,11": 0.7462234713378018, "0,12": 1.383165392010576, "0,13": -0.04701943530016317, "0,14": 1.776964475357317, "0,15": 1.2489380458813413, "0,16": 0.10354846440724907, "0,2": -1.0752769520627332, "0,3": -0.4476989012197108, "0,4": -0.9450502070820366, "0,5": -0.4332792140054056, "0,6": -0.9483770211201707, "0,7": -0.7298412322727983, "0,8": -0.6454615285944829, "0,9": 1.1996849647105643, "1,10": -1.0659568916153463, "1,11": 0.35665178841278866, "1,12": -1.159362859712794, "1,13": 1.462933127407028, "1,14": -1.1399692168603996, "1,15": -1.0010906051178674, "1,16": -0.6316739213089813, "1,2": 1.5105646700736464, "1,3": -0.6357583773219497, "1,4": -1.7125987636708917, "1,5": 1.513226795252447, "1,6": 0.19900006920143865, "1,7": -0.8121963429549663, "1,8": -0.1523169500074859, "1,9": -1.0174902839745235, "10,11": 1.4460048543183102, "10,12": -0.6292353068388206, "10,13": 1.9766581290091847, "10,14": 1.598194610883192, "10,15": 1.9570069005968813, "10,16": -1.1224859068592212, "11,12": -1.2466611775079195, "11,13": 1.807459431261123, "11,14": -1.901847069592269, "11,15": 1.7745421548286875, "11,16": -0.6507990199121649, "12,13": -1.726405341650159, "12,14": 1.448719792405722, "12,15": -0.3412727497958574, "12,16": -1.0001205364674108, "13,14": 1.8835626623348856, "13,15": -0.02200784760207508, "13,16": -1.0539828146698866, "14,15": -1.4354846094301843, "14,16": -1.5247318144912652, "15,16": -0.4005886479438878, "2,10": 0.3074413166622101, "2,11": 0.9817268102510228, "2,12": -1.63151187403269, "2,13": -0.5448633750079428, "2,14": -0.34565406161520196, "2,15": 1.0302102342521073, "2,16": -1.2280682616618752, "2,3": -0.9745907943188064, "2,4": -1.0142126430691243, "2,5": -0.019649941704185103, "2,6": 0.7829142518788181, "2,7": -1.9899112555281309, "2,8": -1.450271884827779, "2,9": -0.4785883581084236, "3,10": -1.3859372659240106, "3,11": 1.7066323582682208, "3,12": -1.532387700261959, "3,13": 1.5922498172890096, "3,14": -0.16349947904936357, "3,15": 0.5245729947204381, "3,16": -0.8381241936799384, "3,4": -0.21356065144156133, "3,5": 1.2668976524254982, "3,6": -1.9853251621837296, "3,7": -0.7695375608671471, "3,8": -0.37035866654066174, "3,9": -1.468444434950607, "4,10": -0.42975450667605086, "4,11": -1.145850509343095, "4,12": -0.5864660342487964, "4,13": -1.717377762828121, "4,14": 1.0370002299722518, "4,15": 0.12743964058753843, "4,16": -0.8372318748474972, "4,5": 0.9849167084958399, "4,6": 0.03970179712606603, "4,7": 0.1486788510332233, "4,8": -0.8042859863950818, "4,9": -1.146722332437224, "5,10": 0.6746013772474257, "5,11": -1.2374898984433202, "5,12": 0.9560524288727392, "5,13": -1.1861722645457493, "5,14": -1.889731233668488, "5,15": 1.0331828171139956, "5,16": -1.221163944151221, "5,6": -0.845044734710501, "5,7": -0.9323276938185918, "5,8": -0.6688567651623871, "5,9": 0.6347071602624541, "6,10": 1.9846847322656371, "6,11": -1.609796078726133, "6,12": -0.6223688592926311, "6,13": 0.7416853700408446, "6,14": -0.8044447257977123, "6,15": 0.65048314218325, "6,16": 1.8578405353795304, "6,7": -0.8371171303780716, "6,8": 0.5450971184724214, "6,9": 1.4017840188057327, "7,10": 0.9918704483561069, "7,11": 1.9618404079351057, "7,12": 1.4672125288051574, "7,13": -0.7310690493607339, "7,14": -1.3102321868668403, "7,15": 1.604136032629321, "7,16": -0.9092654803848097, "7,8": -0.0037633366091451848, "7,9": -0.11927803185716535, "8,10": 0.5351219822538678, "8,11": 0.8136312096842366, "8,12": -0.3670674830423293, "8,13": 1.1690647170147908, "8,14": 1.8838660705168477, "8,15": 1.315696132197664, "8,16": -0.04238228132799238, "8,9": 0.8520005969616369, "9,10": 1.776527692322623, "9,11": -1.0176421885801448, "9,12": -0.24417693663849827, "9,13": -1.7551089490149558, "9,14": -1.290569992286457, "9,15": -1.2347188230717854, "9,16": 1.1338717590075094}, "bias": {"0": -0.07236669335344148, "1": -0.2646361066328353, "10": 0.47762904224776515, "11": 0.8104917888923004, "12": 0.4646467557638698, "13": -0.4917064109052176, "14": -0.7459989921038728, "15": -0.21292213802939064, "16": 0.6859577831946595, "2": -0.4048191284053251, "3": 0.37420189362455836, "4": 0.7984442363498845, "5": -0.21900605039222842, "6": 0.7701504192380382, "7": 0.19180263253436713, "8": -0.9307119889457183, "9": -0.6991055745903005}}