{"Q": {"0,1": 1.319276811503232, "0,10": -0.25622847540614435, "0,11": -0.48894433890014044, "0,2": 1.5047959967513007, "0,3": -1.7931881921842967, "0,4": 0.7330536479117367, "0,5": -0.5084716371920259, "0,6": -1.5785315505173783, "0,7": 1.4569311480092195, "0,8": -1.863539601689666, "0,9": 0.9998829104387514, "1,10": -0.1993755350939157, "1,11": 1.422646482424009, "1,2": -0.8947354470926521, "1,3": 0.394795498680244, "1,4": -0.9937266397865372, "1,5": 1.6601765658718097, "1,6": -0.15980274216512846, "1,7": 1.271623983080552, "1,8": -1.5754397313065946, "1,9": 0.5842915230099455, "10,11": -0.03423244714372853, "2,10": 1.487705204122335, "2,11": 0.8411765382871588, "2,3": -1.6179347801967676, "2,4": 1.4831173450008204, "2,5": 0.9554381556867786, "2,6": -1.3552743750270828, "2,7": -0.5293092690463972, "2,8": -1.8066359784320576, "2,9": -0.4280576273814911, "3,10": -0.8697187944243572, "3,11": -0.16611486158764777, "3,4": 0.28510181083204733, "3,5": 0.4170198705150958, "3,6": 1.1781229638055413, "3,7": 0.6630376629255923, "3,8": 1.1718107206597077, "3,9": 1.8132871118639557, "4,10": 0.6355868630873984, "4,11": -1.9549533534761179, "4,5": -0.10373809285671465, "4,6": 1.7164421793415685, "4,7": 1.5029563935991397, "4,8": -0.7602990654670174, "4,9": 1.3099622720813304, "5,10": 1.495087100118429, "5,11": -1.8665669325657515, "5,6": 0.4912096341697674, "5,7": 0.854224250525252, "5,8": -0.8153684516528994, "5,9": -0.34263511983617434, "6,10": -0.09282599343054487, "6,11": 1.7604674251186827, "6,7": 1.2029136221285892, "6,8": 0.19737186169150567, "6,9": 1.9251443619879436, "7,10": 0.9373040161535244, "7,11": 1.1009840824952715, "7,8": -1.7249579510079118, "7,9": -0.9540152324070221, "8,10": -0.10226653191433233, "8,11": -0.34209867050404164, "8,9": -1.4584355322463312, "9,10": -1.0252551220506954, "9,11": 1.9892669379179857}, "bias": {"0": 0.02115705045226446, "1": 0.135009133606651, "10": 0.9442518091626391, "11": 0.1880533253517871, "2": -0.5160806580260611, "3": 0.03913604239977553, "4": -0.19234000607477508, "5": -0.8662952711902965, "6": 0.32899874760009884, "7": -0.037567543136094006, "8": -0.3761997532475856, "9": 0.2905344712228577}}