{"Q": {"0,1": 1.8448779627826846, "0,10": 0.6679352995648467, "0,11": 0.6803103155719548, "0,12": -0.8392593142599649, "0,13": 1.1636048427588466, "0,14": -1.2580965562141455, "0,15": -0.29516818712038884, "0,16": -0.20112900462516015, "0,17": -1.062410398614602, "0,2": 0.9156022068377379, "0,3": 1.6341926474220538, "0,4": 0.9241810629123641, "0,5": 1.6855236379375866, "0,6": 1.8615476303389515, "0,7": -0.618478934958945, "0,8": 1.7253328464308018, "0,9": 1.7569759871336355, "1,10": 0.43260997392309086, "1,11": 0.7246186901717939, "1,12": -0.34987866034740556, "1,13": 0.45661198803487135, "1,14": 1.0587449313921313, "1,15": -0.23773107618466272, "1,16": -1.956777851945589, "1,17": -0.12467802851340926, "1,2": -1.0311269915545682, "1,3": -1.1294990407338346, "1,4": 0.7264684597463886, "1,5": 0.43656449873708203, "1,6": -0.9803109297975143, "1,7": -0.35608988389915996, "1,8": -1.6146916888011722, "1,9": 1.144030337399268, "10,11": 1.1745735309347487, "10,12": -1.0945662325042291, "10,13": -1.0982092268395434, "10,14": -1.1488076701240137, "10,15": -0.8701773954871195, "10,16": -1.1368427143831346, "10,17": -1.8185312466376549, "11,12": -0.5071051436787588, "11,13": -1.711716787425459, "11,14": -0.3132770360206929, "11,15": 1.2335312013843835, "11,16": -1.5846140495261354, "11,17": 1.4027631732803125, "12,13": 1.0258119141262956, "12,14": -0.6994545696840366, "12,15": 0.4919656336472653, "12,16": 0.8704908490913108, "12,17": -0.04753250335361159, "13,14": -1.4691050446104046, "13,15": -1.8760390693990456, "13,16": 1.038437049624417, "13,17": -0.29366829825477003, "14,15": -1.0274450469134733, "14,16": -1.2091959721338799, "14,17": 1.6169085496513707, "15,16": 1.3186485433989383, "15,17": 1.5889340179715052, "16,17": -1.7618524669746818, "2,10": 1.7659673986842312, "2,11": 1.3197143914368499, "2,12": -1.4857082479971888, "2,13": 0.07255138956348572, "2,14": 0.4509957721228033, "2,15": -0.9760649165503481, "2,16": 0.9857700194916248, "2,17": 0.5807285604831844, "2,3": 1.0753761357557607, "2,4": -0.6577953597402244, "2,5": 1.804987192030886, "2,6": 1.7731953731653674, "2,7": -0.882861639167086, "2,8": 1.4699023201019639, "2,9": -1.4847846194097243, "3,10": 0.14293448851518464, "3,11": -0.2553949518284151, "3,12": -0.27982543998405074, "3,13": -0.8812539772032499, "3,14": -1.9037847403959476, "3,15": 1.400317418222532, "3,16": -0.3756956490106398, "3,17": -0.6103389671199917, "3,4": 1.437526035450642, "3,5": 1.2375013404417268, "3,6": 0.4120526769505015, "3,7": -0.49402863865194213, "3,8": 0.09419221954470558, "3,9": 0.19731354726214834, "4,10": 0.47493382836727394, "4,11": 1.737982683642076, "4,12": 0.8146390609234078, "4,13": -0.1159798244064163, "4,14": -0.6670947425822629, "4,15": -1.6950111585108552, "4,16": -0.09335638350652609, "4,17": 0.05240882409730041, "4,5": 0.522907131260419, "4,6": -0.7844065444494932, "4,7": 1.359786015083158, "4,8": -1.0557193624161263, "4,9": 1.157397596808194, "5,10": -0.9094564955389628, "5,11": -0.3404424647477704, "5,12": 1.2280940383216268, "5,13": 1.5943613028209924, "5,14": -0.04131185334331278, "5,15": 1.0136790880554356, "5,16": -1.7809773721594517, "5,17": -0.5634312814119142, "5,6": -0.7573002147495136, "5,7": 0.8874146495022277, "5,8": 1.8280777659612308, "5,9": 0.21521343330867504, "6,10": -1.0471006068704, "6,11": 0.777657510781308, "6,12": -0.3493579775229456, "6,13": -0.20731702576203137, "6,14": -1.706424882306382, "6,15": 0.7878952407673316, "6,16": -0.941684999979453, "6,17": 1.2767550415646451, "6,7": 1.617101647250962, "6,8": -1.3293395339722767, "6,9": 1.0712004055232458, "7,10": -1.6673358789946726, "7,11": 0.32412273935869074, "7,12": 1.366802748625516, "7,13": 1.4444956912709546, "7,14": 1.3690442125896447, "7,15": -0.7839496416956102, "7,16": 1.6905248925760605, "7,17": 1.267963132443712, "7,8": 0.3825012426787633, "7,9": 0.0003073715276435962, "8,10": 1.0948722597662934, "8,11": 1.942008824216241, "8,12": 0.7213201840569643, "8,13": 1.0245118696727538, "8,14": 0.2847014574576874, "8,15": -0.5332624491860223, "8,16": 1.7575180746858905, "8,17": 1.1627877714228219, "8,9": -0.4275212332395393, "9,10": -1.619668982359809, "9,11": -0.12544702440268107, "9,12": -0.8738305235681212, "9,13": -0.9664904420711595, "9,14": -0.6432602358645987, "9,15": 0.005871498819427501, "9,16": -1.8906374229266847, "9,17": -0.27542597868486585}, "bias": {"0": 0.5814557070652566, "1": 0.41271312147617945, "10": -0.0159485155400092, "11": -0.5637515527754358, "12": -0.8680653541807004, "13": 0.09745909827526034, "14": -0.8769364169718168, "15": -0.7188690358124767, "16": 0.9942896335869249, "17": -0.9575591987373486, "2": 0.11325850346000443, "3": -0.05493531886361014, "4": 0.9652741355698762, "5": 0.42219664316815964, "6": -0.47733920678606867, "7": 0.5725928600967543, "8": 0.11681650427730506, "9": 0.346875438644217}}