{"Q": {"0,1": 0.22545289792123624, "0,10": -0.7425072921921423, "0,11": -0.2215374001779047, "0,12": -0.3199141029302841, "0,13": 1.4496961095653935, "0,14": -1.1401312147411748, "0,15": -0.4466665579101421, "0,16": -0.2538076418977746, "0,2": -1.680822847807781, "0,3": -1.6874644242964068, "0,4": 1.8869790617004627, "0,5": -0.26835990489631856, "0,6": 0.07366992802784056, "0,7": 0.6865934220745418, "0,8": -1.5765022251599001, "0,9": -0.6123247306237611, "1,10": 1.0500959817008826, "1,11": -1.844765180133563, "1,12": -0.8327783126080281, "1,13": -1.32398678582642, "1,14": -0.8942080413933753, "1,15": -0.6763705009960561, "1,16": 0.7461065891268164, "1,2": -0.4740873726479369, "1,3": 1.8260089258326202, "1,4": 0.5454462740222041, "1,5": -0.9521878566733895, "1,6": 1.2375303660898167, "1,7": -1.0286426109549707, "1,8": 1.4849756847520537, "1,9": 1.5242966270054739, "10,11": 0.7008217948928568, "10,12": 0.21287139492590734, "10,13": 1.2901982410135546, "10,14": -0.5608489208582057, "10,15": 1.7064230889103031, "10,16": -0.6610196423361123, "11,12": 0.15542410021622155, "11,13": -1.9266268453031783, "11,14": -0.41019838105964235, "11,15": 0.7692246224566435, "11,16": 0.18573606878360494, "12,13": 0.6670727844801458, "12,14": 1.901432312144364, "12,15": -1.8749214619665007, "12,16": 0.3212332555104669, "13,14": 1.5054000577269355, "13,15": -0.2664692579319694, "13,16": -0.3622797807654061, "14,15": 0.7677374833491291, "14,16": 0.842717976045273, "15,16": -1.4644640551807897, "2,10": 1.5638380938740584, "2,11": 0.8057745578144768, "2,12": -0.6938224401918744, "2,13": -0.25237800952499834, "2,14": 0.2734125485348531, "2,15": -0.947378016506307, "2,16": -0.5885665189442979, "2,3": 0.5610272668892966, "2,4": -0.22764322715551089, "2,5": 1.2174431661767295, "2,6": -1.7312632749207078, "2,7": -1.7416861310505132, "2,8": 0.36279823466511285, "2,9": 1.2631920164525474, "3,10": -1.8732639499638961, "3,11": 0.8694063372694472, "3,12": 1.915849587041647, "3,13": -0.32468045714964244, "3,14": 1.2808645658406679, "3,15": -0.513267294773919, "3,16": 0.9395172430937104, "3,4": -1.841890567524001, "3,5": -0.116460064498904, "3,6": -1.6145369808119172, "3,7": -0.5450470621334755, "3,8": 1.7532543954902815, "3,9": -1.4911774403004672, "4,10": 1.1836695143143094, "4,11": -0.8080320457294188, "4,12": 1.0521493186749251, "4,13": -0.7205920788585218, "4,14": -0.32070108344825066, "4,15": 1.4245090999900119, "4,16": 1.8335348587516846, "4,5": -0.652313570021338, "4,6": -1.43023558039719, "4,7": -0.31655675708261377, "4,8": 1.8300586690843041, "4,9": -1.8579622905815283, "5,10": 0.3482788348552597, "5,11": 1.4042712256897967, "5,12": 0.6575433937476372, "5,13": -1.4473128938857656, "5,14": -1.2169729553719315, "5,15": -1.1291164953108872, "5,16": -0.5505302611558598, "5,6": -1.4513634665470336, "5,7": 0.9262185539877859, "5,8": 1.239430109556813, "5,9": 1.1018866791840245, "6,10": 0.39362063188038654, "6,11": 1.5662317611838938, "6,12": 0.5789665426124202, "6,13": -1.3700759344472138, "6,14": 1.2442780831610682, "6,15": -0.16547315126744655, "6,16": 1.3858284787341533, "6,7": 0.6905615789324888, "6,8": 0.891450851048623, "6,9": -1.707848509320646, "7,10": -0.24754135007202782, "7,11": -1.7263507327536063, "7,12": 0.8218803065540512, "7,13": -1.111497534215244, "7,14": -0.7918283766663277, "7,15": -0.3628691985689847, "7,16": 1.827034966550547, "7,8": 1.8471117891172972, "7,9": -1.5565550524901384, "8,10": -0.5900026598930372, "8,11": 1.2521159443265963, "8,12": 1.6099645574448385, "8,13": 0.4896164140964001, "8,14": -0.039404803802269406, "8,15": -1.1087841261285334, "8,16": 0.41639191951117915, "8,9": -0.5848734534826363, "9,10": 1.060583152910711, "9,11": -1.460896159683585, "9,12": -0.4976061034033714, "9,13": -1.6505365873956048, "9,14": -0.0719084565429049, "9,15": 0.16852252802463807, "9,16": 1.6556588385757371}, "bias": {"0": 0.3719860524229739, "1": 0.43619036989373483, "10": -0.4473557238241106, "11": -0.9748964100561006, "12": 0.5285347499075299, "13": -0.371198229939792, "14": 0.555413250878948, "15": 0.3789486440827545, "16": -0.6363158718806239, "2": -0.4724945483863372, "3": 0.05288526442828734, "4": 0.40477187520442137, "5": -0.7557194979065387, "6": 0.7650614168374352, "7": -0.43618581208715246, "8": -0.6262226634472849, "9": 0.5042642445142449}}