{"Q": {"0,1": -1.8494000698033881, "0,10": 0.6125183908905965, "0,11": -1.0723923654727394, "0,12": -0.44148610360500085, "0,13": -1.4228850598563079, "0,2": -1.5620806577122717, "0,3": 1.962471916063833, "0,4": -0.12484576590389862, "0,5": -0.023853771247001276, "0,6": 0.3469183777786724, "0,7": -1.445666945187047, "0,8": -1.765751357732516, "0,9": 1.5753255543797713, "1,10": 0.0802454120655014, "1,11": -1.9738843952718077, "1,12": -1.021539091974455, "1,13": 0.36421014541908603, "1,2": 0.0491801584964171, "1,3": 1.6116059343374998, "1,4": 0.4934419904491718, "1,5": -0.17680078154715417, "1,6": 0.5071348351857625, "1,7": -0.4592919833457336, "1,8": -0.6693261972380715, "1,9": 0.41745371105621043, "10,11": -1.1759443039505086, "10,12": -1.804987228072548, "10,13": -0.8312051077788958, "11,12": 0.8721295488239762, "11,13": 1.1742119097832355, "12,13": 0.10233331777701604, "2,10": -0.31608237180578547, "2,11": 1.1285641784343605, "2,12": 1.2122511058508554, "2,13": -0.17735685744985252, "2,3": -1.5630147383422144, "2,4": -0.5333285236550576, "2,5": -0.46198275528057575, "2,6": 1.2631026961170906, "2,7": -1.2053647343257858, "2,8": 0.11399014634214222, "2,9": 0.27653484819106167, "3,10": 0.45561397429969475, "3,11": -1.6539819505383764, "3,12": 0.9210718528281738, "3,13": 0.9726313511556377, "3,4": 1.8977467500666227, "3,5": 0.5000189453021422, "3,6": -0.8506552113782595, "3,7": 1.7441298406222487, "3,8": 1.5684168261637934, "3,9": -0.3063088853848468, "4,10": -0.25999584077688853, "4,11": -1.999811752168013, "4,12": 1.2097640597084522, "4,13": -0.41783745043545917, "4,5": 1.3238078135738034, "4,6": -1.6018067421689781, "4,7": -1.8385064453419657, "4,8": 0.8311565776051424, "4,9": -1.8632525237428648, "5,10": 0.5798890914264456, "5,11": -1.258691469471871, "5,12": -1.3871930654214037, "5,13": -0.24514227865963623, "5,6": -1.9039142871599335, "5,7": 0.9381655236919224, "5,8": -1.4617867811990153, "5,9": -0.30715645007896164, "6,10": -0.7069772471420839, "6,11": 0.13255260508421163, "6,12": -1.1019378395940138, "6,13": -1.4031530799054543, "6,7": -0.04637981527081081, "6,8": -1.1751048252063514, "6,9": -1.7576039947959385, "7,10": -0.08880050241679394, "7,11": -0.4956735897148601, "7,12": 0.39540441722314323, "7,13": -0.7438469967920742, "7,8": -0.7614041909289377, "7,9": 0.32110146747239376, "8,10": -0.2964496629235853, "8,11": 0.9857166617732362, "8,12": -1.1030525921811516, "8,13": 0.8627347797898519, "8,9": 1.5740907800889206, "9,10": 1.5811375044970197, "9,11": 1.7017231498554377, "9,12": -0.7494893123218804, "9,13": -0.23516262790542175}, "bias": {"0": 0.04110211211756187, "1": -0.2207338325412458, "10": 0.7328589086957789, "11": -0.13771655678511174, "12": 0.615775505663612, "13": -0.8121179259188744, "2": 0.16289994684875353, "3": 0.48119976623231553, "4": -0.4484299510364982, "5": 0.7455127453385735, "6": -0.7501551654329783, "7": -0.7008714916049974, "8": -0.167202732706359, "9": -0.414399918321285}}