{"Q": {"0,1": 1.2673737793098017, "0,10": -0.6557849739919441, "0,2": 0.5277428741660124, "0,3": -0.9462371448727893, "0,4": -1.5576378981649435, "0,5": 0.1979561462800592, "0,6": -0.344202614488355, "0,7": -0.16537094860340318, "0,8": -1.4360551098804692, "0,9": 1.1932381781816224, "1,10": -1.7828053619081485, "1,2": 0.6450686191746446, "1,3": -0.12605838925096036, "1,4": 1.663405070304809, "1,5": 0.3497555314499783, "1,6": -1.7643650868250496, "1,7": -1.9171374914197994, "1,8": 0.5097229438836681, "1,9": -0.8338190247703614, "2,10": -1.4082532435830073, "2,3": -0.6302431718385568, "2,4": 0.38254178895224644, "2,5": -0.321911602494529, "2,6": -1.2829394142102353, "2,7": -0.14432331048987201, "2,8": 1.8863175230325377, "2,9": 0.2636455435960601, "3,10": 1.8904014573134869, "3,4": -0.3985906811693414, "3,5": 0.2742331281714421, "3,6": 1.8915623549944471, "3,7": -1.4105336263613646, "3,8": 1.4776895612787442, "3,9": -0.4219559594421747, "4,10": 0.17515549314117118, "4,5": -0.005687777379710379, "4,6": 1.4612873324454156, "4,7": 1.8715306784572836, "4,8": -0.4517149252336603, "4,9": 0.1652231177290684, "5,10": 0.8223600532518467, "5,6": 0.2790944984439494, "5,7": 1.6694072121561958, "5,8": 1.9509032354555673, "5,9": 1.064962069577052, "6,10": -0.4651093076650925, "6,7": -1.0449662655420813, "6,8": -1.7732508772750433, "6,9": -0.07924590324848957, "7,10": -1.098184607684869, "7,8": -1.8192464181674075, "7,9": 1.5497397945936147, "8,10": -0.8255012200510561, "8,9": -1.6487281579104902, "9,10": -0.6597400630423587}, "bias": {"0": 0.6456594990022346, "1": -0.4831156250919142, "10": -0.5555657063685173, "2": 0.9052572424748562, "3": -0.25661764701220857, "4": 0.5994774233898923, "5": 0.4507424694843285, "6": 0.768741163260702, "7": -0.10244271610721012, "8": -0.8099197479641875, "9": 0.7123124116968189}}