{"Q": {"0,1": -0.5111118008695006, "0,10": -1.3966848407337333, "0,2": 1.6195335590562054, "0,3": 1.3135105657709998, "0,4": -0.45448387311627947, "0,5": 0.7618877118674701, "0,6": 0.5542528667599265, "0,7": 0.931641953522166, "0,8": 0.9617901683714449, "0,9": 0.6294398212908447, "1,10": -0.25195803472075085, "1,2": 1.9921460326683023, "1,3": 0.9582508368528675, "1,4": 1.336813498997707, "1,5": 1.040781748235048, "1,6": -1.2980695394519666, "1,7": 0.9679298408198749, "1,8": -0.6602356337304154, "1,9": 0.23045458292123477, "2,10": 1.85868361028681, "2,3": 1.3018458391013064, "2,4": -1.711958139030315, "2,5": -0.7462052921559588, "2,6": 1.8464962032960202, "2,7": 1.7821198593027594, "2,8": -1.5798919042362356, "2,9": 0.02820231400751938, "3,10": 0.08514561369739138, "3,4": 1.3953287882669771, "3,5": 1.2188956201341723, "3,6": 0.47712111530282764, "3,7": -1.5752215329095605, "3,8": 0.9860685042232769, "3,9": -1.0709944880613005, "4,10": 1.6595324995173097, "4,5": 0.285549447968386, "4,6": 1.7875491541316353, "4,7": 1.9901759126620235, "4,8": -1.6496086786121325, "4,9": 0.9156554571101134, "5,10": -0.49336739898380877, "5,6": -1.372688243944813, "5,7": 1.5773080592656035, "5,8": -1.3636888314765931, "5,9": 1.0335104344199793, "6,10": 0.9866104007002856, "6,7": -1.9592117912581233, "6,8": 1.2357580129433967, "6,9": 1.929394820852738, "7,10": -0.751914555066207, "7,8": 1.5914280027482262, "7,9": -0.49228991260276356, "8,10": -1.5933972952098658, "8,9": 0.10465309567846681, "9,10": -0.8796774052622971}, "bias": {"0": 0.9628828313337399, "1": -0.29866800858486164, "10": 0.04877106348683302, "2": 0.7897608683539505, "3": 0.774681909896159, "4": -0.3046201333138261, "5": -0.9499180354818715, "6": -0.436187054220319, "7": -0.3615681345456283, "8": 0.351038024766414, "9": 0.2854855626116155}}