{"Q": {"0,1": -0.9034319176313139, "0,10": 1.0257686222685307, "0,11": -1.2629462398887439, "0,12": 0.028582596348213585, "0,13": -1.8155664045244961, "0,14": 0.970722225589745, "0,15": -0.1411138650021413, "0,16": 0.5080575520685633, "0,17": 0.7573072029839061, "0,2": -1.105510433351661, "0,3": 1.8611882559267832, "0,4": -1.5239530044275456, "0,5": -0.13572352402545818, "0,6": -0.6236843057117203, "0,7": -1.5470174764695575, "0,8": 0.8583141126828249, "0,9": -1.2823721920151283, "1,10": 0.11551677587171305, "1,11": 0.6539895938742637, "1,12": 0.8383986564697725, "1,13": 1.6478810426003814, "1,14": 1.6489737881710895, "1,15": 0.4676474423882646, "1,16": -0.5874493210286027, "1,17": 1.375400143673375, "1,2": -1.5568785078946075, "1,3": -0.2930852078589923, "1,4": -0.5133784193496731, "1,5": 0.4341298822841395, "1,6": 0.5687995502860241, "1,7": 0.08726979235358945, "1,8": 1.3145043884130718, "1,9": 1.5272733176462712, "10,11": -1.8547128243671418, "10,12": -0.9594063914712225, "10,13": -0.4463819426550102, "10,14": 0.2652753041904812, "10,15": 0.8770603834861186, "10,16": 0.4769024253610117, "10,17": -0.4195075008524216, "11,12": -0.25413717831594784, "11,13": -0.09837134817074134, "11,14": -1.4798344565824553, "11,15": -0.4233915420959109, "11,16": -1.56904243598626, "11,17": -1.5082765950047707, "12,13": -0.8475046035137828, "12,14": 1.8731354533721754, "12,15": 1.8379276781368654, "12,16": 1.4313391244506533, "12,17": 0.7609723378098696, "13,14": 0.5655328226925143, "13,15": -0.9123731832700526, "13,16": 1.6330387043585173, "13,17": 1.7656968576698002, "14,15": -1.2067503399450685, "14,16": -1.8218161341673191, "14,17": 1.7431402540326286, "15,16": 1.1105391403724005, "15,17": 0.6038272743609463, "16,17": 1.7082388092517986, "2,10": -1.4346605294858987, "2,11": 1.7810222645762726, "2,12": 1.6783368772999978, "2,13": -1.6537989986257018, "2,14": 1.2640665208657769, "2,15": 1.4805964229524045, "2,16": 0.9561425290907213, "2,17": -1.1903341951707884, "2,3": 0.09661514227283119, "2,4": -1.0820303462445398, "2,5": 0.4035142940631, "2,6": 1.3818419451951502, "2,7": 1.7550716230734267, "2,8": 0.9264496915782683, "2,9": -0.5044636456469336, "3,10": 0.5685857904877509, "3,11": 1.5569530944191357, "3,12": 1.5793292067211975, "3,13": -1.3870331770882123, "3,14": 1.8127434026303768, "3,15": -0.20427068562196204, "3,16": 1.949980810937355, "3,17": 0.25860254000937033, "3,4": 1.7693188108631097, "3,5": -0.04414044856246724, "3,6": -1.906649950719605, "3,7": -1.0234765417247944, "3,8": -1.6481068669337042, "3,9": 1.0852101243202776, "4,10": -0.9761383313584977, "4,11": 0.6472391143112395, "4,12": -0.6461257069492992, "4,13": -0.08995186283623191, "4,14": -1.6452591757394748, "4,15": -0.12048019181164626, "4,16": -0.26614865708141666, "4,17": -1.6242493706963614, "4,5": 1.927321868680652, "4,6": 1.1077400443950167, "4,7": 0.2049363438533618, "4,8": 1.36414949045336, "4,9": 1.445432728439127, "5,10": 1.8160249298976994, "5,11": 0.7358821001319318, "5,12": 1.0520389156401335, "5,13": -0.8366242454402966, "5,14": -1.9565520854318281, "5,15": -1.3548442295918468, "5,16": -0.23121919186931317, "5,17": 1.2141876589571932, "5,6": -0.4543569571335042, "5,7": -0.32746323917616715, "5,8": -1.3080631397203408, "5,9": 1.321747208006077, "6,10": -1.6825376206219174, "6,11": -0.8160912744665065, "6,12": 0.19762856982726706, "6,13": 1.011220157488888, "6,14": 1.4475406037151242, "6,15": -1.0243970170596213, "6,16": 0.06329396023177392, "6,17": 1.3659242484038372, "6,7": 0.8999316161708473, "6,8": 0.41580908578402465, "6,9": -1.3130800958770856, "7,10": -0.17277183504891758, "7,11": 1.7628498840253672, "7,12": 1.0515707549868942, "7,13": 0.07116664115957994, "7,14": 1.5255809288274564, "7,15": -0.7458985668256108, "7,16": -0.3600177463766707, "7,17": 0.5722227001376301, "7,8": 0.4785705915568057, "7,9": 1.756684037421579, "8,10": 1.0897452400137757, "8,11": -1.1864116213433378, "8,12": 1.4390118533266056, "8,13": 1.2458815002600332, "8,14": 1.8742078589343234, "8,15": -0.621601266075313, "8,16": -0.7016718755668019, "8,17": 0.8513641523757967, "8,9": 1.9653225387042639, "9,10": -1.4332139499240353, "9,11": -1.1593976143352736, "9,12": 1.1095861576010084, "9,13": 0.3836066288989728, "9,14": -0.5899652004210099, "9,15": -1.393992803210196, "9,16": -1.185259724826301, "9,17": 1.05165572094604}, "bias": {"0": 0.2595342077187155, "1": 0.12648334898033964, "10": -0.08737164254995777, "11": -0.2440108836653352, "12": -0.661630319554209, "13": -0.035184191126768516, "14": -0.2621493494602387, "15": 0.12073703466173802, "16": -0.6650301424150495, "17": 0.990137092119939, "2": 0.28191266383158053, "3": 0.5473789619004625, "4": 0.9158167908324195, "5": -0.43579221000395085, "6": -0.23108241904631854, "7": 0.5664863812142258, "8": 0.33805600237783473, "9": -0.7864832718892432}}