{"Q": {"0,1": 0.5240406853976043, "0,10": -0.7570034724775905, "0,11": 1.6229071963605604, "0,12": -0.7487151963196097, "0,13": 0.08761228535348087, "0,14": -1.4310637863731897, "0,15": 1.8166086789408586, "0,16": 1.7681077324123486, "0,17": -0.1930347341951819, "0,2": 0.41866777230829966, "0,3": -0.44602111434919944, "0,4": 0.7466745588382904, "0,5": -0.5003191656957813, "0,6": 0.5409723406953604, "0,7": 0.34300634346957004, "0,8": 0.54425208840075, "0,9": -1.7671808515838383, "1,10": 0.6374237608839453, "1,11": -1.8511941697024565, "1,12": -1.2926610518143016, "1,13": 0.4263326387283768, "1,14": -1.163106106154098, "1,15": 1.3612330887113107, "1,16": 0.8302941897329865, "1,17": -1.9437025817910563, "1,2": -1.4932618125339334, "1,3": -0.5029238436033503, "1,4": -0.9357005646546281, "1,5": -0.7887675800373861, "1,6": 1.6414089592523338, "1,7": -0.10592769903503285, "1,8": 0.4801287785616828, "1,9": -1.9365533729313258, "10,11": 0.3031117280320723, "10,12": 0.5149143335998949, "10,13": 0.6349638627226901, "10,14": -1.9134904044940604, "10,15": 0.3284173857069108, "10,16": 1.3970105411022158, "10,17": -0.518688135102773, "11,12": -0.10097708605074596, "11,13": -0.491981918990255, "11,14": 0.5170018771998941, "11,15": 0.029668159191616805, "11,16": 0.8268657564890818, "11,17": -0.6990368159525575, "12,13": -0.8588899086256472, "12,14": -0.44325508862018337, "12,15": -1.5249281246580364, "12,16": 0.9319232642669268, "12,17": 0.7034455031750175, "13,14": -0.38634423900420733, "13,15": -1.9715681840031802, "13,16": 1.483750207136043, "13,17": 1.4147102395416096, "14,15": 0.14260981273072026, "14,16": -1.5740885638961184, "14,17": -0.15106516139291726, "15,16": -0.7966262173470438, "15,17": -1.15196974198996, "16,17": -1.5010290291012187, "2,10": -1.8427121245110132, "2,11": 0.747180372443446, "2,12": -1.0600423256171232, "2,13": 1.9005555488342645, "2,14": 0.190374147132641, "2,15": -0.7009349503606153, "2,16": -0.6131018061630957, "2,17": -1.8364853257563727, "2,3": 1.7852317319014848, "2,4": -1.1108274849964754, "2,5": 1.3119814823903129, "2,6": 1.2705450655183466, "2,7": -1.9647524360820081, "2,8": -1.135934356417423, "2,9": 1.4386297451283898, "3,10": -0.7053137637691247, "3,11": -1.6016954829745957, "3,12": 0.11274678915742342, "3,13": -1.6191565375840336, "3,14": 0.7541563464939425, "3,15": -1.6891048362026369, "3,16": 0.41667083525898896, "3,17": -0.5642350182119058, "3,4": 1.8331941877309839, "3,5": 0.10874780508930826, "3,6": -1.625559229837719, "3,7": -1.6249857373627474, "3,8": -0.1719312395601098, "3,9": 0.10564181472014988, "4,10": 1.4241624785283995, "4,11": -1.0788078093430888, "4,12": 0.2883641913302184, "4,13": -1.413511494625523, "4,14": 0.4358557278580797, "4,15": -1.8334419220606386, "4,16": -0.9598537831996503, "4,17": 1.6756690276690742, "4,5": 0.29758881177686014, "4,6": 0.07142258317568428, "4,7": -1.786922078440886, "4,8": -0.2947617376209344, "4,9": -0.23191021130104783, "5,10": -0.9155165278152095, "5,11": -1.0601635683061694, "5,12": -0.6138467860663281, "5,13": 0.8196694984737767, "5,14": -1.7841807025296608, "5,15": 1.9274570478013242, "5,16": 1.5461684393066109, "5,17": 0.7282023831554127, "5,6": 0.7269560180988592, "5,7": -1.9741978382458534, "5,8": 0.37949552915828644, "5,9": -1.8290275797156714, "6,10": 0.14768843121606112, "6,11": 1.767661959129856, "6,12": -0.05156964182884405, "6,13": 1.277838791785605, "6,14": -0.0687744613707113, "6,15": -1.1654836091442045, "6,16": -0.682132390953841, "6,17": -1.8582557439526153, "6,7": 1.6709445581087325, "6,8": 0.24081993231275778, "6,9": 1.962631915934037, "7,10": 0.6379223238119276, "7,11": 1.1845857179354549, "7,12": 1.9184104413933016, "7,13": -1.9194775542984197, "7,14": 0.919537000342141, "7,15": 0.55426434220329, "7,16": 0.9742533770603665, "7,17": 0.34721117831984527, "7,8": 0.3638085545752805, "7,9": -0.030324908776847348, "8,10": -0.10305430564979945, "8,11": -0.9549716516655282, "8,12": 0.12548246758628911, "8,13": -0.6348123234569512, "8,14": 0.5048795998410811, "8,15": 1.4173869647210795, "8,16": -0.7080096763140493, "8,17": 1.2357387891640625, "8,9": 0.3669227618080848, "9,10": 1.7611585315074123, "9,11": 1.6404608998848063, "9,12": -0.33911187393101017, "9,13": 0.8652637210780596, "9,14": -0.681144806513359, "9,15": 1.9505601967565775, "9,16": -1.5097338522565389, "9,17": -0.5398879249732356}, "bias": {"0": -0.3214298658443866, "1": -0.9728829544267472, "10": -0.4978603701194424, "11": -0.9146550414749237, "12": -0.8777839944237023, "13": 0.20520727670616434, "14": -0.504093621150798, "15": 0.3835529453414035, "16": 0.1698419738132404, "17": -0.7796355400400492, "2": 0.8428937077086536, "3": 0.46107425633775834, "4": -0.047880680918214624, "5": -0.2472104909328583, "6": 0.23968571026446717, "7": -0.09038847710569331, "8": -0.7951482167685975, "9": -0.11767841180517835}}