{"Q": {"0,1": -0.06904440395498801, "0,10": 1.1088200213681918, "0,2": -1.653837864573783, "0,3": 1.0581172317467793, "0,4": 0.5894234533550957, "0,5": -0.6306829285053532, "0,6": 0.10937934559088136, "0,7": 1.6102315354626509, "0,8": -1.1021282117407716, "0,9": 1.172119839343027, "1,10": -1.4868806340730583, "1,2": -0.29750680501406057, "1,3": 1.5715032564102862, "1,4": -0.3295218593803675, "1,5": -0.19128453524886524, "1,6": 0.027059019356188596, "1,7": 1.671535580469106, "1,8": -0.1596725486034738, "1,9": -0.5906593291115758, "2,10": -1.5517901996201666, "2,3": 0.00013912946180072439, "2,4": -1.343417258724514, "2,5": 0.9722465549347747, "2,6": -0.8609655123498849, "2,7": -0.18500948333841238, "2,8": -1.153623594199825, "2,9": -0.45877626225251067, "3,10": 0.8087102558734331, "3,4": 0.6907962550270335, "3,5": 1.604151617909869, "3,6": -1.4836872121503148, "3,7": -0.24659846598219737, "3,8": 1.4277586494222616, "3,9": -1.752326737505184, "4,10": -1.3501971718469687, "4,5": -0.36282253379376295, "4,6": -1.8099407138738255, "4,7": -1.7073852987290956, "4,8": -0.3674931867369602, "4,9": -1.2293850318037474, "5,10": -0.028321960575664384, "5,6": -1.6628332268418764, "5,7": -0.15278231261271902, "5,8": -1.029879767457126, "5,9": 1.485921721013458, "6,10": -1.4537201701855214, "6,7": -1.0279055955753709, "6,8": -0.017248628670019528, "6,9": 0.3310024151836748, "7,10": 0.6053910055977871, "7,8": -0.773480537642417, "7,9": -0.014685824252765212, "8,10": -1.7905697594108063, "8,9": -0.5033796758122486, "9,10": -1.4913913314030927}, "bias": {"0": 0.3651297525213548, "1": 0.4904364724254837, "10": 0.08421838772046986, "2": 0.6414419037412964, "3": -0.19035123324885306, "4": -0.7072962206680766, "5": 0.03724272016370622, "6": 0.5194638503480236, "7": -0.10734150939275788, "8": -0.1036312386922138, "9": -0.6309178053978632}}