{"Q": {"0,1": -1.5206971790467616, "0,2": -0.03353485644119747, "0,3": 0.32882461553061315, "0,4": 0.7017879523236372, "0,5": 0.6232554860760211, "0,6": 1.7180957903646377, "0,7": 1.8068819965702079, "1,2": 1.9828003967716241, "1,3": 0.8742971453815676, "1,4": -0.5727163705371452, "1,5": 0.9678166509526629, "1,6": -0.7955797736010677, "1,7": 0.0594483977130551, "2,3": 0.6538382888729344, "2,4": -1.5102979398171832, "2,5": 1.2383937657240192, "2,6": -1.4498949191771477, "2,7": 0.09622181030716792, "3,4": -1.7337519664409995, "3,5": -0.4994450406560613, "3,6": 1.693221559512962, "3,7": 0.36121973807596053, "4,5": -1.9229626829998598, "4,6": 1.4841861083870542, "4,7": 0.4081922568261991, "5,6": 1.869684148659299, "5,7": 0.10906066346460763, "6,7": -0.013208251537718319}, "bias": {"0": -0.9495139267868586, "1": -0.19356132962461525, "2": 0.2655328324139672, "3": 0.023452243727571265, "4": -0.6573560069598487, "5": -0.9582267657790258, "6": -0.9941776947921335, "7": 0.17505113807288453}}