{"Q": {"0,1": 0.02803344462166235, "0,2": -1.7599204062656488, "0,3": -0.050552970005115494, "0,4": 0.4728392286606984, "0,5": -1.2580622139231021, "0,6": -0.8674256236839382, "0,7": 1.3218117081992342, "1,2": 1.1146315244001648, "1,3": -1.8356970456593213, "1,4": 1.8464262138335368, "1,5": -1.2948101708026618, "1,6": -0.23020887781421262, "1,7": -1.7238264974916118, "2,3": -1.3420668504032593, "2,4": 1.6752095078422777, "2,5": 1.859400331936396, "2,6": 0.2701791360155199, "2,7": -1.0784826692570175, "3,4": -0.6553104858440797, "3,5": 1.8433649271331682, "3,6": -1.5658658511446313, "3,7": 0.4641030743395831, "4,5": -1.8155666933128276, "4,6": 1.1361803041231067, "4,7": 1.0158804999947342, "5,6": -1.0617397609145005, "5,7": 0.1446882759832553, "6,7": -0.429636236223093}, "bias": {"0": 0.6003699872373698, "1": 0.24338782118943425, "2": -0.9986744470104405, "3": 0.6987817860600889, "4": -0.6489314076685941, "5": 0.8176517713170381, "6": -0.8417349820674398, "7": 0.07571339925960086}}