{"Q": {"0,1": -1.5596293204889178, "0,10": -0.7785503995098342, "0,11": 1.209408747084363, "0,12": 0.12707972596668604, "0,13": 0.5232005591448279, "0,14": 1.7661904541600761, "0,15": -0.01691451068072114, "0,16": -0.7578012442982485, "0,2": 1.4992853292364519, "0,3": 1.7943013673707662, "0,4": -0.34766398971887913, "0,5": 1.1695925384856372, "0,6": 1.3988487792294682, "0,7": 1.0407352885874057, "0,8": -1.4358678786790335, "0,9": -0.4770978204561209, "1,10": -1.7611119867987375, "1,11": -0.48992322206985417, "1,12": 0.14997132780270395, "1,13": -0.4500502235612345, "1,14": 1.0967654421187398, "1,15": 0.3849320459269183, "1,16": 1.6427990093876002, "1,2": -0.5602346657522559, "1,3": 0.22656269240128157, "1,4": 0.3270611639136516, "1,5": 0.16571997996359755, "1,6": 0.228006278946296, "1,7": -0.008725389601190958, "1,8": -0.29616976590913735, "1,9": -0.10723333952699177, "10,11": -0.40634377442576275, "10,12": -1.162072148002133, "10,13": 0.44189534680005327, "10,14": -1.508266264496866, "10,15": 0.8604577558097937, "10,16": 0.7125438398698236, "11,12": 0.6822032532180446, "11,13": -0.20170018072618445, "11,14": -1.9563541117346372, "11,15": -0.8261290785411384, "11,16": -1.4815964541341002, "12,13": -0.48042719509659104, "12,14": -1.929978876500043, "12,15": 0.18241234517041738, "12,16": 0.4065140594494636, "13,14": 1.2317870980186862, "13,15": 1.8251199371616598, "13,16": 1.5499634883655977, "14,15": 0.8867659433268362, "14,16": -1.465668747936728, "15,16": -1.3601557610396462, "2,10": -0.6898884148834794, "2,11": 1.9089446542965778, "2,12": -1.1910169375029689, "2,13": 0.26893768547589136, "2,14": 1.9089487427236516, "2,15": 1.0254998725491133, "2,16": 0.44107161167215914, "2,3": -0.21294563722131787, "2,4": -1.9187225599930664, "2,5": -1.6018569600878179, "2,6": -1.1396427675352916, "2,7": 1.185524047171017, "2,8": 1.6635121665003072, "2,9": -0.23030391099179104, "3,10": 1.520315614264745, "3,11": 1.2651824278540649, "3,12": -1.5205314945820634, "3,13": 0.3780205448964882, "3,14": 1.9994706869795684, "3,15": 1.8583932798583507, "3,16": -0.5448290693582596, "3,4": -0.5937693788813423, "3,5": 0.43769444260528223, "3,6": -1.983552946950006, "3,7": 0.10370552409522071, "3,8": -1.752877278055668, "3,9": 1.7806005236217697, "4,10": 0.35346995238244494, "4,11": -0.29855818276509627, "4,12": 1.2647125636843142, "4,13": -0.45911459207351024, "4,14": 0.9372284721381052, "4,15": 0.2254516936742399, "4,16": 1.9392601654949635, "4,5": 0.8346902573518702, "4,6": -0.6593762116743558, "4,7": -0.12762897536271156, "4,8": 0.9046421263847915, "4,9": -1.9454543560968731, "5,10": -1.2854235772486833, "5,11": -1.5616812086580287, "5,12": 0.6771611169847969, "5,13": 1.0856531211113793, "5,14": 1.7432344918482405, "5,15": -1.8787560162223915, "5,16": -1.4822176477981532, "5,6": -0.3321181741802022, "5,7": 1.2125254690079807, "5,8": 1.1882076440904883, "5,9": 0.8805570325142833, "6,10": -1.8226466169880728, "6,11": -0.44139342219274846, "6,12": -0.8424823820375078, "6,13": -0.40402880625793136, "6,14": 1.5225349632209904, "6,15": 1.5812249028513068, "6,16": 0.22662076067511716, "6,7": -0.2955534816741756, "6,8": 0.7882560236469311, "6,9": 1.7093676302322116, "7,10": -0.1655988115845819, "7,11": -0.8589679570049036, "7,12": 1.2179954998568894, "7,13": 1.8068338336510958, "7,14": 1.4869752399046918, "7,15": 1.6884265439891126, "7,16": 1.1532796940678973, "7,8": 1.5596520296182756, "7,9": -0.447950352233649, "8,10": 1.604431933368729, "8,11": -0.217357533426092, "8,12": 1.1475294538471372, "8,13": -1.5941664824374544, "8,14": 0.17312583686525462, "8,15": -1.5560787703601888, "8,16": -0.8556589565665549, "8,9": 0.19568562145755752, "9,10": 1.9143918146494157, "9,11": -0.22054294181385137, "9,12": 0.5650558738463785, "9,13": 0.44702346824066197, "9,14": -0.18988513956187436, "9,15": 0.45988191218697416, "9,16": 1.2338146678041273}, "bias": {"0": -0.33960002239616394, "1": 0.7075313200333859, "10": 0.5173895643749689, "11": -0.8401408855612922, "12": 0.9424723633425209, "13": 0.7914689780006419, "14": 0.10421566253458137, "15": -0.10538631010149024, "16": -0.7158500648776722, "2": -0.9586077975057323, "3": 0.2840023310476776, "4": -0.9977442394440745, "5": -0.8736851243854886, "6": -0.42528672219234753, "7": -0.046321952659835075, "8": 0.1945267445783101, "9": 0.9566452476043179}}