{"Q": {"0,1": -1.257104631180185, "0,10": -0.10718182172854185, "0,11": 1.6569318440848604, "0,12": 1.7400706252531375, "0,13": -1.252687731477601, "0,14": 1.1798841955796355, "0,2": -0.07914201447678737, "0,3": -1.7123084579127879, "0,4": 0.38267353418889183, "0,5": -1.025246798461509, "0,6": -1.6887740185770195, "0,7": 1.790770012481791, "0,8": 1.4818608821773775, "0,9": 0.48375633891105174, "1,10": 0.23789308099798356, "1,11": -0.829393813703041, "1,12": 1.905289234279378, "1,13": -1.6804154308401928, "1,14": -1.883372480434236, "1,2": -0.26077856455870707, "1,3": 0.9986202013415619, "1,4": -0.09684220867193583, "1,5": -0.5414625568955387, "1,6": 1.2418173673090873, "1,7": -0.17155845855178908, "1,8": -0.6010361755926472, "1,9": -0.5425995309078111, "10,11": 0.384697258932877, "10,12": -0.8614798397139012, "10,13": 0.9789011211012015, "10,14": 1.7095791802363354, "11,12": 0.4095676319813579, "11,13": 1.9139859975375244, "11,14": -0.6108834891949813, "12,13": 0.4007211054344224, "12,14": 1.8686936350335213, "13,14": 0.7412645552774553, "2,10": 1.5009367506178268, "2,11": -1.4777072721570823, "2,12": -0.37169211160356275, "2,13": 0.48012784227308103, "2,14": 1.659591002482916, "2,3": 1.0723353339916084, "2,4": 1.1410238707940699, "2,5": -1.6391460986295678, "2,6": -1.8979232789465583, "2,7": -0.006253128544950304, "2,8": -1.996084143033709, "2,9": -0.20274669740263507, "3,10": 0.3550872693522562, "3,11": 0.29044352272438134, "3,12": -1.7983558096488519, "3,13": -1.1165560694466259, "3,14": 1.2255980337633865, "3,4": -0.8976456990183097, "3,5": -0.7208801944770751, "3,6": -0.31422293847171145, "3,7": -0.07497238232264003, "3,8": -0.9441591126118016, "3,9": 1.2921195195356066, "4,10": -1.658268661934669, "4,11": -1.147453682114444, "4,12": -1.9692393428372905, "4,13": -1.4154423206697193, "4,14": -1.729876305105119, "4,5": 0.8683822341764347, "4,6": 0.5259870177187209, "4,7": -1.6674136484379352, "4,8": 0.691440678411662, "4,9": -1.0607580573838424, "5,10": 1.1408272475694714, "5,11": 1.531045826977886, "5,12": -1.1575531646774975, "5,13": -1.3109246017007123, "5,14": 0.29819339561195424, "5,6": 0.5601124293838504, "5,7": 0.18787645952928766, "5,8": 1.4562048004026584, "5,9": 0.2311263646558941, "6,10": -1.5763891352257935, "6,11": -1.9657308695943394, "6,12": 0.8439520204999753, "6,13": -1.2154461716351577, "6,14": 1.5173762465808132, "6,7": -0.18968306522979717, "6,8": 0.2261064682127465, "6,9": 1.8767405520644416, "7,10": 0.4386953870672712, "7,11": -1.252759608717804, "7,12": -9.932410665891567e-05, "7,13": -0.943052796470297, "7,14": -0.8339268309602548, "7,8": -1.5908697794146431, "7,9": -0.13713669819668395, "8,10": -0.8992571163093785, "8,11": 1.774947617549251, "8,12": 1.9587983603649426, "8,13": -1.2288037331177422, "8,14": 1.8195284559409224, "8,9": 1.5216517307863069, "9,10": 1.2444767108033505, "9,11": -1.1226188897459521, "9,12": 1.4101022506553145, "9,13": 0.6525576415024492, "9,14": -0.053330509910438195}, "bias": {"0": 0.047055627241503695, "1": 0.023360272164244966, "10": 0.6845183722753236, "11": -0.10520055054059885, "12": -0.22335400624070822, "13": 0.8374857511167817, "14": -0.4998696860048346, "2": 0.12690150347588558, "3": -0.6991398289526027, "4": -0.4475684301269438, "5": -0.1400084038122078, "6": -0.9239353966797998, "7": 0.46470565694077415, "8": -0.5199078376755537, "9": -0.8540585288124798}}