{"Q": {"0,1": -0.9128809314434654, "0,10": 0.030512345082835957, "0,11": -0.5771341878342375, "0,12": 1.0390117373478378, "0,2": -1.1344301437174837, "0,3": 1.1228633270599055, "0,4": -1.2384666377215958, "0,5": -1.3894083274390154, "0,6": 1.73706964085115, "0,7": -0.38904593608224936, "0,8": -0.9066563269808343, "0,9": -1.2116938966385793, "1,10": 1.1934415765903292, "1,11": 0.0037242811771505124, "1,12": 0.7567788020796105, "1,2": -1.4149772664689402, "1,3": 1.5035056382000715, "1,4": -0.23398625785782734, "1,5": 1.754480583853991, "1,6": 0.8494004465704696, "1,7": 0.2598335908800946, "1,8": -0.4310938487429383, "1,9": 0.3615522143814345, "10,11": 0.1639195833235365, "10,12": 0.812567345976273, "11,12": -1.6377758364097978, "2,10": 1.0566658169870098, "2,11": 0.6884946326436285, "2,12": -1.3194695706193338, "2,3": 0.845158680613578, "2,4": 0.9541344854930647, "2,5": -0.32747378880874, "2,6": 0.42897102558191236, "2,7": 0.2311191294947279, "2,8": -1.5068628700462838, "2,9": 0.9110483407438168, "3,10": -0.8447560552250031, "3,11": -1.1861900425903502, "3,12": 1.428765249394555, "3,4": -0.4168581619798477, "3,5": 0.16100799176582958, "3,6": 1.4159612185872392, "3,7": 1.0323147939628479, "3,8": -0.03729672704980347, "3,9": 0.8738640693654056, "4,10": 0.12785742972881264, "4,11": 0.6486846522844649, "4,12": -1.5825747600442877, "4,5": -1.604835823807889, "4,6": -1.2713378638711648, "4,7": -0.4629205344616323, "4,8": 1.4331252276185502, "4,9": -1.9591057548117825, "5,10": -1.6670792542686241, "5,11": 1.1513542228902294, "5,12": 1.643887238498614, "5,6": -1.2486287987080815, "5,7": -1.6152305872262054, "5,8": -1.4177709109338275, "5,9": -0.8418486963715894, "6,10": 1.766115138996835, "6,11": 0.34344666162380433, "6,12": 1.9195421368259082, "6,7": 0.057690345003031496, "6,8": -1.709343130627499, "6,9": -0.2173369323872576, "7,10": -0.18863469944295286, "7,11": -1.876683927705364, "7,12": 0.3281361152770379, "7,8": 1.5496902254410525, "7,9": 0.6524713425158781, "8,10": 1.1634301918259173, "8,11": -0.6066743500679603, "8,12": 1.53595664803687, "8,9": 1.9029781466269378, "9,10": 0.3821700043997893, "9,11": 0.44042788540669386, "9,12": -1.5338424966530293}, "bias": {"0": -0.7046813621355084, "1": -0.8328571094208936, "10": 0.9661086681547788, "11": -0.20320889247799556, "12": 0.026415557314106053, "2": -0.09990347256133614, "3": -0.8988407349569894, "4": -0.9812893899501787, "5": 0.21614604883587996, "6": 0.5667710134172435, "7": -0.873607498450027, "8": -0.8233283852025342, "9": -0.9750679971829259}}