{"Q": {"0,1": -1.7005973927252445, "0,2": 1.1871239469691757, "0,3": 0.25460809329962064, "0,4": -0.9696030187720672, "0,5": -1.3970574054050684, "0,6": -0.6979532833906994, "0,7": 0.21161999551247357, "0,8": 0.8358043913072399, "1,2": 0.29284223722099423, "1,3": 1.4629763287066977, "1,4": -1.1198169888274854, "1,5": -0.11703975724911642, "1,6": 0.8263575033422126, "1,7": 0.5102376517352774, "1,8": -1.5610797216637078, "2,3": -1.6246584263069312, "2,4": -0.2359372671446498, "2,5": 0.09740819567094716, "2,6": 1.3443499756700739, "2,7": 1.3081380927902866, "2,8": -1.6480816748703817, "3,4": 1.4022133523958513, "3,5": -1.0278135524475913, "3,6": 0.19447062556223838, "3,7": -1.0934140290745198, "3,8": 0.543359600802964, "4,5": 0.41475549757220564, "4,6": 0.2564464335952348, "4,7": -0.19527575280815324, "4,8": 0.11087711401130873, "5,6": 0.34622636104683835, "5,7": 1.8145586377173912, "5,8": 0.11161117943374643, "6,7": -0.6671704523163497, "6,8": 1.5986031323191217, "7,8": 0.5547909016046466}, "bias": {"0": -0.3428523370820764, "1": 0.6347586431322274, "2": -0.40221165112244606, "3": -0.5714462514313097, "4": 0.6643047896926608, "5": 0.8518976233088076, "6": -0.3575655736631551, "7": -0.8675439237697222, "8": -0.17930717540938623}}