{"Q": {"0,1": 0.11543314401219895, "0,10": -0.9391172941031214, "0,11": -0.9541148052864292, "0,12": 0.055357933875428866, "0,13": -0.2244519490136061, "0,14": -1.5957174291947704, "0,15": -0.42881251726842073, "0,2": -0.3152222277064216, "0,3": -1.5843617703536852, "0,4": -0.9622297040192915, "0,5": 0.7514551711338253, "0,6": 1.105054497689832, "0,7": 1.1329089485169899, "0,8": 1.1526682741960315, "0,9": -0.19397822470049064, "1,10": -0.417843532484798, "1,11": -1.8721159786841302, "1,12": -1.2865602591283212, "1,13": -0.23595648135033365, "1,14": 0.4420797623213075, "1,15": 1.582545535819238, "1,2": 1.922726347169056, "1,3": 0.2594752434834562, "1,4": 0.7650847157296741, "1,5": -0.9920464915922982, "1,6": 0.26894818826936007, "1,7": -0.7263426740118, "1,8": 1.277678753243372, "1,9": 0.631684478377518, "10,11": -0.18246289841757957, "10,12": 1.1704000833404828, "10,13": 1.0084673546908967, "10,14": -0.3016429686398707, "10,15": -0.48127796269058365, "11,12": -1.1828412736661837, "11,13": -1.06996083842599, "11,14": 0.08649599567781507, "11,15": 0.09155372830131858, "12,13": -0.20462909394159645, "12,14": -0.6942862474413602, "12,15": 0.9217675007954624, "13,14": 0.5268937264152025, "13,15": 1.0698861269288438, "14,15": 1.1456522575676367, "2,10": -1.558180755068578, "2,11": 0.20599052184980327, "2,12": -1.9275954228811103, "2,13": 0.058534290551766954, "2,14": 1.0505653987331742, "2,15": 1.0144800392745785, "2,3": 0.8550596110817481, "2,4": -1.8327299275055258, "2,5": -1.5137257444440473, "2,6": -1.2441376838984008, "2,7": 0.39362547945924, "2,8": -0.08675723172349947, "2,9": -1.5219302738378109, "3,10": 1.391190114872341, "3,11": -0.6808179656326252, "3,12": 1.8836735347270919, "3,13": -0.874317639860386, "3,14": -1.0542023280813964, "3,15": 1.6521228945613475, "3,4": -1.2979132209194466, "3,5": 1.7961422236001074, "3,6": 1.8051525200064038, "3,7": 0.579841068250825, "3,8": 0.27390314678991423, "3,9": -1.6862419167859821, "4,10": 0.0004034770027785406, "4,11": 1.7339080920199152, "4,12": 0.47514424742149375, "4,13": 0.8386311440862664, "4,14": -1.3719037022081255, "4,15": -1.5431657175354956, "4,5": 0.7863274484888869, "4,6": 0.378716973104138, "4,7": -0.03598255565753794, "4,8": 1.9657438605730833, "4,9": 0.22275536949019914, "5,10": -0.7399696015830504, "5,11": -1.0860450594700004, "5,12": -0.48508931291927126, "5,13": -1.9381424576608226, "5,14": 0.48407206524851576, "5,15": -1.6342875786448725, "5,6": -0.32826867165230933, "5,7": 1.7187870922639878, "5,8": 1.943715856082855, "5,9": 0.11070120173942533, "6,10": 1.5866676450488533, "6,11": -1.4572512208917048, "6,12": -1.0453841097767196, "6,13": 0.22418558009697653, "6,14": 1.7407172777678657, "6,15": -1.4237034219844942, "6,7": 1.2145681133931379, "6,8": 0.5824089598013487, "6,9": 0.9108681816142652, "7,10": -0.9946675016183968, "7,11": 0.2624499643597029, "7,12": 1.4711857154922745, "7,13": -1.304620639109669, "7,14": -1.1672120010556042, "7,15": 0.3874544518927334, "7,8": -0.5436232657309006, "7,9": 1.0087302011681603, "8,10": -1.4324966694072683, "8,11": 0.31154743162260834, "8,12": 0.15734783704654998, "8,13": 1.7133901974026582, "8,14": -0.5037928335913628, "8,15": -1.9922728267830476, "8,9": -0.21426435515659392, "9,10": 1.0163657525800818, "9,11": -0.7432895852376822, "9,12": -1.881097765825293, "9,13": 1.788099452048865, "9,14": 0.1969514793282805, "9,15": 1.531678138075058}, "bias": {"0": -0.10775054687329866, "1": -0.42847717729016344, "10": -0.30718409615145625, "11": 0.674564914671401, "12": -0.07923050373493212, "13": -0.13797333688862645, "14": -0.5931768374617266, "15": -0.5966387470197407, "2": -0.23770284691629628, "3": 0.5940060510216789, "4": -0.5170201692857757, "5": 0.909762824187019, "6": 0.9130789193923488, "7": 0.33176357099987386, "8": -0.04140365658945622, "9": -0.4227142289439487}}