{"Q": {"0,1": 0.7533679963111655, "0,10": 0.39205154108722784, "0,11": 0.18502713911312574, "0,12": 0.8998804018031064, "0,13": 0.18049680574056604, "0,14": -0.36288033827810384, "0,2": -1.3704984960940823, "0,3": 1.4428485756718548, "0,4": -0.752933871106579, "0,5": 0.8917454581805315, "0,6": 1.8710166096253062, "0,7": 0.5838367415957215, "0,8": 1.0937279569800653, "0,9": -0.30592203395796913, "1,10": -1.6294981876747294, "1,11": 0.29799371554292, "1,12": -1.487402699472876, "1,13": -1.6805070601358456, "1,14": -0.7669894307422114, "1,2": 1.69755231140392, "1,3": 0.3472013327355792, "1,4": 1.8866826361789624, "1,5": -0.09867719783508333, "1,6": 0.2811298179381181, "1,7": -0.2655402074810156, "1,8": -0.7968452841120484, "1,9": -1.1735409493649889, "10,11": 0.8401721387103542, "10,12": -1.5284669747746893, "10,13": 0.7974724731188929, "10,14": 1.8488992636706425, "11,12": -1.4382388710591751, "11,13": -0.8538061008692472, "11,14": -1.4443075958323393, "12,13": 0.34358673758576774, "12,14": -0.9886541789676775, "13,14": -1.7134930392358605, "2,10": 0.1536588796740812, "2,11": 0.27950053261489094, "2,12": -1.509219359066703, "2,13": -0.4251240205686351, "2,14": -0.010307032846206265, "2,3": 0.3154726135449848, "2,4": 0.7226395607143727, "2,5": -0.7002138941561324, "2,6": -0.8536262058122781, "2,7": -0.12181490507581794, "2,8": -0.6982210799470803, "2,9": 1.6704988968405403, "3,10": 1.4268018751015301, "3,11": 0.17706675254238702, "3,12": 1.2205966995981963, "3,13": -0.0596545880117243, "3,14": 0.46579185649424826, "3,4": -0.27198866098341856, "3,5": -1.15894490586482, "3,6": -0.8375500969751126, "3,7": -1.058045106603967, "3,8": 0.2606665500247569, "3,9": -1.3133003982689289, "4,10": 1.7110492551566923, "4,11": 0.9364861663795012, "4,12": 1.0657425657862878, "4,13": 1.621198815199553, "4,14": -0.43332357772460783, "4,5": 0.5607591265397178, "4,6": 1.6300865599725975, "4,7": 0.4825440412404425, "4,8": 1.9572215855799402, "4,9": 0.1725924954341398, "5,10": -0.8266605274504268, "5,11": 0.9006662815548157, "5,12": 0.5868835285205227, "5,13": -1.1531513118461016, "5,14": 0.11779681561862843, "5,6": 0.42723210079407803, "5,7": -0.5698783683783608, "5,8": -1.3623973519068677, "5,9": 1.3375088057245752, "6,10": -1.8362823586562413, "6,11": 1.4197099423760164, "6,12": -1.045747493826246, "6,13": -1.3660343793858125, "6,14": 1.9204682372380262, "6,7": 0.6602034637761398, "6,8": -1.4582347506290225, "6,9": -1.3154777696132909, "7,10": -0.640025418809639, "7,11": -0.3571283135232055, "7,12": -0.14348416535347974, "7,13": -0.38078927219805125, "7,14": -1.4637620994872131, "7,8": 0.8777323273688418, "7,9": 0.34071525502529143, "8,10": 0.24586968743915394, "8,11": -0.01949150241085773, "8,12": -1.8445397796315253, "8,13": -0.2588263665266446, "8,14": -0.44651484596208135, "8,9": 1.0256095908838256, "9,10": 1.373643049234722, "9,11": -0.4423252559922819, "9,12": -1.1264354664768095, "9,13": -1.792525427934451, "9,14": -1.307149602430088}, "bias": {"0": 0.8332344112985846, "1": -0.13988328991774135, "10": -0.4572593790741373, "11": -0.9276791638033057, "12": 0.9575377654853068, "13": -0.36637250159165413, "14": 0.4592031241923855, "2": 0.5319965225775707, "3": 0.6235526648838257, "4": 0.43378411872862666, "5": -0.4649444880738245, "6": 0.12887636434778038, "7": -0.4381218735096837, "8": -0.3473633780995746, "9": -0.0035526634160292225}}