{"Q": {"0,1": -1.8858560388908683, "0,10": 1.6556049164836142, "0,11": 0.47284512829320136, "0,12": -1.931823650130422, "0,13": 1.0760379293887539, "0,14": 0.09656391555662802, "0,15": -0.1480522070581607, "0,2": -0.931797632023339, "0,3": -0.5385433967374578, "0,4": -0.751921345980727, "0,5": 1.0442564301565085, "0,6": 0.7799302696592552, "0,7": 0.6057111974099674, "0,8": 1.9869855147038051, "0,9": 0.2754338116261206, "1,10": -0.19144611993207006, "1,11": -0.31347639758180845, "1,12": -1.2322361447173975, "1,13": 1.0610061147599241, "1,14": 0.7065978583131316, "1,15": 1.7191865827816057, "1,2": 0.47119566706368854, "1,3": 0.9704345741658464, "1,4": -1.6299983366901873, "1,5": -1.9012615211291894, "1,6": 0.8877669229650991, "1,7": 0.840934374635935, "1,8": -1.1561170490679213, "1,9": 0.4008634826417943, "10,11": 1.8285237242846124, "10,12": 1.6818428854039706, "10,13": 0.5907932685636528, "10,14": -0.7451435135533808, "10,15": -1.2401284311007488, "11,12": -1.0032021434066403, "11,13": -1.2723891157517406, "11,14": -1.8323085938243944, "11,15": -1.5452697795150447, "12,13": 1.6165967615950394, "12,14": 0.0950254043205585, "12,15": 1.8832708170496577, "13,14": 1.3253013304738586, "13,15": -1.8012130686092793, "14,15": -1.3787827734949532, "2,10": -1.222714826436603, "2,11": -0.5913232930200114, "2,12": 1.7211997821692626, "2,13": -0.8339168917849578, "2,14": -0.8337168285634724, "2,15": -0.5453397461501877, "2,3": -1.9674641861682418, "2,4": 1.6420119126592208, "2,5": -0.42990317615506735, "2,6": -1.7664954490148412, "2,7": 0.4534222612848202, "2,8": 1.8417875979294611, "2,9": 0.13052376135442367, "3,10": -0.28160310978157543, "3,11": -1.536024944051102, "3,12": -1.32551749141416, "3,13": 1.54766417952007, "3,14": 1.0542327223570003, "3,15": 0.18994568490315356, "3,4": -1.9823235972478184, "3,5": -1.2914101214230564, "3,6": 0.8360685936273837, "3,7": 1.5258083028378322, "3,8": 0.8503882759738071, "3,9": 1.2004890387980658, "4,10": -0.8390365428595197, "4,11": -0.6049980971479885, "4,12": 1.10427597023669, "4,13": -0.28237857020491663, "4,14": -0.501017557140448, "4,15": 1.3039506363238305, "4,5": 0.5874374089365269, "4,6": 1.0660093393830459, "4,7": 1.3432588175013862, "4,8": 0.2112207499770884, "4,9": 1.9370509529576139, "5,10": 1.8045103597463457, "5,11": -0.04926176164684781, "5,12": -1.0776218080908921, "5,13": 0.23221269073716977, "5,14": 1.3357766168162866, "5,15": -0.018908619915916525, "5,6": 1.7224365358409925, "5,7": 1.6668178950132155, "5,8": 0.34242170188442955, "5,9": -0.12469278769014691, "6,10": -1.6782747917058427, "6,11": -0.8418878423182177, "6,12": -1.1414631706963232, "6,13": 0.331219694020068, "6,14": 0.5343316661810888, "6,15": -0.5452182970383759, "6,7": 0.6633102178698316, "6,8": 1.4264793589368763, "6,9": -0.8115571301665248, "7,10": 1.6668605819155293, "7,11": 1.0095941389584566, "7,12": -0.6998950232428771, "7,13": 1.7101908081938046, "7,14": -1.559012062804746, "7,15": -1.1891542620725075, "7,8": -0.6942839281451536, "7,9": -1.2308444296386538, "8,10": 1.7284454820455273, "8,11": -1.706516954288705, "8,12": -0.4525481553048949, "8,13": 0.8088577714375336, "8,14": -0.21920018631588212, "8,15": 0.19805322346727072, "8,9": 0.3007032530674394, "9,10": -0.2701146833061765, "9,11": 0.4035068533671029, "9,12": 0.6301620397796874, "9,13": 1.7840427415917133, "9,14": 0.3394071001533243, "9,15": 1.40593932037222}, "bias": {"0": -0.4411749898783768, "1": 0.621663766083733, "10": -0.43933986098516487, "11": 0.48458843072617896, "12": -0.09509128738669959, "13": -0.1882648605743742, "14": 0.010351088218830684, "15": 0.36346286590830457, "2": 0.4302824225490567, "3": -0.628811697003512, "4": 0.5000163722936786, "5": 0.9928955698807467, "6": -0.3210701965022076, "7": 0.06979038164818263, "8": 0.38165644728657244, "9": 0.6363109846312871}}