{"Q": {"0,1": -0.09743495152561987, "0,10": -0.9345158503802509, "0,11": 0.42838930853452517, "0,12": -0.771965337185013, "0,2": -1.9330914198113205, "0,3": -0.20618640223953877, "0,4": 0.33820819828754134, "0,5": -1.4405107418808, "0,6": -1.1356773878330082, "0,7": -0.48307218152152087, "0,8": -1.8712616334404908, "0,9": 1.8751115575202006, "1,10": -0.556521194684886, "1,11": -1.2317338531005193, "1,12": -0.09369136358595176, "1,2": -1.846715193844343, "1,3": 0.017992103646403912, "1,4": 1.0846318461191053, "1,5": 1.3173791351654178, "1,6": 0.800570978735418, "1,7": 0.76440246785203, "1,8": 0.076566829614368, "1,9": 1.1420269149246907, "10,11": -1.521694362162859, "10,12": 1.8580691465431762, "11,12": 0.2523232856120279, "2,10": 1.4574916257194865, "2,11": -1.449852310826477, "2,12": -0.9460846334626392, "2,3": -1.0113335897101323, "2,4": -0.49273887597885757, "2,5": 1.9823325897471582, "2,6": -1.6343880422667012, "2,7": -1.158998387023356, "2,8": -0.3289404939025071, "2,9": -0.9892554487631866, "3,10": 1.2303264128205824, "3,11": -1.0776241382506249, "3,12": -0.42933205695306365, "3,4": 1.4398401764436688, "3,5": -1.782034507719299, "3,6": -0.11952010379590527, "3,7": -0.8209378778197434, "3,8": 1.185313333737747, "3,9": 1.0173764253576465, "4,10": -1.1094555995628053, "4,11": -1.6889617003625612, "4,12": 0.25326974795481494, "4,5": 1.0758166159392584, "4,6": -1.5184176373126848, "4,7": -0.038495585539986, "4,8": 1.083690089038586, "4,9": 0.0015254990665609647, "5,10": -0.5026519977453772, "5,11": -1.9179327261915575, "5,12": 1.9875334262736062, "5,6": -1.6544665689141294, "5,7": -0.009902522319947149, "5,8": 0.15466857144883894, "5,9": 1.5123843414508777, "6,10": 0.06752406889280493, "6,11": -1.3895701255214763, "6,12": -0.7783721867551443, "6,7": 1.6220226676187743, "6,8": -0.1515189487167623, "6,9": -0.553009107834117, "7,10": 1.3408027818525996, "7,11": -0.7828929426213813, "7,12": 1.9871567116788103, "7,8": -1.7536725502274235, "7,9": 0.8877635845684697, "8,10": 1.8626444306495382, "8,11": 1.8335336575949959, "8,12": 1.9193343406308054, "8,9": 0.6837490215741506, "9,10": 1.5309622918799342, "9,11": 0.9985896304991018, "9,12": -1.8870139707589475}, "bias": {"0": -0.289498419246917, "1": 0.2524226289455618, "10": 0.22249695316568796, "11": -0.8300841666068979, "12": 0.6886626630708286, "2": -0.6556088303210883, "3": 0.6633740350154991, "4": 0.421499471526088, "5": -0.11967460096344862, "6": 0.6185045939211542, "7": 0.28108704431325826, "8": 0.6438373921445828, "9": 0.5567134572000909}}