{"Q": {"0,1": -1.678235190918651, "0,10": -0.9239879201267813, "0,11": -0.930003467484517, "0,12": 0.9777318580144776, "0,13": -1.0298574748952323, "0,2": -1.4676794088094964, "0,3": 1.231487933077712, "0,4": 0.34304812007356533, "0,5": 0.5838171003291559, "0,6": 0.05101544439196637, "0,7": -0.7377268282334604, "0,8": -1.9075423663973057, "0,9": -1.5499151848005392, "1,10": -1.1345356760990493, "1,11": -0.5911168021226163, "1,12": 0.8614912045897425, "1,13": -1.0406972920458029, "1,2": -1.7080427715066202, "1,3": 1.974895004266366, "1,4": 0.11104622504660933, "1,5": 1.4605316774800254, "1,6": -1.2271401891519402, "1,7": -1.9795040761874847, "1,8": 1.4088226343119552, "1,9": -1.960254872600744, "10,11": -0.6757682968920622, "10,12": -0.7622795008306382, "10,13": 1.4639542441132853, "11,12": 0.9727737738737767, "11,13": -0.37306796410670584, "12,13": -0.6402040558820672, "2,10": -0.7627643906439827, "2,11": 0.35576625716041255, "2,12": 1.009285695508972, "2,13": -0.3809989459540737, "2,3": -1.0099397732979951, "2,4": 1.5934888866020591, "2,5": 1.1094326593030988, "2,6": 1.5073326560502887, "2,7": -1.4120710817440596, "2,8": -1.929183027636678, "2,9": -0.6353268605029432, "3,10": 1.713387415270859, "3,11": -1.1375984085955912, "3,12": -1.6510910617374455, "3,13": -0.30610059066421735, "3,4": -1.3408864347276919, "3,5": -0.14612163645886422, "3,6": -1.0832874834418096, "3,7": -0.2622640682724091, "3,8": 0.44133807360822397, "3,9": -0.21230526851636444, "4,10": 1.6080971169304923, "4,11": 1.8335745625120103, "4,12": 1.5879915652518313, "4,13": -0.42405543035515203, "4,5": 0.22237780389927897, "4,6": -0.5306961601522175, "4,7": -1.607742720777654, "4,8": 0.9728863621340791, "4,9": -1.0093299253613823, "5,10": -1.1524091636303684, "5,11": -0.6104198390525406, "5,12": 1.8129537690554454, "5,13": -1.4971631504216445, "5,6": -1.049440394959825, "5,7": 1.6519681208844696, "5,8": -1.7961393595062831, "5,9": 0.2561494987971611, "6,10": 1.898633697537102, "6,11": -1.8348666262598843, "6,12": 1.3151797844644975, "6,13": 0.6162754313213794, "6,7": 0.6800479619024569, "6,8": -1.6758323988269672, "6,9": 1.036608462205305, "7,10": 1.296277383117185, "7,11": -1.7876284303855408, "7,12": 0.9208670405425408, "7,13": -0.9357229356398027, "7,8": 1.1662829711483478, "7,9": -1.4233596266417772, "8,10": 0.8514796024850173, "8,11": -1.171240530643097, "8,12": -1.7691594698559143, "8,13": 1.3824921540824544, "8,9": -1.0135757660617757, "9,10": -1.5104740429187102, "9,11": -0.3839201503413001, "9,12": -1.6918032875892992, "9,13": 0.3784526210868462}, "bias": {"0": 0.9758327933183808, "1": 0.324159363050909, "10": 0.08484436604203438, "11": 0.7121885492465789, "12": -0.08400111452104109, "13": -0.684184930356357, "2": -0.33486273329867, "3": 0.4473784397325804, "4": 0.31850166387625634, "5": 0.904586351334246, "6": 0.5687346511390028, "7": -0.9178623425074766, "8": 0.6517420158487903, "9": 0.6525946818416146}}