{"Q": {"0,1": 0.8060665459253316, "0,10": -1.1208372641784528, "0,11": 0.2598429056993994, "0,12": 0.12814141041300608, "0,13": 0.8283308403895333, "0,14": 0.9702716783160041, "0,15": 1.1825612105202512, "0,2": -0.2942240784663297, "0,3": 0.6111461241321705, "0,4": -0.6937570819603178, "0,5": 0.2699603783734208, "0,6": 1.50047569155319, "0,7": 1.0610058218018077, "0,8": -0.28356742689346337, "0,9": -1.8471336192049637, "1,10": -0.04370763172294989, "1,11": -0.7824919675737201, "1,12": 1.2265215194284136, "1,13": 1.1552725558356918, "1,14": -0.05498581446391526, "1,15": -1.660978421173378, "1,2": 1.9962015114882323, "1,3": 0.10491464350108703, "1,4": 0.046239159853729284, "1,5": -0.5261230788524891, "1,6": 0.7267490120683693, "1,7": -1.9978741358766143, "1,8": 0.5743449174448254, "1,9": 1.778976232088513, "10,11": -0.1424421410949619, "10,12": 0.6680769630888936, "10,13": -0.5922437037963575, "10,14": -0.775847339977402, "10,15": 1.3919856651074123, "11,12": -1.7456781233784744, "11,13": 0.6690805089008176, "11,14": 0.06404217015163738, "11,15": -1.4240358879321429, "12,13": 1.6699148536946065, "12,14": -0.8115824381427923, "12,15": -1.19759361466035, "13,14": 1.8688152753615013, "13,15": 0.5419626748791417, "14,15": -0.2514504672905362, "2,10": -1.229526365129559, "2,11": 0.3848229518593116, "2,12": 1.1055344155662064, "2,13": 0.28672612895349925, "2,14": 1.816361029715345, "2,15": -1.2685241227275719, "2,3": 1.6603418233380123, "2,4": -1.6505507493031457, "2,5": 1.5873824843309174, "2,6": -1.053360416417585, "2,7": -0.9701647443696495, "2,8": -0.4946523891164438, "2,9": 1.9999580428137933, "3,10": -1.7324374790993486, "3,11": -1.4082235772595744, "3,12": -1.916599585286829, "3,13": 0.896642865466799, "3,14": -1.0556088442103704, "3,15": -0.8224056067129926, "3,4": 1.577703272037906, "3,5": 0.7674555934480041, "3,6": -0.18709341313346384, "3,7": 0.2584117282271854, "3,8": -0.3873992739396681, "3,9": -0.4409756028667293, "4,10": -1.5533218426009263, "4,11": 0.02040704666120563, "4,12": 0.7940481929239911, "4,13": 1.5448126499415702, "4,14": 0.11848937502741252, "4,15": -0.5246701746976314, "4,5": -0.3025982153585467, "4,6": 0.18650149957196627, "4,7": -1.066790784398171, "4,8": -1.1012754336080146, "4,9": 0.16069797460249946, "5,10": 0.08826784552773237, "5,11": 0.044169783424448994, "5,12": -1.4361513029935074, "5,13": 1.522201324937571, "5,14": -0.9725197067913558, "5,15": 1.4794566596954501, "5,6": -1.8684881076854891, "5,7": 1.2635420778793032, "5,8": 1.2307591587873978, "5,9": -0.16722574637650922, "6,10": -0.02600346553912658, "6,11": -1.3522095356211317, "6,12": 0.262925702792546, "6,13": -1.1682001274291829, "6,14": 1.3881162746155802, "6,15": 1.8507718512928384, "6,7": -0.57312716908572, "6,8": 1.9911812036513328, "6,9": 0.5931562662582666, "7,10": 1.3729323953189154, "7,11": -0.5382995797323766, "7,12": 0.3554489995615864, "7,13": 0.10243636914766974, "7,14": 1.5025977346180364, "7,15": -0.2647910889394791, "7,8": 0.542848583460358, "7,9": 1.4868906590508715, "8,10": -0.9413403900667614, "8,11": -1.8545067931140138, "8,12": 0.057310845024778345, "8,13": -0.2107740103732798, "8,14": -1.230932949034481, "8,15": -0.7800317235228369, "8,9": -1.56091501160257, "9,10": 0.10252022405854433, "9,11": 0.6135848296513733, "9,12": -1.0352270547347038, "9,13": -1.862641426302559, "9,14": 1.2418353342781394, "9,15": 1.3527618902198832}, "bias": {"0": -0.34138189518303297, "1": 0.588121543687711, "10": -0.20525467265643416, "11": 0.7009811674902449, "12": 0.9750672210850515, "13": -0.5399021831007089, "14": 0.9890165053345432, "15": -0.20340138135159536, "2": 0.5417939978627899, "3": 0.5844750081731596, "4": 0.2819317176251892, "5": -0.21365491308914408, "6": -0.8592854733228767, "7": 0.15211541022211272, "8": 0.9664195166858798, "9": -0.9786310258224267}}