{"Q": {"0,1": 0.06454859868813756, "0,10": -1.6310630103559811, "0,11": -0.23469360321170551, "0,12": 1.7866048071706557, "0,13": -1.6697543311636993, "0,14": 0.8862770861858973, "0,2": 1.651300927633399, "0,3": -0.8374355478502031, "0,4": -1.474618622774389, "0,5": -1.2746129715650927, "0,6": 0.3466776884374534, "0,7": 1.0005234083117358, "0,8": -0.28813511446900275, "0,9": -1.743438407040233, "1,10": 0.6561782918425845, "1,11": 1.4827920249176096, "1,12": 1.8252079337378557, "1,13": -0.2849853906569688, "1,14": 1.3244461105068472, "1,2": 0.7779950418508044, "1,3": 0.2866415993359017, "1,4": -1.4219205911457364, "1,5": -1.8174098038125521, "1,6": 0.7545006027672341, "1,7": -0.6526093724506361, "1,8": -0.9364883327956561, "1,9": 0.3997421756934272, "10,11": 0.38184372124830857, "10,12": 1.1459446428226108, "10,13": 0.5062616574264234, "10,14": 1.4222631744718646, "11,12": -1.3155726636712495, "11,13": -1.8572603008244952, "11,14": -0.04032229640296281, "12,13": 1.0965505487448244, "12,14": -1.6235224319312125, "13,14": -1.5591886048051853, "2,10": 0.08622141832856789, "2,11": 0.9114317112952475, "2,12": -0.8459822483438733, "2,13": -1.5754572909779267, "2,14": -1.2969072914908195, "2,3": -0.7121683568620933, "2,4": 0.7290920976607147, "2,5": 1.8946359290944694, "2,6": 0.315050059720956, "2,7": 0.9980043818899453, "2,8": -1.7462370223538182, "2,9": -1.4146045897201929, "3,10": 0.3258560352314719, "3,11": 1.3738032291895816, "3,12": -0.3112681373202064, "3,13": 0.4463980848818143, "3,14": -1.5881022884033964, "3,4": 1.7797419217808672, "3,5": -0.499926405963389, "3,6": -0.12584402886199264, "3,7": -0.16802353304233852, "3,8": -1.8792219571321866, "3,9": -0.7762452166809828, "4,10": -1.4696597143635142, "4,11": 0.30366433330306863, "4,12": -1.0776509791646167, "4,13": -0.9490137290379206, "4,14": -1.0039676088884013, "4,5": 0.9455734166562721, "4,6": -1.8433565374440146, "4,7": 1.9701959236069504, "4,8": -1.4022661158834562, "4,9": -0.07395761126660538, "5,10": -0.6445120841002434, "5,11": -1.4113879576369643, "5,12": -1.2017622575882583, "5,13": -1.009158853597424, "5,14": -0.6199449687733223, "5,6": 1.1179935371470227, "5,7": 0.2535933294886803, "5,8": 0.1718058727055749, "5,9": 1.667740249008474, "6,10": 0.026738840838805178, "6,11": -1.1146229620793267, "6,12": -0.46129550318206247, "6,13": -1.4143309131981066, "6,14": -0.5234489212973359, "6,7": -1.8233088793638186, "6,8": 1.3961192853755935, "6,9": 0.9174558347625683, "7,10": -1.001971126288403, "7,11": -1.3865597351310357, "7,12": 0.18905133811734176, "7,13": 1.9967662184384274, "7,14": -0.5469677456313762, "7,8": -1.1153865946043178, "7,9": -1.663704244620456, "8,10": 0.6080059797956201, "8,11": 0.4417009554193081, "8,12": 1.2506124309188964, "8,13": 1.5443205629248702, "8,14": -0.11245306978849579, "8,9": -0.9509127619638074, "9,10": -0.7468137225902067, "9,11": -0.3498052075148581, "9,12": 0.7700638169643055, "9,13": -1.8928596677520249, "9,14": 0.6845795673859127}, "bias": {"0": 0.5353812298054492, "1": 0.5693488363220154, "10": 0.7359004047806177, "11": -0.6721287197567127, "12": 0.6620068877245191, "13": 0.26025556800198624, "14": 0.8707746609582021, "2": 0.1372835862280093, "3": -0.8735438534330793, "4": 0.34951371232955863, "5": 0.8019793932453612, "6": -0.4508705287259329, "7": -0.34819761188861764, "8": -0.6849761053842023, "9": 0.7513478679949712}}